label,t-SNE1,t-SNE2
0,46.484135,-14.875078
0,79.31279,26.113073
0,47.337185,-14.934597
0,-0.35307017,-24.789932
0,12.609395,10.60618
0,20.927395,-24.368523
0,-17.541702,-42.976524
0,9.899246,4.542907
0,-26.891865,-41.10734
0,12.76803,-45.68737
0,-24.02493,-38.213055
0,-24.37409,-43.318325
0,10.604752,4.6021442
0,-9.0402155,-32.293213
0,17.118921,-13.367736
0,25.318975,-9.026729
0,-8.369766,-29.64525
0,12.667699,11.823636
0,11.081962,-38.60706
0,82.382164,24.2421
0,-26.692793,-41.566593
0,81.919876,25.36456
0,-27.032846,-39.194847
0,-7.2165413,-28.6575
0,16.251461,-10.411342
0,-24.79986,-43.265022
0,-16.448421,-43.004772
0,1.4182091,-12.795481
0,30.365496,10.359704
0,24.213287,-5.67571
0,82.86093,23.275608
0,-6.888608,-31.719297
0,-15.042151,-41.958004
0,47.086678,-14.1850195
0,4.087366,-23.225077
0,-9.004185,-32.227425
0,80.15683,26.560545
0,38.42922,20.077488
0,45.45657,-14.238477
0,10.813965,-18.472837
0,-24.900198,-43.336823
0,31.354197,14.024732
0,49.31219,-16.266422
0,-5.400269,-28.036198
0,-1.198142,-24.41199
0,-14.876961,-43.988415
0,6.1249127,-35.727695
0,12.853204,11.763898
0,-24.937489,-42.649292
0,12.827309,-45.8535
0,5.583551,-42.997303
0,-0.88920575,-25.657774
0,-19.792969,-31.835375
0,-26.86249,-40.822212
0,-15.468843,76.13839
0,10.402503,4.3596063
0,-15.126111,-34.563328
0,0.9645821,-23.405537
0,48.775627,-13.347223
0,83.52817,22.157894
0,84.38785,21.393469
0,-16.495136,-44.304623
0,21.011612,-24.281103
0,0.8594422,-15.135907
0,83.02037,27.612213
0,-17.087118,-31.518738
0,83.64235,26.678387
0,10.959366,-18.384974
0,1.8686868,-18.994492
0,85.28269,19.288485
0,-6.6801777,-30.492577
0,-14.35054,-28.07664
0,-21.397276,-35.202854
0,-15.718649,-41.422585
0,11.239037,13.138437
0,85.37179,19.5087
0,27.405193,3.2864482
0,80.69209,28.3683
0,86.50736,21.282171
0,36.067642,-48.912743
0,27.027206,-14.170099
0,10.351009,11.39947
0,-3.582297,-27.142872
0,14.882607,10.532213
0,-17.459291,-35.72761
0,-22.8841,-38.0241
0,-17.03909,-43.251755
0,80.71249,29.437
0,9.784026,6.5576334
0,-17.37429,-24.934477
0,-14.393508,-43.921925
0,40.880917,25.849813
0,10.347946,11.171326
0,-3.1195369,-26.774061
0,-25.837624,-45.087265
0,-4.0623727,-28.837154
0,-5.4087124,-27.396816
0,7.099203,-41.549038
0,24.998676,-3.78503
0,85.6426,22.42806
0,85.72593,20.018263
0,11.303066,9.150107
0,-20.935469,-34.177822
0,-5.1715016,-24.084938
0,0.025707379,-25.22004
0,10.361786,6.2151103
0,-26.755077,-39.586514
0,-14.878772,-43.943153
0,-13.723174,-42.480465
0,37.24922,-48.37282
0,-5.3730564,-27.607939
0,-5.4712906,-24.970713
0,12.474188,-8.330609
0,27.399946,3.2793374
0,-6.964888,-32.82689
0,-15.116781,-44.16493
0,-14.117987,-18.516499
0,11.271585,9.130834
0,-22.470282,-31.104677
0,8.102367,0.04761255
0,84.82955,19.4026
0,17.365673,-9.478891
0,-20.551495,-32.645287
0,47.963413,-15.289683
0,-27.080534,-38.911583
0,3.2054465,-22.247507
0,10.146243,11.064624
0,20.538927,-24.519386
0,-15.589863,-43.646988
0,27.215324,-20.320734
0,-2.9431581,-28.277363
0,2.4220223,-12.962655
0,-8.95102,-30.352938
0,-17.271214,-43.529373
0,-6.096196,-29.19271
0,-15.474793,-29.488342
0,-36.02209,-30.187222
0,6.6828647,-35.95193
0,9.8049345,5.4000216
0,1.8815958,-13.730771
0,12.543406,-44.04618
0,11.108975,-7.0780845
0,-15.11824,-34.548058
0,4.187203,-23.137827
0,85.190796,20.60012
0,13.935302,-9.883882
0,6.5007634,-21.875744
0,-9.35767,-30.83513
0,-16.416662,-44.03854
0,12.050973,-13.504668
0,-16.119867,-45.18659
0,-25.181492,-40.4796
0,20.795195,-20.575613
0,20.773285,-20.568071
0,20.855364,-20.568
0,20.882925,-20.585705
0,19.880209,-19.959578
0,-29.289427,-37.33626
0,17.919172,3.657864
0,20.67855,-20.50335
0,17.071623,-7.719782
0,17.130566,-7.762411
0,11.13019,-38.55234
0,45.399734,-9.776518
0,17.176281,-8.750808
0,17.176098,-8.257698
0,45.60148,-3.149774
0,45.653927,-3.175576
0,9.62156,-27.737682
0,26.94321,-40.093544
0,17.056805,-7.698226
0,47.6358,-41.3252
0,-5.8378224,-17.045532
0,45.59003,-3.140511
0,55.54315,-34.848576
0,27.0431,-39.748043
0,4.6387424,-13.328955
0,-14.565771,-22.47688
0,-14.618282,-22.586857
0,-23.441412,-35.381626
0,16.232819,-11.344897
0,16.222223,-11.323527
0,-1.4849966,-21.712353
0,12.509326,-44.05334
0,11.246208,-45.18948
0,12.627152,-43.15388
0,-26.679916,-37.01426
0,-29.994963,-42.340607
0,-9.597889,-23.939058
0,21.02002,-20.605606
0,26.929138,-40.051727
0,-30.390772,-37.594788
0,8.831604,0.6294983
0,-0.26721632,-13.204197
0,17.905083,3.6810272
0,24.050928,-22.121368
0,-14.567407,-18.056883
0,-14.487656,-20.09209
0,-13.810319,-22.805143
0,-27.82808,-43.056927
0,-27.834461,-42.98883
0,-1.1527193,-22.78462
0,-27.25535,-42.605114
0,26.943096,-40.112453
0,45.614597,-3.1298456
0,45.295513,3.848124
0,8.959245,2.1644356
0,8.984434,2.328421
0,45.2671,3.8873024
0,-5.7682347,-16.998112
0,-30.063549,-39.35191
0,-5.762059,-16.994423
0,-5.821765,-17.034082
0,63.16128,18.235212
0,67.93103,-3.8566968
0,37.000156,-25.603088
0,63.15153,18.243443
0,42.053604,11.415611
0,10.731051,-29.659344
0,1.7429028,-39.509243
0,3.198976,-40.165592
0,0.07689766,-23.076866
0,22.139103,-25.500114
0,3.5828412,-13.058717
0,1.5010611,-22.634605
0,-29.111368,-42.5421
0,-30.370798,-38.521633
0,2.7331316,-13.929162
0,-27.380705,44.677536
0,1.3683696,-17.14758
0,14.617101,-47.515205
0,-28.916176,-37.051643
0,14.600975,-47.497124
0,-5.9852014,-17.131721
0,-33.80327,-54.704113
0,4.7166023,-13.322123
0,23.286493,-23.424976
0,14.737332,-9.665647
0,-15.258286,-43.02313
0,-5.5123525,-16.81489
0,-27.975737,-43.25876
0,13.755297,-11.409741
0,-31.341127,-50.93027
0,51.29349,7.1200843
0,63.875633,4.773761
0,17.884157,3.6327336
0,43.33761,16.808004
0,3.5156598,-12.291441
0,57.247574,-25.867462
0,54.85546,-36.074707
0,-29.803825,-39.409916
0,-30.415993,-38.288357
0,10.329261,4.990071
0,1.60245,-12.636356
0,4.659266,-12.348421
0,8.033768,-0.11802058
0,9.852832,5.422497
0,-25.94131,-35.18616
0,13.48243,-44.58833
0,-21.271708,-42.035473
0,17.825962,3.3246856
0,13.116902,4.9381413
0,2.4779875,-23.254925
0,22.346603,-3.7823396
0,13.713656,-9.724093
0,8.130609,5.9024167
0,-1.1580802,-22.62233
0,1.2352552,-14.562784
0,-49.27155,-0.53046125
0,11.2247925,-45.22668
0,-1.2618194,-23.867971
0,-7.120726,-29.482105
0,-15.662,-43.778862
0,-13.247543,-22.115482
0,-24.383179,4.769957
0,39.09973,13.268381
0,4.2596903,-11.276551
0,83.636116,23.606009
0,20.797394,-24.406208
0,2.0252054,-20.29999
0,-1.3580538,-24.659754
0,7.6397557,-25.7031
0,-15.473393,-42.90953
0,-6.741903,-28.417583
0,-17.389233,-24.95246
0,82.27092,26.55136
0,-7.461153,-31.128435
0,3.1238015,-11.370567
0,-24.639456,-43.596317
0,10.845032,5.0613794
0,29.997213,-27.62593
0,32.024338,-34.02433
0,35.879787,-48.94685
0,6.921541,-21.199389
0,-7.2213163,-30.161804
0,-22.122341,-36.02048
0,13.359393,-42.480255
0,83.69025,24.020823
0,11.036205,-7.0636206
0,-25.323925,-38.67917
0,13.810863,-9.841542
0,-2.5873055,-28.729519
0,17.780497,3.3650577
0,-4.229687,-12.177229
0,-1.5154818,-24.04387
0,-22.551579,-31.069546
0,-5.9340973,-25.977259
0,31.838327,21.853785
0,85.13359,20.240414
0,-11.304105,-19.712618
0,29.105692,-12.518712
0,10.283202,-4.243016
0,81.905594,26.575994
0,27.873234,-21.356976
0,11.122997,9.909794
0,30.15147,10.093185
0,13.751294,-9.8041
0,-6.8708344,-30.730467
0,-25.073639,-38.530216
0,-23.999247,-41.34779
0,-5.3919244,-30.735098
0,35.955967,5.904256
0,29.722433,-25.456709
0,47.507122,-14.807169
0,82.99162,19.638205
0,44.270794,16.10632
0,84.00393,25.188955
0,2.7337275,-24.201603
0,12.487207,7.498038
0,-21.220707,-36.01818
0,10.367109,5.1832123
0,80.393776,27.342272
0,-8.701407,-30.103313
0,-24.303558,-38.31756
0,17.336868,-9.632195
0,-23.20974,6.152608
0,0.36365607,-16.374752
0,-20.955349,-35.99674
0,11.415668,-13.664006
0,5.64024,-42.996105
0,-5.195109,-24.145931
0,2.1634245,-12.689348
0,1.1644378,-14.682394
0,-11.389959,-20.205885
0,1.7701001,-17.686728
0,79.91694,27.335333
0,-4.9240737,-29.015907
0,82.13798,22.98113
0,82.85907,19.656017
0,0.6861482,-21.701986
0,12.8547325,-14.055089
0,-23.569086,-43.39188
0,-23.226812,-37.788685
0,83.43022,24.603558
0,-9.392382,-18.667456
0,3.1048102,-12.071036
0,-5.9333053,-29.081238
0,11.262677,-28.208672
0,31.205301,7.713587
0,-0.4801479,-25.315369
0,0.45698377,-23.49389
0,6.6797495,-21.898056
0,-21.655289,-40.94582
0,3.0438013,-11.378401
0,-17.390224,-24.9511
0,7.8521805,-0.5331642
0,39.21157,-38.067253
0,-25.165411,-42.550087
0,-31.97543,-7.970687
0,80.28766,27.20423
0,-4.39807,-25.353632
0,7.8578944,-0.6578533
0,27.379776,3.2573366
0,-4.3435383,-29.443747
0,14.911178,10.574152
0,85.02159,20.85796
0,-5.465999,-30.769949
0,-25.478157,-42.68938
0,20.838354,-24.427603
0,84.86955,24.239607
0,82.62861,19.640423
0,-25.103361,-36.775024
0,17.242704,2.1873505
0,11.79371,10.433023
0,-3.6285083,-27.215597
0,-4.832348,-16.358524
0,31.35214,14.043046
0,-16.359182,-42.974064
0,12.567737,9.071857
0,-17.734003,-37.057114
0,9.86738,9.981289
0,84.08081,19.793972
0,-8.086899,-32.70716
0,14.777737,-42.28729
0,10.691101,10.758624
0,83.92236,25.785921
0,-26.569967,-37.910294
0,83.709015,19.71662
0,17.419073,3.499823
0,20.026968,-24.38379
0,11.1862755,8.869087
0,8.053708,-0.06335109
0,-27.033045,-38.797226
0,-15.064028,-41.831413
0,79.372696,28.6406
0,-28.31151,-36.4277
0,12.328604,-13.845322
0,10.719237,5.793965
0,1.604858,-12.594836
0,-22.396187,-41.429245
0,-27.399261,44.73684
0,27.867786,-21.369526
0,6.8287654,-21.715616
0,56.657448,21.849443
0,-16.39552,-42.21281
0,84.47278,19.838139
0,30.345963,11.093455
0,-10.44738,-19.254637
0,20.75767,-24.420416
0,29.74788,-25.326471
0,-3.8764584,-28.60569
0,-8.535246,-30.047958
0,10.577495,5.2004094
0,-3.145082,-27.56667
0,-34.035656,-53.56459
0,-18.914389,-34.715126
0,-27.00686,-39.137436
0,-13.307707,-22.129398
0,2.3254972,-22.354
0,13.233231,-44.66588
0,82.717026,27.245543
0,11.877094,-13.252688
0,48.111324,-14.244478
0,-22.309048,-33.920147
0,83.95135,25.714388
0,80.598,27.84884
0,35.989494,-48.96461
0,-14.1908245,-42.474262
0,80.815445,27.937695
0,-20.658068,-32.836143
0,47.673435,-15.07865
0,14.149638,11.174508
0,80.748665,28.004204
0,-24.354082,-37.2858
0,6.7509937,-35.972694
0,83.5093,23.549967
0,-34.41475,-46.585598
0,-17.080458,-28.642015
0,6.758348,-21.591198
0,19.897442,-40.001537
0,-17.029638,-42.779972
0,-26.148376,-43.362823
0,-20.776722,-39.022305
0,82.69948,26.594118
0,-11.320834,26.40091
0,30.352167,10.427541
0,-17.959637,-37.63191
0,12.569899,-43.94701
0,-26.479834,-38.06763
0,84.13546,25.33373
0,11.293532,11.01819
0,-18.911417,-34.76139
0,11.147586,13.150295
0,-7.365685,-29.81659
0,10.443801,5.510497
0,-33.9282,-49.188187
0,-14.326796,-28.018188
0,49.303123,-16.271164
0,69.631775,1.2342178
0,15.562931,3.976483
0,82.25852,26.5671
0,80.336624,26.2155
0,83.61313,23.765907
0,-8.538343,-28.804333
0,9.904285,5.721268
0,-6.921897,-27.204247
0,56.73409,21.755098
0,-25.581905,-34.07867
0,7.8619823,-38.443264
0,12.581829,-13.946649
0,11.589409,12.51776
0,-7.260075,-28.219053
0,82.37591,26.651758
0,33.86376,11.525932
0,10.767473,12.692153
0,-24.227707,11.942909
0,10.788056,-18.497807
0,8.931591,4.9664116
0,44.020912,-34.108215
0,-16.906376,-34.969322
0,-21.206064,-42.103348
0,14.852432,7.1683598
0,11.005554,5.2289777
0,8.172545,-39.05525
0,-17.188152,-42.035114
0,11.946436,12.160562
0,-15.57256,-44.090836
0,-32.11127,-53.892807
0,20.570934,-42.935513
0,83.50233,23.793232
0,11.066142,10.778187
0,3.1150625,-22.313087
0,-26.86697,-39.687214
0,-13.39627,-40.767616
0,24.925125,-0.7046954
0,12.631438,-43.159584
0,-6.592466,-28.039865
0,83.57946,23.782951
0,27.405155,3.2862527
0,84.474815,20.440725
0,-7.1849895,-27.373964
0,3.0188596,-22.346737
0,35.829506,-1.5730512
0,-30.413462,-46.385044
0,84.52626,21.021248
0,27.36803,3.2472062
0,34.681732,-48.997963
0,-11.573227,-20.278765
0,4.501155,-12.638155
0,83.20641,23.49341
0,12.255324,12.253681
0,-5.854485,-25.936092
0,1.6139419,-20.939356
0,9.324182,-37.881966
0,-8.908359,-32.394573
0,10.600074,4.3018904
0,12.43746,12.257428
0,-25.504473,-35.899868
0,48.17724,-14.090086
0,5.635499,-42.990364
0,-9.106233,-31.255468
0,14.833402,7.1721363
0,49.32393,-16.277779
0,0.51878756,-23.537806
0,40.8704,25.795158
0,-33.67867,-54.69621
0,35.90717,-48.955467
0,-7.0691366,-28.135168
0,12.538986,11.824805
0,-15.644084,-42.90928
0,-9.864488,-31.780535
0,4.254846,-22.961983
0,3.9153366,-23.906942
0,31.122711,13.728736
0,13.821495,-10.258446
0,84.354385,21.18864
0,12.515654,-8.4374
0,-26.450533,-45.71298
0,49.120262,-16.056435
0,-7.110572,-27.405836
0,-34.005356,-53.64653
0,-16.798923,-43.12156
0,33.777718,17.14912
0,-26.12855,-45.44046
0,83.80345,24.989561
0,-6.8010645,-28.935095
0,24.073526,-16.09872
0,10.567931,4.816113
0,12.132754,10.424576
0,-16.565645,-42.975132
0,20.87065,-24.367817
0,-22.042265,-41.37662
0,-21.390486,-36.352962
0,-17.539059,-35.907764
0,-11.412408,-20.222075
0,12.322456,10.800033
0,-8.71112,-32.437515
0,12.122728,10.449941
0,35.931313,5.781432
0,34.157692,-12.415124
0,82.965225,24.711731
0,12.221709,12.47556
0,82.00095,25.78504
0,82.030556,25.835938
0,83.88602,20.963417
0,-10.288881,-22.03163
0,11.271966,10.5289135
0,85.475525,20.064974
0,-18.959381,-34.431732
0,11.6397705,12.85861
0,-5.3877044,-27.789495
0,10.843604,-18.446165
0,12.035193,-13.677384
0,81.029175,24.924818
0,31.174925,-5.8611884
0,47.226967,-14.711158
0,10.847857,10.986258
0,-15.314858,-41.352295
0,82.121254,19.686773
0,-10.237109,-19.13085
0,-25.78403,-43.180077
0,-20.958628,-35.72556
0,10.534624,11.131223
0,-27.189882,-39.210407
0,9.916455,9.523115
0,-13.233228,-22.03944
0,-10.373108,-21.989668
0,80.87278,28.048746
0,80.65668,29.24692
0,85.93382,20.356075
0,10.148027,5.9444056
0,82.53645,27.509918
0,-26.120146,-45.321144
0,-15.52464,-41.582127
0,-27.39982,44.725433
0,56.410595,22.125336
0,-27.393238,-38.57763
0,-20.21639,-32.597218
0,80.56891,28.265402
0,-10.4421,-19.23214
0,-11.407849,-20.062363
0,82.967896,27.692041
0,82.63653,27.057251
0,85.99132,20.103264
0,15.0247135,11.23458
0,-28.911314,-46.223637
0,-34.35557,-46.541504
0,-14.827121,-43.13213
0,45.583084,-14.315406
0,11.690834,12.968531
0,85.13076,19.87782
0,33.181015,-3.930564
0,5.5715823,-43.00106
0,41.104362,-40.77378
0,-0.10102309,-23.036325
0,11.193698,12.666015
0,20.72693,-24.43446
0,7.852018,-38.409405
0,19.382757,-9.790846
0,8.1376,0.0006878876
0,0.24898532,-16.65274
0,-16.408825,-42.109608
0,-8.335366,-29.403135
0,-13.549663,-42.45392
0,80.411705,27.969828
0,-21.315096,-41.897896
0,5.7578297,-35.504986
0,79.80949,29.06613
0,82.482544,27.167496
0,-21.292439,-32.459656
0,12.545885,10.454734
0,-26.831781,-40.78564
0,1.0912242,-14.828358
0,83.958405,21.46557
0,12.766381,10.767489
0,2.9971893,-23.653
0,46.469322,-14.899779
0,35.94653,5.857975
0,1.1961088,-21.273272
0,46.901127,-14.667973
0,80.08319,26.27642
0,81.70085,25.507994
0,6.277652,-30.195372
0,33.4721,8.279519
0,32.606663,11.03336
0,32.541714,11.058432
0,38.850243,18.02599
0,31.982141,17.946312
0,33.54543,9.897521
0,35.678326,10.679849
0,35.676098,10.674578
0,38.996944,19.699785
0,38.700047,5.5126915
0,33.698463,9.612676
0,27.603746,20.881758
0,27.647411,20.702099
0,31.408186,6.980083
0,33.53693,9.91062
0,32.558006,6.2646227
0,39.01122,18.073595
0,39.760536,18.627214
0,28.054317,20.439611
0,28.022215,20.784754
0,36.306263,-37.381283
0,27.935797,22.60751
0,29.291962,22.290936
0,27.12819,21.33028
0,33.589664,8.361987
0,43.466152,-5.4173512
0,14.547533,-31.386288
0,31.994354,7.52456
0,41.774532,15.24787
0,37.383694,16.04948
0,33.67807,10.08069
0,33.524055,9.850759
0,32.633533,6.291946
0,17.46763,-1.895394
0,25.310286,-19.707954
0,32.506474,5.8636665
0,41.99889,12.393898
0,33.506104,9.8390255
0,35.965405,14.702121
0,35.95633,14.696503
0,27.621578,20.82037
0,27.207636,21.273653
0,32.245354,7.1133976
0,33.693947,9.780259
0,31.89135,7.3232675
0,39.646484,18.555588
0,34.2197,9.970417
0,33.827705,10.235532
0,33.669117,9.755708
0,32.79248,7.8692636
0,33.39344,17.495134
0,27.576494,21.249352
0,33.44233,23.527586
0,34.49753,22.34119
0,41.91199,12.417306
0,65.295845,-4.2750406
0,49.24152,13.059053
0,32.196293,17.89919
0,65.0688,-8.567749
0,66.72864,10.817528
0,66.72359,10.834157
0,4.5552225,-11.289927
0,4.597982,-11.185047
0,37.282043,-35.230145
0,25.30003,-19.727152
0,-24.594694,-32.273296
0,-24.293064,-32.909016
0,-20.794762,-39.036102
0,3.8573768,-40.404118
0,18.256908,-47.487305
0,3.8686652,-40.425926
0,3.5363142,-40.84188
0,3.9351099,-39.891888
0,4.5765834,-38.90031
0,10.148651,-28.15622
0,8.877439,1.886058
0,8.961753,2.322633
0,-1.0327854,-13.643136
0,-15.379199,-31.11241
0,-15.380204,-31.131054
0,-15.379526,-31.156017
0,-18.440208,-42.63745
0,4.1887636,-12.685892
0,-14.600948,-21.541204
0,-14.566409,-21.329992
0,-14.75897,-21.846916
0,-14.456226,-20.12697
0,-7.823765,-33.209724
0,3.7077534,-39.501026
0,3.9609478,-39.865997
0,3.9594643,-39.764214
0,-10.639659,-20.574802
0,23.40817,-3.4301367
0,-28.28751,-44.108616
0,10.218332,-36.52582
0,18.245611,-47.48303
0,3.8603513,-40.456047
0,6.310825,6.669298
0,10.06857,-31.386446
0,56.875004,-11.742513
0,49.7443,19.995073
0,17.974508,-31.86621
0,45.745476,11.681842
0,21.781906,-40.070267
0,39.59642,-2.445562
0,40.67698,-20.449816
0,33.37086,-37.341305
0,50.647606,-40.419426
0,48.730198,18.283556
0,18.543077,-43.538025
0,48.48742,-35.898624
0,45.41113,25.250143
0,45.411274,25.241606
0,16.501055,-3.0967884
0,27.388687,-4.69676
0,61.42261,-31.018972
0,15.351298,-27.017931
0,59.96817,-33.03389
0,34.418648,4.040844
0,57.77163,-7.398385
0,61.1583,-21.308695
0,38.696747,-18.825209
0,44.38387,-39.628807
0,58.833607,-13.978834
0,52.704556,-20.174696
0,25.574596,-6.800793
0,51.44903,-8.078507
0,29.545023,-31.225224
0,30.785812,-29.20151
0,7.732871,-41.39862
0,33.061077,-9.718415
0,62.521168,8.7605
0,52.128593,-38.586002
0,35.34875,7.480272
0,30.160892,-19.07035
0,68.6604,3.8055952
0,39.68349,4.8408155
0,33.665375,-42.283794
0,53.404392,-28.827105
0,56.22437,12.740879
0,10.1314335,-41.510616
0,32.400745,-21.857542
0,47.976624,-5.7686653
0,45.922527,-37.837997
0,29.902954,-38.597054
0,62.83752,-31.896933
0,48.594166,3.6883774
0,48.48087,9.251723
0,24.960537,-11.69528
0,23.943962,-12.166377
0,26.602066,-7.464492
0,15.114033,-5.8923635
0,23.954569,-12.181625
0,55.534794,-24.281006
0,26.4676,-7.449133
0,26.702019,-7.489297
0,27.279905,-45.35099
0,48.575146,8.026474
0,14.893009,-14.828892
0,46.584454,20.94627
0,25.728754,-44.978855
0,25.621931,-44.585323
0,30.468287,-29.482498
0,39.79471,-37.54392
0,50.785496,-46.84981
0,50.793877,-46.85748
0,50.78708,-46.851856
0,44.9764,0.35718948
0,27.107777,-25.167894
0,27.092693,-25.173626
0,27.096739,-25.167452
0,27.095089,-25.169508
0,-6.8146763,-13.188618
0,-14.108439,-21.472609
0,-0.17678906,-12.834999
0,-14.421413,-20.209072
0,-27.536928,-38.152634
0,25.456078,15.381344
0,-24.840015,-40.243355
0,-22.276485,-34.027607
0,0.631095,-22.268574
0,-20.321558,-35.21042
0,-0.74844617,-22.247005
0,-23.08838,-43.42869
0,-22.4459,-43.248642
0,25.43817,15.356306
0,25.44461,15.362905
0,27.111542,-25.207151
0,-25.249037,-35.99282
0,-25.448317,-35.81322
0,-0.13966928,-12.991714
0,-0.97065836,-13.606221
0,-0.75360024,-13.443889
0,-1.2342144,-13.728852
0,-32.98675,-53.00304
0,-32.77518,-52.561787
0,-33.018948,-52.957016
0,-6.8451724,-13.193987
0,-21.1474,-35.784996
0,10.086657,-31.4092
0,-24.615501,-32.23937
0,-33.796032,-54.273907
0,23.008436,-4.610344
0,3.2278104,-40.184856
0,1.560619,-39.43413
0,9.620438,-27.733435
0,-16.265345,-29.304514
0,-7.378803,-33.68819
0,-17.804798,-32.04026
0,-8.3883295,-18.417076
0,9.776109,-44.46141
0,21.471527,-28.532202
0,44.53086,-24.086237
0,49.05684,-13.306107
0,19.794392,-14.594892
0,-7.662292,-33.525185
0,8.960383,2.2963777
0,8.980339,2.3220558
0,57.36557,0.20945257
0,32.258396,7.340109
0,41.307133,-26.349436
0,20.692219,-34.310795
0,52.974373,-18.319387
0,24.029114,-44.35584
0,40.841446,-33.468246
0,45.013966,-45.06145
0,61.654408,-13.623053
0,46.472355,9.116746
0,30.26983,-43.38132
0,30.36331,-30.014215
0,60.5662,-13.212943
0,23.908358,-6.685763
0,14.944726,-34.341045
0,16.549734,-3.0669622
0,21.99379,-46.051765
0,54.65037,-0.094437495
0,57.622787,12.145101
0,28.670864,-45.439278
0,59.356174,-24.75822
0,59.259,-24.708002
0,59.357586,-24.656136
0,50.84303,-29.23803
0,38.405605,-17.688524
0,43.211945,-20.860886
0,18.51858,-41.965904
0,16.599194,-15.164423
0,18.117819,-32.794556
0,18.235847,-32.8046
0,17.986774,-33.5091
0,44.868847,-27.081377
0,53.148994,17.713217
0,27.190266,-34.321873
0,51.38446,-21.591362
0,42.428562,-42.585052
0,51.32988,-32.891407
0,45.79482,-32.612392
0,67.98763,-1.2965051
0,58.25742,-35.69285
0,59.558334,-21.502634
0,50.04382,17.700932
0,42.547325,-32.9679
0,66.46595,-17.697866
0,38.802708,-44.768745
0,39.780483,18.000353
0,28.17998,-2.1127973
0,17.390593,-2.1834123
0,15.752578,-27.238861
0,11.2154875,-28.236088
0,47.334606,-38.95572
0,43.03932,-40.254814
0,63.456856,-28.24971
0,63.183613,11.238021
0,37.640198,-13.224567
0,53.47891,7.2899895
0,43.007717,12.425301
0,54.218918,2.5805209
0,44.378513,-43.597633
0,55.397797,-33.64973
0,26.986198,23.561342
0,59.801945,-36.822666
0,41.752243,7.764342
0,51.155567,-24.735098
0,47.897102,-1.2810556
0,48.408672,-21.533094
0,30.597748,-30.207565
0,55.46228,-16.214699
0,22.68984,-12.441114
0,15.862269,-28.352753
0,15.544474,-4.435467
0,49.278625,-25.449495
0,19.464605,-14.28078
0,59.682148,-38.053703
0,19.359238,-14.261418
0,22.487719,-45.77873
0,33.74245,20.14461
0,36.429962,-21.836102
0,34.53578,3.7626977
0,14.944916,-14.7453785
0,41.464584,-17.963957
0,44.473255,-25.618801
0,49.8128,20.053158
0,40.16986,-0.16717926
0,26.635225,-29.04496
0,9.133512,-37.696213
0,58.57568,-5.833203
0,34.87648,-7.623798
0,63.95822,-6.536066
0,64.74122,6.772937
0,59.327003,-25.644009
0,32.87888,-45.275875
0,41.11908,-12.935849
0,17.649294,-42.599937
0,22.495487,-39.913853
0,24.241894,-7.1575246
0,54.69487,-12.203889
0,60.283775,12.358072
0,44.33679,-42.76422
0,8.556982,-42.369934
0,40.674007,-5.224386
0,21.473972,-9.595943
0,21.344103,-9.805364
0,30.593355,22.805214
0,51.370686,8.977724
0,50.03548,-21.690758
0,37.20983,-27.400476
0,41.292152,-29.404644
0,53.921867,-24.551994
0,40.518467,-6.749121
0,54.75802,-18.140795
0,59.546288,4.7894263
0,57.363968,15.793694
0,57.588623,-25.357243
0,59.60838,17.172695
0,30.440933,23.891283
0,59.70765,14.906632
0,49.954456,15.01203
0,65.550606,6.717377
0,34.36094,-4.055569
0,56.068653,8.082206
0,26.179638,-37.29182
0,61.618004,4.4136853
0,40.65237,-23.125408
0,10.069969,-41.137543
0,65.44627,3.963387
0,33.4475,-4.289398
0,16.973265,-33.657574
0,54.38011,-21.406834
0,26.191038,-36.57505
0,55.222458,17.468668
0,64.469826,6.3663864
0,58.742413,14.898158
0,52.821003,-21.810966
0,50.30187,-23.32777
0,61.044243,-25.944489
0,61.301632,9.806419
0,51.21661,-30.633654
0,20.774149,-31.301437
0,48.52101,-8.550982
0,48.492546,18.406166
0,32.07391,-35.750835
0,55.21199,-36.02414
0,63.385086,4.269458
0,53.762653,-9.281448
0,48.293354,-40.217827
0,47.540287,-26.441904
0,23.503347,-38.19548
0,26.563774,-3.9102266
0,40.238537,5.258148
0,18.260124,-36.87984
0,49.28033,22.580557
0,60.99483,-18.294132
0,20.393145,-42.62052
0,58.5458,11.437153
0,46.874485,-32.218437
0,23.46524,-13.301076
0,57.932594,16.49859
0,63.58875,4.3540707
0,52.26783,-26.908426
0,65.8454,3.2240214
0,42.183704,-26.823385
0,12.441964,-36.914417
0,19.073723,-37.874485
0,38.200573,-8.264208
0,56.69617,0.12811755
0,56.38374,-13.997514
0,13.976203,-35.400127
0,29.780544,20.45942
0,48.40986,4.9665284
0,44.809086,-4.0376163
0,44.734962,22.555956
0,17.931776,-30.359684
0,42.347534,-3.0957115
0,37.78451,-5.3321366
0,44.803444,-26.94093
0,13.466862,-39.624557
0,43.133034,-43.919968
0,53.6598,4.752851
0,45.37862,-30.424593
0,42.45839,-32.87273
0,28.19498,-10.811148
0,35.34602,-21.895174
0,14.012164,-43.754333
0,60.08671,-32.970127
0,38.916008,-40.751747
0,22.068907,-6.6924844
0,20.768637,-38.362064
0,8.966927,-42.887794
0,42.64273,-28.606117
0,15.298921,-40.801605
0,28.286098,22.560984
0,44.69877,-31.529718
0,61.098934,-17.558851
0,50.09281,-20.091187
0,57.07506,17.76119
0,43.43551,-16.813786
0,42.951115,-12.621722
0,60.287796,1.9053323
0,53.734467,-23.961758
0,36.4238,2.6301765
0,66.78322,-4.4595156
0,34.83902,-34.046753
0,62.564404,-4.126557
0,59.767002,-36.823807
0,57.875496,-19.34156
0,39.655872,-33.038506
0,56.91155,15.75026
0,35.405876,-11.749063
0,16.19717,-35.339367
0,44.868866,-26.899332
0,33.65686,22.339027
0,16.755417,-14.090856
0,48.320755,7.664092
0,15.910639,-25.045778
0,49.364414,-7.443724
0,43.264397,-16.167933
0,48.79107,-38.59565
0,56.709312,2.410226
0,23.117023,-32.665775
0,61.06167,5.0209603
0,40.172344,12.815213
0,46.195965,-5.171802
0,43.599464,18.16134
0,55.497158,-1.7573195
0,24.39661,-3.7770793
0,30.99645,-9.324717
0,15.98971,-17.889444
0,18.875856,-33.514202
0,14.947205,-33.396255
0,23.044033,-32.70358
0,53.72106,-8.335259
0,20.230799,-34.703297
0,36.290737,-17.761255
0,63.72976,10.357459
0,57.406673,5.350208
0,70.35878,-4.0160933
0,57.88563,-16.236052
0,15.420603,-39.779205
0,15.741228,-14.837526
0,45.53643,-43.780014
0,61.039192,-17.733017
0,55.31468,3.4188867
0,32.524517,-39.43949
0,46.695133,-31.52283
0,31.049135,-41.635994
0,64.62442,-20.22531
0,63.738213,-24.432844
0,49.254475,-35.526012
0,46.44574,14.568155
0,65.0486,-4.6048083
0,30.473206,23.799818
0,17.921633,-30.426985
0,8.82606,-42.558315
0,36.6567,9.988141
0,15.8901005,-3.62079
0,36.5299,9.961568
0,32.06478,-35.755016
0,46.288128,-31.51177
0,49.35448,-31.760284
0,59.329933,-28.544777
0,55.597565,1.0277697
0,33.135918,-20.186552
0,28.45942,-2.2948728
0,16.259525,-13.670267
0,31.508827,-39.30568
0,51.31482,-3.3881378
0,37.70497,-42.442375
0,46.982098,-30.520239
0,60.821735,-20.92246
0,58.198696,-34.86645
0,9.2249365,-37.78369
0,66.50321,5.486361
0,14.513026,-40.76001
0,29.755287,-29.70107
0,67.946106,-15.15548
0,25.468187,-13.944936
0,53.375973,13.0673485
0,56.98657,-30.123137
0,61.03919,-5.8816733
0,50.00956,1.0164349
0,24.666203,-36.448864
0,42.04825,-31.748137
0,20.680859,-30.866488
0,33.650894,24.024923
0,38.280933,-20.316607
0,47.912178,-40.258965
0,28.778065,-37.31079
0,61.39429,-2.83497
0,38.13153,-2.5238914
0,26.059566,-2.8637726
0,36.919487,-19.664906
0,39.106586,-37.150146
0,51.850384,20.291683
0,45.19633,-40.037403
0,38.27544,-12.510563
0,34.713947,-16.381773
0,17.130476,-40.166386
0,23.970785,-3.9840882
0,37.01552,-30.998209
0,22.292255,-29.286478
0,41.73169,-38.616306
0,28.132877,-43.80707
0,67.16929,-3.6000943
0,50.851032,9.863833
0,27.157959,-29.411512
0,64.66546,7.6569624
0,60.293873,-4.9242873
0,17.432684,-41.26146
0,43.14142,12.1819935
0,64.18998,-20.093372
0,24.78542,-3.9368286
0,67.360596,-3.322795
0,54.944347,3.861392
0,51.39091,-29.653694
0,53.035137,1.1851711
0,56.863903,-3.650216
0,15.9316635,-24.666895
0,40.78819,-8.797456
0,66.05631,-1.6922293
0,39.145428,-22.453348
0,30.608345,23.608517
0,56.255825,1.9332197
0,40.219547,-22.981682
0,59.095207,-35.298084
0,28.159864,20.552706
0,61.174244,-9.25933
0,24.366385,-13.318425
0,47.454536,-27.458948
0,67.91163,2.3801606
0,33.48444,-30.28042
0,55.890347,-33.541405
0,55.211544,10.6135235
0,32.741467,23.371042
0,32.198677,-40.125134
0,39.817772,-3.9694314
0,28.93334,-36.89454
0,37.23918,-13.903371
0,53.107944,-23.37697
0,59.15543,16.795124
0,58.599735,-35.77864
0,36.08404,-21.877596
0,26.503963,-29.708235
0,36.172565,-44.19028
0,41.3293,-31.686522
0,48.083866,16.921677
0,53.722473,0.643033
0,58.272663,-26.873363
0,57.854668,12.170876
0,62.945866,-2.1417542
0,60.83501,14.761569
0,41.329628,-26.252817
0,55.43407,4.4688563
0,28.376667,24.30999
0,33.891335,-22.177015
0,45.050644,20.048285
0,38.210266,-24.06341
0,18.428036,-39.12304
0,66.110085,-15.1794615
0,44.784733,15.530153
0,28.228676,-38.22595
0,14.309606,-37.956463
0,18.163479,-37.19331
0,33.47465,-37.060745
0,39.408077,-8.0300455
0,53.143112,-35.89043
0,16.357046,-36.649635
0,48.782364,-40.99068
0,66.09491,-23.07985
0,21.871735,-30.059017
0,24.632454,-45.073414
0,34.947292,-38.239162
0,38.88539,-12.935375
0,38.99996,-44.626194
0,17.050749,-35.827732
0,24.713158,-1.2668418
0,36.600143,-2.2301652
0,58.44766,-38.28268
0,63.797497,-11.402274
0,46.316765,-29.095064
0,29.089771,-31.873068
0,41.747536,-22.794998
0,49.868702,-24.732882
0,33.7692,23.52685
0,47.41045,-8.339391
0,58.138153,17.953703
0,61.029297,-16.523357
0,32.355232,-20.793884
0,62.960556,-4.3689003
0,58.54657,-38.18196
0,44.866627,7.0794663
0,46.748287,-23.76884
0,46.69563,-23.732513
0,31.402744,-30.069218
0,30.905926,-33.967262
0,29.908846,-22.052036
0,49.226448,0.64043826
0,52.779747,17.323175
0,46.35809,7.623488
0,48.568615,-38.026825
0,59.412685,-21.243502
0,36.948303,-30.720787
0,43.89573,22.801767
0,31.098972,-20.335201
0,63.176052,-28.126282
0,44.09424,9.962979
0,16.796831,-3.354115
0,16.388107,-3.0284615
0,48.38244,-33.77896
0,12.981417,-39.80018
0,17.348864,-2.4757843
0,13.194326,-38.551003
0,48.704136,-33.76608
0,47.537018,-33.51729
0,16.867292,-3.5150073
0,12.900977,-39.085205
0,48.560917,-33.96776
0,13.311999,-39.718494
0,19.348455,-11.559828
0,24.445509,-3.2613308
0,44.282295,-28.155565
0,18.750168,2.4503162
0,59.78973,6.8621397
0,21.711773,-13.344254
0,51.8437,18.50265
0,13.986101,-38.762714
0,42.33954,-25.237492
0,34.829132,-33.774616
0,63.115475,-11.521158
0,26.12292,-44.766357
0,66.23946,11.202227
0,25.694372,-43.580585
0,25.187717,-15.287491
0,43.798042,0.72232455
0,67.571495,0.18108656
0,44.144283,0.6078826
0,24.714725,-1.2322011
0,33.907833,-22.486101
0,21.908834,-7.7292137
0,15.236609,-30.507723
0,62.43997,13.233857
0,49.84884,-0.31225535
0,36.383625,-15.834662
0,37.790142,-14.191655
0,9.068565,-43.080444
0,66.03688,-23.305132
0,16.924152,-37.659943
0,56.011024,10.885903
0,63.406677,-19.74723
0,51.388664,-9.886208
0,40.94467,-33.388466
0,60.30189,0.62382454
0,58.325966,-34.27849
0,50.100307,7.8635926
0,61.27018,13.884836
0,58.50526,-3.3899302
0,60.52147,-2.6719303
0,40.826004,7.8777275
0,64.546005,0.19017653
0,54.253754,-8.625478
0,55.61091,-4.4402514
0,28.560827,20.971947
0,61.32688,-18.474264
0,52.061207,-2.2963061
0,26.44231,-29.701843
0,63.092632,-9.15689
0,48.908962,-28.00347
0,20.264112,-41.134468
0,39.046165,-30.207224
0,66.33056,-22.392908
0,42.401703,-30.237654
0,50.153214,-26.328638
0,38.26527,-17.798115
0,42.072243,-27.889042
0,51.42961,-26.119415
0,46.050293,-11.476698
0,59.38022,14.503167
0,33.295517,20.957731
0,23.954899,-22.184269
0,51.046158,3.9034197
0,43.945343,-21.716627
0,34.977703,-7.8745627
0,24.60252,-6.0150285
0,38.563683,-40.89901
0,51.723145,-10.872513
0,63.40869,-34.309566
0,47.75295,-9.137289
0,11.817714,3.1893506
0,38.66804,-2.9490929
0,25.020807,-9.229524
0,47.046528,8.257266
0,63.984146,-1.9422303
0,49.173634,6.759375
0,39.406246,-32.241764
0,53.123596,13.483882
0,55.732758,-15.516998
0,49.735134,-29.908806
0,55.00413,-19.44302
0,59.12269,-17.53416
0,13.319341,-13.422861
0,64.30624,-4.4987574
0,57.780827,-9.65893
0,13.137004,-36.363045
0,29.818033,21.324223
0,29.428715,21.337
0,-10.467423,-22.644823
0,29.537088,22.788214
0,25.52605,20.674606
0,43.88676,6.14796
0,41.25498,-8.345399
0,55.410534,-25.715649
0,41.22635,-38.329597
0,34.241913,-10.969353
0,49.539642,10.827294
0,54.069435,12.352186
0,23.578613,-13.256424
0,43.057583,-36.24243
0,42.921246,18.07037
0,65.40078,3.8221529
0,19.58637,-38.500443
0,56.480244,-3.7188618
0,43.959698,13.933102
0,28.343052,22.585527
0,47.829224,0.8359624
0,55.073917,8.94897
0,52.391426,17.256588
0,25.625235,20.469803
0,20.702324,-9.741641
0,61.131996,13.261828
0,51.61638,16.076519
0,43.39694,-30.573084
0,49.143536,-30.931063
0,28.874949,21.186953
0,36.73914,-16.183435
0,15.655813,-16.212975
0,42.31649,-35.352192
0,28.025682,-38.04177
0,56.641323,-2.650382
0,15.895258,-37.790665
0,23.242449,-12.601846
0,34.12776,4.2287574
0,39.12237,-11.831421
0,25.767801,-41.001095
0,32.55551,-37.948677
0,28.021584,-16.876682
0,52.351883,16.687342
0,30.35455,18.890263
0,18.81387,-35.277752
0,37.027752,-35.660595
0,54.774784,9.154637
0,35.271156,-28.092844
0,65.02948,-8.539951
0,43.536945,14.795884
0,48.21134,13.787462
0,61.138218,-13.74301
0,22.827892,-31.017765
0,56.827156,-11.504089
0,53.23973,-0.9306148
0,58.560966,-19.337618
0,44.74487,17.56194
0,27.197632,-6.6409855
0,57.645245,-1.4134928
0,24.117075,-38.217846
0,52.017483,-36.67929
0,41.92905,-42.851994
0,47.581585,-8.942131
0,42.88271,-35.06363
0,47.03939,-34.464436
0,31.347334,-10.62792
0,39.18769,-15.541085
0,66.37864,-17.761866
0,49.379482,13.0566845
0,32.877026,-24.035662
0,44.043304,21.842533
0,70.41426,-0.59571433
0,27.824188,18.367233
0,46.002693,11.258302
0,49.259563,22.48553
0,53.521603,16.84559
0,59.617157,-7.598539
0,48.08538,-20.172743
0,66.36149,7.776399
0,16.692846,-32.84307
0,17.875717,-35.36951
0,57.650963,-0.9088478
0,40.814785,-15.347538
0,59.881912,0.91941094
0,30.252989,22.845251
0,64.36857,-27.389193
0,27.270725,-13.800693
0,52.38069,-30.024027
0,53.607662,9.916417
0,56.53555,17.92421
0,57.277443,15.363556
0,56.45661,6.0371413
0,30.270187,22.867771
0,31.48698,-16.549072
0,51.54956,5.1616373
0,46.916714,6.836584
0,34.79289,-11.769793
0,24.617176,-7.835695
0,25.814545,-30.423656
0,52.722725,0.46674806
0,54.07327,-31.723797
0,29.263752,23.913874
0,66.35588,-23.43194
0,32.183014,-21.622187
0,66.3697,-12.739741
0,54.87649,6.804114
0,48.857082,-27.599287
0,42.55524,-13.36349
0,29.184483,21.142683
0,53.707676,-12.492799
0,69.82857,-9.284812
0,39.901184,-20.484755
0,31.552933,-22.332434
0,31.533129,-30.359177
0,52.11097,11.017745
0,42.58336,-11.211322
0,50.269688,15.164292
0,42.595448,20.866262
0,60.881615,-4.237783
0,25.458612,20.707458
0,38.251926,-16.084606
0,61.725826,-12.926481
0,26.373392,-17.076227
0,45.740902,-22.513739
0,57.38244,-9.889802
0,20.668156,-40.332783
0,24.227648,-41.529457
0,62.064472,-32.17397
0,51.409035,13.704924
0,30.52655,-37.172165
0,49.457024,-38.014637
0,65.69878,-16.3832
0,36.397,-18.775934
0,40.212215,-34.00449
0,49.803192,11.069973
0,41.78385,-28.040258
0,60.888687,8.941818
0,50.290287,-42.148937
0,60.060116,0.5929766
0,54.828026,-40.243748
0,36.389362,-12.1215105
0,47.24792,7.383229
0,54.618343,6.9168863
0,66.10623,-21.908968
0,62.44723,2.7497272
0,29.188185,-43.449883
0,56.151497,-22.871655
0,54.58456,-40.08611
0,47.479053,-30.356747
0,51.40438,-9.642738
0,15.49209,-15.68932
0,60.571404,-9.812845
0,32.397377,-16.26032
0,49.183224,17.345432
0,67.69673,-15.370995
0,15.78526,-35.046036
0,31.377174,-21.991585
0,63.607674,-4.540423
0,45.41426,15.016414
0,47.491005,-37.89157
0,57.308636,-36.270287
0,52.111263,-39.214104
0,47.84642,13.415801
0,26.388754,-44.81778
0,51.81317,-36.55039
0,31.968967,-16.344893
0,29.117552,-42.92118
0,19.17787,-38.657818
0,61.661076,-31.372192
0,15.564444,-33.760506
0,47.964874,-23.029305
0,39.27656,-7.1879306
0,53.365303,-4.824204
0,59.39234,-0.86392677
0,52.93325,-19.159088
0,34.895252,-7.7186723
0,31.870739,-39.987526
0,20.907202,-9.728838
0,55.473522,14.744025
0,28.01224,-20.595537
0,51.4272,-32.068695
0,52.50451,-20.277763
0,64.425415,3.4809136
0,63.523895,-34.42077
0,49.300545,-28.734772
0,26.492231,-17.287401
0,64.13344,-1.8501954
0,24.052557,-41.01365
0,57.61338,-20.921959
0,17.56602,-38.745125
0,61.9962,-4.6373897
0,27.350456,23.109814
0,47.851444,-35.018856
0,51.133846,-26.10781
0,59.458157,13.372124
0,50.844982,-22.887686
0,61.400234,-17.306618
0,27.342957,-35.101513
0,51.498302,-13.127131
0,45.157925,19.997272
0,19.286665,-37.430176
0,55.297066,-30.868574
0,64.54565,-22.44097
0,61.64341,-2.4470055
0,65.70855,0.4651083
0,28.478209,-35.9849
0,38.49254,-27.240269
0,48.073063,17.12199
0,15.790305,-37.61924
0,32.62233,9.455366
0,15.560391,-4.9938173
0,16.647259,-2.6987007
0,41.05176,-18.52526
0,37.51713,16.281984
0,38.98299,-30.326822
0,45.513035,8.894092
0,50.247597,7.9224706
0,31.215345,-32.77629
0,58.064106,-19.505415
0,59.35852,4.9059486
0,13.516657,-35.937824
0,55.33797,-1.9221812
0,47.687878,16.921227
0,43.287422,-37.273277
0,43.721073,-31.65897
0,16.747774,-32.243855
0,62.97898,-17.82882
0,49.322624,-35.445065
0,24.328707,-7.543937
0,50.48797,-0.72272676
0,51.7108,-6.5579405
0,15.532106,-32.681232
0,16.874884,-40.99275
0,18.019854,-41.44393
0,38.64422,0.4426319
0,35.41215,-23.579975
0,53.69232,-2.5458484
0,11.731291,-36.711533
0,45.05337,15.196805
0,25.616346,-44.006046
0,32.771988,-36.330154
0,51.417316,4.7068257
0,21.31385,-31.09404
0,30.751825,-15.989286
0,28.183123,-36.63389
0,10.643004,-41.833336
0,29.70819,-43.61511
0,20.821205,-38.544525
0,34.368744,8.380041
0,14.568068,-4.591454
0,14.535489,-4.909728
0,37.73565,10.002884
0,40.64916,19.296383
0,37.550392,16.150438
0,14.4822855,-3.9883537
0,14.594993,-4.634342
0,65.45757,-0.8463041
0,7.8560047,-41.38537
0,35.28022,-16.991125
0,40.20644,-2.620625
0,42.818573,-35.35918
0,34.196426,-22.231161
0,22.398191,-35.53001
0,34.127617,8.739217
0,48.091164,-1.4885156
0,48.25414,-22.484472
0,29.695461,-39.52043
0,23.371183,-11.186287
0,23.724762,-13.605672
0,10.578326,-41.997677
0,55.43761,-26.170074
0,34.1354,21.946062
0,56.99423,-33.808205
0,25.316605,-19.703583
0,47.501045,-18.88982
0,58.762672,-35.034424
0,65.28771,3.9651613
0,27.35399,-4.452521
0,51.14766,2.5494056
0,46.21259,-8.9825115
0,24.408371,-14.152839
0,32.35574,-10.796039
0,35.058537,-28.255157
0,19.236195,-41.56574
0,36.453213,-39.11136
0,13.600789,-14.638272
0,45.87035,-5.709218
0,55.5267,-5.863814
0,21.507467,-5.522139
0,45.93638,-5.535142
0,52.92992,11.116361
0,46.351925,15.7294035
0,53.75605,-14.929023
0,32.0872,-13.835763
0,51.48888,-23.88125
0,22.653677,-8.846548
0,50.220272,-20.892105
0,55.575058,-8.114716
0,48.453053,1.6000226
0,53.150467,-33.031727
0,44.854958,-30.706684
0,45.557552,17.947515
0,49.176537,-23.125492
0,59.629326,-7.6128707
0,23.743044,-38.332016
0,56.02755,-35.894722
0,53.48722,9.63032
0,44.14447,19.73342
0,65.72164,-15.116161
0,48.42218,-23.959478
0,48.877296,16.847073
0,46.48199,-34.787334
0,52.980988,13.201737
0,53.1992,-26.27607
0,53.69728,-39.273064
0,61.257145,-9.132087
0,60.83489,4.5498657
0,37.20223,-0.72547066
0,40.76309,-39.47733
0,20.972147,-32.84797
0,62.666595,-35.737255
0,59.47357,9.063993
0,42.902504,-35.529713
0,41.92399,-40.335968
0,36.317566,-31.056456
0,57.805782,-7.096097
0,54.03359,-24.234339
0,55.566097,-36.82834
0,45.960983,-28.532045
0,13.613287,-35.913673
0,21.972319,-11.815775
0,63.89918,9.934022
0,44.878616,-37.73573
0,15.967816,-28.026758
0,55.74315,17.846912
0,41.40507,-11.367733
0,59.62134,2.2779639
0,60.44201,2.06799
0,47.101494,-27.893013
0,46.609463,16.985535
0,59.23494,-2.4561431
0,54.271004,-19.871658
0,50.332367,13.585428
0,40.018257,-28.083776
0,61.941402,0.75196344
0,43.251854,-30.350306
0,36.163425,-36.402016
0,54.05397,4.5479527
0,58.112564,8.983036
0,58.109055,-39.319027
0,67.66801,-0.41070294
0,59.96768,12.564231
0,36.248688,-14.3082285
0,51.789932,-23.301369
0,47.922108,-29.412142
0,62.916332,6.681861
0,42.0521,-31.945986
0,27.667727,-7.751446
0,21.058348,-36.089554
0,43.254005,15.166518
0,55.97346,-15.314121
0,40.147266,-25.900568
0,49.26052,15.858029
0,50.81559,-5.136665
0,49.31153,-4.630997
0,49.19002,-22.870789
0,44.36106,17.903275
0,58.110645,1.7333442
0,51.12652,-28.815248
0,59.700844,-2.8997846
0,26.327095,-17.210096
0,32.301678,-19.999657
0,15.709912,3.766529
0,20.518064,-31.380632
0,55.44632,17.707787
0,31.627354,-13.147602
0,13.021179,-30.702238
0,27.332102,-13.818148
0,52.799057,-37.496647
0,62.332005,3.809691
0,57.974255,-29.642618
0,62.98529,-25.323763
0,40.07789,-34.411854
0,48.30566,9.171231
0,54.964176,-19.165558
0,58.460983,6.768027
0,28.566782,19.64303
0,48.8096,1.5396461
0,53.541355,-28.82545
0,54.42015,-25.57196
0,48.334553,-38.247265
0,55.751087,-30.771975
0,53.235497,-5.0215034
0,60.14278,0.15302205
0,56.301743,-34.253532
0,60.182632,0.022904046
0,50.36813,-25.307632
0,33.34176,-18.04071
0,57.285294,14.654583
0,54.422104,-34.315517
0,45.87853,19.853811
0,54.095604,-19.142931
0,68.74566,3.8062868
0,54.10727,-39.682446
0,54.12016,-34.42593
0,57.939137,0.6188607
0,56.97414,-23.819715
0,54.824036,-23.169895
0,54.428753,-22.587294
0,54.655315,-22.798298
0,62.052727,2.130907
0,55.705082,-23.37239
0,55.95243,-23.984905
0,48.035255,-31.773176
0,39.658318,4.9055347
0,58.013638,0.5377891
0,33.686584,-42.317207
0,56.212135,-23.826693
0,62.154987,1.415388
0,55.727974,-23.020475
0,36.76262,-30.525373
0,59.747353,-26.496487
0,45.642315,-25.343655
0,52.592464,1.5344787
0,37.762066,-5.843364
0,33.07177,-14.130546
0,62.738964,1.3763806
0,38.78451,-17.201097
0,50.75759,-34.17159
0,21.772959,-6.324866
0,58.17485,1.7322567
0,61.094784,2.5766149
0,37.745575,-12.850493
0,37.067997,-35.74947
0,59.456303,9.018476
0,30.370478,24.591696
0,66.49741,6.2551465
0,33.735348,22.457666
0,28.80688,22.295515
0,22.49434,-6.896954
0,64.32748,-1.1430751
0,56.34668,11.0178995
0,16.472263,-37.66322
0,41.917835,-38.726738
0,29.586906,23.027464
0,29.649555,21.402378
0,43.08322,12.454517
0,50.44058,-35.25908
0,24.38759,-17.621717
0,65.630104,2.330007
0,15.987701,-17.359816
0,53.51795,-15.01734
0,64.86847,5.196913
0,53.927,15.13851
0,52.75204,20.333168
0,39.93341,-37.811493
0,16.142422,-31.928774
0,49.467087,-7.4235864
0,33.072906,23.25657
0,19.146894,-41.958866
0,49.415287,0.34613207
0,18.237682,-35.267178
0,58.22785,1.6330837
0,50.29677,-37.675114
0,36.157352,-14.205275
0,28.684944,-4.51789
0,66.246086,-21.305248
0,36.237316,-38.74438
0,30.592255,-16.011637
0,58.33907,-27.106815
0,53.573833,-7.9409285
0,28.580597,-38.43836
0,51.077133,-30.702587
0,25.52739,-14.207592
0,57.758717,-29.386478
0,52.881435,-36.236103
0,53.87652,-32.33212
0,57.295258,3.6547558
0,47.226074,-37.89922
0,51.985947,18.316631
0,33.156803,-23.69842
0,49.839336,-20.427282
0,22.383139,-33.737656
0,32.106586,-13.838277
0,58.193428,-20.632744
0,65.97027,1.0113095
0,62.859375,-11.409114
0,69.81918,0.46069255
0,55.251705,-24.484673
0,22.337027,-40.687195
0,55.569546,-2.6785128
0,44.31152,22.146214
0,28.812645,-43.62097
0,46.654175,-32.14049
0,36.08604,-15.971985
0,27.110388,-34.962746
0,43.098377,-39.96767
0,50.46553,-18.77916
0,14.425763,-35.357117
0,30.779657,-29.353922
0,51.46763,-34.87013
0,46.881622,15.365829
0,30.132984,-15.616719
0,46.016216,14.019124
0,44.806877,22.425482
0,36.933346,0.95458883
0,36.98211,1.0387956
0,18.076502,-3.7917647
0,27.025837,-45.14813
0,26.38091,-2.889496
0,56.60686,9.675737
0,24.934834,-15.227498
0,36.755283,1.0357777
0,48.854233,-2.699488
0,30.622906,-30.171963
0,41.611015,-18.298931
0,56.144444,-24.836897
0,48.417904,4.921598
0,37.11775,0.81134737
0,51.81013,-34.734962
0,42.894756,-14.693346
0,23.675795,-10.953282
0,45.43129,-37.58949
0,58.843258,-32.620914
0,30.272064,25.088264
0,10.538697,-40.897167
0,61.19787,-18.644886
0,54.638847,-3.6563945
0,17.512196,-43.37609
0,44.6142,18.236637
0,44.777744,18.270628
0,57.398426,-4.9242167
0,30.005562,-18.419577
0,40.64466,-5.9138365
0,48.304386,-6.9685636
0,54.80439,1.8521519
0,36.70281,-2.0951781
0,21.562645,-40.411594
0,21.202003,-42.494694
0,43.090366,-42.73502
0,24.40558,-40.551727
0,35.449165,2.4598706
0,44.593395,-19.757563
0,45.74997,10.797036
0,39.797985,-27.950739
0,50.772522,10.267434
0,47.487762,-36.361176
0,14.945525,-33.294228
0,61.746628,7.6679144
0,53.864246,-30.307331
0,54.418087,-4.5479455
0,38.119465,-23.992645
0,23.700537,-12.429893
0,40.78347,-15.220749
0,49.418106,-10.952163
0,61.69579,-6.3454447
0,56.70541,-14.787371
0,19.077814,-39.99921
0,27.021498,-14.773718
0,62.60705,-27.320831
0,25.629816,-11.976195
0,25.982758,-46.056614
0,63.452137,0.2725009
0,59.6355,-11.946759
0,27.261139,-40.824005
0,41.06806,-29.418943
0,48.537518,14.1550455
0,39.47823,-8.396317
0,25.915329,-36.23334
0,53.14353,18.404692
0,24.805437,-34.024677
0,57.777832,-25.675047
0,56.042095,12.889287
0,45.58725,7.4922566
0,56.36075,-13.384997
0,46.67994,19.214327
0,15.727174,-38.196335
0,28.92809,21.355297
0,57.391273,17.615797
0,31.161133,-20.169022
0,58.81854,-14.710583
0,44.31684,22.857798
0,61.716213,-31.51088
0,13.521476,-35.92016
0,53.021164,-26.87128
0,59.562607,-23.445425
0,40.120007,-25.847116
0,55.57568,17.752724
0,35.31838,-16.762913
0,19.649746,-39.78384
0,20.391485,-32.362473
0,51.897945,16.716011
0,49.23594,3.869466
0,32.884495,-17.666538
0,14.6254635,-37.480984
0,45.12141,-36.07331
0,45.626926,-33.810143
0,42.68246,-18.64325
0,27.830957,-45.94688
0,50.39171,-38.791264
0,46.024944,-20.965448
0,48.935062,16.269844
0,19.378788,-34.84957
0,22.035276,-46.028862
0,37.5391,-9.12356
0,62.10595,6.954925
0,49.797092,-27.591078
0,39.311497,-2.7949443
0,25.884905,-14.894314
0,57.36018,4.4060616
0,40.23295,-37.127193
0,42.167896,-41.530365
0,45.672546,22.969118
0,55.80641,-20.7223
0,45.421787,-43.704372
0,23.838379,-19.77384
0,23.84828,-19.76777
0,44.94785,-45.097473
0,44.119095,0.6146451
0,43.63985,0.7699152
0,44.270947,0.57580286
0,44.350708,0.55114657
0,44.47844,0.5175485
0,43.686905,0.7513388
0,43.74056,0.7351735
0,11.495859,-7.157477
0,51.397614,-21.134018
0,32.74903,-35.04305
0,47.14297,-7.2434607
0,46.623173,-41.033035
0,49.491295,-22.131
0,61.21991,-2.320274
0,54.637333,-18.187523
0,61.630753,-16.73434
0,60.559605,8.018698
0,31.168356,-16.104631
0,15.262521,-15.181134
0,42.62488,-37.974285
0,55.343906,-21.051102
0,67.98152,2.4357035
0,52.104794,-16.320757
0,53.24607,10.471767
0,36.445175,-36.810364
0,46.352123,15.761786
0,37.782684,23.282717
0,51.453724,-28.254623
0,44.684746,-32.236416
0,44.57126,-32.2213
0,48.630444,19.471487
0,62.027496,-14.238048
0,57.803623,10.227741
0,25.808401,-4.3578367
0,54.73914,13.818354
0,66.76585,-5.8451543
0,43.762577,-17.087296
0,32.074406,-20.351797
0,67.188126,1.7063106
0,65.29978,-17.139015
0,9.709644,-44.788464
0,45.950756,-27.240595
0,25.065506,-12.120674
0,62.6602,5.3122067
0,25.094782,-12.277543
0,22.653036,-10.207266
0,57.731495,-13.397905
0,52.676876,-25.384972
0,57.524784,2.7959833
0,55.99005,7.3328357
0,15.686632,-37.409134
0,32.827442,-29.547335
0,30.732382,24.292467
0,55.087208,-12.71936
0,24.044218,-44.772495
0,37.79111,-8.732976
0,18.332165,-34.055374
0,38.083954,-41.272198
0,28.290699,-10.85022
0,14.558837,-4.7175136
0,70.10635,-8.689363
0,18.474695,-37.48263
0,32.684696,22.393684
0,36.40765,-37.014946
0,33.68279,22.12303
0,65.46485,-3.1373801
0,55.768528,-20.962631
0,62.90713,-6.14979
0,53.64805,-1.428373
0,47.28655,-28.43901
0,26.662827,-11.107253
0,15.887977,-25.572462
0,30.166922,22.505281
0,56.907444,-27.825893
0,44.108482,10.062785
0,44.44463,-25.651539
0,35.559807,-21.85912
0,62.57277,-1.7469598
0,63.51043,5.9740157
0,60.827263,3.8494952
0,59.11598,-33.630257
0,42.2691,-13.5474
0,49.887115,-25.413788
0,45.515923,21.796114
0,58.394726,-11.220953
0,52.671413,9.867337
0,55.513153,-0.4625581
0,57.354103,-36.57375
0,39.772087,-31.79844
0,45.812355,-31.29333
0,37.24792,-12.580153
0,52.00506,10.121369
0,56.828175,-21.365265
0,61.00502,1.3105093
0,49.08246,-30.393919
0,26.755823,-12.783487
0,66.19391,0.34449404
0,44.274235,12.929407
0,54.83251,-29.1115
0,41.487648,9.952279
0,33.264652,-17.98829
0,9.376008,-37.918034
0,34.83077,-12.116404
0,51.32796,11.38894
0,64.397285,2.5970469
0,66.7965,7.508486
0,58.45295,14.349197
0,45.759644,-22.560553
0,48.613842,5.2980223
0,49.96086,-26.021013
0,49.26426,-33.29327
0,47.920177,-9.788625
0,49.71433,3.4615028
0,44.670773,-28.78915
0,44.680847,-28.924923
0,61.17058,9.365463
0,47.58576,-28.372562
0,54.164444,-30.452398
0,52.694702,-24.017183
0,57.311287,-27.90213
0,48.384705,-26.503513
0,63.258766,10.985035
0,39.424717,-2.736714
0,26.239521,-46.115868
0,62.062157,0.9192739
0,57.327988,-18.912422
0,49.621567,11.919331
0,15.881077,-17.455599
0,45.04823,-7.5437827
0,67.90215,-21.871244
0,50.747826,-22.104322
0,63.365055,-13.785552
0,31.391407,-20.102879
0,42.270752,-8.999232
0,60.88264,6.391686
0,50.971786,-30.404778
0,49.78158,-26.306633
0,19.648794,-12.009998
0,61.86534,7.244987
0,64.14072,-20.072561
0,26.162956,-14.611644
0,67.20955,0.053541
0,20.48376,-9.726397
0,33.095985,-29.769997
0,43.15359,-42.39779
0,53.763584,-12.905233
0,45.8005,-41.44807
0,24.774199,-13.867704
0,32.86102,-24.088343
0,64.43884,3.4115324
0,61.479103,-23.294601
0,50.097565,-30.632973
0,67.24238,-15.071535
0,35.88325,-25.657825
0,54.031338,8.638581
0,62.38256,3.4679372
0,44.984924,10.946896
0,16.200735,-41.09469
0,53.94788,-34.423256
0,42.865623,-29.151735
0,20.91521,-9.748724
0,40.172096,19.62018
0,57.15246,-2.7636745
0,51.97274,7.2060947
0,52.222015,-34.726357
0,49.919857,-32.40891
0,66.70833,-15.209673
0,52.695957,-34.745872
0,23.063831,-8.574048
0,24.473085,-40.829773
0,54.12848,-2.4045746
0,59.702477,-13.45765
0,58.093964,12.066584
0,46.799988,20.86344
0,62.70994,-6.2656612
0,46.373447,-24.293182
0,30.61301,-36.796196
0,50.030346,11.043476
0,50.09026,-36.738407
0,54.896523,-27.49376
0,25.255495,-6.2604775
0,27.966715,-29.596182
0,36.244,-27.244074
0,57.977257,9.29153
0,41.063396,-25.891848
0,48.283302,15.78299
0,17.66592,-35.498844
0,63.299942,-13.675105
0,41.244423,-16.813305
0,35.443005,9.666453
0,37.340904,15.764965
0,44.162132,-41.588432
0,40.0069,19.385696
0,59.719936,-17.183966
0,25.118269,21.044899
0,21.801985,-32.902073
0,51.10344,6.1041675
0,56.842358,9.954572
0,55.17878,-9.117542
0,32.725903,-31.68638
0,14.334148,-39.220444
0,33.28506,-4.741456
0,15.5759,-35.545746
0,55.91606,-10.913379
0,46.761726,-35.27609
0,15.711639,-17.12337
0,48.376392,-38.1573
0,54.39933,-33.778927
0,18.84234,-40.282703
0,62.712227,-2.5141258
0,50.030922,-46.207188
0,34.175514,22.279016
0,34.011726,-18.054018
0,47.731487,-34.982353
0,38.092117,-26.168512
0,56.434372,-32.388496
0,17.931017,-30.376709
0,14.230814,-5.056805
0,22.441994,-35.529594
0,41.870853,-23.641054
0,46.39412,21.445938
0,55.62365,-37.279514
0,23.948595,-44.08254
0,47.32434,20.76655
0,63.19865,-8.855311
0,53.34266,-30.270718
0,61.25505,-10.858741
0,20.527521,-10.067175
0,56.38784,-13.940892
0,67.90636,-1.259622
0,43.428867,13.395951
0,60.959812,6.2684364
0,57.34736,-31.74196
0,60.606476,11.162595
0,59.839073,-4.0606413
0,60.004353,-31.085226
0,38.40897,-18.320463
0,58.40281,-24.774559
0,66.31247,-12.8736105
0,49.67526,-0.7030881
0,52.270264,15.36086
0,45.966293,19.550957
0,20.345226,-31.460468
0,65.057526,4.7316403
0,14.965512,-14.899488
0,64.76489,-21.116238
0,69.8393,0.14829056
0,26.559868,-5.5018544
0,58.313354,-38.108498
0,61.70194,-7.0219564
0,64.003334,1.7694584
0,55.885403,-13.032989
0,45.276157,-36.151833
0,69.96066,-0.32093012
0,60.708313,14.185652
0,30.551798,-34.567074
0,13.062483,-40.756912
0,37.40368,-17.827957
0,9.27052,-43.30249
0,16.619585,-15.733019
0,22.851135,-5.4604125
0,50.957478,-21.921688
0,38.039883,-41.485863
0,47.312206,7.7505326
0,62.604942,-11.8980055
0,40.307014,-11.054024
0,60.825787,-4.6388826
0,41.242447,-7.9902277
0,60.581337,-33.246017
0,62.610886,-28.716732
0,43.07433,-20.51428
0,40.346382,0.30274704
0,43.515644,-39.694515
0,60.98342,-20.924719
0,52.937557,-31.969227
0,40.464565,-0.68373233
0,55.23798,5.4192524
0,34.59033,-25.554605
0,36.98765,-24.335676
0,65.36682,-3.521689
0,48.317333,12.34236
0,56.38668,-30.847496
0,36.185795,-31.530394
0,25.687637,-40.901085
0,45.823025,9.005826
0,59.44068,4.8298163
0,58.137684,-39.158634
0,59.22694,-11.856488
0,59.783764,-26.69063
0,63.770485,5.907566
0,42.79891,21.075378
0,50.689205,18.957266
0,30.1128,22.223278
0,55.156647,-3.2693048
0,51.715923,-19.626947
0,60.070065,-5.9046307
0,49.959507,-38.782673
0,61.531918,-25.399145
0,45.405098,-35.54562
0,33.812443,-22.195002
0,31.748335,-20.512781
0,33.772797,23.149063
0,48.081524,22.354244
0,49.97799,17.574308
0,51.937943,-28.143572
0,41.83551,-23.492947
0,45.056606,-29.410088
0,38.30724,1.7019675
0,47.805202,10.276126
0,37.69331,-6.127173
0,65.4784,-4.1075015
0,51.145496,-28.037514
0,58.100677,-10.700526
0,39.810993,4.9917793
0,67.31159,-22.071537
0,63.873558,-26.89574
0,58.648624,-29.214281
0,32.104588,24.337795
0,59.416138,16.930182
0,51.420162,17.11536
0,50.345963,3.079515
0,44.12828,-17.050558
0,56.02392,-35.539246
0,55.902267,-7.753737
0,62.368755,-28.506363
0,30.781898,-21.067295
0,60.308483,-11.256296
0,56.370934,-32.973034
0,53.578907,-39.3619
0,50.135212,-40.1456
0,24.917305,-8.851364
0,48.158966,-25.366419
0,64.47071,7.4571905
0,29.173414,-36.9532
0,56.61861,14.673439
0,55.464863,11.4130945
0,46.747734,-27.81604
0,61.80427,4.513085
0,52.546005,1.5255315
0,57.85428,8.345155
0,56.34941,5.941427
0,57.59213,5.4997745
0,52.557358,16.25144
0,49.433346,15.557235
0,61.148296,-25.450724
0,55.062397,-28.657618
0,29.980211,-43.18534
0,52.87201,-37.915718
0,40.152992,-11.143048
0,29.24052,-42.359512
0,58.062626,5.466405
0,61.81031,-26.905312
0,54.944256,-28.30424
0,61.97781,3.148887
0,55.476692,-28.912386
0,64.45341,-10.606209
0,64.48516,-10.604134
0,64.23316,8.480512
0,62.056793,8.543993
0,64.299286,-27.470247
0,9.6800995,-44.207195
0,25.694313,-45.57398
0,30.320595,24.160755
0,13.617136,-13.57198
0,32.721027,-32.07454
0,44.220116,-17.196375
0,36.845463,-19.79696
0,9.639131,-44.16754
0,18.905798,-32.242672
0,17.640553,-42.177902
0,44.85274,22.346693
0,36.44733,0.8533677
0,30.59787,-20.485699
0,29.908134,-36.497086
0,70.00197,-8.930282
0,41.002586,-15.836348
0,64.66613,-21.08255
0,18.84216,-43.208786
0,62.58475,-15.988684
0,63.29091,-34.24015
0,51.799927,-11.175485
0,59.824223,6.818695
0,46.280773,-8.475698
0,56.077137,-5.3468785
0,52.67396,5.3061576
0,42.074276,-32.056675
0,66.97449,-0.62629527
0,60.24337,-5.5735164
0,54.993683,-8.703799
0,53.140064,16.4048
0,55.895226,-7.8137865
0,50.49968,18.629936
0,44.072163,5.9607534
0,64.494995,-1.4189022
0,45.367474,-17.943172
0,18.407427,-4.245739
0,38.913174,-24.582012
0,52.864243,-4.0517106
0,43.950985,-34.10141
0,51.36943,4.3163395
0,28.353312,22.86334
0,39.685383,-22.05007
0,33.672905,-21.758394
0,14.606749,-41.922726
0,52.058044,20.19848
0,36.427742,-16.353699
0,66.318634,-5.3719854
0,54.75142,5.0098295
0,62.49927,-31.951382
0,56.316795,-1.1609062
0,54.789562,-4.070327
0,48.835617,-19.362654
0,51.11239,-32.000633
0,49.330894,-36.978664
0,48.722305,7.802759
0,64.233475,-34.72617
0,46.693825,-25.978144
0,42.42768,-26.682451
0,56.64832,-27.43165
0,55.63868,9.68356
0,57.947227,10.59965
0,46.260967,-11.206624
0,49.049282,-34.1536
0,34.06915,-18.062803
0,47.570057,22.64812
0,13.625027,-31.1983
0,40.478794,-27.72881
0,49.271793,5.6206408
0,62.058033,5.7550797
0,50.067642,-33.725506
0,38.234825,0.6221742
0,17.614449,-40.344833
0,52.520016,-30.911982
0,44.02293,-37.1016
0,46.552933,12.724804
0,49.95814,-38.58669
0,44.427715,-7.162779
0,44.405357,-7.1433215
0,39.8098,-31.695236
0,28.662407,-33.227997
0,54.563107,-10.537735
0,57.689014,8.211245
0,45.62905,-31.748959
0,69.80966,-12.239171
0,69.81716,-12.239665
0,48.504272,-26.316708
0,34.86234,-15.899991
0,16.473394,-31.318281
0,50.32694,-23.709606
0,52.43407,-27.162594
0,56.022774,3.8417947
0,36.88831,-17.941317
0,64.15736,8.688865
0,48.626022,21.607685
0,40.3979,-39.639557
0,59.51763,3.4016924
0,23.534546,-4.661387
0,56.598125,-32.408207
0,50.902,12.130699
0,49.792458,-27.0195
1,-29.433455,-42.994656
1,-34.55335,-55.118412
1,-34.730236,-54.833237
1,-34.66452,-54.931934
1,-33.4756,-50.616737
1,-28.797743,-40.652863
1,-27.727615,-18.475683
1,-29.68343,-45.274963
1,-29.721165,-45.496635
1,-29.675306,-44.9352
1,-31.005527,-57.216934
1,-31.012447,-57.194042
1,-31.009327,-57.19904
1,-32.311398,-51.95337
1,-35.184486,-53.021584
1,-36.14647,-33.217976
1,-28.782515,-40.667786
1,-32.82899,-51.03494
1,-33.07617,-51.13138
1,-32.846516,-51.152035
1,-32.924023,-50.609596
1,-32.938675,-50.584045
1,-33.014774,-51.001656
1,-23.457083,-30.644587
1,-24.308409,-19.258394
1,-24.509436,-19.109312
1,-24.524889,-20.389791
1,-23.965338,-18.897312
1,-24.652527,-18.259676
1,-24.268007,-18.515068
1,-24.232952,-18.692904
1,-23.898193,-18.53348
1,-23.64925,-18.191174
1,-23.733053,-18.212925
1,-23.416273,-18.644413
1,-23.805408,-19.661312
1,-25.129131,-20.652655
1,-23.421858,-18.09592
1,-23.896544,-20.504284
1,-22.608732,-20.661324
1,-22.699474,-20.605486
1,-26.820536,-20.443392
1,-24.752367,-19.171799
1,-24.551165,-18.203434
1,-3.910382,12.019166
1,-4.377936,11.80451
1,-5.281416,11.186728
1,-4.341011,11.790225
1,-3.9087594,11.93169
1,-2.8208938,11.417718
1,-3.683414,10.725982
1,-3.8283632,11.879536
1,-2.819439,11.417166
1,-3.677241,10.706859
1,-3.8706777,11.929721
1,-2.830884,11.431451
1,-3.8707871,10.231643
1,-32.722538,47.077316
1,-32.465286,47.013435
1,-32.566452,47.190468
1,-32.35,47.05204
1,-32.04862,46.9263
1,-32.538586,47.127518
1,-32.30378,47.05084
1,-32.96563,47.437866
1,-39.975956,-48.553986
1,-40.745995,-49.857185
1,-44.98498,-42.4404
1,-45.103195,-42.22764
1,-45.191807,-42.086422
1,-45.348503,-41.809372
1,-45.4316,-41.6211
1,-45.706184,-41.397366
1,-45.14204,-42.183655
1,-7.9610224,12.559354
1,3.2318466,32.499268
1,3.3356977,32.67399
1,3.3044376,32.611633
1,3.2705812,32.55818
1,-45.1714,-17.410002
1,-45.16978,-17.417343
1,-48.159473,5.3952928
1,-6.1163406,18.732973
1,-3.8822198,13.109541
1,-2.5516489,12.50319
1,-3.1126006,13.491531
1,-3.7871609,12.968191
1,-3.0110939,13.148565
1,-3.2275672,13.396157
1,-2.8758435,13.646541
1,-3.867128,12.991904
1,-3.5853095,13.701555
1,-3.436081,13.601651
1,-4.155491,13.315283
1,-4.1859937,13.180952
1,-3.515013,13.788368
1,7.0573797,31.395256
1,7.0752206,31.369576
1,-40.21516,-53.18154
1,3.04765,32.311752
1,-54.345234,8.01619
1,-55.15815,8.639192
1,-54.593193,8.125768
1,-54.99241,8.620659
1,-54.416985,8.065146
1,-54.44033,8.073083
1,-53.03822,7.297258
1,-52.64382,7.0321217
1,-49.588303,1.766951
1,-34.208714,-16.542313
1,-3.0829153,0.4884019
1,-3.9569926,-0.82042456
1,-7.7308207,80.65781
1,-15.404905,78.5888
1,-16.022877,78.65681
1,-16.273441,78.685776
1,-7.600812,80.69624
1,-7.4810686,80.71831
1,-74.847374,-5.6748495
1,-74.89496,-6.806952
1,-74.89766,-6.7661233
1,-74.787674,-7.842271
1,-73.22526,-5.3113484
1,-75.69588,-5.4602594
1,-74.319855,-6.22881
1,-74.285736,-6.4079223
1,-74.37621,-4.994471
1,-74.20037,-4.6312876
1,-73.126945,-5.043164
1,-72.92358,-5.1298065
1,-74.381874,-6.565085
1,-72.95936,-6.1117725
1,-75.99672,-6.675439
1,-76.31375,-6.5984225
1,-74.77056,-5.9468846
1,-75.23921,-6.133798
1,-75.95919,-6.082953
1,-75.06339,-5.260298
1,-75.09609,-5.787973
1,-75.709206,-5.815404
1,-74.81577,-5.54091
1,-73.00016,-6.1335073
1,-72.98557,-6.1099663
1,-74.75204,-5.6376266
1,-74.15891,-6.565315
1,-72.41436,-5.556714
1,-75.832405,-3.8997433
1,-75.281235,-4.221452
1,-49.36055,23.08129
1,-49.171658,22.328312
1,-43.75456,20.318243
1,-49.15786,22.300814
1,-47.182648,25.072252
1,-47.88977,25.27487
1,-43.54826,19.805798
1,-55.167194,-2.0594957
1,-8.9646845,79.225296
1,-47.813595,29.402006
1,-47.612827,29.192144
1,-36.304794,-33.02654
1,-36.266506,-33.061737
1,-43.909306,-11.004988
1,-23.265076,2.2946563
1,-44.018097,23.266373
1,-44.101425,23.337044
1,-36.337,-56.16267
1,-36.357914,-24.928375
1,-36.357132,-24.915897
1,-36.35657,-24.926105
1,-66.25214,-0.65044427
1,-42.752678,-27.92609
1,-39.463,-29.292225
1,-42.304348,-28.250893
1,-42.96989,-28.080782
1,-42.60256,-28.03671
1,-42.234455,-27.342663
1,-42.989765,-28.763664
1,-42.214916,-28.361532
1,-41.722256,-27.846573
1,-41.36592,-27.28275
1,-41.444603,-27.166538
1,-41.23946,-29.413443
1,-40.487003,-29.16593
1,-42.964046,-30.005386
1,-43.01637,-30.038164
1,-42.870865,-30.048666
1,-42.4685,-27.383654
1,-42.27734,-27.39497
1,-43.541256,-27.270288
1,-43.117424,-27.064844
1,-43.182446,-26.26482
1,-43.147774,-26.680744
1,-29.583977,26.66613
1,-37.4012,-28.172642
1,-37.372696,-28.201168
1,-37.38313,-29.353094
1,-37.248524,-29.750381
1,-37.273933,-29.6164
1,-37.362656,-29.471085
1,-37.52978,-30.154305
1,-40.51508,-30.02543
1,-40.467007,-29.914713
1,-43.797947,-28.399754
1,-43.66036,-28.180681
1,-43.53139,-28.260372
1,-43.30839,-27.238863
1,-43.423027,-27.247215
1,-43.5246,-28.105005
1,-44.214603,-27.639774
1,-44.54905,-27.466307
1,-44.929653,-27.557278
1,-44.523956,-29.061083
1,-44.200172,-27.736897
1,-44.05817,-32.693737
1,-44.059624,-32.694168
1,-38.004143,-56.62491
1,-27.456802,-48.74063
1,-37.113827,-56.49898
1,-27.507723,-48.773563
1,-26.845318,-48.35903
1,19.53808,10.791306
1,19.57422,10.7948
1,17.904383,-7.3793144
1,-29.993795,-0.4736169
1,-30.013416,-0.4821935
1,-19.266394,2.5993085
1,-55.671036,-4.0290875
1,-19.186842,2.5498855
1,-61.296,-4.720129
1,-50.145775,-45.6814
1,-23.086403,12.832139
1,-37.246643,-37.050774
1,-37.29758,-37.008427
1,-33.989147,26.440308
1,-33.996136,26.451271
1,-17.965534,54.167423
1,-23.343204,47.901867
1,-17.940388,54.2215
1,-20.41643,-8.67241
1,-20.444628,-8.715254
1,-20.215942,-8.595358
1,15.25812,21.177248
1,-63.3765,-1.430231
1,-64.066864,-0.5060817
1,-63.3601,-1.4197257
1,-64.53326,-1.790665
1,-64.57365,-1.7835206
1,-64.03431,-0.47825867
1,-64.04894,-0.4925014
1,-65.10406,-0.62965494
1,-65.07302,-0.5932948
1,-65.01362,-0.5583287
1,-64.98517,-0.5180029
1,-63.22428,0.9932389
1,-63.220493,0.995278
1,-63.24191,0.9676793
1,-63.21914,0.99693537
1,-65.18451,0.22577591
1,-2.3936229,80.915405
1,-36.24343,-39.849876
1,-50.54612,30.360561
1,-54.592857,-40.768913
1,-54.872387,-40.99689
1,-54.749462,-40.43505
1,-54.99269,-40.238174
1,-53.743412,-41.360455
1,-53.832867,-41.36019
1,-53.91932,-41.071957
1,-54.02043,-40.84938
1,-32.759964,-54.989574
1,-47.402126,-33.634346
1,1.3644679,35.848892
1,-46.457302,-25.826965
1,-46.96512,-25.208008
1,-46.759926,-25.305319
1,-53.456764,-41.394768
1,-9.75092,22.001822
1,-25.502855,-2.7171776
1,-25.600603,-2.7279956
1,-34.79072,-46.534653
1,-38.955276,46.05335
1,-39.89129,45.88603
1,-3.4115205,47.012295
1,-3.406259,47.002
1,-2.4669898,30.83492
1,-2.4587302,30.820623
1,-2.4328537,30.681566
1,-2.4317179,30.786386
1,-56.41911,-19.252483
1,-42.63656,-7.797626
1,-44.0116,-2.7436807
1,-27.994022,3.4563248
1,-27.724379,2.9588177
1,-27.94224,3.0646772
1,-27.934477,3.4720027
1,-27.947914,3.2718751
1,-32.723625,16.547977
1,-44.309116,-0.86690825
1,-45.30631,-0.040947318
1,-42.7585,-5.3051734
1,-28.41066,30.73422
1,-28.40112,30.769455
1,-28.393778,30.778454
1,-44.332733,-47.163235
1,-9.012706,81.61518
1,-8.87491,81.61383
1,-8.829487,81.59327
1,-11.928423,80.75205
1,-24.49621,-16.58543
1,-24.928196,-16.627556
1,-24.582148,-16.917238
1,-24.569248,-16.881973
1,-23.8261,-16.809853
1,-24.40596,-16.31383
1,-24.928644,-16.38453
1,-24.575548,-16.936455
1,-25.097998,-16.873875
1,-25.707308,-18.11339
1,-23.690887,-16.840551
1,-25.765722,-18.598133
1,-24.541227,-16.259352
1,-47.442535,20.89665
1,-47.428535,20.83431
1,-47.42895,20.83688
1,-47.42932,20.835888
1,-25.457355,-21.330822
1,-29.37352,-15.103098
1,-29.352411,-15.409244
1,-29.565912,-15.587097
1,-29.397919,-14.851182
1,-29.439201,-15.008916
1,-28.64743,-15.7262125
1,-29.449804,-15.0318165
1,-29.559376,-15.538392
1,-29.567162,-15.55026
1,-29.113773,-15.516446
1,-29.253265,-15.11899
1,-29.691294,-15.271039
1,-29.907103,-15.409081
1,-25.556715,-20.007238
1,-25.480892,-21.665068
1,-25.477787,-21.675385
1,-25.12695,-21.724072
1,-25.485958,-21.457226
1,-25.482971,-21.669085
1,-25.487268,-21.673023
1,-25.41131,-21.587034
1,-37.4049,-49.93971
1,-24.092505,46.406612
1,17.005379,8.599868
1,-18.949247,-34.028152
1,-0.4129558,21.148857
1,-35.111893,-10.131317
1,-34.999073,-10.284883
1,-35.040527,-10.147711
1,-34.649868,-9.169213
1,-35.08336,-10.161379
1,-34.944458,-10.01971
1,-35.24274,-9.173927
1,-34.421627,-10.43243
1,-34.579575,-10.3169365
1,-35.30559,-10.166329
1,-35.729225,-10.319253
1,-35.717667,-10.3345585
1,-9.561284,33.44017
1,-9.617014,33.376366
1,-7.189757,32.438072
1,-5.54321,32.4216
1,-7.1641927,32.559753
1,-7.2510915,32.091816
1,-5.5972924,32.435276
1,-7.0277743,32.743202
1,-8.901284,33.047016
1,-8.885443,33.085365
1,-9.528595,33.12687
1,-9.4708805,33.15474
1,-7.0827923,34.138176
1,-5.7389073,33.671715
1,-7.085925,34.116657
1,-7.1325502,34.21665
1,-5.762697,33.668175
1,-6.99347,34.170376
1,-8.455111,34.553055
1,-8.439665,34.56811
1,-8.789908,34.61605
1,-8.799618,34.62605
1,-7.6720114,32.577595
1,-5.566554,32.41682
1,-7.630975,32.68548
1,-7.6610427,32.192253
1,-5.646916,32.43682
1,-7.4338374,32.867706
1,-9.119084,33.47259
1,-9.132951,33.435455
1,-9.614732,33.62147
1,-9.6644535,33.574253
1,-7.364207,32.60328
1,-7.415621,32.113327
1,-41.496532,51.660374
1,-53.87475,7.9069867
1,-29.325495,56.51642
1,-31.30195,53.225784
1,-29.60112,53.1239
1,-30.394018,53.580116
1,-30.394018,53.580116
1,-40.476154,45.04157
1,-31.466246,53.814404
1,-29.2114,51.612007
1,-28.798637,53.738667
1,-30.566324,53.034664
1,-29.329657,56.519936
1,-26.105785,57.20882
1,4.7299533,39.121826
1,-11.115261,10.952675
1,-11.291842,10.953586
1,-10.555461,10.547406
1,-11.229255,10.931473
1,-11.235806,10.936255
1,-10.4949875,10.606078
1,-11.973485,10.891206
1,-12.381497,11.01856
1,-12.40688,11.009902
1,-12.54054,11.05819
1,-12.550374,11.046716
1,-11.363304,11.003546
1,-48.759037,5.1943073
1,-49.59883,5.125751
1,-48.42926,5.077185
1,-49.844196,6.0817337
1,-48.77138,5.1899896
1,-49.763416,6.428134
1,-49.77431,6.4569488
1,-49.639748,6.894011
1,-10.318421,9.674972
1,-19.545727,-6.571138
1,-50.90142,-16.296276
1,-50.438847,-15.933385
1,-50.3573,-16.046507
1,-50.45846,-15.893088
1,-50.86036,-16.416864
1,-50.91821,-16.247515
1,-49.15199,-16.18366
1,-50.416473,-45.92316
1,-50.39741,-45.791187
1,-50.393692,-45.726063
1,-50.371937,-45.749107
1,5.7828455,36.76986
1,-1.3800594,-1.4018286
1,-41.040516,51.020023
1,-41.216686,50.767952
1,-41.174206,50.87557
1,-40.87003,50.78004
1,-40.91339,50.70061
1,-40.671486,50.397686
1,-40.674805,50.381832
1,-40.689503,50.354443
1,-41.23728,50.71494
1,-36.205967,-1.3906204
1,-37.579014,-9.566441
1,-37.59734,-9.684339
1,-53.37283,-41.949387
1,-24.44815,17.57718
1,-22.986637,17.86448
1,-23.189028,17.888092
1,-65.109985,0.5220011
1,-65.70624,0.40457353
1,-7.3583174,10.779778
1,12.557618,18.970963
1,-2.8265615,-1.834953
1,-68.78355,10.030534
1,-68.781685,10.029503
1,-69.617134,10.980286
1,-68.78464,10.028612
1,-68.77871,10.026762
1,-68.55595,9.755688
1,-68.32598,9.593058
1,-68.5668,9.766964
1,-67.74884,9.038582
1,-70.381294,10.826204
1,-70.623955,9.798835
1,-70.5276,9.382265
1,-70.465225,9.232434
1,-70.613,10.242645
1,-71.56349,8.174774
1,-70.95991,8.934997
1,-70.92648,9.0250025
1,-70.750175,9.580177
1,-70.66605,9.298203
1,-39.497246,-55.512177
1,-19.61626,56.18597
1,-19.63879,56.185337
1,-19.653805,56.18632
1,-18.771383,56.297707
1,-18.495178,56.37001
1,-40.851303,45.521057
1,-40.93899,47.51821
1,-9.070518,21.769827
1,-9.37342,21.859148
1,-36.86998,25.365381
1,-37.923344,45.827682
1,-48.8799,2.9498599
1,-48.883423,2.9425805
1,-48.881756,2.9454937
1,-48.88158,2.9452603
1,-43.041077,-1.6002588
1,-43.012547,-1.5845749
1,5.7989163,-3.6781254
1,5.802789,-3.681748
1,-52.466324,9.976411
1,-52.56587,10.06268
1,-42.876938,2.3002393
1,-43.936512,1.018896
1,-45.701645,0.844943
1,-44.513317,1.2919034
1,-44.627575,1.3315959
1,-45.35471,1.845809
1,-45.743652,0.8349496
1,-44.603184,1.8054277
1,-44.842087,1.0152615
1,-44.020435,1.5208799
1,-43.918896,0.9211853
1,-45.66506,2.2121766
1,-44.070755,0.82651246
1,-44.21797,3.21024
1,-44.239788,0.3132451
1,-44.211514,0.29624084
1,-43.099876,2.1189692
1,-42.95192,2.3046224
1,-44.278614,0.40163213
1,-44.21102,0.38679036
1,-44.22423,0.42324758
1,-42.93454,2.2526817
1,-42.917385,2.2370257
1,-43.360275,2.9148612
1,-3.9315603,78.0419
1,-3.923536,78.04702
1,-3.8572998,78.07113
1,-4.391653,77.47804
1,-3.5756514,78.22887
1,-3.605822,78.21511
1,-3.8127072,78.12121
1,-12.840753,77.03964
1,-24.484861,57.789814
1,-24.563051,57.721363
1,-3.1991088,22.223614
1,-16.216074,17.13254
1,-15.659006,17.11918
1,-16.220781,17.129208
1,-16.228096,17.126638
1,-43.615707,-1.1573893
1,-43.211403,-0.07372382
1,-42.14337,2.8757439
1,-6.078924,-1.213166
1,-72.764984,36.855705
1,-32.65277,-34.95213
1,-32.633667,-34.964153
1,-23.263441,2.2990665
1,-23.291084,2.2068312
1,-36.483696,-29.87506
1,-15.286992,57.971424
1,-17.675596,56.1864
1,-41.693733,-26.075718
1,-41.72816,-26.059948
1,-41.57231,-26.000443
1,-42.297073,-26.991175
1,-43.014687,-27.375584
1,-14.726523,77.853355
1,-14.603588,77.95869
1,-14.680428,77.88187
1,-33.255634,-54.881794
1,-33.255737,-54.874676
1,-38.91518,-46.62258
1,-39.69697,-37.197968
1,-52.471516,4.3161383
1,-35.809196,-55.96483
1,-36.826218,-56.411526
1,-37.561317,-57.0702
1,-37.832314,-57.426624
1,-34.980072,-8.03259
1,-34.794754,-8.236539
1,-35.14634,-7.7644024
1,-35.218246,-7.3397827
1,-35.103546,-7.8574343
1,-37.045982,-52.07071
1,-40.53757,13.376481
1,-40.535194,13.374053
1,-17.471119,55.476944
1,-17.469765,55.484177
1,-32.09773,-23.336136
1,-32.04509,-23.259048
1,-32.092472,-23.332304
1,-32.039284,-23.258448
1,-32.08992,-23.327024
1,-32.03791,-23.257763
1,-16.371058,-0.14519794
1,-13.872008,79.44358
1,-0.22935636,22.366316
1,-28.21042,31.042225
1,-28.189821,31.069157
1,-28.199705,31.050245
1,-37.72052,-30.759832
1,-38.20125,-29.383781
1,-38.02444,-29.39777
1,-37.730385,-29.782482
1,-37.944088,-30.28948
1,-37.940178,-30.849926
1,-65.81356,-1.0990188
1,-51.022778,27.454603
1,-41.198154,23.221352
1,-41.4106,23.167196
1,-41.00002,23.319035
1,-40.80141,23.653389
1,-41.135727,23.223612
1,-38.4438,23.74842
1,-38.45057,23.73826
1,-38.447254,23.736
1,-35.79209,-53.09651
1,-35.24088,-54.318577
1,-15.916364,2.4073966
1,-15.516335,1.9242384
1,-16.157139,2.4438443
1,-15.533261,1.961953
1,-15.415531,2.495116
1,-15.119235,2.1307943
1,-15.426189,2.4644544
1,-15.984267,0.90761495
1,-15.974676,0.8793566
1,-15.859956,0.8462258
1,-15.66794,0.65536875
1,-16.77921,1.5457095
1,-16.526302,1.6867304
1,-16.31446,1.7380741
1,-16.72391,2.0574327
1,-16.311316,1.7030693
1,-16.262438,2.2538846
1,-15.713646,1.8359786
1,-16.257828,2.2868161
1,-15.610212,2.4391053
1,-16.062235,3.220659
1,-15.938544,3.3271637
1,-37.955444,-51.042732
1,-37.992447,-51.68373
1,-37.899902,-53.599308
1,-38.451843,-53.173965
1,-37.230423,-54.08778
1,-37.69694,-51.84071
1,16.145267,23.038809
1,7.6889186,-21.847382
1,16.138489,23.039003
1,-34.145508,35.279915
1,-14.868242,77.4663
1,-75.99342,-2.964131
1,-18.969612,-12.204144
1,-17.446732,-12.0307045
1,-17.287603,-12.144139
1,-17.276915,-12.135096
1,-16.23962,-12.025946
1,-16.088236,-12.0557575
1,-15.341076,-11.9085655
1,-14.734355,-11.759358
1,-16.272308,-11.993571
1,-19.022228,-12.142803
1,-19.054857,-12.175814
1,-18.822327,-12.31487
1,-15.891919,-12.548071
1,-18.744076,-12.284943
1,-15.656646,-12.455822
1,-14.254472,-12.859576
1,-16.359365,-11.529057
1,-16.414898,-11.778072
1,-15.739815,-11.286612
1,-16.171747,-13.53571
1,-16.219233,-13.586554
1,-16.48858,-12.417566
1,-16.273916,-13.695047
1,-16.247637,-11.991041
1,-15.069747,-12.298096
1,-15.706912,-12.575097
1,-19.063744,-13.348501
1,-19.024677,-12.5240965
1,-16.53875,-10.945889
1,-18.44813,-11.10393
1,-14.733042,-11.754388
1,-15.345927,-11.9038
1,-15.350324,-10.375203
1,-55.14104,-40.063427
1,-55.427002,-39.875965
1,-47.9571,30.095419
1,-47.995758,30.221128
1,-48.048218,30.341953
1,-48.07911,30.442402
1,-48.119244,30.523354
1,-48.127914,30.571499
1,-50.480324,28.580442
1,-50.46255,28.737783
1,-50.482216,29.33214
1,-50.449017,29.393887
1,-45.586952,-23.236263
1,-45.596313,-23.168442
1,-45.53109,-23.315273
1,-50.607243,8.37233
1,-26.143984,57.10771
1,-49.051327,25.375954
1,-41.294647,-41.00934
1,-41.30577,-41.010445
1,-41.301365,-41.00607
1,-41.608757,-40.57802
1,-41.612316,-40.579704
1,-41.95654,-17.023344
1,-41.906174,-16.898842
1,-41.449257,-18.54611
1,-41.446117,-18.542105
1,-41.463604,-18.481098
1,-56.220387,-1.9882381
1,-44.580204,-12.66701
1,-26.728285,-0.7107601
1,-55.92798,-2.001425
1,-26.412382,-1.0102386
1,-56.390087,-1.8868463
1,-27.019396,-0.037829805
1,-41.919136,-16.894945
1,-41.911922,-16.473167
1,-22.9501,-7.9511294
1,-6.49451,11.155621
1,-5.936783,11.406122
1,-5.908523,11.812944
1,-5.7681394,11.524927
1,-5.734214,11.546355
1,-5.4933686,12.283625
1,-5.4700074,11.895761
1,-5.787215,11.499873
1,-5.807548,11.51214
1,-6.27602,11.764685
1,31.814117,-27.0455
1,31.807137,-27.048958
1,-19.975014,-0.47820422
1,-43.28112,-21.98469
1,-43.283493,-21.984991
1,-57.011612,2.7131524
1,-56.95822,2.7467391
1,-56.87624,2.8458867
1,-56.94615,2.8174005
1,-56.760986,3.2701437
1,-56.816647,2.8636022
1,-56.703632,3.2877197
1,-57.170708,3.5749516
1,-57.57073,3.4550848
1,-57.740154,3.4447198
1,-41.470886,-15.378145
1,-56.94336,2.3641331
1,-35.395176,-0.7724494
1,-20.79658,-9.151531
1,-22.731224,-8.540578
1,-31.985388,2.027107
1,-36.17639,-1.4051903
1,-36.529076,-51.56769
1,-31.924557,2.0420418
1,-34.74286,-0.30928674
1,-33.814373,0.72322005
1,-32.60387,-34.774445
1,-32.630527,-34.92966
1,-19.962866,-0.6435755
1,-52.389984,-42.419224
1,-52.381317,-42.438183
1,-40.19064,12.756243
1,-26.54534,-9.520263
1,-26.539953,-9.510331
1,-26.545118,-9.517401
1,-26.543072,-9.5066805
1,-11.190141,31.76783
1,-11.192298,31.767334
1,-11.178484,31.771112
1,-11.171955,31.761944
1,-39.28828,-36.213203
1,-39.30286,-36.278606
1,-39.525352,-35.984158
1,-42.19846,-38.788246
1,-33.47455,1.787619
1,-33.490204,1.755354
1,-33.53228,1.5767004
1,-33.50034,1.7682248
1,-38.903183,46.075558
1,-39.89425,45.891094
1,-39.817417,46.877014
1,-39.81275,46.88713
1,-39.975117,46.066605
1,-46.251328,-24.270382
1,-45.808643,-23.931583
1,-45.474625,-24.259895
1,-36.84897,-39.4575
1,4.2938743,20.390043
1,-20.826508,49.21587
1,-20.740078,48.98189
1,-20.656982,48.87856
1,-20.581549,48.84101
1,-20.647161,48.862103
1,-20.399836,48.557762
1,-4.825642,-6.661296
1,-8.768043,9.015088
1,-44.611576,-18.985636
1,-44.578014,-18.995417
1,-20.473457,-1.217545
1,-36.072544,-54.56029
1,-7.3869224,10.935159
1,-22.681623,-8.0725565
1,-35.56144,-54.872536
1,-41.598988,-33.609592
1,-39.85708,-41.8818
1,-39.920918,-42.00772
1,-36.12565,-36.097717
1,-30.418528,-54.497055
1,1.2456484,0.33460504
1,1.2402692,0.32108635
1,-1.9803933,0.10202007
1,-2.1615043,0.19405004
1,2.9090605,-2.413368
1,5.929209,-6.505672
1,-2.2249897,-6.2998
1,-36.35769,-24.927893
1,-5.5746713,-3.4988422
1,-5.573453,-3.4328804
1,-5.5324965,-3.5920405
1,1.4040755,0.15103929
1,-41.465183,-43.22572
1,-36.04718,-1.1825169
1,-36.04118,-1.1817548
1,-39.235035,-52.96646
1,-43.07356,-49.185825
1,-43.59482,-49.537743
1,-43.04998,-48.9726
1,-43.70649,-49.625683
1,-43.33817,-48.28077
1,-43.041355,-49.21816
1,-43.33966,-48.617855
1,-43.659924,-49.565292
1,-43.164097,-49.09007
1,-43.15955,-49.158375
1,-20.51174,0.9170339
1,-5.988944,-1.5074439
1,-20.522247,0.9267466
1,-38.63143,-27.331831
1,-36.909504,-28.033234
1,-11.84109,-38.97853
1,-41.33591,-44.22144
1,-41.613373,-44.081264
1,-41.359375,-43.93939
1,-41.38423,-43.40574
1,-41.63268,-44.07872
1,-41.709442,-44.293385
1,-41.798416,-44.16169
1,-22.969501,-4.7063904
1,-41.591747,-44.095432
1,-41.737,-44.159218
1,-46.41355,-24.311739
1,-23.71954,-5.267567
1,-23.79555,-5.263019
1,-33.723576,36.94467
1,-34.25032,36.69085
1,-34.094795,36.74649
1,-34.13737,36.88368
1,-34.341732,36.610218
1,-33.765896,36.99179
1,-34.400978,37.989185
1,-34.20589,38.05031
1,-34.56243,37.826958
1,-33.388638,37.113705
1,-34.609634,37.894394
1,-34.3821,36.738937
1,-33.726227,36.91368
1,-34.783737,35.611027
1,-34.970043,39.271667
1,-34.57216,38.085896
1,-34.4614,36.888508
1,-34.501804,37.94653
1,-34.53135,36.926735
1,-34.809208,38.72097
1,-33.232094,39.258522
1,-33.296333,38.665894
1,-33.213108,39.63947
1,-33.548794,40.540966
1,-33.797203,40.132156
1,-33.533596,40.61316
1,-33.509163,40.46318
1,-33.78044,40.883183
1,-33.574642,40.463802
1,-34.172134,40.055912
1,-34.29197,40.64495
1,-39.848595,-54.79594
1,-39.8267,-54.82102
1,-40.024494,-53.599983
1,-14.523277,17.445713
1,-14.51539,17.45015
1,2.245234,31.137112
1,2.2496643,31.142677
1,2.237936,31.121447
1,2.235784,31.118752
1,-41.101257,-19.453674
1,-32.36027,-33.522766
1,-32.3889,-33.658245
1,-32.343536,-33.4477
1,-22.541613,50.427288
1,2.8671143,37.832233
1,-39.067894,-47.209236
1,-39.550613,-37.178173
1,-52.46821,4.389972
1,-52.266884,4.968646
1,-4.490314,36.856026
1,-4.490188,36.85697
1,-4.4921703,36.855694
1,-19.043884,20.116274
1,-19.092787,20.406534
1,-20.016182,24.385475
1,-20.01756,24.383501
1,-20.414371,24.313765
1,-20.018278,24.409395
1,-20.80524,22.19765
1,-20.834328,22.604511
1,-20.834963,22.201378
1,-20.014585,24.395584
1,-18.269892,23.556522
1,-18.268972,23.559744
1,-18.435862,23.696829
1,-18.277758,23.553848
1,-18.278503,23.554562
1,-18.026417,23.648176
1,3.5954616,35.833267
1,-48.56024,37.542892
1,1.282358,78.83508
1,-22.299099,25.077784
1,-22.273787,25.068537
1,-22.323267,25.057484
1,-54.87597,18.817432
1,-54.90516,18.816486
1,-55.34593,18.834455
1,-55.246384,18.811789
1,-54.935474,18.814253
1,-55.322697,18.83292
1,-15.631285,56.906155
1,-15.628368,56.90758
1,-44.614883,50.08
1,-44.851055,52.307354
1,-44.894722,52.16475
1,-45.170044,49.97687
1,-45.081276,49.998894
1,-45.047916,50.034557
1,-54.999313,-34.81153
1,-54.893963,-33.860825
1,-55.17022,-34.506367
1,-54.97417,-33.227642
1,-54.93015,-34.123993
1,-54.933315,-33.9127
1,-55.147804,-33.55357
1,-55.718227,-33.899277
1,-55.012753,-33.879772
1,1.1731136,78.84053
1,1.7357297,79.247925
1,2.361409,79.51498
1,1.0632421,78.93934
1,2.0932238,78.80694
1,1.053375,78.86424
1,2.0959268,78.75567
1,2.580989,78.77544
1,2.33645,79.157005
1,2.6465304,79.01839
1,2.4410594,79.38615
1,2.1123466,78.77751
1,1.7307792,79.23588
1,-39.82096,7.7253957
1,-39.823208,7.7090144
1,-39.823685,7.606326
1,-39.78269,7.935401
1,-39.80161,7.562523
1,-1.5965048,47.5852
1,-1.5999358,47.582855
1,-39.74145,8.370937
1,-24.195196,52.014786
1,-24.192892,52.017372
1,8.951594,42.963783
1,7.655209,25.610401
1,-76.93068,1.6206757
1,-62.328278,-3.9520135
1,-62.233032,-4.408549
1,-72.729645,-2.8487864
1,-76.4286,-2.5725453
1,-76.67699,2.191245
1,-76.93954,-2.2520485
1,-77.13107,1.0301427
1,-76.850655,-2.2880168
1,-77.18318,1.1570895
1,-76.8322,1.5994607
1,-76.92937,1.6310802
1,-76.76305,1.5302705
1,-76.90717,1.64721
1,-76.8543,1.5759071
1,0.78681016,79.72388
1,-0.2492438,81.50208
1,-19.416727,21.909645
1,-19.38422,21.95233
1,-19.73045,21.587893
1,-19.67761,21.768335
1,-51.383045,29.472328
1,-51.388836,29.465033
1,-51.3797,29.472786
1,-51.387146,29.463066
1,-47.332558,66.05498
1,-47.606937,65.662254
1,-47.33773,65.86744
1,-47.346294,66.000275
1,-47.150112,65.95235
1,-47.40766,65.69736
1,-48.27455,66.44048
1,-48.604065,66.47867
1,-48.252068,66.36671
1,-48.343056,66.41505
1,-48.20933,65.78766
1,-48.591278,65.89873
1,-48.780197,66.01408
1,-48.37827,65.86336
1,-48.806725,65.93282
1,-48.459766,65.77064
1,-49.38164,66.89456
1,-49.391018,66.50003
1,-49.383137,66.86255
1,-49.43759,66.52531
1,-49.42651,66.75184
1,-49.81883,67.320885
1,-44.56723,70.06702
1,-43.897167,69.32978
1,-44.40175,69.78216
1,-44.5615,69.86302
1,-44.477093,69.42648
1,-44.682365,69.393745
1,-44.466908,69.43294
1,-45.759644,70.266235
1,-45.404728,70.146965
1,-45.854507,70.162056
1,-45.403996,69.99223
1,-45.725136,70.20883
1,0.52401954,50.17777
1,0.53270227,50.17808
1,0.52401954,50.17777
1,0.51945126,50.155216
1,-46.0781,69.76596
1,-45.74185,69.52293
1,-45.76352,69.5499
1,-45.41915,69.5139
1,-45.78388,69.48823
1,-47.124374,70.348625
1,-47.56159,70.24235
1,-47.082047,70.25074
1,-47.201504,70.30215
1,-46.798275,70.207825
1,-47.204296,69.685585
1,-47.48489,69.95469
1,-47.042507,69.72473
1,-47.46423,69.706535
1,-47.057438,69.67746
1,-48.574894,69.8976
1,-48.341667,70.048355
1,-48.56329,69.79578
1,-48.3772,69.966736
1,-48.49451,69.735306
1,-49.1674,69.63427
1,0.6564838,53.791264
1,0.66207296,53.79188
1,0.6702563,53.78359
1,-17.3786,19.15424
1,5.844684,38.163433
1,-37.99953,-8.363569
1,-37.98276,-8.3687315
1,-38.425907,-6.367306
1,-38.428078,-6.3551793
1,-45.64866,14.370104
1,-45.592285,14.356013
1,-46.325695,14.101936
1,-39.947414,-23.906696
1,-38.570587,-53.058807
1,-38.56413,-52.41285
1,-38.134216,-53.392303
1,-76.86602,39.348724
1,-71.69282,34.76372
1,-71.61121,34.510994
1,-73.382576,32.89603
1,-70.90996,32.62622
1,-72.3854,34.107067
1,-72.090004,34.834538
1,-73.43531,34.58351
1,-73.74102,34.50804
1,-76.08633,38.542343
1,-75.71117,37.502796
1,-75.97659,38.421257
1,-52.31889,23.359217
1,-52.08551,23.353996
1,-13.197569,32.01949
1,-11.161468,21.674536
1,-44.210815,-26.712067
1,-48.814465,28.44157
1,-52.75599,23.437613
1,-48.260353,32.94332
1,-52.479946,22.198008
1,-25.001402,14.679095
1,-25.183722,14.63242
1,-25.883402,14.675239
1,-25.687355,15.514755
1,-27.187065,14.98414
1,-26.387268,15.184599
1,-26.169327,12.482571
1,-26.245787,12.285349
1,-26.035788,12.543241
1,-24.280876,14.381355
1,-23.702616,14.349649
1,-27.216051,15.975632
1,-30.591513,12.489705
1,-28.22775,13.787342
1,-30.566376,12.437845
1,-28.170004,13.744021
1,-48.332348,26.175684
1,-48.37202,26.16875
1,-48.368675,26.165325
1,-20.57282,-9.652103
1,-53.278873,24.185577
1,-53.603477,23.81799
1,-53.77698,25.779514
1,-53.66558,25.448092
1,-53.65948,25.360146
1,-53.314724,24.10236
1,-53.578953,23.718805
1,-53.856674,25.970505
1,-53.787773,25.714115
1,-53.77589,25.711863
1,-11.074707,28.440908
1,-41.607685,49.773186
1,-41.58911,51.379845
1,-41.592403,51.383766
1,-41.578712,51.3473
1,-2.6335351,31.617212
1,-30.031694,14.353619
1,-51.192253,18.684446
1,-45.818375,26.372831
1,-50.878933,13.859513
1,-45.708534,26.32506
1,-51.3683,15.083767
1,-13.209593,31.068916
1,-13.393274,30.58938
1,-13.39791,30.51361
1,10.576076,42.712383
1,10.538774,42.770535
1,-38.84342,14.781651
1,-6.2747517,1.536997
1,-67.55099,39.622158
1,-66.60935,40.554935
1,-67.418175,39.65939
1,-67.34166,39.689808
1,-67.34557,39.658558
1,-50.270836,14.371323
1,-50.39183,14.414813
1,-67.45289,39.672676
1,-66.58076,40.586018
1,-71.8139,37.598156
1,-50.59163,14.589584
1,-68.36692,39.038902
1,-67.47341,39.656902
1,-67.53242,39.61376
1,-50.592854,14.5941515
1,-50.608078,14.586951
1,-50.762493,14.982135
1,-50.76427,14.99032
1,-50.759254,14.986474
1,-30.780617,15.686724
1,-45.649685,26.494453
1,-52.75629,18.578938
1,-49.3387,25.458302
1,-46.935406,25.96601
1,-50.36346,24.872509
1,-38.851105,14.835091
1,-30.727663,15.7249565
1,-51.18079,18.762335
1,-26.438406,23.26339
1,-26.441595,23.26132
1,-26.44027,23.262106
1,-61.427517,-32.60772
1,10.688856,41.97609
1,10.679123,41.905872
1,10.53714,41.76416
1,0.5769824,79.06656
1,-0.9671518,78.59445
1,-0.90524197,78.591
1,-2.0368934,78.423035
1,-50.978302,28.832674
1,-51.075123,28.805445
1,-51.011604,28.8286
1,-51.000854,28.830154
1,-51.010944,28.82639
1,-42.814777,5.1207337
1,-42.766933,5.1990876
1,-42.93829,4.8707843
1,-45.69268,-4.639092
1,-42.789032,5.167483
1,-50.53415,27.675022
1,-50.539677,27.678007
1,-18.354975,14.368667
1,-18.043695,13.9507475
1,-18.275982,14.247999
1,-18.298473,14.241424
1,-17.968063,13.9895115
1,-17.999659,13.894009
1,-3.1676378,-9.564866
1,-3.277035,-9.845753
1,2.8178267,-2.484735
1,2.8191044,-2.4847062
1,-12.410382,28.362537
1,-38.865734,-55.37629
1,-38.886116,-55.39036
1,-2.6024442,81.01567
1,-37.723003,-47.449116
1,-37.5962,-47.573643
1,-37.686283,-46.822872
1,-38.021286,-46.354805
1,-38.60518,-45.939068
1,-38.591187,-45.98544
1,-38.66365,-46.140877
1,-38.765854,-46.302452
1,-20.036211,-1.8614753
1,-19.873951,-0.78713906
1,-35.695583,-39.26472
1,-35.755295,-38.68234
1,-36.303413,-1.4927138
1,-41.59808,-33.56415
1,-39.700954,-24.446383
1,-39.706455,-24.8465
1,-39.618538,-24.714617
1,-39.398266,-23.26384
1,18.237505,38.39086
1,18.245977,38.38111
1,2.3989294,73.138985
1,18.22937,38.405804
1,18.241499,38.387882
1,18.241926,38.39167
1,-34.091763,35.621532
1,-29.989433,-0.4146729
1,-76.12233,2.4259124
1,-72.280846,2.6309304
1,-72.82985,-1.3750061
1,-20.06287,-1.0975301
1,-75.677055,3.4429765
1,-71.92385,3.3737373
1,-72.5424,-0.15430985
1,-75.92028,2.7727578
1,-37.161755,-33.25248
1,-72.226234,2.8112023
1,-72.67997,-0.7389166
1,-72.41819,2.18378
1,-72.99692,-2.4974656
1,-72.16621,3.0090938
1,-72.56358,-0.36072037
1,-68.62383,4.9479947
1,-68.61771,4.9748363
1,-72.26795,2.7592554
1,-72.25349,2.7631536
1,-72.48867,-0.70808965
1,-72.78002,6.5769706
1,-26.642254,0.6559125
1,-47.556152,43.35935
1,-47.59648,43.391174
1,-47.629055,43.419933
1,-47.64078,43.42978
1,13.458033,19.117868
1,13.423618,19.098143
1,13.411826,19.087742
1,14.333707,19.72766
1,14.33806,19.760939
1,14.557603,19.01638
1,14.543162,18.997545
1,14.600355,19.027523
1,13.401717,19.076458
1,-46.353714,43.14951
1,-46.3584,43.149876
1,-21.159653,51.8615
1,-21.386448,51.746372
1,-21.347647,51.779324
1,-21.338596,51.785847
1,5.961177,32.339317
1,5.938874,32.34139
1,-20.550896,1.1255054
1,13.4328575,18.59297
1,-75.515366,4.0748453
1,-42.485485,-52.880493
1,-42.44649,-52.879414
1,-40.46175,-46.21105
1,2.9401047,48.24929
1,2.8252585,48.377922
1,3.9970903,48.30869
1,4.176752,48.326782
1,14.260697,19.910236
1,14.225112,19.903677
1,2.6920683,47.342564
1,2.7085414,47.329647
1,2.7216084,47.27935
1,2.7255974,47.240257
1,-50.675587,8.500049
1,-44.89696,52.362576
1,-16.011988,56.214428
1,4.017264,41.776295
1,3.7173185,41.89853
1,3.2759006,42.15738
1,2.7481556,42.447063
1,2.2939804,42.83018
1,1.9085779,43.10852
1,1.5465277,43.36748
1,1.4645363,43.54735
1,1.113393,43.759357
1,0.14358087,44.419903
1,0.72387236,44.20913
1,4.0058184,41.66662
1,3.6906428,41.769615
1,3.2288349,41.99076
1,2.6605473,42.262318
1,2.184892,42.62356
1,1.7916793,42.89536
1,1.3229669,43.07136
1,1.3119011,43.311512
1,0.99724007,43.56864
1,0.07737025,44.3747
1,4.1169133,42.458168
1,3.8581705,42.611217
1,3.5638373,42.934494
1,3.1738846,43.249126
1,2.7740922,43.5615
1,2.4386473,43.83673
1,2.1415446,44.11167
1,2.0062432,44.208282
1,1.6716464,44.378998
1,0.5300529,44.70493
1,1.1759356,44.687233
1,0.122328706,81.646416
1,0.050936796,81.66765
1,0.020007798,81.6448
1,0.048513535,81.67549
1,0.24262194,81.73633
1,0.35149753,56.094532
1,0.35848197,56.085724
1,0.35948294,56.069225
1,-0.45038223,55.24366
1,0.033487342,55.102325
1,-0.42369586,55.30813
1,-0.41960874,55.289272
1,0.394742,55.446175
1,-48.457336,41.120365
1,-48.443047,41.349358
1,-48.445328,41.309967
1,-23.720694,36.868973
1,-24.485481,36.645145
1,-24.683062,36.612064
1,-24.67439,36.61531
1,-25.217548,36.41962
1,-25.200645,36.430584
1,-25.31385,36.396355
1,-25.553383,36.317936
1,-23.539427,36.909748
1,-23.551449,36.87386
1,-23.506815,36.773422
1,-23.495903,36.649788
1,-23.69397,37.22694
1,-23.834713,37.690796
1,-23.540888,37.000504
1,-23.473717,36.98708
1,-18.998892,21.32446
1,-21.250763,27.322157
1,-21.449846,27.559341
1,-21.432861,27.618652
1,-21.414701,27.635275
1,-21.413897,27.691286
1,-21.406126,27.709873
1,-21.406233,27.78278
1,-20.301418,26.06954
1,5.8728895,41.813465
1,6.5714073,42.82459
1,7.944633,43.28531
1,0.75739384,39.249744
1,0.7552562,39.370872
1,0.7576511,39.421543
1,-8.140981,40.83115
1,-8.033238,40.875114
1,-7.616832,41.145405
1,-7.258342,41.3673
1,-6.9281507,41.572136
1,-6.696408,41.71464
1,-6.557219,41.80135
1,-30.213877,23.60006
1,-36.451942,-7.4417367
1,-36.348217,-6.9663534
1,-30.439192,23.531338
1,-36.5428,-7.596099
1,-8.349632,40.511467
1,-25.900736,-27.64483
1,-25.91131,-27.648817
1,-25.901005,-27.64466
1,-25.901646,-27.644588
1,-53.09072,-41.7273
1,-20.619001,35.5992
1,-60.461063,-16.113626
1,-44.46375,-25.750866
1,-73.15791,-3.5805917
1,31.098875,-27.44895
1,1.6525711,-0.5955698
1,6.118141,-7.0443172
1,-0.46616915,-3.3933053
1,-39.94001,22.82754
1,-39.967453,22.84035
1,-39.81268,22.781027
1,-39.89777,22.81733
1,-2.0169683,-3.8708198
1,-45.023502,-5.236315
1,-44.850918,-4.9306865
1,-44.52418,-2.3953278
1,-44.55187,-2.3000834
1,-45.018635,-5.2520566
1,-45.027863,-5.2897124
1,-13.037731,77.29167
1,-22.057384,-43.90869
1,-16.89469,7.900962
1,-16.892822,7.888151
1,-16.89309,7.888515
1,-11.945773,-39.167084
1,-11.971466,-39.1965
1,-7.953676,78.77475
1,-8.058778,78.69942
1,-7.8742247,77.79344
1,-6.5036435,77.7243
1,-8.346401,78.499596
1,-7.3812394,78.98369
1,-7.3647556,76.65615
1,-6.6633368,78.27645
1,-53.377914,-1.7686678
1,-48.885296,0.15346311
1,-44.116432,-2.2793133
1,-49.095173,-1.3061019
1,-49.037167,-1.4234251
1,-48.98386,-1.4643108
1,-50.05544,-3.3991272
1,-50.171726,-3.6483574
1,-49.050842,-1.2998562
1,-50.07266,-3.454295
1,-50.04299,-3.387392
1,-50.031487,-3.3958967
1,-40.432434,13.023434
1,4.0940084,23.446814
1,4.131041,23.427578
1,-34.56894,23.32185
1,-34.605362,23.495363
1,-34.490376,23.293314
1,-34.50682,23.219975
1,-34.380505,22.701946
1,-25.045866,-15.242034
1,-25.593945,-14.96972
1,-23.783648,-16.54828
1,-19.698984,7.4753118
1,-36.643253,19.189611
1,-44.06949,-8.063857
1,-44.085163,-8.091993
1,-44.065247,-8.040288
1,-44.017826,-8.056195
1,-44.009987,-8.244446
1,-32.332077,-24.382889
1,-32.344406,-24.456707
1,-32.50455,-25.05956
1,-35.144054,-53.31696
1,-48.302937,-8.109715
1,-48.90579,-8.387406
1,-48.27751,-8.105724
1,-48.889652,-8.386361
1,-62.703114,36.359764
1,-45.756397,-6.5235734
1,-48.055424,-7.9197145
1,-45.47966,-7.1704783
1,-48.917274,-8.3866
1,-14.587211,56.93129
1,-45.343628,-7.28854
1,-44.936264,-6.7475166
1,-44.931774,-6.641371
1,-45.38168,-5.855447
1,-43.51858,-6.6521826
1,-45.22257,-7.262938
1,-14.552152,58.194798
1,-14.552017,58.198593
1,-44.63883,-36.139313
1,-36.086643,-49.618538
1,-35.232224,-51.769527
1,-33.357826,19.128307
1,11.110434,57.544247
1,11.116915,57.568455
1,-21.975922,34.029144
1,-32.483326,7.2816596
1,-32.592365,7.2932653
1,-32.682785,7.3062825
1,-27.148075,-18.237215
1,17.023365,8.5855665
1,-44.0706,-9.97217
1,-44.071957,-9.950257
1,-44.076694,-9.742285
1,-73.246254,-12.159256
1,-72.72308,-12.471891
1,-72.70972,-12.443606
1,-72.733055,-12.454396
1,-71.18247,-11.753865
1,-71.323494,-11.832935
1,-71.42712,-11.896436
1,-71.52811,-11.954236
1,-71.59557,-12.003681
1,-71.64555,-12.030425
1,-73.96398,-13.202325
1,-73.85661,-13.116533
1,-73.7693,-13.034458
1,-73.70799,-12.976091
1,-73.64605,-12.918538
1,-73.63036,-12.904891
1,-73.80872,-11.646032
1,-73.40635,-11.253058
1,-17.519587,-12.443791
1,-19.541437,-12.185197
1,-23.312496,-10.651085
1,-21.87967,-9.324107
1,-22.808622,-10.532688
1,-23.431578,-10.63832
1,-23.539572,-10.842357
1,-23.444305,-10.740565
1,-22.63179,-8.847267
1,-22.754072,-8.743159
1,-21.696703,-9.705909
1,-21.706104,-9.542474
1,-23.178156,-9.492691
1,-37.599648,-50.04807
1,-49.8238,36.829308
1,-50.19999,36.767574
1,-49.513554,36.862076
1,-51.16043,5.8851213
1,-50.758263,6.0929
1,-27.936115,-3.4752123
1,-27.939596,-3.4605522
1,-27.943766,-3.463501
1,-27.94775,-3.4637716
1,-51.15041,-44.780632
1,-35.95976,17.260353
1,-35.91934,17.26083
1,-35.911407,17.273722
1,-35.924583,17.23915
1,-35.805412,12.392579
1,-35.769573,12.238184
1,-35.765827,12.207952
1,-35.79088,12.279235
1,-35.809006,12.443749
1,7.0792427,23.132174
1,6.9047747,23.162636
1,7.0738177,23.149757
1,6.6849675,23.138134
1,6.8876443,23.114653
1,6.5071425,23.109932
1,-49.784676,-16.767078
1,-58.74212,-11.469566
1,-58.70591,-11.157196
1,-58.76275,-11.603543
1,-24.042587,46.95436
1,58.596012,-3.7708442
1,-30.724358,-22.143282
1,-36.619717,-55.60162
1,-36.540627,-55.601505
1,-36.70851,-55.499615
1,-35.259754,-55.78269
1,-37.055996,24.427036
1,20.944939,55.283764
1,-37.203457,-13.647136
1,-34.28028,-43.21208
1,-34.253563,-43.09596
1,-34.234383,-42.883446
1,-40.659603,12.97157
1,-12.746243,9.231852
1,2.4052591,-2.7168548
1,-0.3472579,21.976944
1,-73.12246,-3.675777
1,-24.111654,-15.236719
1,-37.653378,-57.41176
1,-37.788982,-57.55141
1,-55.907906,-4.361384
1,-55.991386,-4.4069967
1,-56.014164,-4.4445767
1,-33.124943,30.614962
1,-33.100468,30.502161
1,-33.072666,30.466888
1,-33.20453,30.287273
1,-60.48214,-22.336191
1,-60.376534,-22.195108
1,-60.87098,-22.682945
1,-36.46394,-49.540607
1,-36.503643,-49.670895
1,-36.465015,-49.54091
1,-6.3206286,-33.152637
1,-42.367855,38.37975
1,-19.0031,13.700808
1,-19.050184,13.64836
1,-19.10837,13.641512
1,-8.37747,77.33337
1,-13.23443,78.50524
1,-13.196728,78.49745
1,-8.8432455,78.42682
1,-8.261966,77.084625
1,-13.086215,78.47403
1,-25.076235,5.9497895
1,-24.708935,6.666275
1,-24.535034,6.996016
1,-24.28389,7.081905
1,-24.74117,7.2486367
1,-24.533035,7.0506287
1,-24.561193,7.1765237
1,-24.562302,6.709756
1,-24.564314,7.027561
1,-24.44212,7.0694256
1,-24.890045,6.966155
1,-24.631508,6.9930553
1,-27.918213,8.9432125
1,-54.023933,23.030075
1,-54.040092,23.023064
1,-13.209018,78.58767
1,-9.400494,78.027336
1,-8.984607,78.34163
1,-8.393171,77.2379
1,-9.061513,77.34891
1,-9.169934,77.87118
1,-9.519699,75.31168
1,-8.364035,77.888374
1,-9.545109,75.338844
1,-8.646444,78.03086
1,-9.220006,75.22252
1,-8.330956,77.26975
1,-8.574849,76.82815
1,-8.765604,76.92754
1,-9.08957,75.177185
1,-9.354335,75.27317
1,-9.134484,77.01017
1,-9.2919,77.09527
1,-9.228677,75.23616
1,-8.980769,78.33989
1,-13.05162,77.46199
1,-13.096442,78.53185
1,-13.04049,78.53552
1,-8.545156,78.62809
1,-6.4322395,77.85695
1,-6.647362,78.27309
1,-6.547818,77.637726
1,-7.3444,76.650085
1,-7.4016986,76.19743
1,-7.7342453,78.105934
1,-7.721128,78.12916
1,-6.3496137,78.89568
1,-26.47605,8.717876
1,-26.782663,8.3268175
1,-26.67659,8.267571
1,-26.78648,8.033463
1,-27.259525,7.755156
1,-23.29992,9.1244755
1,-25.91616,-2.57046
1,-28.080162,9.190287
1,-36.7827,39.01393
1,-1.1783704,25.862785
1,-17.983633,54.32007
1,-47.07507,14.370278
1,-46.943558,14.476469
1,-48.51124,33.56626
1,-48.57812,33.7006
1,-7.19759,61.55326
1,-23.631529,8.379356
1,-23.628527,8.392017
1,-23.486603,8.642365
1,-63.441814,32.080826
1,-63.41824,32.049755
1,-63.41238,32.0202
1,-63.43959,32.07157
1,-63.361095,31.984888
1,-63.20796,31.690706
1,-63.6062,32.07924
1,-63.580338,32.05032
1,-63.590633,32.01161
1,-44.670174,-36.074593
1,-38.37161,28.09974
1,-5.292095,29.045256
1,-5.058734,28.646528
1,-5.2084455,28.90579
1,-5.410331,28.906296
1,-5.2098,28.891905
1,-29.399492,7.8777423
1,-29.39043,7.9005127
1,-2.4776325,25.135233
1,14.849433,59.4378
1,20.725658,54.82065
1,15.101209,59.895744
1,20.710556,54.80179
1,15.107846,59.883797
1,15.123959,59.90481
1,-20.362892,35.616863
1,-20.406118,35.647045
1,-20.31886,35.576134
1,-63.36613,-8.99664
1,-73.011925,15.579067
1,-69.32237,-18.895027
1,-66.497055,-21.424875
1,-73.010376,15.578664
1,-69.322495,-18.894491
1,-63.06901,-8.708491
1,-73.04963,15.573166
1,-72.35502,16.004908
1,-72.51529,15.69529
1,-57.9364,25.416763
1,-57.919315,25.421652
1,-57.935482,25.418581
1,-57.930454,25.420088
1,-0.5899078,35.327084
1,-0.6769461,35.28108
1,-0.810358,35.22323
1,-1.0635465,35.03823
1,-1.3103516,34.964676
1,-1.5657481,34.850056
1,-1.7634549,34.792545
1,-1.80268,34.757187
1,-1.9641594,34.6748
1,-2.4052002,34.393272
1,-2.269427,34.555115
1,1.1415274,78.02518
1,1.1281903,77.98004
1,1.1350081,78.03221
1,-0.31707317,78.19373
1,-0.38596624,78.216484
1,-0.3216354,78.18488
1,1.1667147,77.96261
1,11.047787,56.335903
1,-33.37589,54.203663
1,-33.413876,54.239563
1,-33.696445,54.23067
1,-9.026306,19.15911
1,-37.16769,51.39219
1,-37.08116,51.27334
1,-37.25385,51.421257
1,-37.25353,51.421806
1,-36.73176,50.77132
1,-37.394207,51.399303
1,-37.17952,51.315754
1,-12.015116,21.457102
1,-12.032667,21.449074
1,-0.5348817,44.394783
1,-5.3352375,17.879807
1,-4.9772615,17.312687
1,-4.906698,17.19403
1,-5.6697955,18.303417
1,-2.4327552,43.441273
1,-2.373483,43.119534
1,-42.31132,52.747826
1,-42.356377,52.80656
1,-42.34075,52.80344
1,-9.458859,30.99114
1,9.14759,38.000538
1,7.832368,36.2219
1,12.227542,45.21208
1,7.6373286,25.8279
1,7.611523,26.15604
1,7.6652474,25.64548
1,10.041907,36.918247
1,11.915432,42.43393
1,11.918357,42.429604
1,11.963683,42.40419
1,2.194388,36.754803
1,7.7535715,41.05673
1,8.48792,40.367134
1,7.302343,40.82011
1,8.454963,40.282635
1,-60.84953,-31.809063
1,-61.14653,-32.35374
1,-60.757626,-31.850288
1,-60.678864,-31.953619
1,-60.885223,-31.780289
1,-61.14885,-31.14375
1,-22.419905,19.22227
1,-22.348703,19.444653
1,-22.229603,19.839478
1,-22.16339,20.18173
1,-22.140404,20.49986
1,-22.151539,20.65675
1,-22.186476,20.869907
1,-22.798063,19.363409
1,-22.797218,19.573608
1,-22.73853,19.966286
1,-22.702145,20.290455
1,-22.645555,20.609232
1,-22.61651,20.743402
1,-22.567791,20.93442
1,-29.31967,26.834259
1,-47.3776,36.8202
1,-47.47992,37.09422
1,-47.51767,37.44991
1,-10.323492,29.60119
1,-32.36521,26.906828
1,-38.5409,28.146694
1,-7.1545796,30.488758
1,-45.071865,-1.4631131
1,-44.568924,-3.4071279
1,-44.37855,-0.7561708
1,-41.903835,1.354565
1,-41.8711,1.321612
1,-63.581436,35.200237
1,-63.61026,35.17318
1,-63.55614,36.031666
1,-63.54408,36.06534
1,-63.553974,36.02275
1,-63.651237,36.05006
1,-63.81228,36.623623
1,-63.765812,36.62235
1,-63.953964,36.948593
1,-19.590387,39.770344
1,-34.038273,24.057745
1,-46.931435,-21.46581
1,-46.917557,-21.445253
1,-46.90524,-21.470009
1,-47.32563,-21.735067
1,-34.341404,-55.800632
1,-36.968323,52.476185
1,1.2206559,-8.643909
1,5.467628,-17.89873
1,5.478719,-17.912186
1,-12.880756,55.387665
1,-12.873917,55.382687
1,10.725709,60.589134
1,10.7232895,60.587128
1,10.736269,60.58768
1,10.736373,60.58429
1,-14.744923,56.846546
1,-9.722735,18.468657
1,-10.194858,18.137354
1,-9.746184,18.634384
1,-9.73778,18.573503
1,-9.398029,19.011982
1,-9.497096,19.052021
1,-9.406611,18.697693
1,-10.610359,17.883715
1,-9.303159,18.625874
1,-9.049561,19.29349
1,-9.189474,18.804945
1,-8.875167,18.366175
1,-20.241337,-2.25535
1,-43.137974,0.540239
1,12.867624,40.55878
1,-2.8993137,44.073467
1,13.009568,40.536255
1,13.05098,40.52466
1,-54.95775,-40.186485
1,-55.7631,-39.78381
1,-8.2458,12.668956
1,-55.28013,-40.94467
1,-55.56036,-40.737057
1,-55.66331,-40.68005
1,-55.900414,-40.402836
1,-55.148643,-40.576214
1,-55.52848,-40.219563
1,-55.760307,-40.001278
1,-40.440674,52.53224
1,-40.456814,52.51795
1,-45.32368,64.602974
1,-3.2036507,46.485493
1,-29.257812,56.49522
1,-29.320946,53.22208
1,-29.965048,54.353577
1,-29.965048,54.353577
1,-29.037607,51.607533
1,-31.21872,54.32792
1,-28.414509,54.007072
1,-29.35644,56.535954
1,-29.42712,53.59969
1,-30.211418,54.316387
1,-30.21275,54.318947
1,-29.154364,51.609497
1,-31.316473,54.31347
1,-28.713888,54.037308
1,-27.646116,52.79513
1,-27.414688,53.43071
1,-28.000334,53.482285
1,-28.000105,53.482677
1,-28.239775,51.67391
1,-27.21071,53.625317
1,-28.807148,56.414845
1,-28.133638,54.81438
1,-29.031301,54.859966
1,-29.031084,54.860245
1,-28.652527,51.726807
1,-30.951925,54.983624
1,-27.867323,54.735607
1,-29.312645,56.52169
1,-29.322147,53.583042
1,-30.092571,54.37907
1,-30.092571,54.37907
1,-29.115927,51.629993
1,-31.25814,54.349392
1,-28.731438,54.08828
1,-28.282263,54.072155
1,-28.280685,54.019478
1,11.491081,54.517456
1,11.492834,54.50879
1,-21.18459,56.339672
1,-22.306782,56.29282
1,-22.33361,56.30287
1,-41.223343,55.33063
1,-42.70639,53.557487
1,-41.167866,55.344013
1,-47.504276,37.895283
1,-27.613916,60.814247
1,-27.607412,60.838634
1,-69.16803,15.835596
1,-69.01537,15.698543
1,-69.02175,15.720182
1,-68.77638,15.384652
1,-68.79362,15.415143
1,-67.0138,13.027985
1,-66.66038,13.42122
1,-67.0138,13.027985
1,-66.660515,13.4212475
1,-67.05055,13.778775
1,-67.05055,13.778775
1,-67.255714,13.640206
1,-67.255714,13.640206
1,-66.70663,14.68374
1,-66.610115,14.695899
1,-66.39633,13.698553
1,-66.524155,13.587104
1,-67.419136,13.518363
1,-67.52636,13.383157
1,-67.271835,14.64158
1,-67.391266,14.636238
1,-65.65729,13.2525215
1,-66.63842,13.001109
1,-66.63842,13.001109
1,-65.77044,14.249024
1,-66.70044,14.814376
1,-65.66918,13.093553
1,-65.548195,13.3918705
1,-68.482254,13.966593
1,6.59548,50.373547
1,6.604943,50.435616
1,6.4738307,50.51211
1,6.5938516,50.43901
1,6.6022716,50.37099
1,6.610336,50.440304
1,6.481976,50.51227
1,5.335393,39.35969
1,5.3483977,39.281273
1,5.382312,39.27174
1,5.321271,39.28976
1,-3.5145068,47.458004
1,0.6355964,56.175613
1,1.0575373,55.878872
1,1.0553861,55.89442
1,0.64381915,56.187267
1,1.0411181,55.84471
1,0.76172256,56.408928
1,1.7842582,55.848057
1,0.5918312,55.836517
1,1.027673,55.750423
1,1.003502,55.662262
1,2.9315147,37.79324
1,2.774472,37.810863
1,-27.807388,10.273501
1,-65.14485,-21.015781
1,-64.91331,-20.991926
1,-64.88767,-21.190144
1,-64.621315,-21.947702
1,-64.52583,-21.53822
1,-64.97985,-21.158367
1,-64.574234,-21.93435
1,-64.986,-21.143433
1,-65.4494,-21.748035
1,-65.59137,-20.512714
1,-63.550026,-19.280657
1,-62.471756,-18.076065
1,-60.517307,-21.187204
1,-64.235855,-20.415466
1,-64.10367,-20.16453
1,-64.253456,-20.933323
1,-63.693386,-19.421415
1,-65.17275,-21.10799
1,-65.18151,-21.201653
1,-3.8235877,-3.4769456
1,-30.239828,19.905409
1,-30.223625,19.891819
1,-30.685877,20.209957
1,-30.716516,20.188166
1,-18.587221,37.343178
1,-19.218723,37.607365
1,-18.854652,37.438477
1,-19.211962,37.59962
1,-19.221504,37.601402
1,-63.441555,-9.198132
1,-63.426895,-9.179754
1,-63.219612,-8.9468
1,-63.394928,-9.171656
1,-63.5388,-9.235077
1,-63.472977,-9.315739
1,-33.782536,-37.238888
1,-40.341145,-35.922215
1,-34.573776,-50.963917
1,-34.27492,-51.686436
1,-31.14671,-46.18238
1,-31.129185,-46.207775
1,-34.017,-27.321917
1,-28.613247,-42.46566
1,-33.049236,-56.592995
1,-33.040054,-56.64935
1,-35.182648,-54.04499
1,-34.871323,-37.736977
1,-3.9329047,-10.816441
1,-3.956797,-10.8298
1,7.974655,12.958663
1,8.005218,12.96245
1,-3.6315794,-5.23966
1,-3.635099,-5.2140923
1,-18.795708,-0.7131995
1,-3.6755865,-3.315523
1,-4.142904,-7.032382
1,-8.034893,-1.7365509
1,-8.048643,-1.7371817
1,12.826275,45.561474
1,-2.1572304,-4.018431
1,-2.1779938,-3.3242867
1,-2.295379,-3.723127
1,-2.1247408,-3.3745046
1,-1.4081755,-1.7923192
1,-1.2991493,-1.6954618
1,-0.9328306,-2.964533
1,-1.4114096,-2.4976923
1,-1.4040909,-2.4971018
1,-1.5116191,-1.894184
1,-4.01459,1.8601689
1,-4.069939,1.6900599
1,-3.736901,1.3358998
1,-4.009353,1.8601047
1,-4.0081816,1.8302969
1,-3.9986253,1.8317074
1,-3.992774,1.8011142
1,-2.9083219,-5.185224
1,1.5500406,-0.40967637
1,-36.256527,-29.354212
1,-26.705904,-5.6351423
1,-26.711117,-5.6223464
1,-39.3013,45.425003
1,-35.105965,30.819534
1,-35.038647,30.818665
1,-0.5651267,-11.576228
1,-3.6990469,-5.334921
1,-3.4073799,-5.1081357
1,-31.546724,-54.294952
1,-16.388824,-3.932098
1,-16.319138,-3.9404454
1,-16.590704,-3.9711409
1,-16.537657,-3.9118702
1,-16.676962,-3.9649003
1,-5.5858064,-4.3121567
1,-5.1885886,0.14080606
1,-23.504305,6.910402
1,-42.241447,-25.215288
1,-48.24211,-24.879267
1,-48.55197,-24.809566
1,-34.568783,-52.23332
1,-30.996115,-54.45625
1,-33.551228,-28.610611
1,-33.551228,-28.610611
1,-33.833237,-27.553198
1,-33.537186,-28.627556
1,-32.6822,-35.062904
1,-32.699135,-35.112785
1,-39.74784,-30.548895
1,-20.135405,3.6355686
1,-35.894554,-27.755596
1,-37.243725,-37.832005
1,-48.254166,-28.52182
1,-48.252342,-28.51578
1,-48.276398,-28.473627
1,-48.260742,-28.35678
1,-49.945915,-16.65104
1,-50.304474,-17.010962
1,-50.212803,-17.35275
1,-49.469368,-16.438168
1,-49.90845,-16.692472
1,-30.996172,-54.45635
1,-50.128418,-16.898617
1,-60.88034,-5.003184
1,-60.804565,-5.028936
1,-23.091835,-1.301304
1,-23.146431,-1.3577486
1,-23.071257,-1.2870282
1,-23.035872,-1.2937934
1,-9.858228,26.079065
1,1.7108157,-0.681952
1,1.7043642,-0.66705835
1,1.7039579,-0.6679903
1,1.7057859,-0.67179835
1,-36.476685,-19.864376
1,-56.403423,-5.1031203
1,-30.192884,5.596645
1,-30.887829,11.713443
1,-63.059002,-16.68196
1,-62.519844,-16.457922
1,-61.57198,-17.649181
1,-62.026302,-17.260847
1,-62.50256,-16.435747
1,-61.568626,-17.654854
1,-62.48899,-16.4638
1,-63.089325,-16.611237
1,-29.298975,-13.806763
1,-63.13383,-14.476502
1,-62.889366,-15.930786
1,-62.657726,-15.623911
1,-62.81971,-14.966866
1,-62.003624,-16.427301
1,-61.650894,-16.060951
1,-62.19346,-14.360941
1,-62.124653,-15.820997
1,-63.135277,-14.471284
1,-62.931942,-15.917551
1,-62.69235,-15.640684
1,-62.835876,-14.97121
1,-62.029232,-16.428226
1,-61.637157,-16.066532
1,-62.199253,-14.371066
1,-62.11564,-15.841627
1,-62.98435,-16.129036
1,-63.036846,-16.401129
1,-62.63208,-17.185843
1,-62.528957,-18.472467
1,-60.48018,-23.044693
1,-60.551823,-20.867222
1,-60.53713,-21.021547
1,-60.19934,-22.449938
1,-64.0591,-15.961964
1,-64.23331,-15.663993
1,-64.22284,-15.64776
1,-64.22013,-15.657144
1,-21.489489,38.06609
1,-21.494411,38.070347
1,-21.491047,38.07471
1,-72.3932,16.085667
1,-52.814194,-39.75515
1,-72.40914,16.103083
1,-72.43627,16.072628
1,18.938702,3.9290514
1,37.487156,33.35505
1,37.508995,33.321964
1,37.55888,33.35369
1,37.488167,33.357494
1,37.254883,33.00779
1,37.36524,32.844166
1,37.487465,33.321766
1,37.507275,33.301403
1,37.383045,32.712357
1,37.386898,32.66129
1,-19.951006,39.192265
1,-20.045649,39.054073
1,-20.08004,39.012142
1,-20.115223,39.02494
1,-25.184887,16.043938
1,-25.149364,16.05378
1,-24.59231,14.909373
1,-25.006668,15.932971
1,-25.771982,16.244858
1,-24.55648,14.95086
1,-25.17258,15.684467
1,-25.167377,15.240912
1,-25.053804,16.462934
1,-25.537369,16.802614
1,-25.12713,16.446892
1,-24.013786,15.3374405
1,-24.51945,16.186094
1,-23.077003,15.047402
1,-24.9786,14.696516
1,-25.37216,14.037518
1,-25.393183,14.071881
1,-25.098627,14.272382
1,-24.57295,13.236346
1,-26.116716,12.956571
1,-24.934822,13.86022
1,-25.793509,13.857471
1,-25.432165,13.948423
1,-25.243958,13.496597
1,-25.856276,13.931361
1,19.183252,53.789692
1,19.03789,53.3505
1,18.175257,54.35719
1,18.678743,53.514
1,18.906425,53.886814
1,16.984255,54.779533
1,17.105705,55.12471
1,16.383245,55.671192
1,16.023548,55.197437
1,-46.952038,9.527962
1,-45.080357,10.106619
1,-46.034595,8.62093
1,15.847008,55.312775
1,-45.556805,9.27028
1,-35.276546,-18.804993
1,-34.627792,-18.594389
1,-34.54534,-18.764233
1,-35.703056,-18.325142
1,-35.619957,-18.535555
1,-35.117245,-18.309494
1,-35.60969,-18.35598
1,0.13257276,28.245195
1,-9.381891,27.368319
1,-13.289827,28.242178
1,-13.328194,28.240364
1,-13.336125,28.24021
1,4.368885,20.455242
1,-44.35677,14.033631
1,-28.3113,8.744397
1,-28.843552,8.765444
1,-41.84588,19.04438
1,-42.34448,19.092041
1,-43.015724,21.536928
1,-43.03505,21.539831
1,-43.602177,19.436161
1,-42.163994,19.940771
1,-42.11289,20.013994
1,-43.07012,19.465553
1,-43.109962,19.423054
1,-43.134956,19.419655
1,-29.09653,-11.730753
1,-30.384563,-11.3731
1,-29.057297,-11.731848
1,-30.39563,-11.367054
1,-26.137625,48.26118
1,-13.969937,32.214783
1,-30.19058,5.5434127
1,-5.703184,-6.5827913
1,-44.960133,-29.41389
1,-37.22309,6.388805
1,-37.236298,6.378714
1,-37.236042,6.382242
1,-37.21142,6.397331
1,-20.432598,10.0047655
1,-27.752106,10.94759
1,-33.89597,-26.935446
1,-23.880173,0.55113786
1,-23.868937,0.5861411
1,-34.614697,-51.80205
1,-34.30132,-51.61374
1,-34.71805,-51.633938
1,-34.069317,-52.442677
1,-34.302643,-52.88923
1,-36.831856,-38.01964
1,-14.192961,32.308464
1,-14.751473,32.10799
1,-34.362785,27.113483
1,-0.45244527,20.727757
1,-34.949356,27.569359
1,-34.67439,28.785816
1,-34.624077,28.934841
1,-34.338337,29.44781
1,-38.254154,5.391905
1,-38.222824,5.42246
1,-38.237503,5.416791
1,-38.23217,5.4219046
1,-35.8266,5.013266
1,-35.81837,5.0057483
1,-29.242886,18.963726
1,-28.9646,19.08356
1,-29.053083,19.029503
1,-28.822311,19.109999
1,-28.48671,19.129902
1,-28.846678,19.136057
1,-28.582165,19.162617
1,-9.70417,25.599125
1,-9.60922,26.933632
1,-9.775455,26.611485
1,-31.378527,-4.1024547
1,-9.899456,26.028566
1,-36.55046,-20.053091
1,-36.615776,-20.199749
1,-56.432865,-5.2515693
1,-56.49992,-5.3056364
1,7.387278,22.856798
1,-4.851614,-6.775551
1,23.948475,9.260456
1,23.948582,9.261392
1,17.339481,4.621331
1,-3.4289012,-31.056198
1,-38.815655,-37.61805
1,-3.3941646,-30.944353
1,-37.57674,-33.495724
1,-37.608803,-33.50449
1,-3.3776183,-30.921152
1,-7.197153,61.553116
1,7.4268746,23.503592
1,7.3512692,23.493378
1,7.2493134,23.340363
1,-7.200127,61.554554
1,-45.6129,9.455582
1,-47.51464,9.701311
1,-44.837402,8.393887
1,-44.686596,9.383055
1,-45.14015,9.045711
1,-45.52303,9.400128
1,-48.58521,33.70787
1,-32.920547,30.972424
1,16.347614,55.371628
1,-71.42529,3.988724
1,-44.526478,23.700638
1,-48.500793,33.54694
1,-45.93501,10.379064
1,-45.18214,8.977294
1,15.8863125,57.700806
1,15.121945,55.951317
1,15.838005,55.610447
1,14.776213,55.983223
1,15.449605,56.95317
1,14.93236,56.273594
1,14.176574,56.382748
1,13.997891,56.524937
1,15.730363,56.828995
1,14.781478,57.796665
1,15.317891,56.830784
1,15.523311,57.955734
1,15.621999,57.39097
1,16.393494,57.85202
1,14.980089,57.134087
1,15.179398,57.06819
1,15.475448,57.960854
1,15.196738,56.801323
1,14.498187,57.172546
1,15.987442,57.114685
1,15.815956,56.77249
1,14.926423,57.48415
1,15.445086,57.456757
1,14.992081,57.675644
1,14.89527,57.186527
1,19.746563,52.49131
1,19.835514,52.315918
1,19.973803,52.134304
1,19.403809,52.093903
1,19.051163,51.690323
1,18.89183,51.521637
1,19.78717,52.55681
1,19.965847,52.628883
1,19.164597,53.542786
1,18.92246,53.592117
1,18.829964,53.621933
1,19.442402,54.08554
1,18.697748,53.825447
1,16.182154,52.29899
1,15.637912,52.212845
1,15.513767,52.33229
1,15.514989,52.297695
1,15.27021,52.394863
1,14.984539,52.649185
1,14.985053,52.547863
1,14.798431,52.752274
1,14.656809,52.806335
1,17.639502,51.116646
1,16.622862,50.037045
1,18.42519,59.244377
1,-58.938602,-9.72735
1,-62.216103,-4.8923726
1,-58.948956,-9.700242
1,4.4008894,37.936405
1,4.3811197,37.936127
1,8.693209,39.828075
1,-4.676038,32.108723
1,-9.485449,30.957891
1,-39.44869,2.2736828
1,-39.445778,2.2698956
1,-39.451344,2.2621696
1,-16.349018,56.60869
1,-28.552923,5.491957
1,-28.5569,5.485301
1,-27.923037,5.764318
1,-27.882414,5.7843065
1,-26.63584,19.942385
1,-28.37065,5.3388395
1,20.232975,45.917717
1,20.231377,45.933304
1,20.230942,45.933388
1,-36.887043,25.276703
1,20.10094,56.299316
1,19.303598,57.46307
1,19.410961,57.448624
1,18.711418,57.768635
1,18.111782,58.271103
1,19.919916,56.95191
1,19.26395,57.440132
1,19.20345,57.58646
1,-39.184273,-33.297104
1,-39.11579,-33.342045
1,-39.19148,-33.074272
1,-42.826015,29.029984
1,-43.019547,29.539318
1,-43.07272,29.601679
1,20.206715,58.338272
1,20.327408,58.248287
1,18.947344,59.151924
1,-13.250414,42.93824
1,-13.248832,42.939697
1,-13.250105,42.938217
1,-13.247885,42.94162
1,-13.251831,42.936333
1,-13.248344,42.939068
1,-13.251782,42.936142
1,-13.247445,42.939247
1,4.1069055,26.421335
1,4.1355605,26.390802
1,4.0885205,26.421598
1,4.113108,26.394545
1,4.124723,26.387056
1,-0.3232887,27.977152
1,-9.148274,29.183895
1,-24.047176,49.258533
1,-24.068985,49.20923
1,-23.867607,48.58152
1,-23.867691,48.559486
1,-23.847477,48.572838
1,-23.869448,48.564796
1,-58.829937,12.658556
1,-58.83314,12.664566
1,-21.915178,34.26375
1,-1.9022796,27.033121
1,-2.3877318,25.216894
1,-2.190387,25.517235
1,-2.4641006,25.155752
1,-1.880914,26.201221
1,-2.002946,26.190138
1,-1.9185523,26.191875
1,-2.025891,26.190527
1,11.086752,56.71778
1,-59.2149,13.135918
1,-59.304367,13.414028
1,-59.40013,13.5242
1,-59.61872,13.272631
1,-59.13755,13.534313
1,-58.99356,13.949749
1,-58.89993,14.245427
1,-59.10992,13.474333
1,-59.176586,13.088859
1,-59.06351,13.433778
1,-9.055383,29.111633
1,-8.963977,29.139378
1,-8.790427,29.181133
1,-8.937965,29.18651
1,-76.51601,38.498253
1,-76.79412,39.26049
1,-75.95155,38.8056
1,-72.27789,35.289326
1,-73.33756,32.91892
1,-71.23073,34.74747
1,-71.37411,34.12464
1,-71.89639,35.847553
1,-71.56544,34.30936
1,-66.58511,33.550415
1,-70.403336,31.737286
1,-70.41104,31.750553
1,-66.616295,33.556255
1,-69.1812,34.463535
1,-71.97389,35.639355
1,-71.713684,36.139626
1,-71.40656,35.54288
1,-72.19581,35.713257
1,-71.88077,36.240883
1,-72.70681,35.042355
1,-72.83205,34.77851
1,-73.78053,34.800198
1,-72.38009,35.289047
1,-72.36717,35.264053
1,-73.564026,35.47749
1,-0.45889026,23.451159
1,-28.549665,-3.299191
1,-73.41791,32.72682
1,-72.916275,36.040688
1,-72.919495,36.005245
1,-72.611115,36.273056
1,-72.48115,36.36016
1,-72.397835,36.444973
1,-73.77657,36.204945
1,-73.42422,37.078835
1,-74.507484,36.101143
1,-72.69601,36.1006
1,-70.89647,36.99321
1,-72.7434,35.57518
1,-76.05188,39.641216
1,-76.12405,39.3689
1,-76.058556,39.43386
1,-76.3854,39.320393
1,-76.09591,39.487274
1,-76.19355,39.475883
1,-76.40641,39.600624
1,-76.43645,39.483578
1,-9.168141,29.198984
1,1.9304682,36.35234
1,-23.68877,49.94635
1,-43.155285,29.637709
1,-43.16834,29.667807
1,-43.527218,28.050379
1,-44.06121,29.749632
1,-44.06217,29.797386
1,-44.06834,29.833729
1,-44.068565,29.860043
1,-19.313936,33.683975
1,-19.290905,33.677032
1,-43.992508,-45.697372
1,-65.73736,-3.7954118
1,-67.5078,-4.6209016
1,-67.55805,-4.562871
1,-66.33295,-2.9807994
1,-67.71718,-4.036325
1,-67.776596,-4.0139694
1,-66.288315,-2.9311206
1,-66.14282,-3.0239563
1,-66.99869,-2.3125496
1,-66.807686,-2.2792182
1,-66.83591,-2.3015215
1,-66.97048,-2.296009
1,-66.99052,-2.309488
1,-66.80665,-2.283282
1,-67.17317,-1.7253127
1,-63.403465,-4.575145
1,-63.40738,-4.566162
1,-63.399166,-4.5287952
1,-63.449696,-4.550579
1,-63.38434,-4.5521345
1,-63.24085,-5.0149894
1,-69.54936,-3.9748309
1,-69.67933,-3.9741569
1,-58.245262,-19.286055
1,-58.239296,-19.263584
1,-63.462982,-3.7815607
1,-62.425793,-4.530188
1,-74.12587,-0.9729255
1,-74.12349,-0.9714504
1,-74.125275,-0.9731039
1,-74.118515,-0.9713703
1,-23.40974,-7.3168664
1,-45.29147,32.763325
1,-45.291378,32.764343
1,-43.17941,18.557657
1,-44.21627,14.2089405
1,-45.56895,15.094845
1,-45.52215,15.074368
1,-33.896904,18.570446
1,-33.796116,18.84896
1,-46.063362,16.571022
1,-46.042545,16.610735
1,-46.03659,16.627832
1,-46.008556,16.643568
1,-31.236456,30.803345
1,-31.5528,30.845919
1,-33.89907,18.51802
1,-34.104923,18.680622
1,-34.257553,18.708965
1,-33.423866,17.9985
1,-25.801899,5.0304656
1,-46.971523,16.440979
1,-47.247417,16.77501
1,-47.14862,16.498135
1,-46.713867,15.95704
1,-46.490852,15.96334
1,-47.25613,15.745902
1,-46.879753,15.714654
1,-46.672825,15.671449
1,-42.17827,36.791748
1,-42.3637,38.36576
1,-42.178,36.791603
1,-42.18127,36.778778
1,-42.366245,38.364338
1,-46.881874,15.722432
1,-42.367672,38.35921
1,-30.95472,-57.278027
1,-36.200928,-12.478454
1,-36.27153,-12.289833
1,-36.399475,-12.504409
1,-36.20939,-12.354534
1,-35.441322,-12.59945
1,-34.83021,-13.013472
1,-34.746212,-13.103246
1,-35.152344,-12.827892
1,-32.831684,-7.2526426
1,-13.897924,80.24392
1,-13.414456,80.03192
1,-12.258587,80.624146
1,-13.455101,79.89324
1,-13.59915,79.860855
1,-13.895922,80.21644
1,-13.406001,80.03883
1,-13.231047,80.51143
1,-54.604546,-5.93531
1,-5.7465243,27.20267
1,-5.7877865,27.063683
1,-6.013092,26.343372
1,-6.108407,26.037642
1,-6.1582556,25.861408
1,-28.365376,-34.902092
1,40.64799,27.13747
1,40.645634,27.127165
1,40.63772,27.133677
1,40.618965,27.155067
1,20.278898,-8.2941475
1,-8.042824,-1.7369797
1,6.1509676,-24.863195
1,3.543929,-9.489244
1,-3.5782104,-2.133467
1,-8.88871,-28.195992
1,5.8746705,-7.466714
1,5.604518,9.948672
1,5.6025343,9.94906
1,40.692482,27.051117
1,5.587739,6.6005616
1,5.460563,-7.768342
1,-3.1844065,-3.7025118
1,-1.6898042,-5.1539335
1,-4.147509,-1.3373765
1,-4.702499,-10.362505
1,-9.636992,-28.1693
1,0.16473547,-5.906759
1,-9.393891,-28.977797
1,2.0852654,-3.1154454
1,-38.791656,-37.759693
1,-37.865685,-38.567467
1,-3.9125655,-11.05871
1,5.8712473,-7.4949303
1,-3.9870799,-11.051421
1,-3.825895,-10.858816
1,-3.8909023,-11.02842
1,40.531284,27.289503
1,-32.720043,26.913836
1,-3.7179472,-8.581127
1,-3.893445,-7.868088
1,-2.394759,-3.4952886
1,5.592304,9.932843
1,6.110931,-7.2665224
1,13.005133,45.694256
1,7.4342628,22.67428
1,-0.39365587,-5.630196
1,0.24796276,-5.99466
1,-0.12875114,-5.701357
1,-1.0013906,-4.2327843
1,2.9134505,-5.597668
1,1.4681803,-4.2311687
1,23.17249,-0.8266358
1,-24.426493,-35.895756
1,-3.4150681,-4.278408
1,2.9100797,-5.591315
1,-76.276405,-5.4499283
1,-32.518093,-6.0078735
1,-32.53257,-5.8798304
1,-32.70458,-6.5298805
1,-32.760853,-6.4593997
1,-33.094574,-7.663098
1,-33.1869,-7.6585712
1,-33.156773,-7.847696
1,-33.227665,-7.835581
1,-32.556427,-3.5339246
1,-32.564335,-3.5418315
1,-32.57125,-3.5470562
1,-32.22724,-4.5316653
1,-32.27472,-4.5412
1,-32.3053,-4.509691
1,-13.322277,34.601166
1,-13.341,34.53779
1,-13.373632,34.552647
1,-13.577873,34.44859
1,-14.079431,34.22824
1,-13.384918,34.5139
1,9.181944,37.010887
1,9.182032,37.16279
1,9.296956,37.115772
1,9.268879,37.0166
1,9.131637,37.11082
1,8.78786,36.659508
1,9.034559,36.9374
1,8.726955,36.329353
1,-2.7470372,42.169636
1,6.723924,36.010517
1,6.5790467,35.930965
1,-2.8742054,41.9882
1,6.5458274,35.85927
1,6.63963,35.934086
1,0.6656075,47.25465
1,0.62758243,47.264618
1,10.10553,43.742706
1,10.130526,43.701397
1,11.411246,42.590343
1,11.382004,42.63435
1,11.356121,42.57605
1,11.326407,42.62158
1,8.965506,47.825996
1,9.186932,47.513325
1,8.983351,47.821056
1,8.97953,47.81244
1,8.958536,47.832787
1,8.990184,47.819366
