smiles,true_label,predicted_label,fold
CC(C)C[C@H](NC(=O)[C@H](CCCC[NH3+])NC(=O)[C@H](CCCNC(N)=[NH2+])NC(=O)[C@H](Cc1ccccc1)NC(=O)[C@H](Cc1ccccc1)NC(=O)[C@H](CCCC[NH3+])NC(=O)[C@H](CCCC[NH3+])NC(=O)[C@H](Cc1ccccc1)NC(=O)[C@H](CCCNC(N)=[NH2+])NC(=O)[C@H](CCCC[NH3+])NC(=O)[C@@H](N)C(C)C)C(=O)N[C@@H](CCCC[NH3+])C(=O)N[C@@H](CCCC[NH3+])C(=O)N[C@@H](CCCC[NH3+])C(=O)N[C@H](C(N)=O)C(C)C,1,0.61393046,0
NC(=[NH2+])NCCC[C@H](NC(=O)[C@H](CCCNC(N)=[NH2+])NC(=O)[C@H](CCCNC(N)=[NH2+])NC(=O)[C@H](CCC(N)=O)NC(=O)[C@H](CCCNC(N)=[NH2+])NC(=O)[C@H](CCCNC(N)=[NH2+])NC(=O)[C@H](CCCC[NH3+])NC(=O)[C@H](CCCC[NH3+])NC(=O)[C@@H](N)CCCNC(N)=[NH2+])C(=O)NCC(=O)NCC(=O)NCC(N)=O,1,3.7963428,0
CNCCC[C@H](NC(=O)[C@H](CCCNC)NC(=O)[C@H](CCCNC)NC(=O)[C@H](CCCNC)NC(=O)[C@H](CCCNC)NC(=O)[C@H](CCCNC)NC(=O)[C@H](CCCNC)NC(O)C(C)CN)C(N)=O,1,-0.9256421,0
CC(C)C[C@H](NC(=O)[C@H](CC(C)C)NC(=O)[C@H](C)NC(=O)[C@H](C)NC(=O)[C@H](C)NC(=O)[C@H](CC(C)C)NC(=O)[C@H](CCCC[NH3+])NC(=O)[C@H](CCCC[NH3+])NC(=O)[C@H](Cc1c[nH]c2ccccc12)NC(=O)[C@H](CCCC[NH3+])NC(=O)[C@H](CCCC[NH3+])NC(=O)[C@H](CC(C)C)NC(=O)[C@H](CC(C)C)NC(=O)[C@H](C)NC(=O)[C@H](C)NC(=O)[C@H](C)NC(=O)[C@H](CC(C)C)NC(=O)[C@@H](N)CCCC[NH3+])C(N)=O,1,0.42949447,0
CC[C@H](C)[C@H](NC(=O)[C@H](CC(C)C)NC(=O)[C@@H](NC(=O)[C@H](CCCNC(N)=[NH2+])NC(=O)[C@H](Cc1ccccc1)NC(=O)[C@@H](NC(=O)[C@@H](NC(=O)[C@@H](N)CC(C)C)[C@@H](C)CC)[C@@H](C)CC)[C@@H](C)CC)C(=O)N[C@@H](CO)C(=O)NC(CC1CNCN1)C(O)NC(CC1CNCN1)C(O)NC(CO)CC1CNCN1,1,1.1504194,0
CC[C@H](C)[C@H](NC(=O)[C@H](CCCNC(N)=[NH2+])NC(=O)[C@H](CCCNC(N)=[NH2+])NC(=O)[C@H](CCCNC(N)=[NH2+])NC(=O)[C@H](CC(C)C)NC(=O)[C@@H](NC(=O)[C@@H](NC(=O)[C@H](CC(C)C)NC(=O)[C@H](C)N)[C@@H](C)CC)[C@@H](C)CC)C(=O)N[C@@H](CCCNC(N)=[NH2+])C(=O)N[C@@H](CCCC[NH3+])C(=O)N[C@@H](CCC(N)=O)C(=O)N[C@@H](C)C(=O)NC(CC1CNCN1)C(O)N[C@@H](C)C(=O)NC(CC1CNCN1)C(O)N[C@@H](CO)C(=O)N[C@H](C=O)CCCC[NH3+],1,12.002498,0
CC[C@H](C)[C@H](NC(=O)[C@H](CCCC[NH3+])NC(=O)[C@H](CCCC[NH3+])NC(=O)[C@H](C)NC(=O)[C@H](CC(C)C)NC(=O)[C@H](C)NC(=O)[C@H](C)NC(=O)[C@H](CC(C)C)NC(=O)[C@H](C)NC(=O)[C@H](CCCC[NH3+])NC(=O)[C@H](CC(C)C)NC(=O)[C@H](CC(N)=O)NC(=O)[C@@H](NC(=O)[C@H](CCCC[NH3+])NC(=O)CNC(=O)[C@H](CC(C)C)NC(=O)[C@H](CC(C)C)NC(=O)[C@H](Cc1ccc(O)cc1)NC(=O)CNC(=O)[C@H](C)N)[C@@H](C)CC)C(=O)N[C@H](C=O)CC(C)C,1,10.099969,0
C[C@H](N)C(=O)N[C@@H](CS)C(=O)N[C@@H](CCCNC(N)=[NH2+])C(=O)NCC(=O)N[C@@H](CCCNC(N)=[NH2+])C(=O)NCC(=O)N[C@@H](CCCNC(N)=[NH2+])C(=O)NCC(=O)N[C@@H](CS)C(=O)NCC(=O)N[C@@H](CO)C(=O)NCC(=O)N[C@@H](CO)C(=O)N[C@@H](CCCNC(N)=[NH2+])C(=O)N[C@@H](CO)C(=O)N[C@@H](CS)C(=O)NCC=O,1,6.1184278,0
CC[C@H](C)[C@H](NC(=O)[C@H](C)NC(=O)[C@@H](NC(=O)[C@H](CCC(N)=O)NC(=O)[C@@H](N)CCCNC(N)=[NH2+])[C@@H](C)CC)C(=O)N[C@@H](Cc1c[nH]c2ccccc12)C(=O)N[C@@H](Cc1ccccc1)C(=O)N[C@@H](CCC(N)=O)C(=O)N[C@@H](CC(N)=O)C(=O)N[C@@H](CCCNC(N)=[NH2+])C(=O)N[C@@H](CCCNC(N)=[NH2+])C(=O)N[C@@H](CCSC)C(=O)N[C@@H](CCCC[NH3+])C(=O)N[C@@H](Cc1c[nH]c2ccccc12)C(=O)N[C@@H](CCCC[NH3+])C(=O)N[C@H](C=O)CCCC[NH3+],1,10.592602,0
NCC(=O)N[C@@H](CCCNC(N)=[NH2+])C(=O)N[C@@H](CCCC[NH3+])C(=O)N[C@@H](CCCC[NH3+])C(=O)N[C@@H](CCCNC(N)=[NH2+])C(=O)N[C@@H](CCCNC(N)=[NH2+])C(=O)N[C@@H](CCC(N)=O)C(=O)N[C@@H](CCCNC(N)=[NH2+])C(=O)N[C@@H](CCCNC(N)=[NH2+])C(=O)N[C@@H](CCCNC(N)=[NH2+])C(=O)N1CCC[C@H]1C(=O)N1CCC[C@H]1C(=O)N[C@@H](CCC(N)=O)C(=O)N[C@H](C=O)Cc1ccc(O)cc1,1,11.418972,0
CC(=O)N[C@@H](CCCNC(N)=[NH2+])C(=O)N[C@@H](CCCNC(N)=[NH2+])C(=O)N[C@@H](CCCNC(N)=[NH2+])C(=O)N[C@@H](CCCNC(N)=[NH2+])C(=O)N[C@@H](CCCNC(N)=[NH2+])C(=O)N[C@@H](CCCNC(N)=[NH2+])C(=O)N[C@@H](CCCNC(N)=[NH2+])C(=O)N[C@@H](CCCNC(N)=[NH2+])C(N)=O,1,2.3408833,0
NC(=[NH2+])NCCC[C@@H](N)C(=O)N[C@H](CCCNC(N)=[NH2+])C(=O)N[C@H](CCCNC(N)=[NH2+])C(=O)N[C@H](CCCNC(N)=[NH2+])C(=O)N[C@H](CCCNC(N)=[NH2+])C(=O)N[C@@H](C=O)CCCNC(N)=[NH2+],1,13.074658,0
NC(=[NH2+])NCCC[C@@H](C=O)NC(=O)[C@H](CCCNC(N)=[NH2+])NC(=O)[C@H](CCCNC(N)=[NH2+])NC(=O)[C@H](CCCNC(N)=[NH2+])NC(=O)[C@H](CCCNC(N)=[NH2+])NC(=O)[C@@H](N)CCCNC(N)=[NH2+],1,11.655152,0
CC[C@H](C)[C@H](NC(=O)[C@@H](NC(=O)[C@@H](N)Cc1c[nH]c2ccccc12)[C@@H](C)CC)C(=O)N[C@@H](Cc1ccccc1)C(=O)N[C@@H](CCCNC(N)=[NH2+])C(=O)N[C@@H](C)C(=O)N[C@@H](C)C(=O)N[C@@H](C)C(=O)N[C@@H](CO)C(=O)NC(CC1CNCN1)C(O)N[C@@H](CCCC[NH3+])C(=O)N[C@H](C=O)CCCC[NH3+],1,9.682811,0
CC(C)C[C@H](NC(=O)[C@H](CCCNC(N)=[NH2+])NC(=O)[C@H](CCC(=O)O)NC(=O)[C@H](CC(=O)O)NC(=O)[C@H](C)NC(=O)[C@@H]1CCCN1C(=O)[C@H](CS)NC(=O)[C@H](CC(N)=O)NC(=O)[C@H](CCCNC(N)=[NH2+])NC(=O)[C@H](Cc1ccccc1)NC(=O)[C@H](CCCNC(N)=[NH2+])NC(=O)[C@H](CC(=O)O)NC(=O)[C@H](CCCNC(N)=[NH2+])NC(=O)[C@H](CS)NC(=O)[C@H](C)N)C(=O)N[C@@H](CS)C(=O)NCC=O,1,5.8206205,0
CC(C)C[C@H](NC(=O)[C@H](C)NC(=O)[C@H](CCCC[NH3+])NC(=O)[C@H](CC(C)C)NC(=O)[C@H](C)NC(=O)[C@H](CC(C)C)NC(=O)[C@H](CCCC[NH3+])NC(=O)[C@H](CC(C)C)NC(=O)[C@H](C)NC(=O)[C@H](CC(C)C)NC(=O)[C@@H](N)CCCC[NH3+])C(=O)N[C@@H](CCCC[NH3+])C(=O)N[C@@H](C)C(=O)N[C@@H](C)C(=O)N[C@@H](CC(C)C)C(=O)N[C@@H](CCCC[NH3+])C(=O)N[C@@H](CC(C)C)C(=O)N[C@@H](C)C(=O)NCC(=O)N[C@H](C=O)CS,1,8.811384,0
NC(=[NH2+])NCCC[C@H](NC(=O)[C@H](CCCNC(N)=[NH2+])NC(=O)[C@H](CCCNC(N)=[NH2+])NC(=O)[C@H](CCCNC(N)=[NH2+])NC(=O)[C@H](CCCNC(N)=[NH2+])NC(=O)[C@H](CCCNC(N)=[NH2+])NC(=O)[C@H](CCCNC(N)=[NH2+])NC(=O)[C@@H](N)CCCNC(N)=[NH2+])C(=O)NCC(=O)N[C@@H](CS)C(N)=O,1,3.125926,0
CC[C@H](C)[C@H](NC(=O)[C@H](CCCC[NH3+])NC(=O)[C@H](CCCC[NH3+])NC(=O)[C@H](C)NC(=O)[C@H](CC(C)C)NC(=O)[C@H](C)NC(=O)[C@H](C)NC(=O)[C@H](CC(C)C)NC(=O)[C@H](C)NC(=O)[C@H](CCCC[NH3+])NC(=O)[C@H](CC(C)C)NC(=O)[C@H](CC(N)=O)NC(=O)[C@@H](NC(=O)[C@H](CCCC[NH3+])NC(=O)CNC(=O)[C@H](CC(C)C)NC(=O)[C@H](CC(C)C)NC(=O)[C@H](Cc1ccc(O)cc1)NC(=O)CNC(=O)[C@H](C)NC(=O)[C@H](CO)NC(=O)[C@H](CC(N)=O)NC(=O)[C@@H](N)CC(C)C)[C@@H](C)CC)C(=O)N[C@H](C=O)CC(C)C,1,8.996515,0
CC(=O)N[C@@H](CS)C(=O)N[C@@H](Cc1c[nH]c2ccccc12)C(=O)N[C@@H](CCCC[NH3+])C(=O)N[C@@H](CCCC[NH3+])C(=O)N[C@@H](CCCC[NH3+])C(=O)N[C@@H](CCCC[NH3+])C(=O)N[C@@H](CCCC[NH3+])C(=O)N[C@@H](CCCC[NH3+])C(=O)N[C@@H](CCCC[NH3+])C(=O)N[C@@H](CCCC[NH3+])C(=O)N[C@@H](CCCC[NH3+])C(=O)N[C@@H](CCCC[NH3+])C(=O)N[C@@H](CCCC[NH3+])C(=O)N[C@@H](CCCC[NH3+])C(=O)N[C@@H](CCCC[NH3+])C(=O)N[C@@H](CCCC[NH3+])C(=O)N[C@@H](CCCC[NH3+])C(=O)N[C@@H](CCCC[NH3+])C(=O)N[C@@H](CCCC[NH3+])C(=O)N[C@H](C=O)CCCC[NH3+],1,12.972589,0
CC[C@H](C)[C@H](NC(=O)[C@H](CCCC[NH3+])NC(=O)[C@@H](NC(=O)[C@H](CCC(N)=O)NC(=O)[C@@H]([NH3+])CCCNC(N)=[NH2+])[C@@H](C)CC)C(=O)N[C@@H](Cc1c[nH]c2ccccc12)C(=O)N[C@@H](Cc1ccccc1)C(=O)N[C@@H](CCC(N)=O)C(=O)N[C@@H](CC(N)=O)C(=O)N[C@@H](CCCNC(N)=[NH2+])C(=O)N[C@@H](CCCNC(N)=[NH2+])C(=O)N[C@@H](CCSC)C(=O)N[C@@H](CCCC[NH3+])C(=O)N[C@@H](Cc1c[nH]c2ccccc12)C(=O)N[C@@H](CCCC[NH3+])C(=O)N[C@@H](CCCC[NH3+])C(=O)O,1,6.170093,0
C[C@H](N)C(=O)N[C@@H](CS)C(=O)N[C@@H](CCCNC(N)=[NH2+])C(=O)N[C@@H](CCCNC(N)=[NH2+])C(=O)N[C@@H](CO)C(=O)N[C@@H](CCCNC(N)=[NH2+])C(=O)N[C@@H](CCCNC(N)=[NH2+])C(=O)NCC(=O)N[C@@H](CS)C(=O)NCC(=O)N[C@@H](CCCNC(N)=[NH2+])C(=O)N[C@@H](CCCNC(N)=[NH2+])C(=O)N[C@@H](CO)C(=O)N[C@@H](CCCNC(N)=[NH2+])C(=O)N[C@@H](CCCNC(N)=[NH2+])C(=O)N[C@@H](CS)C(=O)NCC=O,1,9.53569,0
CC(=O)N[C@@H](CCCNC(N)=[NH2+])C(=O)N[C@@H](CC(C)C)C(=O)N[C@@H](CC(C)C)C(=O)N[C@@H](CCCNC(N)=[NH2+])C(=O)N[C@@H](CC(C)C)C(=O)N[C@@H](CC(C)C)C(=O)N[C@@H](CC(C)C)C(=O)N[C@@H](CCCNC(N)=[NH2+])C(=O)N[C@@H](CC(C)C)C(=O)N[C@@H](Cc1c[nH]c2ccccc12)C(=O)N[C@@H](CCCNC(N)=[NH2+])C(=O)N[C@@H](CCCNC(N)=[NH2+])C(=O)N[C@@H](CC(C)C)C(=O)N[C@@H](CC(C)C)C(=O)N[C@@H](CCCNC(N)=[NH2+])C(=O)N[C@@H](CC(C)C)C(=O)N[C@@H](CC(C)C)C(=O)N[C@@H](CCCNC(N)=[NH2+])C(N)=O,1,-0.014562088,0
C[C@H](NC(=O)[C@H](CCCC[NH3+])NC(=O)[C@H](CO)NC(=O)[C@H](CCCNC(N)=[NH2+])NC(=O)[C@H](C)NC(O)C(CC1CNCN1)NC(O)C(CC1CNCN1)NC(=O)[C@H](CCCNC(N)=[NH2+])NC(=O)[C@H](CCCNC(N)=[NH2+])NC(=O)[C@@H](N)CO)C(=O)N[C@@H](CCCC[NH3+])C(=O)N[C@@H](CCCNC(N)=[NH2+])C(=O)N[C@@H](CO)C(=O)N[C@@H](CCCNC(N)=[NH2+])C(=O)NC(CC1CNCN1)C(O)NC(CO)CC1CNCN1,1,6.516339,0
NC(=[NH2+])NCCC[C@@H](C=O)NC(=O)[C@H](CCCNC(N)=[NH2+])NC(=O)[C@H](CCCNC(N)=[NH2+])NC(=O)[C@H](CCCNC(N)=[NH2+])NC(=O)[C@H](CCCNC(N)=[NH2+])NC(=O)[C@H](CCCNC(N)=[NH2+])NC(=O)[C@H](CCCNC(N)=[NH2+])NC(=O)[C@H](CCCNC(N)=[NH2+])NC(=O)[C@H](CCCNC(N)=[NH2+])NC(=O)[C@H](CCCNC(N)=[NH2+])NC(=O)[C@@H](N)CCCNC(N)=[NH2+],1,13.286216,0
C[C@H](NC(=O)[C@H](CCC(N)=O)NC(=O)[C@@H](N)CCCNC(N)=[NH2+])C(=O)N[C@@H](CCCNC(N)=[NH2+])C(=O)N[C@@H](CCCNC(N)=[NH2+])C(=O)N[C@@H](CC(N)=O)C(=O)N[C@@H](CCCNC(N)=[NH2+])C(=O)N[C@@H](CCCNC(N)=[NH2+])C(=O)N[C@@H](CCCNC(N)=[NH2+])C(=O)N[C@H](C=O)CS,1,9.315119,0
CC[C@H](C)[C@H](NC(=O)[C@H](CCCC[NH3+])NC(=O)[C@@H](NC(=O)[C@H](CCC(N)=O)NC(=O)[C@@H]([NH3+])CCCNC(N)=[NH2+])[C@@H](C)CC)C(=O)N[C@@H](Cc1c[nH]c2ccccc12)C(=O)N[C@@H](Cc1ccccc1)C(=O)N[C@@H](CCC(N)=O)C(=O)N[C@@H](CC(N)=O)C(=O)N[C@@H](CCCNC(N)=[NH2+])C(=O)N[C@@H](CCCNC(N)=[NH2+])C(=O)N[C@@H](CCSC)C(=O)N[C@@H](CCCC[NH3+])C(=O)N[C@@H](Cc1c[nH]c2ccccc12)C(=O)N[C@@H](CCCC[NH3+])C(=O)N[C@@H](CCCC[NH3+])C(=O)O,1,6.170093,0
NC(=[NH2+])NCCC[C@@H](NC(=O)[C@H](N)CS)C(=O)N[C@H](Cc1c[nH]c2ccccc12)C(=O)N[C@H](CCCNC(N)=[NH2+])C(=O)N[C@H](Cc1c[nH]c2ccccc12)C(=O)N[C@H](CCCC[NH3+])C(=O)N[C@H](CS)C(=O)N[C@H](CS)C(=O)N[C@H](CCCC[NH3+])C(=O)N[C@@H](C=O)CCCC[NH3+],1,7.1897025,0
NC(=[NH2+])NCCC[C@H](NC(=O)[C@H](Cc1c[nH]c2ccccc12)NC(=O)[C@@H](CCCNC(N)=[NH2+])NC(=O)[C@@H](N)CS)C(=O)N[C@@H](Cc1c[nH]c2ccccc12)C(=O)N[C@@H](CCCC[NH3+])C(=O)N[C@@H](CS)C(=O)N[C@@H](CS)C(=O)N[C@@H](CCCC[NH3+])C(=O)N[C@H](C=O)CCCC[NH3+],1,7.048384,0
CC[C@H](C)[C@H](NC(=O)[C@H](CC(C)C)NC(=O)[C@@H](N)CCCC[NH3+])C(=O)N[C@@H](CCCC[NH3+])C(=O)NCC(=O)N[C@@H](CCCNC(N)=[NH2+])C(=O)N[C@H](C(=O)N1CCC[C@H]1C(=O)N[C@H](C(=O)N[C@@H](CCCC[NH3+])C(=O)N[C@@H](Cc1ccccc1)C(=O)NCC(=O)N[C@@H](CCCC[NH3+])C(=O)N[C@@H](C)C(=O)N[C@@H](CC(=O)O)C(=O)N[C@@H](CS)C(=O)N[C@@H](CC(=O)O)C(=O)N[C@@H](CCCNC(N)=[NH2+])C(=O)N1CCC[C@H]1C(=O)N1CCC[C@H]1C(=O)N[C@@H](CCCC[NH3+])C(=O)NC(CC1CNCN1)C(O)N[C@@H](CO)C(=O)NCC(=O)N[C@H](C=O)CCCC[NH3+])[C@@H](C)CC)[C@@H](C)O,1,9.984684,0
CC[C@H](C)[C@H](NC(=O)[C@H](CCCC[NH3+])NC(=O)[C@@H](NC(=O)[C@H](CCC(N)=O)NC(=O)[C@@H]([NH3+])CCCNC(N)=[NH2+])[C@@H](C)CC)C(=O)N[C@@H](Cc1c[nH]c2ccccc12)C(=O)N[C@@H](Cc1ccccc1)C(=O)N[C@@H](CCC(N)=O)C(=O)N[C@@H](CC(N)=O)C(=O)N[C@@H](CCCNC(N)=[NH2+])C(=O)N[C@@H](CCCNC(N)=[NH2+])C(=O)N[C@@H](CCSC)C(=O)N[C@@H](CCCC[NH3+])C(=O)N[C@@H](Cc1c[nH]c2ccccc12)C(=O)N[C@@H](CCCC[NH3+])C(=O)N[C@@H](CCCC[NH3+])C(=O)O,1,6.170093,0
C[C@H](NC(=O)[C@H](CCCNC(N)=[NH2+])NC(=O)[C@H](CCCNC(N)=[NH2+])NC(=O)[C@H](CCC(=O)O)NC(=O)[C@H](CCCNC(N)=[NH2+])NC(=O)[C@H](CCCNC(N)=[NH2+])NC(=O)[C@@H](N)CCCNC(N)=[NH2+])C(=O)N[C@@H](CCC(=O)O)C(=O)N[C@H](C=O)CCCC[NH3+],1,12.359846,0
NCC(=O)N[C@@H](CCCNC(N)=[NH2+])C(=O)N[C@@H](CCCC[NH3+])C(=O)N[C@@H](CCCC[NH3+])C(=O)N[C@@H](CCCNC(N)=[NH2+])C(=O)N[C@@H](CCCNC(N)=[NH2+])C(=O)N[C@@H](CCC(N)=O)C(=O)N[C@@H](CCCNC(N)=[NH2+])C(=O)N[C@@H](CCCNC(N)=[NH2+])C(=O)N[C@@H](CCCNC(N)=[NH2+])C(=O)N1CCC[C@H]1C(=O)N1CCC[C@H]1C(=O)N[C@H](C=O)CCC(N)=O,1,12.281309,0
NC(=[NH2+])NCCC[C@@H](C=O)NC(=O)[C@H](CCCNC(N)=[NH2+])NC(=O)[C@H](CCCNC(N)=[NH2+])NC(=O)[C@H](CCCNC(N)=[NH2+])NC(=O)[C@H](CCCNC(N)=[NH2+])NC(=O)[C@H](CCCNC(N)=[NH2+])NC(=O)[C@H](CCCNC(N)=[NH2+])NC(=O)[C@H](CCCNC(N)=[NH2+])NC(=O)[C@H](Cc1c[nH]c2ccccc12)NC(=O)[C@H](Cc1c[nH]c2ccccc12)NC(=O)[C@H](Cc1c[nH]c2ccccc12)NC(=O)[C@@H](N)Cc1c[nH]c2ccccc12,1,8.195252,0
CC[C@H](C)[C@H](NC(=O)[C@H](CCCNC(N)=[NH2+])NC(=O)[C@@H](NC(=O)[C@H](CCC(N)=O)NC(=O)[C@@H](N)CCCNC(N)=[NH2+])[C@@H](C)CC)C(=O)N[C@@H](Cc1c[nH]c2ccccc12)C(=O)N[C@@H](Cc1ccccc1)C(=O)N[C@@H](CCC(N)=O)C(=O)N[C@@H](CC(N)=O)C(=O)N[C@@H](CCCNC(N)=[NH2+])C(=O)N[C@@H](CCCNC(N)=[NH2+])C(=O)N[C@@H](CCSC)C(=O)N[C@@H](CCCNC(N)=[NH2+])C(=O)N[C@@H](Cc1c[nH]c2ccccc12)C(=O)N[C@@H](CCCNC(N)=[NH2+])C(=O)N[C@H](C=O)CCCNC(N)=[NH2+],1,10.498378,0
CC(C)C[C@H](NC(=O)[C@H](CO)NC(=O)[C@H](CO)NC(=O)[C@H](Cc1c[nH]c2ccccc12)NC(=O)[C@H](CC(C)C)NC(=O)[C@H](CO)NC(=O)[C@@H]1CCCN1C(=O)[C@H](Cc1c[nH]c2ccccc12)NC(=O)[C@H](C)NC(=O)[C@H](CO)NC(=O)[C@H](Cc1c[nH]c2ccccc12)NC(=O)[C@H](CC(C)C)NC(=O)[C@@H](N)CCCC[NH3+])C(=O)N[C@@H](Cc1c[nH]c2ccccc12)C(=O)N[C@@H](CCCC[NH3+])C(=O)N1CCC[C@H]1C(N)=O,1,-4.7249475,0
CC[C@H](C)[C@@H]1NC(=O)[C@@H]2CCCN2C(=O)[C@@H]2CCCN2C(=O)[C@H]([C@@H](C)CC)NC(=O)[C@H](CO)NC(=O)[C@H](CCCC[NH3+])NC(=O)[C@H]([C@@H](C)O)NC(=O)[C@@H]2CSSC[C@H](NC1=O)C(=O)N[C@@H](Cc1ccccc1)C(=O)N1CCC[C@H]1C(=O)N[C@@H](CC(=O)O)C(=O)NCC(=O)N[C@@H](CCCNC(N)=[NH2+])C(=O)N2,1,-3.82126,0
CC(C)C[C@H](NC(=O)[C@@H](NC(=O)[C@H](CCCCN)NC(=O)[C@H](Cc1ccc(O)cc1)NC(=O)[C@@H](NC(=O)[C@H](Cc1ccc(O)cc1)NC(=O)[C@@H](NC(=O)[C@H](CO)NC(=O)[C@H](Cc1ccc(O)cc1)NC(=O)[C@H](CO)NC(=O)[C@H](CCC(=O)O)NC(=O)[C@H](CCCCN)NC(=O)[C@H](CCCNC(=N)N)NC(=O)[C@H](CO)NC(=O)[C@H](CCCNC(=N)N)NC1=[O+]C(CN)CC[C@@H]1NC(=O)[C@H](CCCNC(=N)N)NC(=O)[C@H](CCCCN)NC(=O)[C@H](CCCCN)NC(=O)CNC(=O)[C@H](CC(=O)O)NC(=O)[C@H](CCCCN)NC(=O)[C@H](CCCCN)NC(=O)[C@H](CCC(N)=O)NC(=O)[C@H](C)NC(=O)[C@H](CCCCN)NC(=O)[C@@H](NC(=O)[C@@H](NC(=O)[C@H](C)NC(=O)[C@H](CCCCN)NC(=O)[C@H](CCCCN)NC(=O)[C@H](CO)NC(=O)CNC(=O)[C@@H](N)CCCCN)C(C)C)[C@@H](C)O)C(C)C)C(C)C)C(C)C)C(=O)N[C@@H](CCCCN)C(=O)N[C@H](C=O)CCC(N)=O,1,2.6043332,0
C[C@@H](O)[C@@H](C=O)NC(=O)[C@H](CCCNC(N)=[NH2+])NC(=O)[C@H](CCCC[NH3+])NC(=O)[C@H](CCCC[NH3+])NC(=O)[C@H](CCCNC(N)=[NH2+])NC(=O)[C@H](CCCC[NH3+])NC(=O)[C@H](CCCNC(N)=[NH2+])NC(=O)CN,1,9.163316,0
C[C@H](NC(=O)[C@H](CCCNC(N)=[NH2+])NC(=O)[C@H](CCCNC(N)=[NH2+])NC(=O)[C@H](CCCNC(N)=[NH2+])NC(=O)[C@H](CCCNC(N)=[NH2+])NC(=O)CN)C(=O)N[C@H](C(=O)N[C@@H](C)C(=O)N[C@@H](CCCC[NH3+])C(=O)N[C@@H](Cc1ccc(O)cc1)C(=O)N[C@@H](CCCNC(N)=[NH2+])C(=O)N[C@H](C(=O)N[C@@H](C)C(=O)NC(CO)CC1CNCN1)[C@@H](C)O)[C@@H](C)O,1,4.788857,0
CC[C@H](C)[C@H](NC(=O)[C@H](CCCC[NH3+])NC(=O)[C@H](C)NC(=O)[C@H](CCC(N)=O)NC(=O)[C@@H](N)CCCNC(N)=[NH2+])C(=O)N[C@@H](Cc1c[nH]c2ccccc12)C(=O)N[C@@H](Cc1ccccc1)C(=O)N[C@@H](CCC(N)=O)C(=O)N[C@@H](CC(N)=O)C(=O)N[C@@H](CCCNC(N)=[NH2+])C(=O)N[C@@H](CCCNC(N)=[NH2+])C(=O)N[C@@H](CCSC)C(=O)N[C@@H](CCCC[NH3+])C(=O)N[C@@H](Cc1c[nH]c2ccccc12)C(=O)N[C@@H](CCCC[NH3+])C(=O)N[C@H](C=O)CCCC[NH3+],1,10.928602,0
CC[C@H](C)[C@H](NC(=O)[C@H](CCCC[NH3+])NC(=O)[C@@H](NC(=O)[C@H](CCC(N)=O)NC(=O)[C@@H](N)CCCNC(N)=[NH2+])[C@@H](C)CC)C(=O)N[C@@H](Cc1c[nH]c2ccccc12)C(=O)N[C@@H](Cc1ccccc1)C(=O)N[C@@H](CCC(N)=O)C(=O)N[C@@H](CC(N)=O)C(=O)N[C@@H](CCCNC(N)=[NH2+])C(=O)N[C@@H](CCCNC(N)=[NH2+])C(=O)N[C@H](C=O)CCSC,1,9.015248,0
CC[C@H](C)[C@H](NC(=O)[C@@H](NC(=O)[C@@H]1CCCN1C(=O)[C@H](CCCC[NH3+])NC(=O)[C@H](CCCC[NH3+])NC(=O)[C@@H](NC(=O)[C@@H]1CCCN1C(=O)[C@H](CCCC[NH3+])NC(=O)[C@@H](NC(=O)[C@@H](NC(=O)[C@@H](NC(=O)[C@H](CCCC[NH3+])NC(=O)[C@H](CCCC[NH3+])NC(=O)CNC(=O)[C@@H]1CCCN1C(=O)[C@H](CCCC[NH3+])NC(=O)[C@H](CCCC[NH3+])NC(=O)[C@H](CC(N)=O)NC(=O)[C@@H]1CCCN1C(=O)[C@@H](NC(=O)[C@H](CCCNC(N)=[NH2+])NC(=O)[C@@H](N)CCCC[NH3+])[C@@H](C)CC)[C@@H](C)O)[C@@H](C)O)[C@@H](C)O)[C@@H](C)O)[C@@H](C)O)C(=O)N[C@@H](CCCC[NH3+])C(=O)N[C@H](C(=O)N[C@H](C(=O)N[C@@H](CCCC[NH3+])C(=O)N[C@H](C=O)CCCC[NH3+])[C@@H](C)O)[C@@H](C)O,1,10.315497,0
NC(=[NH2+])NCCC[C@@H](N)C(=O)N[C@H](CCCNC(N)=[NH2+])C(=O)N[C@H](CCCNC(N)=[NH2+])C(=O)N[C@H](CCCNC(N)=[NH2+])C(=O)N[C@H](CCCNC(N)=[NH2+])C(=O)N[C@H](CCCNC(N)=[NH2+])C(=O)N[C@H](CCCNC(N)=[NH2+])C(=O)N[C@H](CCCNC(N)=[NH2+])C(=O)N[C@H](CCCNC(N)=[NH2+])C(=O)N[C@H](CCCNC(N)=[NH2+])C(=O)N[C@H](CCCNC(N)=[NH2+])C(=O)N[C@H](CCCNC(N)=[NH2+])C(N)=O,1,5.238572,0
C[C@@H](O)[C@H](NC(=O)[C@H](CCCNC(N)=[NH2+])NC(=O)[C@H](CCCC[NH3+])NC(=O)[C@H](CC(N)=O)NC(=O)CNC(=O)[C@@H](N)CS)C(=O)N[C@@H](CCCNC(N)=[NH2+])C(=O)NCC(=O)N[C@H](C=O)CS,1,3.5176241,0
CC(C)C[C@H](NC(=O)CN)C(=O)N[C@@H](CCCC[NH3+])C(=O)N[C@@H](CCCC[NH3+])C(=O)N[C@@H](CC(C)C)C(=O)N[C@@H](C)C(=O)N[C@@H](CCC(=O)O)C(=O)N[C@@H](CC(C)C)C(=O)N[C@@H](C)C(=O)NC(CC1CNCN1)C(O)N[C@@H](CCCC[NH3+])C(=O)N[C@@H](CC(C)C)C(=O)N[C@@H](CC(C)C)C(=O)N[C@@H](CCCC[NH3+])C(=O)N[C@@H](CC(C)C)C(=O)NCC(=O)N[C@@H](CS)C(N)=O,1,0.42920712,0
CC[C@H](C)[C@H](NC(=O)[C@H](CCCNC(N)=[NH2+])NC(=O)[C@@H](N)CCCC[NH3+])C(=O)N1CCC[C@H]1C(=O)N[C@@H](CC(N)=O)C(=O)N[C@@H](CCCC[NH3+])C(=O)N[C@@H](CCCC[NH3+])C(=O)N1CCC[C@H]1C(=O)N[C@@H](CCCC[NH3+])C(=O)N[C@H](C=O)CCCC[NH3+],1,11.474989,0
CCC[C@@H](C=O)NC(=O)[C@H](C)NC(=O)[C@H](C)NC(=O)[C@H](Cc1c[nH]c2ccccc12)NC(=O)[C@H](CCC(=O)O)NC(=O)CNC(=O)[C@@H](NC(=O)[C@H](CC(C)C)NC(=O)[C@H](CCCNC(=N)N)NC(=O)[C@H](CCC)NC(=O)[C@@H](NC(=O)[C@H](Cc1c[nH]cn1)NC(=O)[C@@H](NC(=O)[C@@H](NC(=O)[C@H](Cc1ccccc1)NC(=O)[C@@H](NC(=O)[C@H](CCCNC(=N)N)NC(=O)[C@@H](NC(=O)[C@H](CCCNC(=N)N)NC(=O)[C@H](CCC)NC(=O)[C@H](CCC)NC(=O)CNC(=O)[C@H](CS)NC(=O)[C@H](C)NC(=O)[C@H](CCCNC(=N)N)NC(=O)[C@H](CCCNC(=N)N)NC(=O)[C@@H](NC(=O)[C@H](CCCNC(=N)N)NC(=O)[C@H](CC(C)C)NC(=O)[C@@H](NC(=O)[C@@H](NC(=O)[C@H](CC(C)C)NC(=O)[C@H](Cc1ccccc1)NC(=O)[C@H](CCCNC(=N)N)NC(=O)[C@H](CCCNC(=N)N)NC(=O)[C@@H](NC(=O)[C@@H](N)CCSC)C(C)C)C(C)C)[C@@H](C)O)[C@@H](C)CC)C(C)C)C(C)C)C(C)C)C(C)C)[C@@H](C)CC)[C@@H](C)O,1,-1.332941,0
CC(C)C[C@H](NC(=O)[C@H](CCCC[NH3+])NC(=O)[C@H](CCCNC(N)=[NH2+])NC(=O)[C@H](Cc1ccccc1)NC(=O)[C@H](Cc1ccccc1)NC(=O)[C@H](CCCC[NH3+])NC(=O)[C@H](CCCC[NH3+])NC(=O)[C@H](Cc1ccccc1)NC(=O)[C@H](CCCNC(N)=[NH2+])NC(=O)[C@H](CCCC[NH3+])NC(=O)[C@@H](N)C(C)C)C(=O)N[C@@H](CCCC[NH3+])C(=O)N[C@@H](CCCC[NH3+])C(=O)N[C@@H](CC(C)C)C(=O)N[C@H](C(N)=O)C(C)C,1,0.71007466,0
CC[C@H](C)[C@H](NC(=O)[C@H](CC(C)C)NC(=O)[C@@H](NC(=O)[C@H](CCCNC(N)=[NH2+])NC(=O)[C@H](Cc1ccccc1)NC(=O)[C@@H](NC(=O)[C@@H](NC(=O)[C@@H](N)CC(C)C)[C@@H](C)CC)[C@@H](C)CC)[C@@H](C)CC)C(=O)N[C@@H](CO)C(=O)NC(CC1CNCN1)C(O)N[C@@H](CCCNC(N)=[NH2+])C(=O)N[C@H](C=O)CCCNC(N)=[NH2+],1,9.587845,0
CC[C@H](C)[C@H](NC(=O)[C@H](C)NC(=O)[C@@H](NC(=O)[C@@H](N)Cc1ccc(O)cc1)[C@@H](C)O)C(=O)N[C@@H](C)C(=O)N[C@@H](Cc1c[nH]c2ccccc12)C(=O)N[C@H](C(=O)N[C@@H](CCCC[NH3+])C(=O)N[C@@H](C)C(=O)N[C@@H](Cc1ccccc1)C(=O)N[C@H](C(=O)N[C@@H](CCCNC(N)=[NH2+])C(=O)N[C@@H](CCCC[NH3+])C(=O)N[C@@H](CC(C)C)C(=O)N[C@@H](CCCNC(N)=[NH2+])C(=O)N[C@H](C=O)CCCC[NH3+])[C@@H](C)CC)C(C)C,1,8.541251,0
CCC(NC(=O)[C@H](CC(=O)O)NC(=O)CN)C(O)N[C@@H](CC(C)C)C(=O)N1CCC[C@H]1C(=O)NC(CC1CNCN1)C(O)N[C@@H](CC(C)C)C(=O)N[C@@H](CCCCN)C(=O)N[C@@H](CC(C)C)C(=O)N[C@@H](CS)C(=O)O,1,-1.3612164,0
CC[C@H](C)[C@H](NC(=O)[C@H](CS)NC(=O)[C@H](CO)NC(=O)[C@@H](NC(=O)[C@@H]1CCCN1C(=O)[C@@H]1CCCN1C(=O)CNC(=O)[C@H](CCCNC(N)=[NH2+])NC(=O)[C@@H](NC(=O)[C@H](CCCC[NH3+])NC(=O)[C@H](CCCNC(N)=[NH2+])NC(=O)[C@H](CCSC)NC(=O)[C@H](CC(N)=O)NC(=O)[C@H](CCCNC(N)=[NH2+])NC(=O)[C@H](CCC(N)=O)NC(=O)[C@H](Cc1c[nH]c2ccccc12)NC(=O)[C@@H](N)CCC(N)=O)C(C)C)C(C)C)C(=O)N[C@@H](CCCC[NH3+])C(=O)N[C@H](C=O)CCCNC(N)=[NH2+],1,7.7376685,0
C[C@H](N)C(=O)N[C@@H](CS)C(=O)N[C@@H](CCCNC(N)=[NH2+])C(=O)NCC(=O)N[C@@H](CCCNC(N)=[NH2+])C(=O)NCC(=O)N[C@@H](CCCNC(N)=[NH2+])C(=O)NCC(=O)N[C@@H](CS)C(=O)N[C@@H](CCCNC(N)=[NH2+])C(=O)NCC(=O)N[C@@H](CCCNC(N)=[NH2+])C(=O)NCC(=O)N[C@@H](CCCNC(N)=[NH2+])C(=O)NCC(=O)N[C@@H](CS)C(=O)NCC=O,1,7.810285,0
CC[C@H](C)[C@H](NC(=O)[C@H](CCCC[NH3+])NC(=O)[C@H](Cc1ccccc1)NC(=O)[C@@H](NC(=O)[C@@H](NC(=O)[C@@H](N)CCSC)[C@@H](C)CC)[C@@H](C)CC)C(=O)N[C@@H](C)C(=O)N[C@@H](C)C(=O)N[C@@H](CO)C(=O)NC(CC1CNCN1)C(O)N[C@@H](CCCC[NH3+])C(=O)N[C@H](C=O)CCCC[NH3+],1,9.630239,0
CC[C@H](C)[C@H](NC(=O)[C@H](CCCNC(N)=[NH2+])NC(=O)[C@H](CCCNC(N)=[NH2+])NC(=O)[C@H](CCCNC(N)=[NH2+])NC(=O)[C@H](CC(C)C)NC(=O)[C@@H](NC(=O)[C@@H](NC(=O)[C@H](CC(C)C)NC(=O)[C@@H](N)CC(C)C)[C@@H](C)CC)[C@@H](C)CC)C(=O)N[C@@H](CCCNC(N)=[NH2+])C(=O)N[C@@H](CCCC[NH3+])C(=O)N[C@@H](CCC(N)=O)C(=O)N[C@@H](C)C(=O)NC(CC1CNCN1)C(O)N[C@H](C)C(=O)NC(CC1CNCN1)C(O)N[C@@H](CO)C(=O)N[C@H](C=O)CCCC[NH3+],1,12.037597,0
CC[C@H](C)[C@H](NC(=O)[C@H](CC(C)C)NC(=O)[C@H](CC(=O)O)NC(=O)[C@H](CCCNC(N)=[NH2+])NC(=O)[C@H](C)NC(=O)[C@@H](NC(=O)[C@@H](NC(=O)[C@@H](N)CCSC)[C@@H](C)CC)[C@@H](C)CC)C(=O)N[C@H](C=O)CO,1,8.014974,0
CC[C@H](C)[C@H](NC(=O)[C@H](CCCC[NH3+])NC(=O)[C@H](CCCC[NH3+])NC(=O)[C@H](C)NC(=O)[C@H](CC(C)C)NC(=O)[C@H](C)NC(=O)[C@H](C)NC(=O)[C@H](CC(C)C)NC(=O)[C@H](C)NC(=O)[C@H](CCCC[NH3+])NC(=O)[C@H](CC(C)C)NC(=O)[C@H](CC(N)=O)NC(=O)[C@@H](NC(=O)[C@H](CCCC[NH3+])NC(=O)CNC(=O)[C@H](CC(C)C)NC(=O)[C@H](CC(C)C)NC(=O)[C@H](Cc1ccc(O)cc1)NC(=O)CNC(=O)[C@H](C)NC(=O)[C@H](CO)NC(=O)[C@H](CC(N)=O)NC(=O)[C@H](CC(C)C)NC(=O)[C@@H](NC(=O)[C@H](Cc1c[nH]c2ccccc12)NC(=O)CN)[C@@H](C)O)[C@@H](C)CC)C(=O)N[C@H](C=O)CC(C)C,1,8.031743,0
CC[C@H](C)[C@H](NC(=O)CNC(=O)[C@H](CC(=O)O)NC(=O)[C@H](CO)NC(=O)[C@@H]([NH3+])Cc1c[nH]cn1)C(=O)N[C@@H](Cc1ccccc1)C(=O)N[C@H](C(=O)N[C@@H](CC(=O)O)C(=O)N[C@@H](CO)C(=O)N[C@@H](Cc1ccc(O)cc1)C(=O)N[C@@H](CO)C(=O)N[C@@H](CCCNC(N)=[NH2+])C(=O)N[C@@H](Cc1ccc(O)cc1)C(=O)N[C@@H](CCCNC(N)=[NH2+])C(=O)N[C@@H](CCCC[NH3+])C(=O)N[C@@H](CCC(N)=O)C(=O)N[C@@H](CCSC)C(=O)N[C@@H](C)C(=O)N[C@H](C(=O)N[C@@H](CCCC[NH3+])C(=O)N[C@@H](CCCC[NH3+])C(=O)N[C@@H](Cc1ccc(O)cc1)C(=O)N[C@@H](CC(C)C)C(=O)N[C@@H](C)C(=O)N[C@@H](C)C(=O)N[C@H](C(=O)N[C@@H](CC(C)C)C(=O)NCC(=O)N[C@@H](CCCC[NH3+])C(=O)N[C@@H](CCCNC(N)=[NH2+])C(=O)N[C@@H](Cc1ccc(O)cc1)C(=O)N[C@@H](CCCC[NH3+])C(=O)N[C@@H](CCC(N)=O)C(=O)N[C@@H](CCCNC(N)=[NH2+])C(=O)N[C@H](C(=O)N[C@@H](CCCC[NH3+])C(=O)N[C@@H](CC(N)=O)C(=O)N[C@@H](CCCC[NH3+])C(N)=O)C(C)C)C(C)C)C(C)C)[C@@H](C)O,1,-2.0293005,0
CC[C@H](C)[C@H](NC(=O)[C@H](CC(N)=O)NC(=O)[C@H](C)NC(=O)[C@H](CC(C)C)NC(=O)[C@H](CC(C)C)NC(=O)[C@H](CC(N)=O)NC(=O)[C@H](CO)NC(O)C(CC1CNCN1)NC(O)C(CC1CNCN1)NC(=O)[C@H](CCCNC(N)=[NH2+])NC(=O)[C@H](CC(C)C)NC(O)C(CC1CNCN1)NC(=O)[C@H](CCCNC(N)=[NH2+])NC(=O)[C@H](CC(C)C)NC(=O)[C@H](CC(C)C)NC(=O)[C@H](CC(C)C)NC(=O)CNC(=O)[C@H](CC(C)C)NC(C)=O)C(N)=O,1,-2.4800763,0
NC(=[NH2+])NCCC[C@@H](N)C(=O)N[C@H](CCCNC(N)=[NH2+])C(=O)N[C@H](CCCNC(N)=[NH2+])C(=O)N[C@H](CCCNC(N)=[NH2+])C(=O)N[C@H](CCCNC(N)=[NH2+])C(=O)N[C@H](CCCNC(N)=[NH2+])C(=O)N[C@H](CCCNC(N)=[NH2+])C(=O)N[C@H](CCCNC(N)=[NH2+])C(=O)N[C@H](CCCNC(N)=[NH2+])C(=O)N[C@H](CCCNC(N)=[NH2+])C(=O)N[C@H](CCCNC(N)=[NH2+])C(=O)N[C@H](CCCNC(N)=[NH2+])C(=O)NCC(=O)N[C@@H](CS)C(N)=O,1,6.8491597,0
CC(C)[C@H](NC(=O)[C@H](CCCNC(N)=[NH2+])NC(=O)[C@H](CCCNC(N)=[NH2+])NC(=O)[C@H](CCCNC(N)=[NH2+])NC(=O)[C@H](CC(N)=O)NC(=O)[C@H](CCCNC(N)=[NH2+])NC(=O)[C@H](CCCNC(N)=[NH2+])NC(=O)[C@@H](NC(=O)[C@@H](N)CCCNC(N)=[NH2+])[C@@H](C)O)C(=O)N[C@H](C=O)CCCNC(N)=[NH2+],1,12.049975,0
CC[C@H](C)[C@H](NC(=O)[C@H](CO)NC(=O)[C@H](CCCCN)NC(=O)[C@@H](NC(=O)[C@H](CCCNC(=N)N)NC(=O)[C@H](CCC(=O)O)NC(=O)[C@H](Cc1c[nH]c2ccccc12)NC(=O)[C@H](CCSC)NC(=O)[C@H](CO)NC(=O)[C@H](C)N)C(C)C)C(=O)N[C@H](C(=O)N[C@@H](CCCCN)C(=O)N[C@@H](CO)C(=O)N[C@@H](CO)C(=O)N[C@@H](CC(C)C)C(=O)N[C@@H](C)C(=O)N[C@@H](C)C(=O)N[C@@H](C)C(=O)N[C@@H](CO)C(=O)N[C@@H](CC(N)=O)C(=O)N[C@H](C=O)[C@@H](C)CC)[C@@H](C)CC,1,3.508235,0
C[C@H](NC(=O)[C@H](CCC(N)=O)NC(=O)[C@H](CCCC[NH3+])NC(=O)[C@H](CCC(=O)O)NC(=O)[C@H](C)NC(=O)[C@H](CCCNC(N)=[NH2+])NC(=O)[C@H](CCCNC(N)=[NH2+])NC(=O)[C@H](CCC(=O)O)NC(=O)[C@H](CCCNC(N)=[NH2+])NC(=O)[C@H](CCCNC(N)=[NH2+])NC(=O)[C@H](CCCNC(N)=[NH2+])NC(=O)[C@@H](NC(=O)[C@@H](N)CCC(N)=O)[C@@H](C)O)C(=O)N[C@@H](CCC(N)=O)C(=O)N[C@H](C=O)Cc1c[nH]c2ccccc12,1,10.025962,0
CC[C@H](C)[C@H](NC(=O)[C@H](C)NC(=O)[C@H](CC(C)C)NC(=O)[C@H](CCCC[NH3+])NC(=O)[C@H](CC(C)C)NC(=O)[C@@H](NC(=O)[C@@H](NC(=O)[C@@H](N)CCCC[NH3+])[C@@H](C)CC)[C@@H](C)O)C(=O)N[C@@H](CCCC[NH3+])C(=O)N[C@@H](C)C(=O)N[C@@H](Cc1c[nH]c2ccccc12)C(=O)N[C@@H](CCCC[NH3+])C(=O)N[C@@H](CC(C)C)C(=O)N[C@@H](C)C(=O)N[C@@H](CC(C)C)C(=O)N[C@@H](CCCC[NH3+])C(=O)N[C@@H](C)C(=O)N[C@@H](C)C(N)=O,1,2.0495892,0
NCC(=O)N[C@@H](CCCNC(N)=[NH2+])C(=O)NCC(=O)N[C@@H](CC(=O)O)C(=O)N[C@@H](CO)C(=O)N1CCC[C@H]1C(=O)N[C@@H](CCCNC(N)=[NH2+])C(=O)N[C@@H](CCCNC(N)=[NH2+])C(=O)N[C@@H](CO)C(=O)N1CCC[C@H]1C(=O)N[C@@H](CCCNC(N)=[NH2+])C(=O)N[C@H](C=O)CCCNC(N)=[NH2+],1,10.718835,0
CC[C@H](C)[C@H](NC(=O)[C@H](CC(C)C)NC(=O)[C@@H](N)CCCC[NH3+])C(=O)N[C@@H](CCCC[NH3+])C(=O)NCC(=O)N[C@@H](CCCNC(N)=[NH2+])C(=O)N[C@H](C(=O)N1CCC[C@H]1C(=O)N[C@H](C(=O)N[C@@H](CCCC[NH3+])C(=O)N[C@@H](Cc1ccccc1)C(=O)NCC(=O)N[C@@H](CCCC[NH3+])C(=O)N[C@@H](C)C(=O)N[C@@H](CCCNC(N)=[NH2+])C(=O)N[C@@H](CS)C(=O)N[C@@H](CCCNC(N)=[NH2+])C(=O)N[C@@H](CCCNC(N)=[NH2+])C(=O)N1CCC[C@H]1C(=O)N1CCC[C@H]1C(=O)N[C@@H](CCCC[NH3+])C(=O)NC(CC1CNCN1)C(O)N[C@@H](CO)C(=O)NCC(=O)N[C@H](C=O)CCCC[NH3+])[C@@H](C)CC)[C@@H](C)O,1,11.511516,0
CC[C@H](C)[C@H](NC(=O)[C@H](CCCNC(N)=[NH2+])NC(=O)[C@H](CC(C)C)NC(=O)[C@H](CCC(N)=O)NC(=O)[C@@H](N)CCCNC(N)=[NH2+])C(=O)N[C@@H](C)C(=O)NCC(=O)N[C@@H](CCCNC(N)=[NH2+])C(=O)N[C@@H](CCCNC(N)=[NH2+])C(=O)N[C@@H](CC(C)C)C(=O)N[C@@H](CCCNC(N)=[NH2+])C(=O)NCC(=O)N[C@@H](CCCNC(N)=[NH2+])C(=O)N[C@@H](CO)C(=O)N[C@H](C=O)CCCNC(N)=[NH2+],1,12.508967,0
NC(=[NH2+])NCCC[C@H](NC(=O)[C@H](CCCNC(N)=[NH2+])NC(=O)[C@H](CCCNC(N)=[NH2+])NC(=O)[C@H](CCCNC(N)=[NH2+])NC(=O)[C@H](CCCNC(N)=[NH2+])NC(=O)[C@H](CCCNC(N)=[NH2+])NC(=O)[C@H](CCCNC(N)=[NH2+])NC(=O)[C@H](CCCNC(N)=[NH2+])NC(=O)[C@@H](N)CCCNC(N)=[NH2+])C(N)=O,1,3.5103202,0
CC(C)C[C@H](NC(=O)CN)C(=O)N[C@@H](Cc1c[nH]c2ccccc12)C(=O)N[C@@H](CCCNC(N)=[NH2+])C(=O)N[C@@H](C)C(=O)N[C@@H](CC(C)C)C(=O)N[C@@H](Cc1c[nH]c2ccccc12)C(=O)N[C@@H](CCCNC(N)=[NH2+])C(=O)N[C@@H](CC(C)C)C(=O)N[C@@H](CC(C)C)C(=O)N[C@@H](CCCNC(N)=[NH2+])C(=O)N[C@@H](CO)C(=O)N[C@@H](CC(C)C)C(=O)N[C@@H](Cc1c[nH]c2ccccc12)C(=O)N[C@@H](CCCNC(N)=[NH2+])C(=O)N[C@@H](CC(C)C)C(=O)N[C@@H](CC(C)C)C(=O)N[C@@H](Cc1c[nH]c2ccccc12)C(=O)N[C@@H](CCCNC(N)=[NH2+])C(=O)N[C@@H](C)C=O,1,5.959786,0
CC(C)C[C@H](NC(=O)CN)C(=O)N[C@@H](CCCC[NH3+])C(=O)N[C@@H](CCCC[NH3+])C(=O)N[C@@H](CC(C)C)C(=O)N[C@@H](C)C(=O)N[C@@H](CCC(=O)O)C(=O)N[C@@H](CC(C)C)C(=O)N[C@@H](Cc1ccccc1)C(=O)NC(CC1CNCN1)C(O)N[C@@H](CCCC[NH3+])C(=O)N[C@@H](CC(C)C)C(=O)N[C@@H](CC(C)C)C(=O)N[C@@H](CCCC[NH3+])C(=O)N[C@@H](CC(C)C)C(=O)NCC(=O)N[C@@H](CS)C(N)=O,1,0.50891185,0
CSCC[C@H](NC(=O)[C@@H](NC(=O)[C@H](CO)NC(=O)CNC(=O)[C@H](C)NC(=O)[C@H](C)NC(=O)CNC(=O)[C@H](CC(C)C)NC(=O)[C@H](Cc1ccccc1)NC(=O)CNC(=O)[C@H](CC(C)C)NC(=O)[C@H](Cc1ccccc1)NC(=O)[C@H](CC(C)C)NC(=O)[C@H](C)NC(=O)CN)[C@@H](C)O)C(=O)NCC(=O)N[C@@H](C)C(=O)N[C@@H](Cc1c[nH]c2ccccc12)C(=O)N[C@@H](CO)C(=O)N[C@@H](CCC(N)=O)C(=O)N1CCC[C@H]1C(=O)N[C@@H](CCCC[NH3+])C(=O)N[C@@H](CO)C(=O)N[C@@H](CCCC[NH3+])C(=O)N[C@@H](CCCNC(N)=[NH2+])C(=O)N[C@@H](CCCC[NH3+])C(=O)N[C@H](C=O)C(C)C,1,6.4090986,0
CC[C@H](C)[C@H](NC(=O)[C@H](C)NC(=O)[C@H](C)NC(=O)[C@@H]1CCCN1C(=O)[C@H](CCCNC(N)=[NH2+])NC(=O)[C@@H](N)CCCC[NH3+])C(=O)N[C@@H](CCCC[NH3+])C(=O)N[C@@H](CCCC[NH3+])C(=O)N[C@@H](C)C(=O)NCC(=O)N[C@@H](CCC(N)=O)C(=O)N[C@@H](C)C(=O)N[C@@H](CCCC[NH3+])C(=O)N[C@@H](CCCC[NH3+])C(=O)N[C@@H](CCCC[NH3+])C(=O)N[C@H](C=O)CCCC[NH3+],1,13.317169,0
C[C@H](NC(=O)[C@H](CCCC[NH3+])NC(=O)[C@H](CO)NC(=O)[C@H](CCCNC(N)=[NH2+])NC(=O)[C@H](CS)NC(O)C(CC1CNCN1)NC(O)C(CC1CNCN1)NC(=O)[C@H](CCCNC(N)=[NH2+])NC(=O)[C@H](CCCNC(N)=[NH2+])NC(=O)CN)C(=O)N[C@@H](CCCC[NH3+])C(=O)N[C@@H](CCCNC(N)=[NH2+])C(=O)N[C@@H](CO)C(=O)N[C@@H](CCCNC(N)=[NH2+])C(=O)NC(CC1CNCN1)C(O)NC(CO)CC1CNCN1,1,5.3030086,0
C[C@H](N)C(=O)N[C@@H](CS)C(=O)N[C@@H](CO)C(=O)NCC(=O)N[C@@H](CO)C(=O)NCC(=O)N[C@@H](CO)C(=O)NCC(=O)N[C@@H](CS)C(=O)NCC(=O)N[C@@H](CO)C(=O)NCC(=O)N[C@@H](CO)C(=O)NCC(=O)N[C@@H](CO)C(=O)N[C@@H](CS)C(=O)NCC=O,1,-1.6331562,0
NC(=[NH2+])NCCC[C@@H](C=O)NC(=O)[C@H](CCCNC(N)=[NH2+])NC(=O)[C@H](CCCNC(N)=[NH2+])NC(=O)[C@H](CCCNC(N)=[NH2+])NC(=O)[C@H](CCCNC(N)=[NH2+])NC(=O)[C@H](CCCNC(N)=[NH2+])NC(=O)[C@H](CCCNC(N)=[NH2+])NC(=O)[C@@H](N)CCCNC(N)=[NH2+],1,12.6346655,0
NCC(=O)N[C@@H](CCCC[NH3+])C(=O)NC(CC1CNCN1)C(O)N[C@@H](CCCNC(N)=[NH2+])C(=O)NC(CC1CNCN1)C(O)N[C@@H](CCC(=O)O)C(=O)N[C@@H](CCCNC(N)=[NH2+])C(=O)NCC(=O)NC(CC1CNCN1)C(O)NC(CC1CNCN1)C(O)N[C@@H](CCCNC(N)=[NH2+])C(=O)N[C@@H](CC(=O)O)C(=O)N[C@@H](CCCNC(N)=[NH2+])C(=O)N[C@@H](CCCNC(N)=[NH2+])C(=O)N[C@@H](CCC(=O)O)C(=O)N[C@H](C=O)CCCNC(N)=[NH2+],1,9.943226,0
NC(=[NH2+])NCCC[C@@H](C=O)NC(=O)[C@H](CCCNC(N)=[NH2+])NC(=O)[C@H](CCCNC(N)=[NH2+])NC(=O)[C@H](CCCNC(N)=[NH2+])NC(=O)[C@H](CCCNC(N)=[NH2+])NC(=O)[C@H](CCCNC(N)=[NH2+])NC(=O)[C@H](CCCNC(N)=[NH2+])NC(=O)[C@H](CCCNC(N)=[NH2+])NC(=O)[C@@H](N)Cc1c[nH]c2ccccc12,1,11.003835,0
CC[C@H](C)[C@H](NC(=O)[C@H](CCCC[NH3+])NC(=O)[C@H](CC(C)C)NC(=O)[C@@H](NC(=O)[C@H](CO)NC(=O)[C@H](CCCC[NH3+])NC(=O)[C@H](Cc1c[nH]c2ccccc12)NC(=O)[C@@H](NC(=O)[C@H](CCCC[NH3+])NC(=O)[C@H](C)NC(=O)[C@@H](NC(=O)[C@H](CO)NC(=O)[C@H](CCCC[NH3+])NC(=O)[C@H](C)NC(=O)[C@H](C)NC(=O)[C@@H](NC(=O)[C@@H](N)CCCC[NH3+])[C@@H](C)CC)[C@@H](C)CC)[C@@H](C)CC)[C@@H](C)CC)C(=O)N[C@@H](C)C(N)=O,1,-2.9157457,0
CC[C@H](C)[C@H](NC(=O)[C@H](CCCC[NH3+])NC(=O)[C@@H](NC(=O)[C@H](CCC(N)=O)NC(=O)[C@@H]([NH3+])CCCNC(N)=[NH2+])[C@@H](C)CC)C(=O)N[C@@H](Cc1c[nH]c2ccccc12)C(=O)N[C@@H](Cc1ccccc1)C(=O)N[C@@H](CCC(N)=O)C(=O)N[C@@H](CC(N)=O)C(=O)N[C@@H](CCCNC(N)=[NH2+])C(=O)N[C@@H](CCCNC(N)=[NH2+])C(=O)N[C@@H](CCSC)C(=O)N[C@@H](CCCC[NH3+])C(=O)N[C@@H](Cc1c[nH]c2ccccc12)C(=O)N[C@@H](CCCC[NH3+])C(=O)N[C@@H](CCCC[NH3+])C(=O)O,1,6.170093,0
CC(C)[C@@H](N)C(=O)N[C@H](CS)C(=O)N[C@@H](C(=O)N[C@@H](C=O)CCCNC(N)=[NH2+])C(C)C,1,3.5549564,0
CC(C)C[C@@H](C=O)NC(=O)[C@H](CCC(=O)O)NC(=O)[C@@H](NC(=O)[C@H](CC(C)C)NC(=O)[C@@H](NC(=O)[C@H](CCCC[NH3+])NC(=O)[C@@H](NC(=O)[C@H](CC(C)C)NC(=O)[C@H](CCC(=O)O)NC(=O)[C@H](CCCC[NH3+])NC(=O)[C@H](CC(C)C)NC(=O)[C@@H](NC(=O)[C@H](CCC(=O)O)NC(=O)[C@@H](NC(=O)[C@H](CC(C)C)NC(=O)[C@@H](NC(=O)[C@H](CCCC[NH3+])NC(=O)[C@@H](N)CC(C)C)[C@@H](C)O)[C@@H](C)O)[C@@H](C)O)[C@@H](C)O)[C@@H](C)O)[C@@H](C)O,1,5.525308,0
CC(C)C[C@H](NC(=O)CNC(=O)[C@H](C)NC(=O)[C@H](CCCNC(=N)N)NC(=O)[C@H](CO)NC(=O)[C@H](CO)NC(=O)[C@H](CCCNC(=N)N)NC(=O)[C@@H](NC(=O)[C@H](CCCCN)NC(=O)[C@H](C)NC(=O)[C@H](CCCCN)NC(=O)[C@H](C)NC(=O)[C@H](CCCNC(=N)N)NC(=O)[C@H](C)NC(=O)[C@H](CCCCN)NC(=O)CNC(=O)CNC(=O)[C@H](CCC(N)=O)NC(=O)[C@H](CCCCN)NC(=O)CNC(=O)[C@H](CCCNC(=N)N)NC(=O)CNC(=O)[C@@H](N)CO)[C@@H](C)O)C(=O)N[C@@H](CCC(N)=O)C(=O)N[C@@H](Cc1ccccc1)C(=O)N1CCC[C@H]1C(=O)N[C@H](C(=O)NCC(=O)N[C@@H](CCCNC(=N)N)C(=O)N[C@H](C(=O)N[C@@H](Cc1c[nH]cn1)C(=O)N[C@@H](CCCNC(=N)N)C(=O)N[C@@H](CC(C)C)C(=O)N[C@@H](CC(C)C)C(=O)N[C@@H](CCCNC(=N)N)C(=O)N[C@@H](CCCCN)C(=O)NCC=O)C(C)C)C(C)C,1,0.3176647,0
CC[C@H](C)[C@H](NC(=O)[C@H](CCCC[NH3+])NC(=O)[C@@H](NC(=O)[C@H](CCC(N)=O)NC(=O)[C@@H]([NH3+])CCCNC(N)=[NH2+])[C@@H](C)CC)C(=O)N[C@@H](Cc1c[nH]c2ccccc12)C(=O)N[C@@H](Cc1ccccc1)C(=O)N[C@@H](CCC(N)=O)C(=O)N[C@@H](CC(N)=O)C(=O)N[C@@H](CCCNC(N)=[NH2+])C(=O)N[C@@H](CCCNC(N)=[NH2+])C(=O)N[C@@H](CCSC)C(=O)N[C@@H](CCCC[NH3+])C(=O)N[C@@H](Cc1c[nH]c2ccccc12)C(=O)N[C@@H](CCCC[NH3+])C(=O)N[C@@H](CCCC[NH3+])C(=O)O,1,6.170093,0
NC(=[NH2+])NCCC[C@@H](N)C(=O)N[C@@H](CCCNC(N)=[NH2+])C(=O)N[C@H](CCCNC(N)=[NH2+])C(=O)NCC(=O)N[C@H](CCCNC(N)=[NH2+])C(=O)N[C@@H](CCCC[NH3+])C(=O)N[C@H](CCCC[NH3+])C(=O)N[C@@H](CCCNC(N)=[NH2+])C(=O)N[C@@H](C=O)CCCNC(N)=[NH2+],1,13.008641,0
CC[C@H](C)[C@H](NC(=O)[C@H](CCCC[NH3+])NC(=O)[C@@H](NC(=O)[C@H](CCC(N)=O)NC(=O)[C@@H](N)CCCNC(N)=[NH2+])[C@@H](C)CC)C(=O)N[C@@H](Cc1c[nH]c2ccccc12)C(=O)N[C@@H](Cc1ccccc1)C(=O)N[C@@H](CCC(N)=O)C(=O)N[C@H](C=O)CC(N)=O,1,5.529835,0
C[C@H](NC(=O)[C@H](C)NC(=O)[C@H](CO)NC(=O)[C@H](CCCNC(N)=[NH2+])NC(=O)[C@H](CS)NC(O)C(CC1CNCN1)NC(O)C(CC1CNCN1)NC(=O)[C@H](CCCNC(N)=[NH2+])NC(=O)[C@H](CCCNC(N)=[NH2+])NC(=O)[C@@H](N)CO)C(=O)N[C@@H](CCCC[NH3+])C(=O)N[C@@H](CCCNC(N)=[NH2+])C(=O)N[C@@H](CO)C(=O)N[C@@H](CCCNC(N)=[NH2+])C(=O)NC(CC1CNCN1)C(O)NC(CO)CC1CNCN1,1,5.241308,0
NC(=[NH2+])NCCC[C@H](NC(=O)[C@H](Cc1ccccc1)NC(=O)[C@H](CCCC[NH3+])NC(=O)[C@H](CCCC[NH3+])NC(=O)[C@@H](N)Cc1ccccc1)C(=O)N[C@@H](CCCC[NH3+])C(=O)N[C@H](C=O)Cc1ccccc1,1,7.03534,0
CCC[C@@H]1NC(=O)[C@@H]2CS34SC[C@H](NC(=O)[C@H]([C@@H](C)CC)NC(=O)[C@H](CS)NC(=O)[C@H](C)NC(=O)CNC1=O)C(=O)N[C@@H](CCCNC(=N)N)C(=O)NCC(=O)N[C@@H](CC(N)=O)C(=O)NCC(=O)N[C@@H](Cc1ccc(O)cc1)C(=O)N[C@H](C(=O)NCC(=O)N[C@@H](CO)C(=O)NCC(=O)N[C@@H](CO)C(=O)N[C@H](C=O)CC(=O)O)C[SH]3[SH]4C[C@H](NC(=O)[C@H](CCCCN)NC(=O)[C@H](CCCCN)NC(=O)[C@H](CC(C)C)NC(=O)[C@@H](NC(=O)[C@H](C)NC(=O)[C@H](CCC)NC(=O)[C@H](CS)NC(=O)[C@@H](NC(=O)CNC(=O)CN)C(C)C)[C@@H](C)CC)C(=O)N[C@@H](CCCNC(=N)N)C(=O)N[C@@H](CCCNC(=N)N)C(=O)N[C@@H](CC(=O)O)C(=O)N[C@@H](CO)C(=O)N[C@@H](CC(=O)O)C(=O)N2,1,3.6123486,0
C[C@H](N)C(=O)N[C@@H](CS)C(=O)N[C@@H](CO)C(=O)NCC(=O)N[C@@H](CCCNC(N)=[NH2+])C(=O)NCC(=O)N[C@@H](CCCNC(N)=[NH2+])C(=O)NCC(=O)N[C@@H](CS)C(=O)NCC(=O)N[C@@H](CO)C(=O)NCC(=O)N[C@@H](CO)C(=O)NCC(=O)N[C@@H](CO)C(=O)N[C@@H](CS)C(=O)NCC=O,1,3.5572221,0
CC[C@H](C)[C@H](NC(=O)[C@H](CC(C)C)NC(=O)[C@H](C)NC(=O)[C@H](CCCNC(N)=[NH2+])NC(=O)[C@H](Cc1ccccc1)NC(=O)[C@@H](NC(=O)[C@@H](NC(=O)[C@@H](N)CCSC)[C@@H](C)CC)[C@@H](C)CC)C(=O)N[C@@H](CO)C(=O)NC(CC1CNCN1)C(O)N[C@@H](CCCC[NH3+])C(=O)N[C@H](C=O)CCCC[NH3+],1,9.969899,0
CC(C)C[C@H](NC(=O)[C@H](CCCNC(N)=[NH2+])NC(=O)[C@H](CCCNC(N)=[NH2+])NC(=O)[C@H](CC(C)C)NC(=O)[C@H](CC(C)C)NC(=O)[C@H](CCCNC(N)=[NH2+])NC(=O)[C@@H](N)CCCNC(N)=[NH2+])C(=O)N[C@@H](CCCNC(N)=[NH2+])C(=O)N[C@H](C=O)CCCNC(N)=[NH2+],1,12.519617,0
CC[C@H](C)[C@H](NC(=O)[C@H](CCCNC(N)=[NH2+])NC(=O)[C@@H](N)CCCC[NH3+])C(=O)N1CCC[C@H]1C(=O)N[C@@H](CC(N)=O)C(=O)N[C@@H](CCCC[NH3+])C(=O)N[C@@H](CCCC[NH3+])C(=O)N1CCC[C@H]1C(=O)NCC(=O)N[C@@H](CCCC[NH3+])C(=O)N[C@H](C=O)CCCC[NH3+],1,11.379029,0
CC[C@H](C)[C@H](NC(=O)[C@H](CCCC[NH3+])NC(=O)[C@@H](NC(=O)[C@H](CCC(N)=O)NC(=O)[C@@H](N)CCCNC(N)=[NH2+])[C@@H](C)CC)C(=O)N[C@@H](Cc1c[nH]c2ccccc12)C(=O)N[C@@H](Cc1ccccc1)C(=O)N1CCC[C@H]1C(=O)N[C@@H](CC(N)=O)C(=O)N[C@@H](CCCNC(N)=[NH2+])C(=O)N[C@@H](CCCNC(N)=[NH2+])C(=O)N[C@@H](CCSC)C(=O)N[C@@H](CCCC[NH3+])C(=O)N[C@@H](Cc1c[nH]c2ccccc12)C(=O)N[C@@H](CCCC[NH3+])C(=O)N[C@H](C=O)CCCC[NH3+],1,10.566715,0
CC[C@H](C)[C@H](NC(=O)[C@H](CCCNC(N)=[NH2+])NC(=O)[C@@H](NC(=O)[C@@H](N)CCCNC(N)=[NH2+])C(C)C)C(=O)N[C@@H](CC(C)C)C(=O)N[C@@H](C)C(=O)N[C@@H](CCCNC(N)=[NH2+])C(=O)N[C@@H](Cc1ccccc1)C(=O)N[C@@H](CC(C)C)C(=O)N[C@@H](CCCNC(N)=[NH2+])C(=O)N[C@H](C(=O)N[C@@H](CCCNC(N)=[NH2+])C(=O)N[C@H](C=O)C(C)C)[C@@H](C)O,1,10.427106,0
CC[C@H](C)[C@H](NC(=O)[C@H](CCCCN)NC(=O)[C@H](CCCCN)NC(=O)[C@H](C)NC(=O)[C@H](CC(C)C)NC(=O)[C@H](C)NC(=O)[C@H](C)NC(=O)[C@H](CC(C)C)NC(=O)[C@H](C)NC(=O)[C@H](CCCCN)NC(=O)[C@H](CC(C)C)NC(=O)[C@H](CC(N)=O)NC(=O)[C@@H](NC(=O)[C@H](CCCCN)NC(=O)CNC(=O)[C@H](CC(C)C)NC(=O)[C@H](CC(C)C)NC(=O)[C@H](Cc1ccc(O)cc1)NC(=O)CNC(=O)[C@H](C)N)[C@@H](C)O)C(=O)N[C@H](C=O)CC(C)C,1,5.7129984,0
NC(=[NH2+])NCCC[C@H](NC(=O)CNC(=O)[C@H](CCCNC(N)=[NH2+])NC(=O)[C@@H](N)CCCNC(N)=[NH2+])C(=O)N[C@@H](CCCNC(N)=[NH2+])C(=O)NCC=O,1,2.3781004,0
CC[C@H](C)[C@H](NC(=O)[C@H](CCCNC(N)=[NH2+])NC(=O)[C@H](CC(C)C)NC(=O)[C@@H](NC(=O)[C@@H](NC(=O)[C@H](CC(C)C)NC(=O)[C@H](Cc1ccccc1)NC(=O)[C@H](CCCNC(N)=[NH2+])NC(=O)[C@H](CCCNC(N)=[NH2+])NC(=O)[C@@H](N)C(C)C)C(C)C)[C@@H](C)O)C(=O)N[C@@H](CCCNC(N)=[NH2+])C(=O)N[C@@H](CCCNC(N)=[NH2+])C(=O)N[C@@H](C)C=O,1,8.35207,0
CCC[C@H](NC(=O)[C@@H](NC(=O)[C@H](CC(C)C)NC(=O)[C@H](CC(N)=O)NC(=O)[C@H](CCCNC(=N)N)NC(=O)[C@H](CC(C)C)NC(=O)[C@H](Cc1ccccc1)NC(=O)[C@H](CC(=O)O)NC(=O)[C@H](CCCCN)NC(=O)[C@@H](NC(=O)[C@H](CCCNC(=N)N)NC(=O)[C@H](CCC(N)=O)NC(=O)[C@@H](NC(=O)[C@@H](NC(=O)[C@H](CCCNC(=N)N)NC(=O)[C@H](CCCCN)NC(=O)[C@H](Cc1ccccc1)NC(=O)[C@H](CCC(=O)O)NC(=O)[C@H](CCCCN)NC(=O)CNC(=O)[C@@H](NC(=O)[C@H](CCCCN)NC(=O)[C@H](CCC(=O)O)NC(=O)[C@H](CCCCN)NC(=O)[C@H](CO)NC(=O)[C@H](CCCCN)NC(=O)[C@H](CCCNC(=N)N)NC(=O)[C@H](Cc1ccccc1)NC(=O)[C@H](Cc1ccccc1)NC(=O)[C@H](CC(=O)O)NC(=O)CNC(=O)[C@H](CC(C)C)NC(=O)[C@@H](N)CC(C)C)[C@@H](C)CC)[C@@H](C)CC)C(C)C)[C@@H](C)CC)C(C)C)C(=O)N[C@@H](CCCNC(=N)N)C(=O)N[C@H](C(=O)N[C@@H](CCC(=O)O)C(=O)N[C@@H](CO)C(=O)N[C@H](C=O)CS)[C@@H](C)O,1,-1.203697,0
CC[C@H](C)[C@H](NC(=O)[C@H](C)NC(=O)[C@@H](NC(=O)[C@H](CCC(N)=O)NC(=O)[C@@H]1CCCN1C(=O)[C@H](Cc1ccccc1)NC(=O)[C@@H](NC(O)C(CC1CNCN1)NC(=O)[C@H](Cc1ccccc1)NC(=O)[C@H](CCCC[NH3+])NC(=O)[C@H](CC(N)=O)NC(=O)[C@H](Cc1ccccc1)NC(=O)[C@H](CC(=O)O)NC(=O)[C@H](CCC(N)=O)NC(=O)[C@@H](NC(=O)[C@H](Cc1ccc(O)cc1)NC(=O)[C@@H](NC(=O)CNC(=O)[C@@H](N)CC(C)C)[C@@H](C)O)[C@@H](C)O)[C@@H](C)O)[C@@H](C)O)C(=O)NCC(=O)N[C@H](C(=O)NCC(=O)N[C@@H](C)C(=O)N1CCC[C@H]1C=O)C(C)C,1,4.9327254,0
CSCC[C@H](NC(=O)[C@H](CC(N)=O)NC(=O)[C@H](CCCNC(N)=[NH2+])NC(=O)[C@H](CCC(N)=O)NC(=O)[C@H](Cc1c[nH]c2ccccc12)NC(=O)[C@H](CCC(N)=O)NC(=O)[C@@H](N)Cc1ccccc1)C(=O)N[C@@H](CCCNC(N)=[NH2+])C(=O)N[C@@H](CCCC[NH3+])C(=O)N[C@H](C(=O)N[C@@H](CCCNC(N)=[NH2+])C(=O)NCC(=O)N1CCC[C@H]1C(=O)N1CCC[C@H]1C(=O)N[C@H](C(=O)N[C@H](C=O)CO)C(C)C)C(C)C,1,6.4575543,0
C[C@H](N)C(=O)N[C@@H](CS)C(=O)N[C@@H](CCCNC(N)=[NH2+])C(=O)NCC(=O)N[C@@H](CO)C(=O)NCC(=O)N[C@@H](CCCNC(N)=[NH2+])C(=O)NCC(=O)N[C@@H](CS)C(=O)NCC(=O)N[C@@H](CCCNC(N)=[NH2+])C(=O)NCC(=O)N[C@@H](CO)C(=O)NCC(=O)N[C@@H](CCCNC(N)=[NH2+])C(=O)N[C@@H](CS)C(=O)NCC=O,1,5.8007617,0
CC[C@H](C)[C@H](NC(=O)[C@H](CCCCN)NC(=O)[C@H](CCCCN)NC(=O)[C@H](C)NC(=O)[C@H](CC(C)C)NC(=O)[C@H](CCCCN)NC(=O)[C@H](C)NC(=O)[C@H](CC(C)C)NC(=O)[C@H](CCCCN)NC(=O)[C@H](C)NC(=O)[C@H](CC(C)C)NC(=O)[C@H](CCCCN)NC(=O)[C@H](C)NC(=O)[C@H](CC(C)C)NC(=O)[C@H](CCCCN)NC(=O)[C@H](C)NC(=O)[C@H](CC(C)C)NC(=O)[C@H](CCCCN)NC(=O)[C@H](C)NC(=O)[C@H](CC(C)C)NC(=O)[C@H](C)NC(=O)[C@H](CC(C)C)NC(=O)[C@H](C)NC(=O)[C@H](CC(C)C)NC(=O)[C@H](C)NC(=O)[C@H](CC(C)C)NC(=O)[C@H](C)NC(=O)[C@H](CC(C)C)NC(=O)[C@H](C)NC(=O)[C@H](CC(C)C)NC(=O)[C@H](C)NC(=O)[C@H](CC(C)C)NC(=O)[C@H](C)NC(=O)[C@@H](N)CC(C)C)C(=O)N[C@H](C=O)CCCCN,1,3.3187685,0
CC(C)C[C@H](NC(=O)[C@H](C)NC(=O)[C@H](CC(C)C)NC(=O)[C@H](CC(C)C)NC(=O)[C@@H](NC(=O)[C@H](C)NC(=O)[C@@H]1CCCN1C(=O)[C@H](CC(C)C)NC(=O)[C@H](CC(C)C)NC(=O)[C@H](C)NC(=O)[C@@H](NC(=O)[C@H](C)NC(=O)[C@H](C)NC(=O)[C@H](CCCC[NH3+])NC(=O)[C@H](Cc1ccccc1)NC(=O)[C@H](CCCNC(N)=[NH2+])NC(=O)[C@@H](N)Cc1c[nH]c2ccccc12)C(C)C)C(C)C)C(=O)N[C@@H](CC(C)C)C(=O)N[C@@H](C)C(=O)N1CCC[C@H]1C=O,1,5.859486,0
CC(C)C[C@H](NC(=O)[C@H](C)NC(=O)[C@H](CC(C)C)NC(=O)[C@H](CCCC[NH3+])NC(=O)[C@H](CC(C)C)NC(=O)[C@H](CCCC[NH3+])NC(=O)[C@H](CC(C)C)NC(=O)[C@H](C)NC(=O)[C@@H](N)CCCC[NH3+])C(=O)N[C@@H](C)C(=O)N[C@@H](CC(C)C)C(=O)N[C@@H](CC(C)C)C(=O)N[C@@H](C)C(=O)N[C@@H](CCCC[NH3+])C(=O)N[C@@H](CC(C)C)C(=O)N[C@@H](CCCC[NH3+])C(=O)N[C@@H](CC(C)C)C(=O)N[C@@H](C)C=O,1,10.0641775,0
CC[C@H](C)[C@H](NC(=O)[C@H](CC(C)C)NC(=O)[C@H](CC(=O)O)NC(=O)[C@H](CCCNC(N)=[NH2+])NC(=O)[C@H](Cc1ccc(O)cc1)NC(=O)[C@H](C)NC(=O)[C@@H](NC(=O)[C@@H](N)CCSC)[C@@H](C)CC)C(=O)N[C@H](C=O)CO,1,7.3697696,0
CC(C)C[C@@H](NC(=O)[C@H](NC(=O)[C@H]1CCCN1C(=O)[C@H](N)C(C)C)[C@@H](C)O)C(=O)N[C@@H](C=O)CCCC[NH3+],1,4.5834036,0
CC(C)C[C@H](NC(=O)[C@H](C)NC(=O)[C@H](CCCC[NH3+])NC(=O)[C@H](CC(C)C)NC(=O)[C@H](C)NC(=O)[C@H](CC(C)C)NC(=O)[C@H](CCCC[NH3+])NC(=O)[C@H](CC(C)C)NC(=O)[C@H](C)NC(=O)[C@H](CC(C)C)NC(=O)[C@@H](N)CCCC[NH3+])C(=O)N[C@@H](CCC(N)=O)C(=O)N[C@@H](C)C(=O)N[C@@H](C)C(=O)N[C@@H](CC(C)C)C(=O)N[C@@H](CCC(N)=O)C(=O)N[C@@H](CC(C)C)C(=O)N[C@@H](C)C=O,1,10.134561,0
CC[C@H](C)[C@H](NC(=O)[C@H](CCCC[NH3+])NC(=O)[C@@H](NC(=O)[C@H](CCC(N)=O)NC(=O)[C@@H](N)CCCNC(N)=[NH2+])[C@@H](C)CC)C(=O)N[C@@H](Cc1c[nH]c2ccccc12)C(=O)N[C@@H](Cc1ccccc1)C(=O)N[C@@H](CCC(N)=O)C(=O)N[C@@H](CC(N)=O)C(=O)N[C@@H](CCCNC(N)=[NH2+])C(=O)N[C@@H](CCCNC(N)=[NH2+])C(=O)N[C@@H](C)C(=O)N[C@@H](CCCC[NH3+])C(=O)N[C@@H](Cc1c[nH]c2ccccc12)C(=O)N[C@@H](CCCC[NH3+])C(=O)N[C@H](C=O)CCCC[NH3+],1,10.952579,0
NC(=[NH2+])NCCC[C@@H](C=O)NC(=O)[C@H](CCCNC(N)=[NH2+])NC(=O)[C@H](CCCNC(N)=[NH2+])NC(=O)[C@H](CCC(N)=O)NC(=O)[C@H](CCCNC(N)=[NH2+])NC(=O)[C@H](CCCNC(N)=[NH2+])NC(=O)[C@H](CCCC[NH3+])NC(=O)[C@H](CCCC[NH3+])NC(=O)[C@H](CCCNC(N)=[NH2+])NC(=O)CNC(=O)[C@H](Cc1ccc(O)cc1)NC(=O)[C@H](CCCC[NH3+])NC(=O)[C@@H](N)CS,1,10.773364,0
CC(C)C[C@H](NC(=O)CNC(=O)[C@H](CO)NC(=O)[C@H](C)NC(=O)CNC(=O)[C@H](CO)NC(=O)[C@@H]1CCCN1C(=O)[C@H](C)NC(=O)[C@H](CC(C)C)NC(=O)[C@H](CC(C)C)NC(=O)[C@H](C)NC(=O)[C@H](CC(C)C)NC(=O)[C@H](CC(C)C)NC(=O)[C@@H](NC(=O)[C@H](C)NC(=O)[C@@H]1CCCN1C(=O)[C@H](CC(C)C)NC(=O)[C@H](CC(C)C)NC(=O)[C@H](C)NC(=O)[C@@H](NC(=O)[C@H](C)NC(=O)[C@H](C)N)C(C)C)C(C)C)C(=O)N[C@@H](CC(=O)O)C(=O)N[C@@H](CCCC[NH3+])C(=O)N[C@@H](CCCNC(N)=[NH2+])C(=O)N[C@@H](CC(=O)O)C(=O)N[C@@H](Cc1ccc(O)cc1)C(=O)N[C@H](C(N)=O)C(C)C,1,1.2960598,0
CC[C@H](C)[C@H](NC(=O)[C@H](CCCNC(N)=[NH2+])NC(=O)[C@H](Cc1ccccc1)NC(=O)[C@@H](NC(=O)[C@@H](NC(=O)[C@@H](N)CCSC)[C@@H](C)CC)[C@@H](C)CC)C(=O)N[C@@H](C)C(=O)N[C@@H](C)C(=O)N[C@@H](CO)C(=O)NC(CC1CNCN1)C(O)N[C@@H](CCCC[NH3+])C(=O)N[C@H](C=O)CCCC[NH3+],1,9.990702,0
CC(=O)NC(CC1CNCN1)C(O)NC(CC1CNCN1)C(O)NC(CC1CNCN1)C(O)NC(CC1CNCN1)C(O)NC(CC1CNCN1)C(O)NC(CC1CNCN1)C(O)NC(CC1CNCN1)C(O)NC(CC1CNCN1)C(O)N[C@@H](CCCNC(N)=[NH2+])C(=O)N[C@@H](CCCNC(N)=[NH2+])C(=O)N[C@@H](CCCNC(N)=[NH2+])C(=O)N[C@@H](CCCNC(N)=[NH2+])C(=O)N[C@@H](CCCNC(N)=[NH2+])C(=O)N[C@@H](CCCNC(N)=[NH2+])C(=O)N[C@@H](CCCNC(N)=[NH2+])C(=O)N[C@@H](CCCNC(N)=[NH2+])C(=O)N[C@@H](CCCNC(N)=[NH2+])C(=O)N[C@@H](CCCNC(N)=[NH2+])C(=O)N[C@@H](CCCNC(N)=[NH2+])C(=O)N[C@@H](CCCNC(N)=[NH2+])C(=O)N[C@@H](CCCNC(N)=[NH2+])C(=O)N[C@@H](CCCNC(N)=[NH2+])C(=O)N[C@@H](CCCNC(N)=[NH2+])C(N)=O,1,5.6242113,0
CC[C@H](C)[C@H](NC(=O)[C@H](CCCC[NH3+])NC(=O)[C@@H](NC(=O)[C@H](CCC(N)=O)NC(=O)[C@@H]([NH3+])CCCNC(N)=[NH2+])[C@@H](C)CC)C(=O)N[C@@H](Cc1c[nH]c2ccccc12)C(=O)N[C@@H](Cc1ccccc1)C(=O)N[C@@H](CCC(N)=O)C(=O)N[C@@H](CC(N)=O)C(=O)N[C@@H](CCCNC(N)=[NH2+])C(=O)N[C@@H](CCCNC(N)=[NH2+])C(=O)N[C@@H](CCSC)C(=O)N[C@@H](CCCC[NH3+])C(=O)N[C@@H](Cc1c[nH]c2ccccc12)C(=O)N[C@@H](CCCC[NH3+])C(=O)N[C@@H](CCCC[NH3+])C(=O)O,1,6.170093,0
NC(=[NH2+])NCCC[C@H](NC(=O)[C@H](Cc1c[nH]c2ccccc12)NC(=O)[C@H](CCCNC(N)=[NH2+])NC(=O)[C@@H](N)CS)C(=O)N[C@H](Cc1c[nH]c2ccccc12)C(=O)N[C@@H](CCCC[NH3+])C(=O)N[C@@H](CS)C(=O)N[C@@H](CS)C(=O)N[C@@H](CCCC[NH3+])C(=O)N[C@H](C=O)CCCC[NH3+],1,6.9713483,0
CC[C@H](C)[C@H](NC(=O)[C@H](CCCC[NH3+])NC(=O)[C@@H](NC(=O)[C@H](CCC(N)=O)NC(=O)[C@@H](N)CCCNC(N)=[NH2+])[C@@H](C)CC)C(=O)N[C@@H](Cc1ccccc1)C(=O)N[C@@H](Cc1ccccc1)C(=O)N[C@@H](CCC(N)=O)C(=O)N[C@@H](CC(N)=O)C(=O)N[C@@H](CCCNC(N)=[NH2+])C(=O)N[C@@H](CCCNC(N)=[NH2+])C(=O)N[C@@H](CCSC)C(=O)N[C@@H](CCCC[NH3+])C(=O)N[C@@H](Cc1c[nH]c2ccccc12)C(=O)N[C@@H](CCCC[NH3+])C(=O)N[C@H](C=O)CCCC[NH3+],1,11.131053,0
CC[C@H](C)[C@H](NC(=O)[C@H](CCCC[NH3+])NC(=O)[C@@H](NC(=O)[C@H](CCC(N)=O)NC(=O)[C@@H](N)CCCNC(N)=[NH2+])[C@@H](C)CC)C(=O)N[C@H](C=O)Cc1c[nH]c2ccccc12,1,6.061688,0
NC(=[NH2+])NCCC[C@H](NC(=O)[C@@H](N)CS)C(=O)N[C@H](Cc1c[nH]c2ccccc12)C(=O)N[C@@H](CCCNC(N)=[NH2+])C(=O)N[C@@H](Cc1c[nH]c2ccccc12)C(=O)N[C@@H](CCCC[NH3+])C(=O)N[C@@H](CS)C(=O)N[C@@H](CS)C(=O)N[C@@H](CCCC[NH3+])C(=O)N[C@H](C=O)CCCC[NH3+],1,7.2325435,0
CC[C@H](C)[C@H](NC(=O)[C@H](CCCC[NH3+])NC(=O)[C@@H](NC(=O)[C@H](CCC(N)=O)NC(=O)[C@@H]([NH3+])CCCNC(N)=[NH2+])[C@@H](C)CC)C(=O)N[C@@H](Cc1c[nH]c2ccccc12)C(=O)N[C@@H](Cc1ccccc1)C(=O)N[C@@H](CCC(N)=O)C(=O)N[C@@H](CC(N)=O)C(=O)N[C@@H](CCCNC(N)=[NH2+])C(=O)N[C@@H](CCCNC(N)=[NH2+])C(=O)N[C@@H](CCSC)C(=O)N[C@@H](CCCC[NH3+])C(=O)N[C@@H](Cc1c[nH]c2ccccc12)C(=O)N[C@@H](CCCC[NH3+])C(=O)N[C@@H](CCCC[NH3+])C(=O)O,1,6.170093,0
CC(C)C[C@@H](C=O)NC(=O)[C@@H](NC(=O)[C@@H](NC(=O)[C@H](CC(C)C)NC(=O)[C@@H](NC(=O)[C@H](CCCC[NH3+])NC(=O)[C@H](C)NC(=O)[C@H](CC(C)C)NC(=O)[C@H](CCCC[NH3+])NC(=O)[C@@H](NC(=O)[C@H](CC(C)C)NC(=O)[C@H](C)NC(=O)[C@@H](NC(=O)[C@H](C)NC(=O)[C@H](CC(C)C)NC(=O)[C@@H](NC(=O)[C@H](CCCC[NH3+])NC(=O)[C@@H](N)CC(C)C)[C@@H](C)O)[C@@H](C)O)[C@@H](C)O)[C@@H](C)O)[C@@H](C)O)[C@@H](C)O,1,6.2752714,0
CC(=O)NCC(=O)N[C@@H](CCCNC(N)=[NH2+])C(=O)NCC(=O)N[C@@H](CC(=O)O)C(=O)NCC(=O)N1CCC[C@H]1C(=O)N[C@@H](CCCNC(N)=[NH2+])C(=O)N[C@@H](CCCNC(N)=[NH2+])C(=O)N[C@@H](CCCC[NH3+])C(=O)N[C@@H](CCCC[NH3+])C(=O)N[C@@H](CCCC[NH3+])C(=O)N[C@@H](CCCC[NH3+])C(=O)NCC(=O)N1CCC[C@H]1C(=O)N[C@@H](CCCNC(N)=[NH2+])C(=O)N[C@@H](CCCNC(N)=[NH2+])C(=O)N[C@@H](CCCC[NH3+])C(=O)N[C@@H](CCCC[NH3+])C(=O)N[C@@H](CCCC[NH3+])C(=O)N[C@@H](CCCC[NH3+])C(=O)NCC(=O)N1CCC[C@H]1C(=O)N[C@@H](CCCNC(N)=[NH2+])C(=O)N[C@H](C=O)CCCNC(N)=[NH2+],1,12.871873,0
N=C(N)NCCC[C@@H](C=O)NC(=O)[C@H](CCCNC(=N)N)NC(=O)[C@H](CCCNC(=N)N)NC(=O)[C@H](CCCNC(=N)N)NC(=O)[C@H](CCCNC(=N)N)NC(=O)[C@H](CCCNC(=N)N)NC(=O)[C@H](CCCNC(=N)N)NC(=O)[C@H](CCCNC(=N)N)NC(=O)[C@H](CCCNC(=N)N)NC(=O)[C@H](CCCNC(=N)N)NC(=O)[C@H](CCCNC(=N)N)NC(=O)[C@H](CCCNC(=N)N)NC(=O)[C@H](CCCNC(=N)N)NC(=O)[C@H](CCCNC(=N)N)NC(=O)[C@H](CCCNC(=N)N)NC(=O)[C@H](Cc1c[nH]cn1)NC(=O)[C@H](Cc1c[nH]cn1)NC(=O)[C@H](Cc1c[nH]cn1)NC(=O)[C@H](Cc1c[nH]cn1)NC(=O)[C@H](Cc1c[nH]cn1)NC(=O)[C@H](Cc1c[nH]cn1)NC(=O)[C@H](Cc1c[nH]cn1)NC(=O)[C@H](Cc1c[nH]cn1)NC(=O)[C@H](Cc1c[nH]cn1)NC(=O)[C@H](Cc1c[nH]cn1)NC(=O)[C@H](Cc1c[nH]cn1)NC(=O)[C@H](Cc1c[nH]cn1)NC(=O)[C@H](Cc1c[nH]cn1)NC(=O)[C@H](Cc1c[nH]cn1)NC(=O)[C@H](Cc1c[nH]cn1)NC(=O)[C@H](Cc1c[nH]cn1)NC(=O)[C@H](Cc1c[nH]cn1)NC(=O)[C@H](Cc1c[nH]cn1)NC(=O)[C@H](Cc1c[nH]cn1)NC(=O)[C@@H](N)Cc1c[nH]cn1,1,7.415037,0
CC(C)C[C@H](NC(=O)[C@H](C)NC(=O)[C@@H](NC(=O)[C@@H](NC(=O)[C@H](CCCC[NH3+])NC(=O)[C@H](CC(C)C)NC(=O)[C@@H](N)CC(C)C)[C@@H](C)O)[C@@H](C)O)C(=O)N[C@@H](CC(C)C)C(=O)N[C@@H](CCCC[NH3+])C(=O)N[C@H](C(=O)N[C@H](C(=O)N[C@@H](C)C(=O)N[C@@H](CC(C)C)C(=O)N[C@@H](CC(C)C)C(=O)N[C@@H](CCCC[NH3+])C(=O)N[C@H](C(=O)N[C@H](C(=O)N[C@@H](C)C=O)[C@@H](C)O)[C@@H](C)O)[C@@H](C)O)[C@@H](C)O,1,2.13551,0
NC(=[NH2+])NCCC[C@H](NC(=O)CNC(=O)[C@@H](N)CCCC[NH3+])C(=O)N[C@@H](CCCC[NH3+])C(=O)N[C@@H](CCCC[NH3+])C(=O)N[C@@H](CCCNC(N)=[NH2+])C(=O)N[C@@H](CCCNC(N)=[NH2+])C(=O)N[C@@H](CCC(N)=O)C(=O)N[C@@H](CCCNC(N)=[NH2+])C(=O)N[C@@H](CCCNC(N)=[NH2+])C(=O)N[C@@H](CCCNC(N)=[NH2+])C(=O)N1CCC[C@H]1C(=O)N1CCC[C@H]1C(=O)N[C@H](C=O)CCC(N)=O,1,13.076489,0
NCC(=O)N[C@@H](CCCNC(N)=[NH2+])C(=O)N[C@@H](CCCC[NH3+])C(=O)N[C@@H](CCCC[NH3+])C(=O)N[C@@H](CCCNC(N)=[NH2+])C(=O)N[C@@H](CCCNC(N)=[NH2+])C(=O)N[C@@H](CCC(N)=O)C(=O)N[C@@H](CCCNC(N)=[NH2+])C(=O)N[C@@H](CCCNC(N)=[NH2+])C(=O)N[C@@H](CCCNC(N)=[NH2+])C(=O)N1CCC[C@H]1C(=O)N[C@@H](Cc1c[nH]c2ccccc12)C(=O)N[C@H](C=O)CCC(N)=O,1,10.706903,0
CC[C@H](C)[C@@H](C=O)NC(=O)[C@H](CC(C)C)NC(=O)[C@H](Cc1ccc(O)cc1)NC(=O)[C@@H](NC(=O)[C@H](Cc1ccccc1)NC(=O)[C@@H]1CCCN1)C(C)C,1,1.6052155,0
N[C@@H](CCCC[NH3+])C(=O)N[C@@H](CCCC[NH3+])C(=O)N[C@@H](CCCC[NH3+])C(=O)N[C@@H](CCCC[NH3+])C(=O)N[C@@H](CCCC[NH3+])C(=O)N[C@@H](CCCC[NH3+])C(=O)N[C@@H](CCCC[NH3+])C(=O)N[C@@H](CCCC[NH3+])C(=O)N[C@H](C=O)CCCC[NH3+],1,12.990051,0
CC(=O)N[C@@H](CCCC[NH3+])C(=O)N[C@@H](CCC(=O)O)C(=O)N[C@H](C(=O)N[C@@H](Cc1c[nH]c2ccccc12)C(=O)N[C@@H](Cc1c[nH]c2ccccc12)C(=O)N[C@@H](CCC(=O)O)C(=O)N[C@H](C(=O)N[C@@H](Cc1c[nH]c2ccccc12)C(=O)N[C@@H](Cc1c[nH]c2ccccc12)C(=O)N[C@H](C(=O)N[C@@H](CCC(=O)O)C(=O)N[C@@H](Cc1c[nH]c2ccccc12)C(=O)N[C@@H](CO)C(=O)N[C@@H](CCC(N)=O)C(=O)N1CCC[C@H]1C(=O)N[C@@H](CCCC[NH3+])C(=O)N[C@@H](CCCC[NH3+])C(=O)N[C@@H](CCCC[NH3+])C(=O)N[C@@H](CCCNC(N)=[NH2+])C(=O)N[C@@H](CCCC[NH3+])C(=O)N[C@H](C(N)=O)C(C)C)[C@@H](C)O)[C@@H](C)O)[C@@H](C)O,1,-3.1353486,0
NC(=[NH2+])NCCC[C@@H](C=O)NC(=O)[C@H](CCCNC(N)=[NH2+])NC(=O)[C@H](CCCNC(N)=[NH2+])NC(=O)[C@H](CCCNC(N)=[NH2+])NC(=O)[C@H](CCCNC(N)=[NH2+])NC(=O)[C@H](CCCNC(N)=[NH2+])NC(=O)[C@H](CCCNC(N)=[NH2+])NC(=O)[C@H](CCCNC(N)=[NH2+])NC(=O)[C@@H](N)CCCNC(N)=[NH2+],1,13.032258,0
CC[C@H](C)[C@H](NC(=O)[C@H](CCCC[NH3+])NC(=O)[C@@H](NC(=O)[C@H](CCC(N)=O)NC(=O)[C@H](CCCNC(N)=[NH2+])NC(=O)[C@@H](N)CS)[C@@H](C)CC)C(=O)N[C@@H](Cc1c[nH]c2ccccc12)C(=O)N[C@@H](Cc1ccccc1)C(=O)N1CCC[C@H]1C(=O)N[C@@H](CC(N)=O)C(=O)N[C@@H](CCCNC(N)=[NH2+])C(=O)N[C@@H](CCCNC(N)=[NH2+])C(=O)N[C@@H](CCSC)C(=O)N[C@@H](CCCC[NH3+])C(=O)N[C@@H](Cc1c[nH]c2ccccc12)C(=O)N[C@@H](CCCC[NH3+])C(=O)N[C@@H](CCCC[NH3+])C(=O)N[C@H](C=O)CS,1,6.587277,0
NCC(=O)N[C@@H](CCCNC(N)=[NH2+])C(=O)N[C@@H](CCCC[NH3+])C(=O)N[C@@H](CCCC[NH3+])C(=O)N[C@@H](CCCNC(N)=[NH2+])C(=O)N[C@@H](CCCNC(N)=[NH2+])C(=O)N[C@@H](CCC(N)=O)C(=O)N[C@@H](CCCNC(N)=[NH2+])C(=O)N[C@@H](CCCNC(N)=[NH2+])C(=O)N[C@@H](CCCNC(N)=[NH2+])C(=O)N1CCC[C@H]1C(=O)N1CCC[C@H]1C(=O)N[C@H](C=O)CCC(N)=O,1,12.281309,0
CC(C)C[C@H](NC(=O)CN)C(=O)N[C@@H](Cc1c[nH]c2ccccc12)C(=O)N[C@@H](CCCNC(N)=[NH2+])C(=O)N[C@@H](C)C(=O)N[C@@H](CC(C)C)C(=O)N[C@@H](Cc1c[nH]c2ccccc12)C(=O)N[C@@H](CCCNC(N)=[NH2+])C(=O)N[C@@H](C)C(=O)N[C@@H](CC(C)C)C(=O)N[C@@H](Cc1c[nH]c2ccccc12)C(=O)N[C@@H](CCCNC(N)=[NH2+])C(=O)N[C@@H](CO)C(=O)N[C@@H](CC(C)C)C(=O)N[C@@H](Cc1c[nH]c2ccccc12)C(=O)N[C@@H](CCCC[NH3+])C(=O)N[C@@H](CCCC[NH3+])C(=O)N[C@@H](CCCC[NH3+])C(=O)N[C@@H](CCCNC(N)=[NH2+])C(=O)N[C@@H](CCCC[NH3+])C(=O)N[C@H](C=O)C(C)C,1,9.14799,0
NC(=[NH2+])NCCC[C@H](NC(=O)[C@H](CCCNC(N)=[NH2+])NC(=O)[C@H](CCCNC(N)=[NH2+])NC(=O)[C@H](CCCNC(N)=[NH2+])NC(=O)[C@H](CCCNC(N)=[NH2+])NC(=O)[C@H](CCCNC(N)=[NH2+])NC(=O)[C@@H](N)CCCNC(N)=[NH2+])C(=O)N[C@H](C=O)Cc1c[nH]c2ccccc12,1,11.707136,0
CC[C@H](C)[C@H](NC(=O)[C@H](CCCNC(N)=[NH2+])NC(=O)[C@H](CCCNC(N)=[NH2+])NC(=O)[C@H](CCCNC(N)=[NH2+])NC(=O)[C@H](CC(C)C)NC(=O)[C@@H](NC(=O)[C@@H](NC(=O)[C@H](CC(C)C)NC(=O)[C@@H](N)CC(C)C)[C@@H](C)CC)[C@@H](C)CC)C(=O)N[C@@H](CCCNC(N)=[NH2+])C(=O)N[C@@H](CCCC[NH3+])C(=O)N[C@@H](CCC(N)=O)C(=O)N[C@@H](C)C(=O)NC(CC1CNCN1)C(O)N[C@@H](C)C(=O)NC(CC1CNCN1)C(O)N[C@@H](CO)C(=O)N[C@@H](C)C=O,1,9.722693,0
CC(C)[C@@H](C=O)NC(=O)[C@H](CCCC[NH3+])NC(=O)[C@H](CCCNC(N)=[NH2+])NC(=O)[C@H](CCCC[NH3+])NC(=O)[C@H](CO)NC(=O)[C@H](CCCC[NH3+])NC(=O)[C@H](CCCC[NH3+])NC(=O)[C@H](Cc1ccccc1)NC(=O)[C@H](CCCNC(N)=[NH2+])NC(=O)[C@@H](N)Cc1c[nH]c2ccccc12,1,6.784094,0
CC(C)C[C@H](NC(=O)[C@H](C)NC(=O)[C@H](CC(C)C)NC(=O)[C@H](CCCC[NH3+])NC(=O)[C@H](CC(C)C)NC(=O)[C@H](CCCC[NH3+])NC(=O)[C@H](CC(C)C)NC(=O)[C@H](C)NC(=O)[C@@H](N)CCCC[NH3+])C(=O)N[C@@H](C)C(=O)N[C@@H](CC(C)C)C(=O)N[C@@H](CC(C)C)C(=O)N[C@@H](C)C(=O)N[C@@H](CCCC[NH3+])C(=O)N[C@@H](CC(C)C)C(=O)N[C@@H](CCCC[NH3+])C(=O)N[C@@H](CC(C)C)C(=O)N[C@@H](C)C(N)=O,1,2.3012161,0
CC[C@H](C)[C@H](NC(=O)[C@H](CCCC[NH3+])NC(=O)[C@@H](NC(=O)[C@H](CCC(N)=O)NC(=O)[C@@H](N)CCCNC(N)=[NH2+])[C@@H](C)CC)C(=O)N[C@@H](C)C(=O)N[C@@H](Cc1ccccc1)C(=O)N[C@@H](CCC(N)=O)C(=O)N[C@@H](CC(N)=O)C(=O)N[C@@H](CCCNC(N)=[NH2+])C(=O)N[C@@H](CCCNC(N)=[NH2+])C(=O)N[C@@H](CCSC)C(=O)N[C@@H](CCCC[NH3+])C(=O)N[C@@H](Cc1c[nH]c2ccccc12)C(=O)N[C@@H](CCCC[NH3+])C(=O)N[C@H](C=O)CCCC[NH3+],1,11.52115,0
CC(C)C[C@H](NC(=O)CNC(=O)[C@H](CCCC[NH3+])NC(=O)[C@H](CC(C)C)NC(=O)CNC(=O)[C@H](CC(C)C)NC(=O)[C@H](CCCC[NH3+])NC(=O)[C@H](CC(C)C)NC(=O)CNC(=O)[C@H](CC(C)C)NC(=O)[C@@H](N)CCCC[NH3+])C(=O)N[C@@H](CCCC[NH3+])C(=O)NCC(=O)NCC(=O)N[C@@H](CC(C)C)C(=O)N[C@@H](CCCC[NH3+])C(=O)N[C@@H](CC(C)C)C(=O)NCC=O,1,4.1435905,0
C[C@H](N)C(=O)N[C@@H](CS)C(=O)N[C@@H](CO)C(=O)NCC(=O)N[C@@H](CO)C(=O)NCC(=O)N[C@@H](CO)C(=O)NCC(=O)N[C@@H](CS)C(=O)NCC(=O)N[C@@H](CO)C(=O)NCC(=O)N[C@@H](CO)C(=O)NCC(=O)N[C@@H](CO)C(=O)N[C@@H](CS)C(=O)NCC(=O)N[C@@H](CCCNC(N)=[NH2+])C(=O)N[C@@H](CCCNC(N)=[NH2+])C(=O)N[C@@H](CCCNC(N)=[NH2+])C(=O)N[C@@H](CCCNC(N)=[NH2+])C(=O)N[C@@H](CCCNC(N)=[NH2+])C(=O)N[C@@H](CCCNC(N)=[NH2+])C(=O)N[C@@H](CCCNC(N)=[NH2+])C(=O)N[C@H](C=O)CCCNC(N)=[NH2+],1,9.98453,0
CC[C@H](C)[C@H](NC(=O)[C@H](CCCNC(N)=[NH2+])NC(=O)[C@H](C)NC(O)C(N)CC1CNCN1)C(=O)N[C@@H](CCCC[NH3+])C(=O)N1CCC[C@H]1C(=O)N[C@H](C(=O)N[C@@H](Cc1ccccc1)C(=O)N[C@@H](CCCNC(N)=[NH2+])C(=O)N[C@@H](CCCNC(N)=[NH2+])C(=O)N[C@@H](CC(C)C)C(=O)N[C@@H](CCCC[NH3+])C(=O)N[C@@H](Cc1c[nH]c2ccccc12)C(=O)N[C@@H](CCCC[NH3+])C(=O)N[C@@H](Cc1ccc(O)cc1)C(=O)N[C@@H](CCCC[NH3+])C(=O)NCC(=O)N[C@@H](CCCC[NH3+])C(=O)N[C@@H](Cc1ccccc1)C(=O)N[C@H](C=O)Cc1c[nH]c2ccccc12)[C@@H](C)O,1,7.983523,0
CC(C)[C@@H](C=O)NC(=O)[C@H](CCCC[NH3+])NC(=O)[C@H](CCCNC(N)=[NH2+])NC(=O)[C@H](CCCC[NH3+])NC(=O)[C@H](CCCC[NH3+])NC(=O)[C@H](CCCC[NH3+])NC(=O)[C@@H]1CCCN1C(=O)[C@H](CCC(N)=O)NC(=O)[C@H](CO)NC(=O)[C@H](Cc1c[nH]c2ccccc12)NC(=O)[C@H](CCC(=O)O)NC(=O)[C@@H](NC(=O)[C@H](Cc1c[nH]c2ccccc12)NC(=O)[C@H](Cc1c[nH]c2ccccc12)NC(=O)[C@@H](NC(=O)[C@H](CCC(=O)O)NC(=O)[C@H](Cc1c[nH]c2ccccc12)NC(=O)[C@H](Cc1c[nH]c2ccccc12)NC(=O)[C@@H](NC(=O)[C@H](CCC(=O)O)NC(=O)[C@@H](N)CCCC[NH3+])[C@@H](C)O)[C@@H](C)O)[C@@H](C)O,1,4.0235314,0
CC(C)C[C@H](NC(=O)[C@H](C)NC(=O)[C@H](CCCC[NH3+])NC(=O)[C@H](CC(C)C)NC(=O)[C@H](C)NC(=O)[C@H](CC(C)C)NC(=O)[C@@H](N)CCCC[NH3+])C(=O)N[C@@H](CCCC[NH3+])C(=O)N[C@@H](C)C(=O)N[C@@H](C)C(=O)N[C@@H](CC(C)C)C(=O)N[C@@H](CCCC[NH3+])C(=O)N[C@@H](CC(C)C)C(=O)N[C@@H](C)C=O,1,9.732833,0
CSCC[C@H](NC(=O)[C@H](CC(C)C)NC(=O)CNC(=O)[C@H](Cc1ccccc1)NC(=O)[C@H](Cc1ccccc1)NC(=O)[C@H](CCC(N)=O)NC(=O)[C@H](CCC(N)=O)NC(=O)[C@H](CC(C)C)NC(=O)[C@H](CC(C)C)NC(=O)[C@H](CCCC[NH3+])NC(=O)[C@H](Cc1c[nH]c2ccccc12)NC(=O)[C@@H](NC(=O)[C@H](CCCC[NH3+])NC(=O)[C@H](CCCNC(N)=[NH2+])NC(=O)[C@H](CCCC[NH3+])NC(=O)[C@H](CCCC[NH3+])NC(=O)[C@H](CCCC[NH3+])NC(=O)[C@@H]1CCCN1)C(C)C)C(N)=O,1,-2.8377018,0
CC[C@H](C)[C@H](NC(=O)[C@H](C)NC(=O)[C@H](Cc1ccccc1)NC(=O)[C@@H](NC(=O)[C@@H](NC(=O)[C@@H](N)CCSC)[C@@H](C)CC)[C@@H](C)CC)C(=O)N[C@@H](C)C(=O)N[C@@H](C)C(=O)N[C@@H](CO)C(=O)NC(CC1CNCN1)C(O)N[C@@H](CCCC[NH3+])C(=O)N[C@H](C=O)CCCC[NH3+],1,9.023482,0
CC[C@H](C)[C@H](NC(=O)[C@H](CCCNC(N)=[NH2+])NC(=O)[C@H](Cc1ccc(O)cc1)NC(O)C(N)CC1CNCN1)C(=O)N[C@@H](CCCC[NH3+])C(=O)N1CCC[C@H]1C(=O)N[C@H](C(=O)N[C@@H](Cc1ccccc1)C(=O)N[C@@H](CCCNC(N)=[NH2+])C(=O)N[C@@H](CCCNC(N)=[NH2+])C(=O)N[C@@H](CC(C)C)C(=O)N[C@@H](CCCC[NH3+])C(=O)N[C@@H](Cc1c[nH]c2ccccc12)C(=O)N[C@@H](CCCC[NH3+])C(=O)N[C@@H](Cc1ccc(O)cc1)C(=O)N[C@@H](CCCC[NH3+])C(=O)NCC(=O)N[C@@H](CCCC[NH3+])C(=O)N[C@@H](Cc1ccccc1)C(=O)N[C@@H](C)C=O)[C@@H](C)O,1,6.8117266,0
NC(=[NH2+])NCCC[C@H](NC(=O)[C@H](CCCNC(N)=[NH2+])NC(=O)[C@H](CCCNC(N)=[NH2+])NC(=O)[C@H](CCC(N)=O)NC(=O)[C@H](CCCNC(N)=[NH2+])NC(=O)[C@H](CCCNC(N)=[NH2+])NC(=O)[C@H](CCCC[NH3+])NC(=O)[C@H](CCCC[NH3+])NC(=O)[C@H](CCCNC(N)=[NH2+])NC(=O)CNC(=O)[C@@H](N)Cc1ccc(O)cc1)C(N)=O,1,1.3896759,0
CCC[C@H](NC(=O)[C@H](CS)NC(=O)[C@@H](NC(=O)CNC(=O)CN)C(C)C)C(=O)N[C@@H](CCCCN)C(=O)N[C@H](C(=O)N[C@@H](CC(C)C)C(=O)N[C@@H](C)C(=O)N[C@@H](CCCCN)C(=O)N[C@H]1C[SH]2[SH]3C[C@@H](C(=O)NCC(=O)N[C@@H](CO)C(=O)NCC(=O)N[C@@H](CO)C(=O)N[C@H](C=O)CC(=O)O)NC(=O)[C@H](Cc4ccc(O)cc4)NC(=O)CNC(=O)[C@H](CC(N)=O)NC(=O)CNC(=O)[C@H](CCCNC(=N)N)NC(=O)[C@@H]4CSS32C[C@H](NC(=O)[C@H](CC(=O)O)NC(=O)[C@H](CO)NC(=O)[C@H](CC(=O)O)NC(=O)[C@H](CCCNC(=N)N)NC(=O)[C@H](CCCNC(=N)N)NC1=O)C(=O)N1CCC[C@H]1C(=O)NCC(=O)N[C@@H](C)C(=O)N[C@@H](CS)C(=O)N[C@@H]([C@@H](C)CC)C(=O)N4)[C@@H](C)CC,1,2.8778796,0
CC[C@H](C)[C@H](NC(=O)[C@H](CCCC[NH3+])NC(=O)[C@@H](NC(=O)[C@H](CCC(N)=O)NC(=O)[C@@H]([NH3+])CCCNC(N)=[NH2+])[C@@H](C)CC)C(=O)N[C@@H](Cc1c[nH]c2ccccc12)C(=O)N[C@@H](Cc1ccccc1)C(=O)N[C@@H](CCC(N)=O)C(=O)N[C@@H](CC(N)=O)C(=O)N[C@@H](CCCNC(N)=[NH2+])C(=O)N[C@@H](CCCNC(N)=[NH2+])C(=O)N[C@@H](CCSC)C(=O)N[C@@H](CCCC[NH3+])C(=O)N[C@@H](Cc1c[nH]c2ccccc12)C(=O)N[C@@H](CCCC[NH3+])C(=O)N[C@@H](CCCC[NH3+])C(=O)O,1,6.170093,0
CC[C@H](C)[C@H](NC(=O)[C@H](CCCC[NH3+])NC(=O)[C@@H](NC(=O)[C@H](CCC(N)=O)NC(=O)[C@@H]([NH3+])CCCNC(N)=[NH2+])[C@@H](C)CC)C(=O)N[C@@H](Cc1c[nH]c2ccccc12)C(=O)N[C@@H](Cc1ccccc1)C(=O)N[C@@H](CCC(N)=O)C(=O)N[C@@H](CC(N)=O)C(=O)N[C@@H](CCCNC(N)=[NH2+])C(=O)N[C@@H](CCCNC(N)=[NH2+])C(=O)N[C@@H](CCSC)C(=O)N[C@@H](CCCC[NH3+])C(=O)N[C@@H](Cc1c[nH]c2ccccc12)C(=O)N[C@@H](CCCC[NH3+])C(=O)N[C@@H](CCCC[NH3+])C(=O)O,1,6.170093,0
NC(=[NH2+])NCCC[C@@H](C=O)NC(=O)[C@H](CCCNC(N)=[NH2+])NC(=O)[C@H](CCCNC(N)=[NH2+])NC(=O)[C@H](CCC(N)=O)NC(=O)[C@H](CCCNC(N)=[NH2+])NC(=O)[C@H](CCCNC(N)=[NH2+])NC(=O)[C@H](CCCC[NH3+])NC(=O)[C@H](CCCC[NH3+])NC(=O)[C@H](CCCNC(N)=[NH2+])NC(=O)CNC(=O)[C@@H](N)Cc1ccc(O)cc1,1,10.850116,0
NC(=[NH2+])NCCC[C@@H](N)C(=O)N[C@H](CCCNC(N)=[NH2+])C(=O)N[C@H](CCCNC(N)=[NH2+])C(=O)N[C@H](CCCNC(N)=[NH2+])C(=O)N[C@H](CCCNC(N)=[NH2+])C(=O)N[C@H](CCCNC(N)=[NH2+])C(=O)N[C@H](CCCNC(N)=[NH2+])C(=O)N[C@@H](C=O)CCCNC(N)=[NH2+],1,14.040888,0
CC[C@H](C)[C@H](NC(=O)[C@@H](NC(=O)[C@H](CO)NC(=O)[C@H](C)NC(=O)[C@@H](NC(=O)[C@H](CCCC[NH3+])NC(=O)[C@H](CCCC[NH3+])NC(=O)[C@@H](NC(=O)[C@@H](NC(=O)[C@H](CCCC[NH3+])NC(=O)[C@H](Cc1ccccc1)NC(=O)[C@H](CC(C)C)NC(=O)CN)C(C)C)[C@@H](C)CC)C(C)C)C(C)C)C(=O)NCC(=O)NCC(=O)N[C@@H](CC(C)C)C(N)=O,0,-5.6451592,0
CC(C)[C@H](NC(=O)[C@H](CCCNC(N)=[NH2+])NC(=O)[C@H](CS)NC(=O)[C@H](C)NC(=O)[C@@H]1CCCN1C(O)C(CC1CNCN1)NC(=O)[C@H](CO)NC(=O)[C@H](CS)NC(=O)[C@H](CS)NC(=O)CN)C(=O)NC(CC1CNCN1)C(O)N[C@@H](Cc1ccc(O)cc1)C(=O)N1CCC[C@H]1C(=O)NC(CC1CNCN1)C(O)N[C@H](C(=O)N[C@@H](CS)C(=O)N[C@@H](Cc1ccc(O)cc1)C(N)=O)C(C)C,0,-5.956459,0
CSCC[C@H](NC(=O)[C@H](C)NC(C)=O)C(=O)N[C@H](C(=O)N[C@@H](CO)C(=O)N[C@H](C=O)CO)C(C)C,0,1.1741906,0
CSCC[C@H](NC(=O)CNC(=O)[C@H](Cc1ccccc1)NC(=O)CN)C(=O)N[C@@H](C)C(=O)N[C@@H](CC(C)C)C(=O)NC(CCC[NH3+])C(O)N[C@@H](CC(C)C)C(=O)N[C@@H](CC(C)C)C(=O)NC(CCC[NH3+])C(O)NC(CCC[NH3+])C(O)N[C@H](C(=O)N[C@@H](CC(C)C)C(N)=O)C(C)C,0,-4.737463,0
CC[C@H](C)[C@H](NC(=O)CNC(=O)[C@H](CCCC[NH3+])NC(=O)[C@@H](NC(=O)[C@H](CC(C)C)NC(=O)[C@H](CO)NC(=O)CNC(=O)[C@H](CC(C)C)NC(=O)CNC(=O)[C@H](C)NC(=O)[C@H](CCCC[NH3+])NC(=O)[C@H](Cc1ccccc1)NC(=O)[C@@H](NC(=O)[C@H](CC(=O)O)NC(=O)[C@H](CCCC[NH3+])NC(=O)[C@H](CC(C)C)NC(=O)CN)[C@@H](C)CC)C(C)C)C(=O)N[C@@H](C)C(=O)N[C@@H](C)C(=O)NC(CC1CNCN1)C(O)N[C@H](C(=O)N[C@@H](C)C(=O)N[C@@H](CC(N)=O)C(N)=O)C(C)C,0,-5.4820294,0
CC(C)[C@H](N)C(=O)NCC(=O)N[C@@H](CCC(=O)O)C(=O)N[C@@H](C)C(=O)N[C@@H](CS)C(=O)N[C@@H](CS)C(=O)N[C@@H](CCCC[NH3+])C(=O)N[C@@H](CC(N)=O)C(=O)NCC(=O)N[C@@H](CCCC[NH3+])C(=O)N[C@@H](CCCNC(N)=[NH2+])C(=O)NCC(=O)N[C@@H](CS)C(=O)NCC(=O)N[C@@H](CCCNC(N)=[NH2+])C(=O)N[C@@H](Cc1c[nH]c2ccccc12)C(=O)N[C@@H](CS)C(=O)N[C@@H](CCCNC(N)=[NH2+])C(=O)N[C@@H](CC(=O)O)C(=O)NC(CC1CNCN1)C(O)N[C@@H](CO)C(=O)N[C@@H](CCCNC(N)=[NH2+])C(=O)N[C@@H](CS)C(=O)N[C@@H](CS)C(N)=O,0,-4.2242417,0
CC[C@H](C)[C@H](NC(=O)[C@H](Cc1ccccc1)NC(=O)[C@H](CO)NC(=O)[C@H](CCCC[NH3+])NC(=O)[C@H](Cc1c[nH]c2ccccc12)NC(=O)[C@@H](N)CCCC[NH3+])C(=O)N[C@@H](CCCC[NH3+])C(=O)N[C@@H](CCCC[NH3+])C(=O)N[C@@H](CC(C)C)C(=O)N[C@H](C(=O)N[C@@H](CO)C(=O)N[C@@H](CCCC[NH3+])C(=O)N[C@@H](Cc1ccccc1)C(=O)N[C@@H](CC(C)C)C(=O)NC(CC1CNCN1)C(O)N[C@@H](CO)C(=O)N[C@@H](C)C(=O)N[C@@H](CC(=O)O)C(=O)N[C@@H](CCCC[NH3+])C(=O)N[C@@H](Cc1ccccc1)C(N)=O)[C@@H](C)O,0,-4.1401973,0
CC[C@H](C)[C@H](NC(=O)[C@H](CC(C)C)NC(=O)[C@H](CCCC[NH3+])NC(=O)CNC(=O)[C@H](CC(C)C)NC(=O)[C@@H](NC(=O)[C@H](CCCC[NH3+])NC(=O)[C@H](CCCC[NH3+])NC(=O)[C@H](Cc1c[nH]c2ccccc12)NC(=O)[C@H](CCCC[NH3+])NC(=O)CN)[C@@H](C)CC)C(=O)N[C@@H](CCCNC(N)=[NH2+])C(N)=O,0,-3.6755152,0
CC[C@H](C)[C@H](NC(=O)[C@H](CO)NC(=O)[C@H](C)NC(=O)[C@@H](NC(=O)[C@H](CCCC[NH3+])NC(=O)[C@H](CCCC[NH3+])NC(=O)[C@H](Cc1c[nH]c2ccccc12)NC(=O)[C@@H](NC(=O)[C@@H](N)CC(N)=O)[C@@H](C)CC)[C@@H](C)CC)C(=O)N[C@@H](C)C(=O)N[C@@H](CCCC[NH3+])C(=O)N[C@@H](CCC(=O)O)C(=O)N[C@H](C(=O)N[C@@H](CC(C)C)C(=O)N[C@@H](CCCC[NH3+])C(=O)N[C@@H](C)C(=O)N[C@@H](CC(C)C)C(N)=O)C(C)C,0,-4.544147,0
CC[C@H](C)[C@H](NC(=O)[C@H](CCCC[NH3+])NC(=O)CNC(=O)[C@H](CC(C)C)NC(=O)[C@H](CO)NC(=O)[C@H](CCCC[NH3+])NC(=O)[C@H](CCCC[NH3+])NC(=O)[C@H](Cc1c[nH]c2ccccc12)NC(=O)[C@H](CO)NC(=O)[C@@H](N)C(C)C)C(=O)N[C@H](C(=O)N[C@@H](CCCC[NH3+])C(=O)N[C@H](C(=O)N[C@H](C(=O)N[C@@H](CCCC[NH3+])C(N)=O)C(C)C)C(C)C)[C@@H](C)CC,0,-5.7841735,0
CSCC[C@H](N)C(=O)N[C@@H](CS)C(=O)N1CCC[C@H]1C(=O)N1CCC[C@H]1C(=O)N[C@@H](CC(C)C)C(=O)N[C@@H](CS)C(=O)N[C@@H](C)C(=O)N1CCC[C@H]1C(=O)N[C@@H](CO)C(=O)N[C@@H](CS)C(=O)N[C@H](C(=O)N[C@@H](CC(N)=O)C(=O)N[C@@H](CS)C(N)=O)[C@@H](C)O,0,-6.2094083,0
CC[C@H](C)[C@H](N)C(=O)N[C@@H](CC(C)C)C(=O)N1CCC[C@H]1C(=O)N[C@@H](Cc1c[nH]c2ccccc12)C(=O)N[C@@H](CCCC[NH3+])C(=O)N[C@@H](C)C(=O)N1CCC[C@H]1C(=O)N[C@@H](C)C(=O)N[C@@H](C)C(=O)N1CCC[C@H]1C(=O)N[C@@H](C)C(=O)N[C@@H](CCCNC(N)=[NH2+])C(=O)N[C@@H](CCCNC(N)=[NH2+])C(N)=O,0,-1.8763692,0
CC[C@H](C)[C@H](NC(=O)[C@H](CO)NC(=O)[C@@H](NC(=O)[C@H](CS)NC(=O)[C@H](CCCC[NH3+])NC(=O)CNC(=O)[C@H](CCCNC(N)=[NH2+])NC(=O)[C@H](CO)NC(=O)[C@H](CS)NC(=O)[C@H](CCSC)NC(=O)[C@H](CC(C)C)NC(=O)CNC(=O)[C@H](CCSC)NC(=O)[C@H](CS)NC(=O)[C@H](CS)NC(=O)[C@@H](NC(O)C1CC(O)CN1C(O)C1CC(O)CN1C(=O)[C@H](CS)NC(=O)[C@H](CCCNC(N)=[NH2+])NC(=O)[C@H](CO)NC(=O)[C@H](CC(=O)O)NC(=O)[C@H](CCCNC(N)=[NH2+])NC(=O)CNC(=O)[C@H](CO)NC(=O)[C@H](CS)NC(=O)[C@@H](N)CO)C(C)C)C(C)C)C(=O)N[C@@H](Cc1ccc(O)cc1)C(=O)NCC(=O)N[C@H](C=O)CCC(=O)O,0,1.585861,0
CC[C@H](C)[C@H](NC(=O)CN)C(=O)NCC(=O)N[C@@H](CO)C(=O)N[C@@H](C)C(=O)N[C@H](C(=O)N[C@@H](CC(C)C)C(=O)N[C@@H](CO)C(=O)N[C@@H](C)C(=O)NCC(=O)N[C@@H](CCCC[NH3+])C(=O)N[C@@H](CO)C(=O)N[C@@H](C)C(=O)N[C@@H](CC(C)C)C(=O)N[C@@H](CCCC[NH3+])C(=O)NCC(=O)N[C@@H](CC(C)C)C(=O)N[C@@H](C)C(=O)N[C@@H](CCCC[NH3+])C(=O)NCC(=O)N[C@@H](CC(C)C)C(=O)N[C@@H](C)C(=O)N[C@@H](CCC(=O)O)C(=O)NC(CC1CNCN1)C(O)N[C@@H](Cc1ccccc1)C(=O)N[C@@H](C)C(=O)N[C@@H](CC(N)=O)C(N)=O)[C@@H](C)CC,0,-5.161695,0
CC[C@H](C)[C@H](N)C(=O)N[C@@H](CC(C)C)C(=O)NCC(=O)N[C@@H](CCCC[NH3+])C(=O)N[C@@H](CC(C)C)C(=O)N[C@@H](CC(C)C)C(=O)N[C@@H](CCCC[NH3+])C(=O)N[C@H](C(=O)N[C@@H](C)C(=O)N[C@@H](C)C(=O)N[C@@H](CCCC[NH3+])C(=O)N[C@@H](CC(C)C)C(=O)N[C@@H](CC(C)C)C(=O)N[C@@H](CO)C(=O)N[C@@H](CC(N)=O)C(=O)N[C@@H](CC(C)C)C(N)=O)[C@@H](C)O,0,-5.0703573,0
C[C@H](NC(=O)[C@@H]1CCCN1C(O)C(CC1CNCN1)NC(=O)[C@H](CS)NC(=O)[C@H](CS)NC(=O)[C@@H](N)CCC(=O)O)C(=O)N[C@@H](CS)C(=O)NCC(=O)N[C@@H](CCCC[NH3+])C(=O)NC(CC1CNCN1)C(O)N[C@@H](Cc1ccccc1)C(=O)N[C@@H](CO)C(=O)N[C@@H](CS)C(N)=O,0,-5.933571,0
C[C@H](NC(=O)[C@H](C)NC(=O)[C@H](CCCC[NH3+])NC(=O)[C@H](C)NC(=O)[C@H](Cc1ccccc1)NC(=O)[C@H](Cc1c[nH]c2ccccc12)NC(=O)[C@H](CCCC[NH3+])NC(=O)[C@H](Cc1ccccc1)NC(=O)[C@H](CCCC[NH3+])NC(=O)[C@H](CCCC[NH3+])NC(=O)[C@H](C)NC(=O)[C@H](Cc1ccccc1)NC(=O)[C@@H](N)CCCC[NH3+])C(=O)N[C@@H](Cc1ccccc1)C(=O)N[C@@H](CCCC[NH3+])C(=O)N[C@@H](Cc1ccccc1)C(=O)N[C@@H](Cc1ccccc1)C(=O)N[C@@H](CCCC[NH3+])C(=O)N[C@@H](CCCC[NH3+])C(N)=O,0,-2.1476097,0
CC(C)C[C@H](NC(=O)[C@H](CCCC[NH3+])NC(=O)[C@@H](N)CCCC[NH3+])C(=O)N[C@@H](Cc1ccccc1)C(=O)N[C@@H](CCCC[NH3+])C(=O)N[C@@H](CCCC[NH3+])C(=O)N[C@H](CC(C)C)C(=O)N[C@H](CC(C)C)C(=O)N[C@H](CCCC[NH3+])C(=O)N[C@H](Cc1ccc(O)cc1)C(=O)N[C@H](CC(C)C)C(N)=O,0,-2.968695,0
CC[C@H](C)[C@H](NC(=O)[C@H](Cc1ccccc1)NC(=O)[C@H](CCCC[NH3+])NC(=O)[C@H](C)NC(=O)[C@@H](NC(=O)[C@H](CO)NC(=O)[C@H](CCCC[NH3+])NC(=O)[C@H](CCSC)NC(=O)[C@H](C)NC(=O)[C@H](CCCC[NH3+])NC(=O)[C@H](Cc1ccccc1)NC(=O)[C@H](Cc1c[nH]c2ccccc12)NC(=O)CNC(=O)[C@H](CCCC[NH3+])NC(=O)[C@@H](N)CCCNC(N)=[NH2+])[C@@H](C)CC)C(=O)N[C@@H](C)C(=O)N[C@@H](CCCC[NH3+])C(=O)N[C@@H](CCC(=O)O)C(=O)N[C@@H](CCCC[NH3+])C(=O)N[C@@H](CC(C)C)C(=O)N[C@@H](CCCC[NH3+])C(=O)N[C@@H](CCC(=O)O)C(=O)NC(CC1CNCN1)C(O)N[C@@H](CC(C)C)C(N)=O,0,-3.241587,0
C[C@H](NC(=O)[C@H](C)NC(=O)[C@H](Cc1ccccc1)NC(=O)[C@H](C)NC(=O)[C@H](C)NC(=O)[C@H](Cc1c[nH]c2ccccc12)NC(=O)[C@H](C)NC(=O)[C@H](C)NC(=O)[C@H](Cc1ccccc1)NC(=O)[C@H](C)NC(=O)[C@H](C)NC(=O)[C@H](CCCC[NH3+])NC(=O)[C@H](CCCC[NH3+])NC(=O)[C@H](CCCC[NH3+])NC(=O)[C@H](CCCC[NH3+])NC(=O)[C@H](CCCC[NH3+])NC(=O)[C@@H](N)CCCC[NH3+])C(N)=O,0,-0.74761146,0
CC(C)C[C@@H](NC(=O)[C@@H](C)NC(=O)[C@H]1CCCN1C(=O)[C@@H](CC(C)C)NC(=O)[C@@H](Cc1c[nH]c2ccccc12)NC(O)C(CC1CNCN1)NC(=O)[C@@H](CCCC[NH3+])NC(=O)[C@@H](CC(C)C)NC(=O)[C@@H](C)NC(=O)[C@@H](CCCC[NH3+])NC(=O)[C@@H](C)NC(=O)[C@@H](CC(C)C)NC(=O)[C@@H](C)NC(=O)[C@@H](CCCC[NH3+])NC(=O)[C@H](N)CCCC[NH3+])C(=O)NC(CC1CNCN1)C(O)N[C@H](CCCC[NH3+])C(=O)N[C@H](CC(C)C)C(=O)N[C@H](C)C(=O)N[C@H](CCCC[NH3+])C(=O)N[C@H](C)C(=O)N[C@H](CC(C)C)C(=O)N[C@H](C)C(=O)N[C@H](CCCC[NH3+])C(=O)N[C@H](CCCC[NH3+])C(N)=O,0,-1.4435787,0
CC[C@H](C)[C@H](NC(=O)CN)C(=O)NCC(=O)N[C@@H](C)C(=O)N[C@H](C(=O)N[C@@H](CC(C)C)C(=O)N[C@@H](CCCC[NH3+])C(=O)N[C@H](C(=O)N[C@@H](CC(C)C)C(=O)N[C@@H](C)C(=O)N[C@@H](CC(C)C)C(=O)N[C@H](C(=O)N[C@@H](CO)C(=O)N[C@@H](Cc1c[nH]c2ccccc12)C(=O)N[C@H](C(=O)N[C@@H](CCCC[NH3+])C(=O)N[C@@H](CCCNC(N)=[NH2+])C(=O)N[C@@H](CCCC[NH3+])C(=O)N[C@@H](CCCNC(N)=[NH2+])C(N)=O)[C@@H](C)CC)[C@@H](C)CC)C(C)C)C(C)C,0,-4.4817233,0
CC[C@H](C)[C@H](NC(=O)[C@H](CCCC[NH3+])NC(=O)[C@H](CCCC[NH3+])NC(=O)[C@H](C)NC(=O)[C@@H](NC(=O)CNC(=O)[C@H](CCCNC(N)=[NH2+])NC(=O)[C@H](CC(C)C)NC(=O)[C@@H](NC(=O)[C@@H](N)CCCC[NH3+])[C@@H](C)CC)C(C)C)C(=O)N[C@@H](CCSC)C(=O)N[C@@H](CCCNC(N)=[NH2+])C(=O)N[C@H](C(=O)N[C@@H](Cc1ccccc1)C(=O)N[C@@H](CC(C)C)C(=O)N[C@@H](CCCNC(N)=[NH2+])C(=O)N[C@@H](CCCNC(N)=[NH2+])C(=O)N[C@H](C(=O)N[C@@H](CO)C(=O)N[C@@H](CCCC[NH3+])C(=O)N[C@@H](CC(=O)O)C(=O)N[C@H](C(=O)N[C@@H](CC(C)C)C(=O)N[C@H](C(=O)NCC(=O)N[C@@H](CCCC[NH3+])C(=O)N[C@@H](CCCC[NH3+])C(N)=O)[C@@H](C)O)[C@@H](C)CC)[C@@H](C)CC)[C@@H](C)O,0,-2.121614,0
CC[C@H](C)[C@H](NC(=O)[C@H](C)NC(O)C(CC1CNCN1)NC(=O)[C@@H]1CCCN1C(=O)[C@@H](NC(=O)[C@H](CC(C)C)NC(=O)[C@H](CO)NC(=O)[C@H](CC(C)C)NC(=O)[C@@H](N)Cc1ccccc1)[C@@H](C)CC)C(=O)N[C@@H](CC(N)=O)C(=O)N[C@@H](C)C(=O)N[C@H](C(=O)N[C@@H](CO)C(=O)N[C@H](C(=O)N[C@@H](CC(C)C)C(=O)N[C@H](C(=O)NC(CC1CNCN1)C(O)NC(CC1CNCN1)C(O)N[C@@H](CO)C(N)=O)C(C)C)[C@@H](C)O)C(C)C,0,-4.82509,0
CC(C)C[C@H](NC(=O)[C@H](CCCC[NH3+])NC(=O)[C@H](Cc1ccc(O)cc1)NC(=O)CNC(=O)[C@H](CS)NC(=O)[C@H](CS)NC(=O)[C@@H](NC(=O)CNC(=O)[C@@H](N)CC(N)=O)C(C)C)C(=O)N[C@@H](CS)C(=O)NC(CC1CNCN1)C(O)N1CC(O)CC1C(O)N[C@H](C=O)CS,0,-2.3802478,0
CC[C@H](C)[C@H](N)C(=O)N[C@@H](Cc1c[nH]c2ccccc12)C(=O)N[C@@H](CC(C)C)C(=O)N[C@H](C(=O)N[C@@H](C)C(=O)N[C@@H](CC(C)C)C(=O)N[C@@H](CCCC[NH3+])C(=O)N[C@@H](Cc1ccccc1)C(=O)N[C@@H](CC(C)C)C(=O)NCC(=O)N[C@@H](CCCC[NH3+])C(=O)NC(CC1CNCN1)C(O)N[C@@H](C)C(=O)N[C@@H](C)C(=O)N[C@@H](CCCC[NH3+])C(=O)NC(CC1CNCN1)C(O)N[C@@H](CC(C)C)C(=O)N[C@@H](C)C(=O)N[C@@H](CCCC[NH3+])C(=O)N[C@@H](CCC(N)=O)C(=O)N[C@@H](CCC(N)=O)C(=O)N[C@@H](CC(C)C)C(=O)N[C@@H](CO)C(=O)N[C@@H](CCCC[NH3+])C(=O)N[C@@H](CC(C)C)C(N)=O)[C@@H](C)O,0,-2.8678334,0
CCCC(CO)NC(=O)[C@@H]1CCCN1C(=O)[C@@H](NC(=O)[C@@H](NC(=O)[C@H](CC(=O)O)NC(C)=O)[C@@H](C)CC)C(C)C,0,-4.599199,0
CC(C)C[C@H](NC(=O)[C@H](CC(C)C)NC(=O)[C@H](CCCC[NH3+])NC(=O)[C@H](CCCC[NH3+])NC(=O)[C@H](CC(C)C)NC(=O)[C@H](CC(C)C)NC(=O)[C@H](CCCC[NH3+])NC(=O)[C@H](CC(C)C)NC(=O)[C@@H]1CCCN1C(=O)[C@H](CCCC[NH3+])NC(=O)[C@H](CCCC[NH3+])NC(=O)[C@H](CC(C)C)NC(=O)[C@H](CC(C)C)NC(=O)[C@H](CCCC[NH3+])NC(=O)[C@H](CCCC[NH3+])NC(=O)[C@H](Cc1c[nH]c2ccccc12)NC(=O)[C@@H](N)CCCC[NH3+])C(N)=O,0,-1.8710687,0
N=C(N)NCCC[C@H](NC(=O)[C@@H]1CCCN1C(=O)[C@@H]1CSSC[C@H](N)C(=O)N[C@@H](Cc2ccc(O)cc2)C(=O)N[C@@H](Cc2ccccc2)C(=O)N[C@@H](CCC(N)=O)C(=O)N[C@@H](CC(N)=O)C(=O)N1)C(=O)NCC(N)=O,0,-4.890105,0
CC[C@H](C)[C@@H](NC(=O)[C@@H](C)NC(=O)[C@@H](CCCC[NH3+])NC(=O)[C@@H](CC(C)C)NC(=O)[C@@H](CC(C)C)NC(=O)[C@H](NC(O)C(CC1CNCN1)NC(=O)[C@@H](CC(C)C)NC(=O)[C@H](NC(=O)[C@H](NC(=O)[C@@H](CCCC[NH3+])NC(=O)[C@@H](CCCC[NH3+])NC(=O)[C@@H](CC(C)C)NC(=O)[C@@H](CO)NC(=O)[C@@H](CCCC[NH3+])NC(=O)[C@@H](Cc1ccccc1)NC(=O)[C@H](NC(=O)[C@@H](CCCC[NH3+])NC(=O)[C@@H](CC(C)C)NC(=O)[C@@H](Cc1ccccc1)NC(=O)[C@@H](CO)NC(=O)[C@@H](CCCC[NH3+])NC(=O)[C@@H](Cc1c[nH]c2ccccc12)NC(=O)[C@@H](CCCC[NH3+])NC(C)=O)[C@@H](C)O)[C@@H](C)O)C(C)C)[C@@H](C)O)C(=O)N[C@H](CO)C(=O)N[C@@H](CO)C(N)=O,0,-4.7178974,0
C[C@@H]1NC(=O)[C@@H]2CSSC[C@H](NC(=O)C[NH3+])C(=O)N[C@@H](CSSC[C@@H](C(N)=O)NC(=O)[C@H](CCCNC(N)=[NH2+])NC(=O)[C@H](Cc3c[nH]c4ccccc34)NC1=O)C(=O)N[C@@H](CO)C(=O)N[C@@H](CC(=O)O)C(=O)N1CCC[C@H]1C(=O)N[C@@H](CCCNC(N)=[NH2+])C(=O)N2,0,-3.6564946,0
CC(C)C[C@@H]1NC(=O)[C@@H](Cc2c[nH]c3ccccc23)NC(=O)[C@H](CCCC[NH3+])NC(O)C(CO)N(C)C(=O)[C@H](CC(N)=O)NC(=O)[C@@H](CCC(=O)O)NC(=O)[C@H](CO)NC(O)C(CC2CNC3CCCCC23)N(C)C1=O,0,-5.412929,0
CC[C@H](C)[C@H](NC(O)C(CC1CNCN1)NC(=O)[C@H](CCCC[NH3+])NC(=O)[C@H](CC(C)C)NC(=O)[C@H](CC(C)C)NC(=O)[C@H](CO)NC(=O)[C@H](CCSC)NC(=O)[C@H](Cc1c[nH]c2ccccc12)NC(=O)[C@H](CCCC[NH3+])NC(=O)CN)C(=O)N[C@@H](CC(C)C)C(=O)N[C@@H](CCCC[NH3+])C(N)=O,0,-4.595037,0
CSCC[C@H](NC(=O)[C@H](CCC(=O)O)NC(=O)[C@H](CC(=O)O)NC(C)=O)C(=O)N[C@@H](CCC(=O)O)C(=O)NC(CC1CCC2CCCCC2C1)C(O)N[C@H](C=O)CS,0,-0.4378716,0
CC(C)C[C@H]1NC(=O)CNC(=O)[C@@H](CC(N)=O)NC(=O)[C@H](CCCNC(N)=[NH2+])NC(=O)[C@H]([C@@H](C)O)NC(=O)[C@H](CS)NC(=O)[C@H](C(C)C)NC(=O)[C@@H]2CCCN2C(=O)[C@H](Cc2c[nH]c3ccccc23)NC(=O)[C@H](CO)NC(=O)[C@H](CS)NC(=O)[C@H](CO)NC(=O)[C@H](CS)NC(=O)CNC(=O)[C@@H]2CCCN2C(=O)[C@H]([C@@H](C)O)NC(=O)[C@H](Cc2ccc(O)cc2)NC(=O)[C@H](CS)NC(=O)[C@H](CO)NC(=O)CNC(=O)[C@H](Cc2ccccc2)NC(=O)[C@H](C)NC(=O)[C@H](CS)NC(=O)[C@H]([C@@H](C)O)NC(=O)[C@H](CCC(=O)O)NC(=O)CNC(=O)[C@H](CS)NC(=O)[C@H](C(C)C)NC(=O)[C@@H]2CCCN2C1=O,0,-6.335516,0
CC(C)[C@@H]1NC(=O)[C@H](CCCC[NH3+])NC(=O)[C@H](C)NC(=O)[C@@H]2CCCN2C(=O)[C@@H](Cc2ccc(O)cc2)NC(=O)[C@H](C(C)C)NC(=O)[C@@H](CCCC[NH3+])NC(=O)[C@H](C)NC(=O)[C@H](CCCC[NH3+])NC(=O)[C@H](C(C)C)NC(=O)[C@H]2CCCN2C(=O)[C@@H](Cc2ccc(O)cc2)NC(=O)[C@H](C)NC(=O)[C@H](CCCC[NH3+])NC1=O,0,-4.663754,0
CC[C@H](C)[C@H](NC(=O)CNC(=O)[C@H](C)NC(=O)[C@H](CS)NC(=O)[C@H](C)NC(=O)[C@H](C)NC(=O)[C@H](CCCNC(N)=[NH2+])NC(=O)[C@H](CO)NC(=O)[C@H](CS)NC(=O)[C@H](CS)NC(=O)CN)C(=O)NC(CC1CNCN1)C(O)N[C@@H](CCC(N)=O)C(=O)N[C@@H](CCC(=O)O)C(=O)N[C@@H](CC(C)C)C(=O)N[C@@H](CS)C(N)=O,0,-6.0775275,0
CC(C)C[C@H](NC(=O)[C@H](CCCNC(N)=[NH2+])NC(=O)[C@H](CCCC[NH3+])NC(=O)[C@H](CCCC[NH3+])NC(=O)[C@H](CC(C)C)NC(=O)[C@H](CC(N)=O)NC(=O)[C@H](C)NC(=O)[C@H](Cc1ccccc1)NC(=O)[C@H](CCCNC(N)=[NH2+])NC(=O)[C@H](CCCNC(N)=[NH2+])NC(=O)[C@H](CCCC[NH3+])NC(=O)[C@H](Cc1ccccc1)NC(=O)[C@H](CO)NC(=O)[C@H](C)NC(=O)CNC(=O)[C@H](Cc1ccccc1)NC(=O)[C@H](CCCC[NH3+])NC(=O)[C@H](CCCC[NH3+])NC(=O)[C@H](Cc1ccccc1)NC(=O)[C@H](Cc1ccc(O)cc1)NC(=O)[C@H](CCC(=O)O)NC(=O)[C@H](CCCC[NH3+])NC(=O)[C@H](CCCNC(N)=[NH2+])NC(=O)[C@H](CCCC[NH3+])NC(=O)CNC(=O)[C@H](Cc1ccccc1)NC(=O)[C@H](Cc1ccccc1)NC(=O)CN)C(N)=O,0,-1.4137911,0
CC[C@H](C)[C@H](NC(=O)[C@@H](N)CCCC[NH3+])C(=O)N[C@@H](CCCC[NH3+])C(=O)N[C@H](C(=O)N1CCC[C@H]1C(=O)N[C@@H](Cc1c[nH]c2ccccc12)C(=O)NCC(=O)N[C@@H](CCCC[NH3+])C(=O)N[C@H](C(=O)N[C@@H](CCCC[NH3+])C(=O)N[C@@H](CC(=O)O)C(=O)N[C@@H](Cc1ccccc1)C(=O)N[C@@H](CC(C)C)C(=O)N[C@H](C(=O)NCC(=O)NCC(=O)N[C@@H](CCSC)C(=O)N[C@@H](CCCC[NH3+])C(=O)N[C@@H](C)C(=O)N[C@H](C(N)=O)C(C)C)C(C)C)C(C)C)[C@@H](C)CC,0,-3.265226,0
CC[C@H](C)[C@H](NC(=O)[C@H](Cc1ccccc1)NC(=O)[C@@H]1CCCN1C(=O)[C@H](C)NC(=O)[C@@H](NC(=O)[C@@H](N)CC(C)C)[C@@H](C)CC)C(=O)N[C@@H](CCCNC(N)=[NH2+])C(=O)N[C@@H](CC(=O)O)C(=O)N[C@@H](Cc1ccc(O)cc1)C(=O)N[C@@H](CS)C(=O)N[C@@H](CS)C(=O)N1CCC[C@H]1C(=O)N[C@@H](CCCNC(N)=[NH2+])C(=O)NCC(=O)N1CCC[C@H]1C(=O)N[C@@H](CS)C(=O)N[C@@H](CCSC)C(=O)N[C@H](C(=O)N[C@@H](Cc1c[nH]c2ccccc12)C(=O)N[C@@H](CS)C(N)=O)C(C)C,0,-4.5371594,0
C[C@H](NC(=O)[C@H](C)NC(=O)[C@H](C)NC(=O)[C@H](Cc1ccccc1)NC(=O)[C@H](C)NC(=O)[C@H](C)NC(=O)[C@H](Cc1c[nH]c2ccccc12)NC(=O)[C@H](C)NC(=O)[C@H](C)NC(=O)[C@H](Cc1ccccc1)NC(=O)[C@H](C)NC(=O)[C@H](C)NC(=O)[C@H](C)NC(=O)[C@H](C)NC(=O)[C@H](C)NC(=O)[C@H](Cc1ccccc1)NC(=O)[C@H](C)NC(=O)[C@H](C)NC(=O)[C@H](C)NC(=O)[C@H](CCCC[NH3+])NC(=O)[C@H](CCCC[NH3+])NC(=O)[C@H](CCCC[NH3+])NC(=O)[C@H](CCCC[NH3+])NC(=O)[C@H](CCCC[NH3+])NC(=O)[C@@H](N)CCCC[NH3+])C(N)=O,0,-0.48238352,0
CC(C)C[C@H](NC(=O)[C@H](C)NC(=O)[C@H](CC(C)C)NC(=O)[C@H](C)NC(=O)[C@@H](N)Cc1c[nH]c2ccccc12)C(N)=O,0,-5.2580986,0
CC[C@H](C)[C@H](NC(=O)[C@H](CC(C)C)NC(=O)[C@H](CO)NC(=O)[C@@H](NC(=O)[C@@H](NC(=O)[C@H](CC(C)C)NC(=O)CN)C(C)C)[C@@H](C)O)C(=O)N[C@@H](CCCC[NH3+])C(=O)NCC(=O)N[C@@H](C)C(=O)NCC(=O)N[C@@H](CCCC[NH3+])C(=O)N[C@@H](CC(C)C)C(=O)N[C@@H](CC(C)C)C(=O)NCC(=O)NCC(=O)N[C@@H](CC(C)C)C(=O)N[C@@H](Cc1ccccc1)C(=O)NCC(=O)N[C@@H](CO)C(=O)N[C@H](C(=O)N[C@H](C(=O)NCC(N)=O)[C@@H](C)O)C(C)C,0,-5.244331,0
CC[C@H](C)[C@H](NC(=O)[C@@H](NC(=O)[C@@H]1CCCN1C(=O)[C@H](CC(C)C)NC(=O)[C@@H](N)Cc1ccccc1)[C@@H](C)CC)C(=O)N[C@H](C(=O)N[C@@H](CC(N)=O)C(=O)N[C@@H](CC(C)C)C(=O)N[C@@H](CC(C)C)C(=O)NCC(=O)N[C@@H](CCCC[NH3+])C(=O)N[C@@H](CC(C)C)C(=O)N[C@@H](CC(C)C)C(N)=O)[C@@H](C)O,0,-5.0006776,0
CC[C@H](C)[C@H](NC(=O)[C@@H]1CCCN1C(=O)[C@H](CC(C)C)NC(=O)[C@@H](N)Cc1ccccc1)C(=O)N[C@H](C(=O)NCC(=O)N[C@@H](CCCC[NH3+])C(=O)N[C@@H](CC(C)C)C(=O)N[C@@H](CC(C)C)C(=O)N[C@@H](CO)C(=O)NCC(=O)N[C@@H](CC(C)C)C(=O)N[C@@H](CC(C)C)C(N)=O)C(C)C,0,-5.472734,0
C[C@H](NC(O)C(CC1CNCN1)NC(=O)[C@H](Cc1ccc(O)cc1)NC(=O)[C@H](CCC(=O)O)NC(=O)[C@H](Cc1c[nH]c2ccccc12)NC(=O)[C@@H](N)CC(=O)O)C(=O)NC(CC1CNCN1)C(O)N1CCC[C@H]1C(=O)N[C@@H](CCCC[NH3+])C(=O)N1CC(O)CC1C(O)N[C@@H](CC(N)=O)C(=O)N[C@@H](CO)C(=O)N[C@H](Cc1ccccc1)C(=O)N[C@@H](Cc1c[nH]c2ccccc12)C(=O)N[C@H](C=O)[C@@H](C)O,0,2.4065661,0
CC[C@H](C)[C@H](NC(=O)[C@H](CC(=O)O)NC(=O)[C@H](CCSC)NC(=O)[C@@H](NC(=O)[C@@H](NC(=O)[C@H](CCC(=O)O)NC(=O)[C@H](Cc1ccc(O)cc1)NC(=O)[C@H](Cc1ccccc1)NC(=O)[C@H](CCCCN)NC(=O)[C@H](CCC(N)=O)NC(=O)[C@H](CCC(N)=O)NC(=O)[C@H](CC(C)C)NC(=O)[C@H](CC(=O)O)NC(=O)[C@H](CCCCN)NC(=O)[C@@H](NC(=O)[C@H](CCC(N)=O)NC(=O)[C@H](CC(N)=O)NC(=O)[C@H](Cc1ccc(O)cc1)NC(=O)[C@H](Cc1c[nH]c2ccccc12)NC(=O)[C@H](CCC(=O)O)NC(=O)CNC(=O)[C@H](CC(C)C)NC(=O)[C@@H](NC(=O)[C@@H](NC(=O)[C@H](CC(N)=O)NC(=O)CNC(=O)[C@H](Cc1c[nH]cn1)NC(=O)[C@H](CC(N)=O)NC(=O)[C@@H](N)Cc1c[nH]c2ccccc12)[C@@H](C)CC)[C@@H](C)O)[C@@H](C)O)[C@@H](C)CC)[C@@H](C)CC)C(=O)N[C@@H](CCC(=O)O)C(=O)N[C@@H](CCC(N)=O)C(=O)N[C@@H](CC(N)=O)C(=O)N[C@@H](CC(N)=O)C(=O)N[C@H](C(=O)N[C@@H](CCC(N)=O)C(=O)O)C(C)C,0,-3.1056497,0
CC[C@H](C)[C@@H]1NC(=O)[C@H](C)NC(=O)[C@H](CO)NC(=O)[C@H](CO)NC(=O)[C@H]([C@@H](C)CC)NC(=O)[C@H](CS)NC(=O)[C@@H]2CCCN2C(=O)[C@H]([C@@H](C)CC)NC(=O)[C@H](Cc2c[nH]c3ccccc23)NC(=O)[C@H](C(C)C)NC(=O)[C@H](CS)NC(=O)[C@H](CO)NC(=O)[C@H](CCC(=O)O)NC(=O)CNC(=O)[C@H](CS)NC(=O)[C@H]2CCCN2C(=O)[C@H]([C@@H](C)CC)NC(=O)CNC(=O)[C@H](CC(N)=O)NC(=O)[C@H](CCCNC(N)=[NH2+])NC(=O)[C@H](Cc2ccc(O)cc2)NC(=O)[C@H](CS)NC(=O)[C@H](C(C)C)NC(=O)[C@H](CCCC[NH3+])NC(=O)[C@H](CO)NC(=O)[C@H](CCCC[NH3+])NC(=O)[C@H](CS)NC(=O)[C@H](CO)NC(=O)[C@H](CS)NC(=O)CNC1=O,0,-6.231243,0
CSCC[C@@H](C=O)NC(=O)[C@H](CC(C)C)NC(=O)CNC(=O)[C@@H](NC(=O)[C@H](Cc1ccccc1)NC(=O)[C@H](CCC(N)=O)NC(=O)[C@H](CC(=O)O)NC(=O)[C@H](CO)NC(=O)[C@H](CCCCN)NC(=O)[C@@H]1CCCN1C(=O)[C@@H](NC(=O)[C@@H](N)CC(=O)O)C(C)C)C(C)C,0,3.488739,0
CC[C@H](C)[C@H](NC(=O)[C@H](CCC(N)=O)NC(=O)[C@@H]1CCCN1C(=O)[C@H](CC(N)=O)NC(O)C(CC1CNCN1)NC(=O)[C@@H](NC(=O)[C@@H](NC(=O)[C@H](CS)NC(=O)[C@@H](NC(=O)[C@@H]1CCCN1C(=O)[C@H](CC(N)=O)NC(=O)[C@H](CO)NC(=O)[C@H](CS)NC(=O)[C@@H](N)CS)C(C)C)[C@@H](C)O)C(C)C)C(=O)N[C@@H](CS)C(N)=O,0,-6.866197,0
CC(=O)N[C@@H](CC(=O)O)C(=O)N[C@@H](CCC(=O)O)C(=O)N[C@@H](Cc1ccccc1)C(=O)N[C@@H](CCC(=O)O)C(=O)NC(CC1CCCCC1)C(O)N[C@H](C=O)CS,0,-1.1120689,0
CC(C)C[C@H](NC(=O)[C@H](CCCC[NH3+])NC(=O)[C@H](CC(C)C)NC(=O)[C@H](CCCC[NH3+])NC(=O)[C@H](CC(C)C)NC(=O)[C@H](C)NC(=O)[C@H](CCCC[NH3+])NC(=O)[C@H](C)NC(=O)[C@H](CC(C)C)NC(=O)[C@H](CC(C)C)NC(=O)[C@H](CCCC[NH3+])NC(=O)[C@H](C)NC(=O)[C@@H](N)Cc1ccccc1)C(N)=O,0,-4.1245914,0
CC(C)C[C@H](NC(=O)[C@H](CC(N)=O)NC(=O)[C@H](CO)NC(O)C(CC1CNCN1)NC(=O)[C@H](CCC(=O)O)NC(=O)[C@H](CC(C)C)NC(O)C(CC1CNCN1)NC(=O)[C@H](CS)NC(=O)[C@@H](NC(=O)[C@@H]1CCCN1C(=O)[C@H](CC(N)=O)NC(=O)[C@H](CO)NC(=O)[C@H](CS)NC(=O)[C@H](CS)NC(=O)CNC(=O)[C@@H]1CCCN1C(=O)[C@H](CC(=O)O)NC(=O)[C@@H](N)CCCNC(N)=[NH2+])C(C)C)C(=O)N[C@@H](CS)C(N)=O,0,-6.038548,0
C[C@H](NC(=O)[C@H](CS)NC(=O)[C@H](CCCNC(N)=[NH2+])NC(=O)[C@@H]1CCCN1C(=O)[C@H](CC(=O)O)NC(=O)[C@H](CO)NC(=O)[C@H](CS)NC(=O)[C@H](CS)NC(=O)CN)C(=O)N[C@H](C(=O)N[C@@H](CCCNC(N)=[NH2+])C(=O)N[C@@H](CS)C(N)=O)[C@@H](C)O,0,-6.0553317,0
CC(C)C[C@@H](NC(=O)[C@@H](C)NC(=O)[C@@H](CC(C)C)NC(=O)[C@@H](CCCC[NH3+])NC(=O)[C@@H](CCCC[NH3+])NC(=O)[C@@H](CC(C)C)NC(=O)[C@@H](C)NC(=O)[C@H]1CCCN1C(=O)[C@@H](CC(C)C)NC(=O)[C@@H](Cc1c[nH]c2ccccc12)NC(=O)[C@@H](CCCC[NH3+])NC(=O)[C@@H](CCCC[NH3+])NC(=O)[C@@H](CC(C)C)NC(=O)[C@@H](C)NC(=O)[C@@H](CC(C)C)NC(=O)[C@@H](CC(C)C)NC(=O)[C@@H](C)NC(=O)[C@@H](CC(C)C)NC(=O)[C@@H](CCCC[NH3+])NC(=O)[C@H](N)CCCC[NH3+])C(=O)N[C@H](CC(C)C)C(=O)N[C@H](C)C(=O)N[C@H](CC(C)C)C(=O)N[C@H](CCCC[NH3+])C(=O)N[C@H](CCCC[NH3+])C(N)=O,0,-1.84487,0
C[C@@H]1NC(=O)[C@@H]2CSSC[C@H](NC(=O)[C@@H](NC(=O)CN)CSSC[C@@H](C(=O)O)NC(=O)[C@H](CCCNC(N)=[NH2+])NC(=O)[C@H](Cc3c[nH]c4ccccc34)NC1=O)C(=O)N[C@@H](CO)C(=O)N[C@@H](CC(=O)O)C(=O)N[C@@H](CCCCN)C(=O)N[C@@H](CCCNC(N)=[NH2+])C(=O)N2,0,-3.4199548,0
CC[C@H](C)[C@H](NC(=O)[C@@H](NC(=O)[C@@H]1CCCN1C(=O)[C@@H](NC(=O)[C@@H](NC(O)C(CC1CNCN1)NC(=O)[C@@H]1CCCN1C(=O)[C@H](CC(C)C)NC(=O)[C@H](CC(C)C)NC(O)C(CC1CNCN1)NC(=O)[C@H](CCCC[NH3+])NC(=O)[C@H](C)NC(=O)[C@@H](NC(=O)[C@H](CO)NC(=O)CNC(=O)[C@H](CC(C)C)NC(=O)[C@@H](NC(=O)[C@H](CO)NC(=O)[C@H](Cc1ccccc1)NC(=O)[C@H](CC(C)C)NC(=O)CN)C(C)C)C(C)C)C(C)C)C(C)C)C(C)C)C(=O)N[C@@H](C)C(=O)N[C@@H](CCC(=O)O)C(=O)N[C@@H](CCCC[NH3+])C(=O)N[C@@H](CC(C)C)C(N)=O,0,-4.945446,0
CC[C@H](C)[C@H](NC(=O)CNC(=O)[C@H](CO)NC(=O)[C@H](CC(C)C)NC(=O)[C@H](C)NC(=O)[C@H](CCCNC(N)=[NH2+])NC(=O)CNC(=O)[C@@H](NC(=O)[C@H](CC(C)C)NC(=O)[C@@H]1CCCN1C(=O)[C@H](CC(C)C)NC(=O)[C@@H](N)Cc1ccccc1)[C@@H](C)CC)C(=O)N[C@@H](CC(C)C)C(N)=O,0,-4.6158347,0
CC(C)C[C@H](NC(=O)[C@H](CCCC[NH3+])NC(=O)[C@H](CCCC[NH3+])NC(=O)[C@H](CC(C)C)NC(=O)[C@H](C)NC(=O)[C@H](CCCC[NH3+])NC(=O)[C@H](CC(C)C)NC(=O)[C@H](C)NC(=O)[C@H](CC(C)C)NC(=O)[C@H](C)NC(=O)[C@@H](N)C(C)C)C(N)=O,0,-3.8779576,0
C[C@H](NC(=O)[C@@H]1CCCN1C(=O)[C@H](CC(N)=O)NC(=O)[C@H](CCCNC(N)=[NH2+])NC(=O)[C@H](CS)NC(=O)[C@H](CS)NC(=O)CNC(=O)[C@@H](N)CC(N)=O)C(=O)N[C@@H](CS)C(=O)N[C@@H](CCC(=O)O)C(=O)N[C@@H](CO)C(=O)NC(CC1CNCN1)C(O)N[C@@H](CCCNC(N)=[NH2+])C(=O)N[C@@H](CS)C(N)=O,0,-5.210279,0
C[C@H](NC(=O)[C@H](CS)NC(=O)[C@H](CC(=O)O)NC(=O)[C@@H]1CCCN1C(=O)[C@H](CCCNC(N)=[NH2+])NC(=O)[C@H](CO)NC(=O)[C@H](CS)NC(=O)[C@H](CS)NC(=O)CN)C(=O)N[C@@H](Cc1c[nH]c2ccccc12)C(=O)N[C@@H](CCCNC(N)=[NH2+])C(=O)N[C@@H](CS)C(N)=O,0,-6.2415805,0
CC(C)C[C@H]1NC(=O)CNC(=O)[C@H](CC(N)=O)NC(=O)[C@@H](CCCNC(N)=[NH2+])NC(=O)[C@H]([C@@H](C)O)NC(=O)[C@H](CS)NC(=O)[C@H](CCCC[NH3+])NC(=O)[C@@H]2CCCN2C(=O)[C@H](Cc2c[nH]c3ccccc23)NC(=O)[C@H](CO)NC(=O)[C@H](CS)NC(=O)[C@H]([C@@H](C)O)NC(=O)[C@H](CS)NC(=O)CNC(=O)[C@@H]2CCCN2C(=O)[C@H]([C@@H](C)O)NC(=O)[C@H](CC(N)=O)NC(=O)[C@H](CS)NC(=O)[C@H]([C@@H](C)O)NC(=O)CNC(=O)CNC(=O)[C@H](C(C)C)NC(=O)[C@H](CS)NC(=O)[C@H]([C@@H](C)O)NC(=O)[C@H](CCC(=O)O)NC(=O)CNC(=O)[C@H](CS)NC(=O)[C@H](C(C)C)NC(=O)[C@@H]2CCCN2C1=O,0,-6.500315,0
CC(C)C[C@H](NC(=O)[C@H](Cc1ccc(O)cc1)NC(=O)[C@@H]1CCCN1C(=O)[C@@H](N)Cc1c[nH]c2ccccc12)C(=O)N1CCC[C@H]1C(=O)N[C@@H](Cc1c[nH]c2ccccc12)C(=O)N[C@@H](CCCNC(N)=[NH2+])C(=O)N[C@@H](CCCNC(N)=[NH2+])C(N)=O,0,-3.8086286,0
CC[C@H](C)[C@H](NC(=O)[C@H](C)NC(=O)[C@H](CO)NC(=O)CNC(=O)[C@@H]1CCCN1C(=O)CN)C(=O)N[C@@H](CS)C(=O)N[C@@H](CC(N)=O)C(=O)N[C@@H](CCSC)C(=O)N[C@@H](C)C(=O)N[C@@H](CS)C(=O)N[C@@H](CCCNC(N)=[NH2+])C(=O)N[C@@H](CC(C)C)C(=O)N[C@@H](CCC(=O)O)C(=O)NC(CC1CNCN1)C(O)NCC(=O)NC(CC1CNCN1)C(O)N[C@@H](CC(C)C)C(=O)N[C@@H](Cc1ccc(O)cc1)C(=O)N1CCC[C@H]1C(=O)N[C@@H](Cc1ccccc1)C(=O)N[C@@H](CS)C(=O)N[C@@H](CC(N)=O)C(=O)N[C@@H](CS)C(=O)N[C@@H](CC(=O)O)C(N)=O,0,-3.946168,0
CC(C)C[C@H](NC(=O)[C@H](C)NC(=O)[C@H](CC(C)C)NC(=O)[C@H](C)NC(=O)[C@H](CCCC[NH3+])NC(=O)[C@H](CCCC[NH3+])NC(=O)[C@H](C)NC(=O)[C@H](CC(C)C)NC(=O)[C@H](CCCC[NH3+])NC(=O)[C@H](C)NC(=O)[C@H](CC(C)C)NC(=O)[C@H](CCCC[NH3+])NC(=O)[C@H](CCCC[NH3+])NC(=O)[C@H](C)NC(=O)[C@@H](N)Cc1ccccc1)C(N)=O,0,-3.701908,0
CC[C@H](C)[C@H](NC(=O)[C@@H](N)Cc1ccccc1)C(=O)N[C@H](C(=O)N[C@H](C(=O)NC(CC1CNCN1)C(N)O)C(C)C)[C@@H](C)O,0,-3.6709259,0
CC[C@H](C)[C@H](NC(=O)[C@H](CC(=O)O)NC(=O)[C@H](Cc1ccccc1)NC(=O)[C@H](CC(C)C)NC(=O)CN)C(=O)N[C@H](C(=O)N[C@@H](CCCC[NH3+])C(=O)N[C@@H](CCCC[NH3+])C(=O)N[C@H](C(=O)N[C@H](C(=O)NCC(=O)N[C@@H](C)C(=O)N[C@@H](CC(C)C)C(=O)NCC(=O)N[C@@H](CO)C(=O)N[C@@H](CC(C)C)C(N)=O)C(C)C)C(C)C)C(C)C,0,-5.989501,0
CC[C@H](C)[C@@H]1NC(=O)[C@H](CC(C)C)NC(=O)[C@H](C)NC(=O)[C@H]([C@@H](C)O)NC(=O)[C@H](C(C)C)NC(=O)[C@H]([C@@H](C)O)NC(=O)[C@H](CS)NC(=O)[C@@H]2CCCN2C(=O)[C@H]([C@@H](C)CC)NC(=O)[C@H](Cc2c[nH]c3ccccc23)NC(=O)[C@H](C(C)C)NC(=O)[C@H](CS)NC(=O)[C@H](CO)NC(=O)[C@H](CCC(=O)O)NC(=O)[C@H](C)NC(=O)[C@H](CS)NC(=O)[C@@H]2CCCN2C(=O)[C@@H]([C@@H](C)CC)NC(=O)CNC(=O)[C@H](CC(N)=O)NC(=O)[C@@H](Cc2ccc(O)cc2)NC(=O)[C@H](CS)NC(=O)[C@H](C(C)C)NC(=O)[C@H](CCCC[NH3+])NC(=O)[C@H](CC(N)=O)NC(=O)[C@H](CO)NC(=O)[C@H](CS)NC(=O)CNC(=O)[C@H](CS)NC(=O)CNC1=O,0,-6.147516,0
CC(C)C[C@H](NC(=O)[C@H](CCCC[NH3+])NC(=O)[C@H](CCCC[NH3+])NC(=O)[C@H](Cc1c[nH]c2ccccc12)NC(=O)[C@@H](N)CCCC[NH3+])C(=O)N[C@@H](CC(C)C)C(=O)N[C@@H](CCCC[NH3+])C(=O)N[C@@H](CCCC[NH3+])C(=O)N1CCC[C@H]1C(=O)N[C@@H](CC(C)C)C(=O)N[C@@H](CC(C)C)C(=O)N[C@@H](CCCC[NH3+])C(=O)N[C@@H](CCCC[NH3+])C(N)=O,0,-1.8093472,0
CC[C@H](C)[C@H](NC(=O)[C@H](CO)NC(=O)[C@H](CCCC[NH3+])NC(=O)[C@H](CC(C)C)NC(=O)[C@H](CCCC[NH3+])NC(=O)[C@@H](N)CC(C)C)C(=O)N[C@H](C(=O)N[C@@H](CO)C(=O)N[C@@H](Cc1c[nH]c2ccccc12)C(=O)N[C@@H](C)C(=O)N[C@@H](CCCC[NH3+])C(=O)N[C@@H](CC(C)C)C(=O)N[C@H](C(=O)N[C@@H](CC(C)C)C(N)=O)C(C)C)C(C)C,0,-5.782281,0
CC[C@H](C)[C@@H]1NC(=O)[C@H](CS)NC(=O)[C@@H]2CCCN2C(=O)[C@H]([C@@H](C)CC)NC(=O)[C@H](Cc2c[nH]c3ccccc23)NC(=O)[C@H](C(C)C)NC(=O)[C@H](CS)NC(=O)[C@H](CO)NC(=O)[C@H](CCC(=O)O)NC(=O)[C@@H](CS)NC(=O)[C@H]2CCCN2C(=O)[C@H](CC(C)C)NC(=O)[C@@H]([C@@H](C)O)NC(=O)CNC(=O)[C@H](CC(N)=O)NC(=O)[C@H](CCCC[NH3+])NC(=O)[C@H](Cc2ccc(O)cc2)NC(=O)[C@H](CS)NC(=O)[C@H](C(C)C)NC(=O)[C@H](CCCC[NH3+])NC(=O)[C@H](CO)NC(=O)[C@H](CCCC[NH3+])NC(=O)[C@H](CS)NC(=O)[C@H](CO)NC(=O)[C@H](CS)NC(=O)CNC(=O)[C@H](C(C)C)NC(=O)[C@H](C(C)C)NC(=O)[C@H](CO)NC(=O)[C@H](CO)NC1=O,0,-6.8486085,0
CC(=O)N[C@@H](CCCNC(N)=[NH2+])C(=O)N[C@@H](CCCNC(N)=[NH2+])C(=O)N[C@@H](Cc1c[nH]c2ccccc12)C(=O)N[C@@H](Cc1c[nH]c2ccccc12)C(=O)N[C@@H](CS)C(=O)N[C@@H](CCCNC(N)=[NH2+])C(=O)N[C@H](C(N)=O)C(C)C,0,-3.2645798,0
CCCC(CO)NC(=O)[C@@H]1CCCN1C(=O)[C@@H](NC(=O)[C@@H](NC(=O)[C@H](CC(=O)O)NC(=O)[C@@H](CC(=O)O)NC(C)=O)[C@@H](C)CC)C(C)C,0,-4.994937,0
CC[C@H](C)[C@H](NC(O)C(C)(C)NC(=O)[C@H](CCCC[NH3+])NC(=O)CNC(=O)[C@H](CC(C)C)NC(O)C(C)(C)NC(=O)[C@H](CCCC[NH3+])NC(=O)[C@H](CCCC[NH3+])NC(=O)[C@H](Cc1c[nH]c2ccccc12)NC(=O)[C@H](CC(N)=O)NC(=O)[C@@H](N)C(C)C)C(=O)N[C@@H](CCCC[NH3+])C(=O)NC(C)(C)C(O)N[C@H](C(=O)N[C@@H](CCCC[NH3+])C(N)=O)C(C)C,0,-4.8360257,0
CC[C@H](C)[C@H](NC(=O)[C@H](CC(C)C)NC(=O)[C@H](CCC(=O)O)NC(=O)[C@@H](CC(=O)O)NC(C)=O)C(=O)NC(CC1CCCCC1)C(O)N[C@@H](CS)C(=O)N1CCC[C@H]1C(=O)NC(CC1CCCCC1)C(O)N[C@@H](CC(=O)O)C(=O)N[C@@H](CC(C)C)C(=O)N1CCC[C@@H]1C(=O)N[C@@H](Cc1ccc(O)cc1)C(=O)N[C@@H](CCCC[NH3+])C(N)=O,0,-2.929625,0
CC(C)C[C@H](NC(=O)[C@H](CCCNC(N)=[NH2+])NC(=O)[C@H](CCCNC(N)=[NH2+])NC(=O)[C@H](Cc1ccc(O)cc1)NC(=O)[C@H](CC(C)C)NC(=O)[C@H](CCCNC(N)=[NH2+])NC(=O)[C@H](CCCNC(N)=[NH2+])NC(=O)[C@H](Cc1ccc(O)cc1)NC(=O)[C@H](CC(C)C)NC(=O)[C@H](CCCNC(N)=[NH2+])NC(=O)[C@H](CCCNC(N)=[NH2+])NC(=O)[C@H](Cc1ccc(O)cc1)NC(=O)[C@H](CC(C)C)NC(=O)[C@@H](N)CCCNC(N)=[NH2+])C(=O)N[C@@H](Cc1ccc(O)cc1)C(=O)N[C@@H](CCCNC(N)=[NH2+])C(=O)N[C@@H](CCCC[NH3+])C(=O)N[C@@H](CCCC[NH3+])C(=O)N[C@@H](CCCC[NH3+])C(N)=O,0,0.14261973,0
CC[C@H](C)[C@H](NC(=O)[C@H](CCCC[NH3+])NC(=O)[C@H](CCCNC(N)=[NH2+])NC(=O)[C@H](CCCC[NH3+])NC(=O)[C@H](CC(C)C)NC(=O)[C@H](CCCNC(N)=[NH2+])NC(=O)[C@H](CCCNC(N)=[NH2+])NC(=O)[C@H](CC(C)C)NC(=O)[C@H](CCCC[NH3+])NC(=O)[C@@H](N)CCCNC(N)=[NH2+])C(=O)N[C@@H](C)C(=O)NC(CC1CNCN1)C(O)N[C@@H](CCCC[NH3+])C(=O)N[C@H](C(=O)N[C@@H](CCCC[NH3+])C(=O)N[C@@H](CCCC[NH3+])C(=O)N[C@@H](Cc1ccc(O)cc1)C(N)=O)C(C)C,0,-1.0622243,0
CC[C@H](C)[C@H](NC(=O)[C@@H](NC(=O)[C@H](CO)NC(=O)[C@H](C)NC(=O)[C@@H](NC(=O)[C@H](CCCC[NH3+])NC(=O)[C@H](CCCC[NH3+])NC(=O)[C@@H](NC(=O)[C@@H](NC(=O)[C@H](CC(=O)O)NC(=O)[C@H](Cc1ccccc1)NC(=O)[C@H](CC(C)C)NC(=O)CN)C(C)C)[C@@H](C)CC)C(C)C)C(C)C)C(=O)N[C@@H](CCCC[NH3+])C(=O)N[C@@H](CCCC[NH3+])C(=O)N[C@@H](CC(C)C)C(N)=O,0,-5.197354,0
CC(C)C[C@H](NC(=O)[C@H](CCCNC(N)=[NH2+])NC(=O)[C@@H](N)CCCNC(N)=[NH2+])C(=O)N[C@@H](CO)C(=O)N[C@@H](Cc1ccc(O)cc1)C(=O)N[C@@H](CO)C(=O)N[C@@H](CCCNC(N)=[NH2+])C(=O)N[C@@H](CCCNC(N)=[NH2+])C(=O)N[C@@H](CCCNC(N)=[NH2+])C(=O)N[C@@H](Cc1ccccc1)C(N)=O,0,-1.8064828,0
C[C@H](NC(=O)[C@H](CCC(=O)O)NC(=O)[C@@H]1CCCN1C(O)C(CC1CNCN1)NC(=O)[C@H](CC(=O)O)NC(=O)[C@H](Cc1ccc(O)cc1)NC(=O)[C@H](CC(N)=O)NC(=O)[C@H](CS)NC(=O)[C@H](CCCNC(N)=[NH2+])NC(=O)[C@@H]1CCCN1C(=O)[C@H](CC(=O)O)NC(=O)[C@H](CO)NC(=O)[C@H](CS)NC(=O)[C@H](CS)NC(=O)CN)C(=O)N[C@@H](CS)C(N)=O,0,-6.093449,0
CSCC[C@H](NC(=O)[C@@H](NC(=O)[C@H](CCCC[NH3+])NC(=O)[C@H](CCCNC(N)=[NH2+])NC(=O)[C@H](CS)NC(=O)[C@H](CO)NC(=O)[C@H](C)NC(=O)CNC(=O)[C@H](CCCC[NH3+])NC(=O)CNC(=O)[C@H](CCCC[NH3+])NC(=O)[C@@H](N)CS)[C@@H](C)O)C(=O)N[C@@H](Cc1ccc(O)cc1)C(=O)N[C@@H](CC(=O)O)C(=O)N[C@@H](CS)C(=O)N[C@@H](CS)C(=O)N[C@@H](CCCNC(N)=[NH2+])C(=O)NCC(=O)N[C@@H](CO)C(=O)N[C@@H](CS)C(=O)N[C@@H](CCCNC(N)=[NH2+])C(=O)N[C@@H](CO)C(=O)NCC(=O)N[C@@H](CCCNC(N)=[NH2+])C(=O)N[C@@H](CS)C(N)=O,0,-4.408978,0
CC[C@H](C)[C@H](NC(O)C(CC1CNCN1)NC(=O)[C@H](CCCC[NH3+])NC(=O)[C@H](CC(C)C)NC(=O)[C@H](CC(C)C)NC(=O)[C@H](CO)NC(=O)[C@H](CCCC[NH3+])NC(=O)[C@H](Cc1c[nH]c2ccccc12)NC(=O)[C@H](CCCC[NH3+])NC(=O)CN)C(=O)N[C@@H](CC(C)C)C(=O)N[C@@H](CCCC[NH3+])C(N)=O,0,-4.593534,0
CC[C@H](C)[C@H](N)C(=O)N[C@@H](CC(C)C)C(=O)N1CCC[C@H]1C(=O)N[C@H](C(=O)N[C@@H](CC(C)C)C(=O)NCC(=O)N[C@@H](CC(N)=O)C(=O)N[C@@H](CC(C)C)C(=O)N[C@@H](CC(C)C)C(=O)N[C@@H](CC(N)=O)C(=O)N[C@@H](CO)C(=O)N[C@@H](CC(C)C)C(=O)N[C@@H](CC(C)C)C(N)=O)[C@@H](C)CC,0,-5.205673,0
CC[C@H](C)[C@@H]1NC(=O)[C@H](CC(C)C)NC(=O)[C@H](Cc2ccccc2)NC(=O)[C@H](Cc2ccccc2)NC(=O)[C@H](C)NC(=O)[C@@H]2CCCN2C(=O)[C@H](C(C)C)NC(=O)[C@H](CC(C)C)NC(=O)[C@H]([C@@H](C)CC)NC1=O,0,-4.7479763,0
CC[C@H](C)[C@H](NC(=O)[C@H](CCCC[NH3+])NC(=O)[C@H](CC(N)=O)NC(=O)[C@H](Cc1c[nH]c2ccccc12)NC(=O)[C@H](CC(C)C)NC(=O)CN)C(=O)N[C@@H](CCCC[NH3+])C(=O)N[C@@H](CCC(=O)O)C(=O)N[C@@H](C)C(=O)N[C@@H](C)C(=O)N[C@@H](CO)C(=O)N[C@@H](CCCC[NH3+])C(=O)N[C@@H](C)C(=O)N[C@@H](C)C(=O)NCC(=O)N[C@@H](CCCC[NH3+])C(=O)N[C@@H](C)C(=O)N[C@@H](C)C(=O)N[C@@H](CC(C)C)C(=O)NCC(=O)N[C@@H](Cc1ccccc1)C(=O)N[C@H](C(=O)N[C@@H](CC(N)=O)C(=O)N[C@@H](CCC(=O)O)C(=O)N[C@@H](CCSC)C(=O)N[C@H](C(N)=O)C(C)C)C(C)C,0,-4.4829106,0
CC[C@H](C)[C@H](NC(=O)[C@H](CCCC[NH3+])NC(=O)[C@@H]1CCCN1C(=O)[C@H](CC(C)C)NC(=O)[C@H](Cc1ccccc1)NC(=O)[C@H](CC(N)=O)NC(=O)[C@H](C)NC(=O)[C@H](C)NC(=O)[C@H](CC(C)C)NC(=O)CNC(=O)[C@H](C)NC(=O)[C@H](CC(C)C)NC(=O)[C@H](CC(C)C)NC(=O)[C@@H]1CCCN1C(=O)[C@H](CC(C)C)NC(=O)[C@@H](N)Cc1ccccc1)C(=O)N[C@@H](Cc1ccccc1)C(=O)N[C@@H](CS)C(=O)N[C@@H](CCCC[NH3+])C(=O)N[C@H](C(=O)N[C@H](C(=O)N[C@@H](CCCNC(N)=[NH2+])C(=O)N[C@@H](CCCC[NH3+])C(=O)N[C@@H](CS)C(N)=O)[C@@H](C)O)[C@@H](C)CC,0,-4.6488795,0
C[C@H](NC(O)C(CC1CNCN1)NC(=O)[C@H](Cc1ccc(O)cc1)NC(=O)[C@H](CCC(=O)O)NC(=O)[C@H](Cc1c[nH]c2ccccc12)NC(=O)[C@@H](N)CC(=O)O)C(=O)NC(CC1CNCN1)C(O)N1CCC[C@H]1C(=O)N[C@@H](CCCC[NH3+])C(=O)N1CC(O)CC1C(O)N[C@@H](CC(N)=O)C(=O)N[C@@H](CO)C(=O)N[C@@H](Cc1ccccc1)C(=O)N[C@@H](Cc1c[nH]c2ccccc12)C(=O)N[C@H](C=O)[C@@H](C)O,0,2.3715854,0
CC[C@H](C)[C@H](NC(=O)CNC(=O)[C@H](CO)NC(=O)[C@@H](NC(=O)[C@H](CC(C)C)NC(=O)[C@H](CCCNC(N)=[NH2+])NC(=O)CNC(=O)[C@@H](NC(=O)[C@@H](NC(=O)[C@@H]1CCCN1C(=O)[C@H](CC(C)C)NC(=O)[C@@H](N)Cc1ccccc1)[C@@H](C)CC)C(C)C)[C@@H](C)CC)C(=O)N[C@@H](CC(C)C)C(N)=O,0,-4.7736235,0
CC[C@H](C)[C@H](NC(=O)[C@H](CC(C)C)NC(=O)[C@H](CC(N)=O)NC(=O)[C@@H](NC(=O)[C@H](CC(C)C)NC(=O)[C@@H](NC(=O)[C@@H]1CCCN1C(=O)[C@H](CC(C)C)NC(=O)[C@@H](N)Cc1ccccc1)[C@@H](C)CC)[C@@H](C)CC)C(=O)NC(CC1CNCN1)C(O)N[C@@H](CCCC[NH3+])C(=O)NCC(=O)N[C@@H](CC(C)C)C(=O)N[C@@H](CC(C)C)C(N)=O,0,-4.239288,0
CC[C@H](C)[C@@H]1NC(=O)[C@H](Cc2c[nH]c[nH+]2)NC(=O)[C@H](CCC(N)=O)NC(=O)[C@H](CC(N)=O)NC(=O)[C@H](CC(N)=O)NC(=O)CNC(=O)[C@H](C)NC(=O)[C@@H]2CSSC[C@H](NC(=O)C[NH3+])C(=O)N[C@@H](CSSC[C@@H](C(N)=O)NC1=O)C(=O)N[C@@H](CO)C(=O)N[C@@H](Cc1c[nH]c[nH+]1)C(=O)N1CCC[C@H]1C(=O)N[C@@H](C)C(=O)N2,0,-4.097955,0
CC[C@H](C)[C@H](NC(=O)CN)C(=O)NCC(=O)N[C@@H](CCCC[NH3+])C(=O)N[C@@H](Cc1ccccc1)C(=O)N[C@@H](CC(C)C)C(=O)NC(CC1CNCN1)C(O)N[C@@H](CO)C(=O)N[C@H](C)C(=O)N[C@@H](CCCC[NH3+])C(=O)N[C@@H](CCCC[NH3+])C(=O)N[C@@H](Cc1ccccc1)C(=O)N[C@H](C)C(=O)N[C@@H](CCCC[NH3+])C(=O)N[C@@H](C)C(=O)N[C@@H](Cc1ccccc1)C(=O)N[C@H](C(=O)N[C@H](C)C(=O)N[C@@H](CCC(=O)O)C(=O)N[C@H](C(=O)N[C@@H](CCSC)C(=O)N[C@@H](CC(N)=O)C(=O)N[C@@H](CO)C(N)=O)[C@@H](C)CC)C(C)C,0,-5.0517793,0
CC(C)C[C@@H]1NC(=O)[C@H](CC(=O)O)NC(=O)[C@@H]2CCCN2C(=O)[C@H](Cc2c[nH]c[nH+]2)NC(=O)[C@H](CCCC[NH3+])NC(=O)[C@H](CC(N)=O)NC(=O)[C@H](CCCNC(N)=[NH2+])NC(=O)[C@@H]2CSSC[C@H](NC(=O)C[NH3+])C(=O)N[C@@H](CSSC[C@@H](C(N)=O)NC1=O)C(=O)N[C@@H](CO)C(=O)N[C@@H](CC(=O)O)C(=O)N1CCC[C@H]1C(=O)N1CCC[C@H]1C(=O)N2,0,-3.436274,0
CC[C@H](C)[C@H](NC(=O)CN)C(=O)NCC(=O)NCC(=O)N[C@@H](C)C(=O)N[C@@H](CC(C)C)C(=O)N[C@@H](CC(C)C)C(=O)N[C@@H](CO)C(=O)N[C@@H](C)C(=O)NCC(=O)N[C@@H](CCCC[NH3+])C(=O)N[C@@H](C)C(=O)N[C@@H](C)C(=O)N[C@@H](CC(C)C)C(=O)N[C@@H](CCCC[NH3+])C(=O)NCC(=O)N[C@@H](CC(C)C)C(=O)N[C@@H](C)C(=O)N[C@@H](CCCC[NH3+])C(=O)N[C@H](C(=O)N[C@@H](CC(C)C)C(=O)N[C@H](C(N)=O)C(C)C)C(C)C,0,-4.994453,0
CC(C)C[C@H](NC(=O)[C@@H](NC(=O)[C@H](C)NC(=O)[C@H](CS)NC(=O)[C@@H]1CCCN1C(=O)[C@@H]1CCCN1C(=O)[C@@H](NC(=O)[C@H](CO)NC(=O)[C@H](CS)NC(=O)[C@H](CS)NC(=O)CN)[C@@H](C)O)C(C)C)C(=O)N[C@@H](C)C(=O)N[C@@H](CS)C(N)=O,0,-7.268103,0
CC(=O)NCC(=O)N[C@@H](CCCC[NH3+])C(=O)N[C@@H](CCCC[NH3+])C(=O)N[C@@H](CC(C)C)C(=O)N[C@@H](CC(C)C)C(=O)N[C@@H](CCCC[NH3+])C(=O)N[C@@H](CCCC[NH3+])C(=O)N[C@@H](Cc1c[nH]c2ccccc12)C(=O)N[C@@H](CCCC[NH3+])C(=O)N[C@@H](CCCC[NH3+])C(=O)N[C@@H](CC(C)C)C(=O)N[C@@H](Cc1c[nH]c2ccccc12)C(=O)N[C@@H](CCCC[NH3+])C(=O)N[C@@H](CCCC[NH3+])C(=O)N[C@@H](Cc1c[nH]c2ccccc12)C(N)=O,0,-4.1672845,0
CC(C)C[C@H](NC(=O)[C@H](C)NC(=O)[C@H](CCCC[NH3+])NC(=O)[C@H](CCCC[NH3+])NC(=O)[C@H](CC(C)C)NC(=O)[C@H](C)NC(=O)[C@H](CCCC[NH3+])NC(=O)[C@H](CC(C)C)NC(=O)[C@H](C)NC(=O)[C@H](CC(C)C)NC(=O)[C@H](C)NC(=O)[C@@H](N)Cc1ccccc1)C(N)=O,0,-4.1286335,0
CSCC[C@@H]1NC(=O)[C@H](CCCNC(N)=[NH2+])NC(=O)[C@H](C)NC(=O)[C@H](C)NC(=O)[C@H](Cc2c[nH]c3ccccc23)NC(=O)[C@H](CCCNC(N)=[NH2+])NC(=O)[C@H](Cc2ccccc2)NC(=O)[C@H](C)NC(=O)[C@H](CCCC[NH3+])NC(=O)[C@H](CCCNC(N)=[NH2+])NC(=O)[C@H](Cc2c[nH]c3ccccc23)NC(=O)[C@H](C)NC(=O)[C@@H]2CCCN2C(=O)[C@H](C)NC(=O)[C@H](C)NC(=O)[C@H](CCCC[NH3+])NC(=O)[C@H](CCCC[NH3+])NC(=O)[C@H](CC(C)C)NC1=O,0,-2.9491773,0
CC[C@H](C)[C@H](NC(=O)[C@@H](NC(=O)CN)C(C)C)C(=O)N[C@@H](CC(=O)O)C(=O)N[C@@H](C)C(=O)N[C@@H](C)C(=O)N[C@@H](CCCC[NH3+])C(=O)N[C@@H](CCCC[NH3+])C(=O)N[C@H](C(=O)N[C@H](C(=O)N[C@@H](CC(N)=O)C(=O)N[C@H](C(=O)N[C@@H](CC(C)C)C(=O)N[C@@H](CCCC[NH3+])C(=O)N[C@@H](CC(N)=O)C(=O)N[C@@H](CC(C)C)C(=O)N1CCC[C@H]1C(N)=O)C(C)C)C(C)C)C(C)C,0,-5.2799463,0
CC[C@H](C)[C@H](NC(=O)[C@H](C)NC(=O)[C@H](C)NC(=O)[C@H](CCC(=O)O)NC(=O)[C@H](CCCC[NH3+])NC(=O)CNC(=O)[C@@H](NC(=O)[C@H](CC(N)=O)NC(=O)[C@H](CCCC[NH3+])NC(=O)[C@@H](NC(=O)[C@@H](NC(=O)[C@H](CO)NC(=O)[C@H](Cc1c[nH]c2ccccc12)NC(=O)[C@H](CC(C)C)NC(=O)CN)[C@@H](C)O)[C@@H](C)CC)C(C)C)C(=O)N[C@@H](C)C(=O)N[C@@H](C)C(=O)NCC(=O)N[C@@H](CCCC[NH3+])C(=O)N[C@@H](C)C(=O)N[C@H](C(=O)N[C@@H](CC(C)C)C(=O)NCC(=O)N[C@@H](CO)C(=O)N[C@@H](CC(C)C)C(N)=O)C(C)C,0,-5.586102,0
CC[C@H](C)[C@H](NC(=O)[C@H](CCCC[NH3+])NC(=O)[C@H](CCCC[NH3+])NC(=O)[C@H](CC(C)C)NC(=O)[C@H](CC(=O)O)NC(=O)[C@@H](NC(=O)[C@@H](N)Cc1ccccc1)C(C)C)C(=O)N[C@@H](C)C(=O)N[C@@H](CC(N)=O)C(=O)N[C@H](C(=O)N[C@H](C(=O)N[C@@H](CC(N)=O)C(=O)N[C@@H](CO)C(=O)N[C@H](C(=O)N[C@@H](Cc1ccccc1)C(=O)NCC(=O)N[C@@H](CCCC[NH3+])C(N)=O)[C@@H](C)CC)[C@@H](C)CC)[C@@H](C)CC,0,-5.2608047,0
CC[C@H](C)[C@H](N)C(=O)N[C@@H](CC(C)C)C(=O)N1CCC[C@H]1C(=O)N[C@@H](CC(C)C)C(=O)N[C@@H](CCCC[NH3+])C(=O)N[C@@H](Cc1c[nH]c2ccccc12)C(=O)N1CCC[C@H]1C(=O)N[C@@H](Cc1c[nH]c2ccccc12)C(=O)N[C@@H](Cc1c[nH]c2ccccc12)C(=O)N1CCC[C@H]1C(=O)N[C@@H](Cc1c[nH]c2ccccc12)C(=O)N[C@@H](CCCNC(N)=[NH2+])C(=O)N[C@@H](CCCNC(N)=[NH2+])C(N)=O,0,-3.2631907,0
CC[C@H](C)[C@H](NC(=O)[C@H](CO)NC(=O)[C@@H]1CCCN1C(=O)[C@H](CC(C)C)NC(=O)[C@@H](NC(=O)CNC(=O)[C@H](C)NC(=O)[C@H](CC(C)C)NC(=O)[C@@H](NC(=O)[C@H](CCCC[NH3+])NC(=O)[C@H](CC(C)C)NC(=O)[C@H](C)NC(=O)[C@H](CO)NC(=O)CNC(=O)[C@@H](NC(=O)[C@@H](N)Cc1ccccc1)[C@@H](C)CC)C(C)C)C(C)C)C(=O)N[C@H](C(=O)N[C@@H](CO)C(=O)N[C@@H](Cc1c[nH]c2ccccc12)C(=O)N[C@H](C(=O)N[C@@H](CCCC[NH3+])C(=O)N[C@@H](CCC(N)=O)C(N)=O)C(C)C)C(C)C,0,-5.8385706,0
CC(C)C[C@H](NC(=O)[C@H](CCC(=O)O)NC(=O)[C@@H]1CCCN1C(=O)[C@H](C)NC(=O)[C@H](CC(N)=O)NC(=O)[C@@H](NC(=O)[C@H](CO)NC(=O)[C@H](CS)NC(=O)[C@H](C)NC(=O)[C@@H]1CCCN1C(O)C(CC1CNCN1)NC(=O)[C@H](CO)NC(=O)[C@H](CS)NC(=O)[C@H](CS)NC(=O)CN)C(C)C)C(=O)N[C@@H](CS)C(N)=O,0,-7.277532,0
CC[C@H](C)[C@H](N)C(=O)N[C@@H](CC(C)C)C(=O)N1CCC[C@H]1C(=O)N[C@H](C(=O)N[C@@H](CC(C)C)C(=O)N[C@@H](C)C(=O)N1CCC[C@H]1C(=O)N[C@@H](CC(C)C)C(=O)N[C@H](C(=O)NCC(=O)NCC(=O)N[C@@H](CC(C)C)C(=O)N[C@@H](CC(C)C)C(N)=O)[C@@H](C)CC)[C@@H](C)CC,0,-4.0688357,0
CC[C@H](C)[C@H](NC(=O)[C@H](C)NC(=O)[C@H](CCCC[NH3+])NC(=O)[C@H](CC(C)C)NC(=O)[C@H](CC(C)C)NC(=O)CNC(O)C(CC1CNCN1)NC(=O)[C@H](CC(C)C)NC(=O)[C@@H](NC(=O)[C@@H](NC(=O)[C@H](CCCC[NH3+])NC(=O)[C@H](CCCC[NH3+])NC(=O)[C@H](C)NC(=O)[C@H](CO)NC(=O)[C@H](CCCC[NH3+])NC(=O)[C@H](Cc1ccccc1)NC(=O)[C@@H](NC(=O)[C@H](CCCC[NH3+])NC(=O)[C@H](CC(C)C)NC(=O)[C@H](Cc1ccccc1)NC(=O)[C@H](CO)NC(=O)[C@H](CCCC[NH3+])NC(=O)[C@H](Cc1c[nH]c2ccccc12)NC(=O)[C@H](CCCC[NH3+])NC(C)=O)[C@@H](C)O)[C@@H](C)O)C(C)C)C(=O)N[C@@H](CO)C(=O)N[C@@H](CO)C(N)=O,0,-4.714233,0
CC[C@H](C)[C@H](NC(=O)[C@H](CCCC[NH3+])NC(=O)CNC(=O)[C@H](CC(C)C)NC(=O)[C@H](Cc1ccccc1)NC(=O)[C@H](CCCC[NH3+])NC(=O)[C@H](CO)NC(=O)[C@H](Cc1ccccc1)NC(=O)[C@H](Cc1c[nH]c2ccccc12)NC(=O)[C@H](CCC(N)=O)NC(=O)[C@@H](NC(=O)[C@@H](N)Cc1ccccc1)C(C)C)C(=O)N[C@@H](CC(C)C)C(N)=O,0,-4.9473953,0
CSCC[C@H](NC(=O)CNC(=O)[C@H](CCCNC(N)=[NH2+])NC(=O)[C@H](CO)NC(=O)[C@H](CS)NC(O)C1CC(O)CN1C(=O)[C@@H](NC(=O)CNC(O)C1CC(O)CN1C(=O)[C@H](CO)NC(=O)[C@H](CCCC[NH3+])NC(=O)[C@@H](N)CS)[C@@H](C)O)C(=O)N[C@@H](CCCNC(N)=[NH2+])C(=O)N[C@@H](CC(=O)O)C(=O)N[C@@H](CS)C(=O)N[C@@H](CS)C(=O)N[C@H](C(=O)N[C@@H](CO)C(=O)N[C@@H](CS)C(=O)N[C@@H](CC(C)C)C(=O)N[C@@H](CC(C)C)C(=O)N[C@@H](Cc1ccc(O)cc1)C(=O)N[C@@H](CO)C(=O)N[C@@H](CC(N)=O)C(=O)N[C@@H](CCCC[NH3+])C(=O)N[C@@H](CS)C(=O)N[C@@H](CCCNC(N)=[NH2+])C(=O)N[C@@H](CCCNC(N)=[NH2+])C(=O)N[C@H](C=O)Cc1ccc(O)cc1)[C@@H](C)O,0,1.9250873,0
CC(C)C[C@@H]1NC(=O)[C@H](CC(C)C)NC(=O)[C@H](CCC(N)=O)NC(=O)[C@H](CCCNC(=N)N)NC(=O)[C@H](Cc2c[nH]cn2)NC(=O)[C@@H]2CSSC[C@@H](C(=O)N[C@@H](CC(C)C)C(=O)N[C@@H](CCCNC(=N)N)C(=O)N[C@@H](Cc3ccccc3)C(=O)N[C@H](C(N)=O)C(C)C)NC(=O)[C@H](CSSC[C@H](NC(=O)[C@@H](N)CCC(=O)O)C(=O)N2)NC1=O,0,-4.3195376,0
CC(=O)N[C@@H](CCCNC(N)=[NH2+])C(=O)N[C@@H](Cc1c[nH]c2ccccc12)C(=O)N[C@@H](Cc1ccc(O)cc1)C(=O)N[C@@H](CS)C(=O)NCC(N)=O,0,-4.536502,0
CC(=O)N[C@@H](CC(C)C)C(=O)N[C@@H](CC(C)C)C(=O)N[C@@H](CCCNC(N)=[NH2+])C(=O)N[C@H](C(=O)N[C@@H](CCCC[NH3+])C(=O)N[C@@H](CCCNC(N)=[NH2+])C(N)=O)C(C)C,0,-3.5577807,0
CC(C)[C@H](NC(=O)[C@@H](NC(=O)[C@H](CS)NC(=O)CNC(=O)[C@H](CS)NC(O)C1CC(O)CN1C(O)C(CC1CNCN1)NC(=O)[C@H](CS)NC(=O)[C@H](C)NC(=O)[C@H](C)NC(=O)[C@H](CC(N)=O)NC(O)C1CC(O)CN1C(=O)[C@H](Cc1ccc(O)cc1)NC(=O)[C@H](CCCC[NH3+])NC(=O)CNC(=O)[C@H](CS)NC(=O)[C@H](CS)NC(=O)CN)[C@@H](C)O)C(=O)NCC(=O)N[C@@H](CCCNC(N)=[NH2+])C(=O)N1CC(O)CC1C(O)N1CC(O)CC1C(O)N[C@@H](Cc1ccc(O)cc1)C(=O)N[C@@H](CS)C(=O)N[C@@H](CC(=O)O)C(=O)N[C@@H](CCCNC(N)=[NH2+])C(=O)N1CC(O)CC1C(O)N[C@@H](CO)C(=O)NCC(=O)NCC=O,0,-3.5661006,0
CC[C@H](C)[C@H](NC(=O)[C@@H](N)CCC(N)=O)C(=O)N1CCC[C@H]1C(=O)N[C@@H](Cc1c[nH]c2ccccc12)C(=O)N[C@@H](Cc1ccccc1)C(=O)NC(CC1CNCN1)C(O)N[C@@H](CCCNC(N)=[NH2+])C(N)=O,0,-3.8852646,0
CC(C)C[C@H](NC(=O)[C@H](CC(C)C)NC(=O)[C@@H](CCCC[NH3+])NC(=O)[C@H](CC(C)C)NC(=O)[C@H](CC(C)C)NC(=O)[C@H](CCCC[NH3+])NC(=O)[C@@H](CCCC[NH3+])NC(=O)[C@@H](CC(C)C)NC(=O)[C@H](CC(C)C)NC(=O)[C@@H](CCCC[NH3+])NC(=O)[C@H](CCCC[NH3+])NC(=O)[C@H](CC(C)C)NC(=O)[C@@H](CC(C)C)NC(=O)[C@H](CCCC[NH3+])NC(=O)[C@@H](N)CC(C)C)C(N)=O,0,-3.7201734,0
CC[C@H](C)[C@H](NC(=O)[C@H](CCCC[NH3+])NC(=O)[C@H](CCCC[NH3+])NC(=O)[C@H](Cc1ccccc1)NC(=O)[C@H](CC(C)C)NC(=O)[C@H](CCCC[NH3+])NC(=O)[C@@H](N)CC(C)C)C(=O)N[C@@H](CC(C)C)C(=O)N[C@@H](CCCC[NH3+])C(=O)N[C@@H](Cc1ccc(O)cc1)C(=O)N[C@@H](CC(C)C)C(N)=O,0,-3.9748669,0
CC[C@H](C)[C@H](N)C(=O)N[C@@H](CC(N)=O)C(=O)N[C@@H](Cc1c[nH]c2ccccc12)C(=O)N[C@@H](CC(C)C)C(=O)N[C@@H](CCCC[NH3+])C(=O)N[C@@H](CC(C)C)C(=O)NCC(=O)N[C@@H](CCCC[NH3+])C(=O)N[C@@H](CCCC[NH3+])C(=O)N[C@H](C(=O)N[C@@H](CC(C)C)C(=O)NCC(=O)N[C@@H](C)C(=O)N[C@H](C(N)=O)[C@@H](C)CC)[C@@H](C)CC,0,-3.5020819,0
C[C@H](NC(=O)[C@H](C)NC(=O)[C@H](Cc1ccccc1)NC(=O)[C@H](C)NC(=O)[C@H](C)NC(=O)[C@H](CCCNC(N)=[NH2+])NC(=O)[C@H](CCCNC(N)=[NH2+])NC(=O)[C@@H](N)CCCNC(N)=[NH2+])C(=O)N[C@@H](Cc1c[nH]c2ccccc12)C(=O)N[C@@H](C)C(=O)N[C@@H](C)C(=O)N[C@@H](Cc1ccccc1)C(=O)N[C@@H](C)C(=O)N[C@@H](C)C(=O)N[C@@H](CCCNC(N)=[NH2+])C(=O)N[C@@H](CCCNC(N)=[NH2+])C(=O)N[C@@H](CCCNC(N)=[NH2+])C(N)=O,0,0.2542319,0
CC(C)C[C@H](NC(=O)[C@H](CC(N)=O)NC(=O)[C@H](CO)NC(O)C(CC1CNCN1)NC(=O)[C@H](CCC(=O)O)NC(=O)[C@H](C)NC(O)C(CC1CNCN1)NC(=O)[C@H](CS)NC(=O)[C@@H](NC(=O)[C@@H]1CCCN1C(=O)[C@H](CC(N)=O)NC(=O)[C@H](CO)NC(=O)[C@H](CS)NC(=O)[C@H](CS)NC(=O)CN)C(C)C)C(=O)N[C@@H](CS)C(N)=O,0,-6.6729345,0
CC[C@H](C)[C@H](NC(=O)[C@@H](N)CCCNC(N)=[NH2+])C(=O)N[C@@H](CC(C)C)C(=O)N[C@@H](CCCNC(N)=[NH2+])C(=O)NCC(N)=O,0,-1.526362,0
CC[C@H](C)[C@H](NC(=O)CN)C(=O)NCC(=O)NCC(=O)N[C@@H](CCCC[NH3+])C(=O)N[C@H](C(=O)N[C@@H](CC(C)C)C(=O)NCC(=O)NCC(=O)N[C@@H](CC(C)C)C(=O)N[C@@H](CCCC[NH3+])C(=O)N[C@H](C(=O)N[C@@H](C)C(=O)N[C@@H](CC(C)C)C(=O)N[C@@H](CCCC[NH3+])C(=O)NCC(=O)N[C@@H](C)C(=O)N[C@@H](C)C(=O)N[C@@H](CCCC[NH3+])C(=O)N[C@@H](CCC(=O)O)C(=O)N[C@@H](CC(C)C)C(=O)N[C@@H](C)C(=O)N[C@@H](CO)C(=O)N[C@H](C(=O)N[C@@H](Cc1ccc(O)cc1)C(=O)N[C@@H](CC(C)C)C(=O)NC(CC1CNCN1)C(N)O)[C@@H](C)O)[C@@H](C)O)[C@@H](C)CC,0,-3.7445197,0
CC[C@H](C)[C@H](NC(=O)[C@H](CCC(N)=O)NC(=O)[C@@H]1CCCN1C(=O)[C@H](CC(N)=O)NC(O)C(CC1CNCN1)NC(=O)[C@@H](NC(=O)[C@@H](NC(=O)[C@H](CS)NC(=O)[C@@H](NC(=O)[C@@H]1CCCN1C(=O)[C@H](CC(N)=O)NC(=O)[C@H](CO)NC(=O)[C@H](CS)NC(=O)[C@H](CS)NC(=O)[C@@H]1CCCN1C(=O)[C@H](CC(=O)O)NC(O)C(N)CCCNC(N)N(C)C)C(C)C)[C@@H](C)O)C(C)C)C(=O)N[C@@H](CS)C(N)=O,0,-5.065487,0
CC[C@H](C)[C@H](NC(=O)CN)C(=O)NCC(=O)N[C@@H](CCCC[NH3+])C(=O)N[C@@H](Cc1ccccc1)C(=O)N[C@@H](CC(C)C)C(=O)NC(CC1CNCN1)C(O)N[C@@H](CCCC[NH3+])C(=O)N[C@H](C(=O)NCC(=O)N[C@@H](CO)C(=O)N[C@@H](Cc1ccccc1)C(=O)N[C@H](C(=O)N[C@@H](CCCC[NH3+])C(=O)N[C@@H](CO)C(=O)N[C@@H](Cc1c[nH]c2ccccc12)C(=O)N[C@@H](CCCC[NH3+])C(=O)NCC(=O)N[C@@H](CCC(=O)O)C(=O)N[C@H](C(=O)N[C@@H](CCSC)C(=O)N[C@@H](CC(N)=O)C(=O)N[C@@H](CO)C(N)=O)[C@@H](C)CC)[C@@H](C)CC)C(C)C,0,-5.381079,0
CCCCC(NC(=O)[C@@H](NC(=O)[C@H](CCCC[NH3+])NC(=O)[C@@H]1CCCN1C(=O)[C@H](CC(C)C)NC(=O)[C@H](CO)NC(=O)[C@H](CCCC[NH3+])NC(=O)[C@H](CCCC[NH3+])NC(=O)[C@H](CC(C)C)NC(=O)[C@H](CO)NC(=O)[C@H](CO)NC(=O)[C@H](CC(C)C)NC(=O)[C@H](Cc1ccccc1)NC(=O)CN)C(C)C)C(O)N[C@@H](C)C(=O)NC(CC1CNCN1)C(O)NC(CCCC)C(O)N[C@@H](CCCC[NH3+])C(N)=O,0,-4.1120524,0
CC(C)C[C@@H]1NC(=O)[C@H](CCCC[NH3+])NC(=O)[C@H](C(C)C)NC(=O)[C@@H]2CCCN2C(=O)[C@@H](Cc2ccc(O)cc2)NC(=O)[C@H](CC(C)C)NC(=O)[C@H](CCCC[NH3+])NC(=O)[C@H](C(C)C)NC(=O)[C@H](CCCC[NH3+])NC(=O)[C@H](CC(C)C)NC(=O)[C@H]2CCCN2C(=O)[C@@H](Cc2ccc(O)cc2)NC(=O)[C@H](C(C)C)NC(=O)[C@H](CCCC[NH3+])NC1=O,0,-4.5351033,0
CC[C@H](C)[C@H](NC(=O)[C@H](CCCC[NH3+])NC(=O)[C@H](CCCC[NH3+])NC(=O)[C@H](CCC(N)=O)NC(=O)CN)C(=O)N[C@@H](CCCNC(N)=[NH2+])C(=O)N[C@H](C(=O)N[C@@H](CCCNC(N)=[NH2+])C(=O)N[C@@H](CC(C)C)C(=O)N[C@@H](CO)C(N)=O)C(C)C,0,-3.654013,0
CC[C@H](C)[C@H](NC(=O)[C@H](CCCC[NH3+])NC(=O)CNC(=O)[C@@H](NC(=O)[C@H](CC(C)C)NC(O)C(CC1CNCN1)NC(=O)[C@H](C)NC(=O)[C@H](CC(C)C)NC(=O)[C@H](CC(C)C)NC(=O)[C@H](CC(=O)O)NC(=O)[C@H](CCCC[NH3+])NC(=O)CNC(=O)[C@H](C)NC(=O)CNC(=O)[C@H](CCCC[NH3+])NC(=O)[C@H](CC(C)C)NC(=O)[C@@H](NC(=O)[C@H](CC(=O)O)NC(=O)[C@@H](NC(=O)[C@@H](NC(=O)CN)C(C)C)C(C)C)[C@@H](C)CC)C(C)C)C(=O)N[C@@H](CO)C(=O)N[C@@H](CCC(=O)O)C(=O)N[C@@H](CCCC[NH3+])C(=O)N[C@H](C(N)=O)C(C)C,0,-3.4254642,0
CC[C@H](C)[C@@H]1NC(=O)[C@H](CCCNC(=N)N)NC(=O)CNC(=O)[C@@H]2CSSC[C@@H](C(=O)N3CCC[C@H]3C(=O)N[C@@H](CCC(=O)O)C(=O)N[C@H](C(=O)N[C@H](C(=O)N[C@@H](CS)C(=O)N3CCC[C@H]3C(=O)N[C@@H](CCCCN)C(=O)N[C@@H](CC(N)=O)C(=O)O)C(C)C)C(C)C)NC(=O)[C@H]([C@@H](C)CC)NC(=O)[C@H](CS)NC(=O)[C@H](CCCNC(=N)N)NC(=O)[C@H](CO)NC(=O)[C@H](CSSC[C@H](NC(=O)[C@H](CCC(=O)O)NC(=O)[C@@H](NC(=O)[C@H](Cc3c[nH]c4ccccc34)NC(=O)[C@H](Cc3ccc(O)cc3)NC(=O)[C@H](CCC(N)=O)NC(=O)[C@@H]3CCCN3C(=O)[C@@H](NC(=O)[C@H](CC(C)C)NC(=O)[C@H](CC(=O)O)NC(=O)[C@H](CC(N)=O)NC(=O)[C@@H](N)CC(C)C)C(C)C)[C@@H](C)O)C(=O)N2)NC(=O)[C@H](Cc2c[nH]cn2)NC(=O)[C@@H]2CCCN2C(=O)CNC1=O,0,-4.848249,0
CC(C)C[C@H](NC(=O)[C@H](Cc1ccccc1)NC(=O)[C@H](C)NC(=O)CNC(=O)[C@H](Cc1c[nH]c2ccccc12)NC(=O)[C@H](CC(N)=O)NC(=O)[C@@H](N)CC(C)C)C(=O)N[C@@H](CCCC[NH3+])C(=O)NC(CC1CNCN1)C(O)N[C@@H](Cc1ccccc1)C(=O)N[C@@H](Cc1ccccc1)C(=O)N[C@@H](CCCC[NH3+])C(N)=O,0,-5.1002975,0
CC[C@H](C)[C@H](N)C(=O)N[C@@H](CC(N)=O)C(=O)N[C@@H](Cc1c[nH]c2ccccc12)C(=O)N[C@@H](CCCC[NH3+])C(=O)N[C@@H](CCCC[NH3+])C(=O)N[C@H](C(=O)N[C@@H](C)C(=O)N[C@@H](CO)C(=O)N[C@H](C(=O)NCC(=O)N[C@@H](CCCC[NH3+])C(=O)N[C@@H](CCC(=O)O)C(=O)N[C@H](C(=O)N[C@@H](CC(C)C)C(=O)N[C@@H](CCCC[NH3+])C(=O)N[C@@H](C)C(=O)N[C@@H](CC(C)C)C(N)=O)C(C)C)[C@@H](C)CC)[C@@H](C)CC,0,-5.3124056,0
CC[C@H](C)[C@H](NC(=O)[C@H](CCC(=O)O)NC(=O)[C@@H]1CCCN1C(O)C(CC1CNCN1)NC(=O)[C@H](CC(=O)O)NC(=O)[C@H](Cc1ccc(O)cc1)NC(=O)[C@H](CC(N)=O)NC(=O)[C@H](CS)NC(=O)[C@H](CCCNC(N)=[NH2+])NC(=O)[C@@H]1CCCN1C(=O)[C@H](CC(=O)O)NC(=O)[C@H](CO)NC(=O)[C@H](CS)NC(=O)[C@H](CS)NC(=O)[C@H](C)N)C(=O)N[C@@H](CS)C(N)=O,0,-0.2845274,0
CC[C@H](C)[C@H](NC(=O)[C@H](CCC(=O)O)NC(=O)[C@@H]1CCCN1C(O)C(CC1CNCN1)NC(=O)[C@H](CC(=O)O)NC(=O)[C@H](Cc1ccc(O)cc1)NC(=O)[C@H](C)NC(=O)[C@H](CS)NC(=O)[C@H](CCCNC(N)=[NH2+])NC(=O)[C@@H]1CCCN1C(=O)[C@H](CC(=O)O)NC(=O)[C@H](CO)NC(=O)[C@H](CS)NC(=O)[C@H](CS)NC(=O)CN)C(=O)N[C@@H](CS)C(N)=O,0,-5.9382124,0
CC[C@H](C)[C@H](NC(=O)[C@@H](NC(=O)[C@@H]1CCCN1C(=O)[C@@H](NC(=O)[C@@H](NC(=O)[C@H](CCCNC(N)=[NH2+])NC(=O)[C@@H]1CCCN1C(=O)[C@@H](NC(=O)[C@@H](NC(O)C(CC1CNCN1)NC(=O)[C@H](CCCC[NH3+])NC(=O)[C@H](C)NC(=O)[C@@H](NC(=O)[C@H](CO)NC(=O)CNC(=O)[C@H](CC(C)C)NC(=O)[C@@H](NC(=O)[C@H](CO)NC(=O)[C@H](Cc1ccccc1)NC(=O)[C@H](CC(C)C)NC(=O)CN)C(C)C)C(C)C)C(C)C)C(C)C)C(C)C)C(C)C)C(C)C)C(=O)N[C@@H](C)C(=O)N[C@@H](CCC(=O)O)C(=O)NC(CC1CNCN1)C(O)N[C@@H](CC(C)C)C(N)=O,0,-4.747581,0
CC(C)[C@H](NC(=O)[C@H](CCCC[NH3+])NC(=O)[C@@H](NC(=O)[C@H](CCCC[NH3+])NC(=O)[C@@H](NC(=O)[C@H](CCCC[NH3+])NC(=O)[C@@H](NC(=O)[C@@H]1CCCN1C(=O)[C@H]1CCCN1C(=O)[C@@H](NC(=O)[C@H](CCCC[NH3+])NC(=O)[C@@H](NC(=O)[C@H](CCCC[NH3+])NC(=O)[C@@H](NC(=O)[C@H](CCCC[NH3+])NC(=O)[C@@H](NC(=O)[C@@H](N)CCCC[NH3+])C(C)C)C(C)C)C(C)C)C(C)C)[C@@H](C)O)C(C)C)C(C)C)C(=O)N[C@@H](CCCC[NH3+])C(N)=O,0,-3.4393184,0
CC(C)C[C@H](NC(=O)[C@H](CC(C)C)NC(=O)[C@H](CCCC[NH3+])NC(=O)CNC(=O)[C@H](CC(C)C)NC(=O)[C@H](CC(C)C)NC(=O)[C@H](CO)NC(=O)[C@H](C)NC(=O)[C@H](Cc1ccccc1)NC(=O)[C@H](Cc1ccccc1)NC(=O)[C@@H]1CCCN1C(=O)[C@H](CC(C)C)NC(=O)[C@@H](N)Cc1ccccc1)C(N)=O,0,-5.3466477,0
C[C@H](NC(=O)[C@H](Cc1ccc(O)cc1)NC(=O)[C@H](CC(N)=O)NC(=O)[C@H](CCCC[NH3+])NC(=O)CNC(=O)[C@H](CS)NC(=O)[C@H](C)NC(=O)[C@@H]1CCCN1C(O)C(CC1CNCN1)NC(=O)[C@H](CS)NC(=O)[C@H](CS)NC(=O)[C@H](CCCNC(N)=[NH2+])NC(=O)CN)C(=O)N[C@@H](CS)C(N)=O,0,-5.860317,0
CC(C)C[C@H]1NC(=O)[C@@H](C(C)C)NC(=O)[C@@H]2CCCN2C(=O)[C@@H](CC(=O)O)NC(=O)[C@@H](Cc2c[nH]c3ccccc23)NC1=O,0,-5.838287,0
CC[C@H](C)[C@@H]1NC(=O)CNC(=O)[C@H](CCCNC(N)=[NH2+])NC(=O)[C@H](Cc2ccc(O)cc2)NC(=O)[C@@H]2CSSC[C@H](NC1=O)C(=O)N[C@@H](Cc1ccc(O)cc1)C(=O)N[C@@H](CCCNC(N)=[NH2+])C(=O)N[C@@H](CCCNC(N)=[NH2+])C(=O)N[C@H](C(=O)N[C@@H](CCCNC(N)=[NH2+])C(=O)O)CSSC[C@H](NC(=O)[C@H](Cc1c[nH]c3ccccc13)NC(=O)[C@@H]([NH3+])CCCC[NH3+])C(=O)N[C@@H](Cc1ccccc1)C(=O)N[C@@H](CCCNC(N)=[NH2+])C(=O)N[C@@H](C(C)C)C(=O)N2,0,-1.7708657,0
CC[C@H](C)[C@H](NC(=O)[C@H](CO)NC(=O)[C@H](C)NC(=O)[C@@H]1CCCN1C(=O)[C@H](CC(C)C)NC(=O)CN)C(=O)N[C@@H](CO)C(=O)N[C@@H](Cc1c[nH]c2ccccc12)C(=O)N[C@H](C(=O)N[C@@H](CCCC[NH3+])C(=O)N[C@@H](CCCNC(N)=[NH2+])C(=O)N[C@@H](CCCC[NH3+])C(=O)N[C@@H](CCCNC(N)=[NH2+])C(=O)N[C@@H](CCC(N)=O)C(=O)N[C@@H](CCC(N)=O)C(N)=O)[C@@H](C)CC,0,-4.0330796,0
CC[C@H](C)[C@H](NC(=O)[C@H](CC(C)C)NC(=O)[C@@H]1CCCN1C(=O)[C@H](CC(C)C)NC(=O)[C@@H](N)C(C)C)C(=O)N[C@@H](CO)C(=O)N[C@@H](CCSC)C(=O)N[C@@H](C)C(=O)N[C@@H](CC(C)C)C(=O)NCC(=O)N[C@@H](CCCC[NH3+])C(=O)N[C@@H](CC(C)C)C(=O)N[C@@H](CC(C)C)C(N)=O,0,-5.0154757,0
C[C@H](NC(=O)CNC(=O)[C@H](CS)NC(=O)[C@H](C)NC(=O)[C@@H]1CCCN1C(=O)[C@H](CC(N)=O)NC(=O)[C@H](CS)NC(=O)[C@H](CS)NC(=O)[C@@H](N)CCC(=O)O)C(=O)NC(CC1CNCN1)C(O)N[C@@H](Cc1ccc(O)cc1)C(=O)N[C@@H](CO)C(=O)N[C@@H](CS)C(N)=O,0,-6.787375,0
CC[C@H](C)[C@H](NC(=O)[C@H](Cc1c[nH]c2ccccc12)NC(=O)[C@H](CS)NC(=O)[C@H](CS)NC(=O)[C@@H](N)CC(C)C)C(=O)NC(CC1CNCN1)C(O)N[C@@H](Cc1c[nH]c2ccccc12)C(=O)N[C@@H](CS)C(=O)NC(CC1CNCN1)C(O)N[C@@H](C)C(=O)N[C@@H](CCCNC(N)=[NH2+])C(=O)N[C@@H](CS)C(=O)N[C@H](C(=O)N[C@@H](CS)C(=O)N[C@@H](CS)C(N)=O)[C@@H](C)O,0,-6.300562,0
CC(C)C[C@@H]1NC(O)C(CCC[NH3+])NC(=O)[C@H](C(C)C)NC(=O)[C@@H]2CCCN2C(O)C(CC2CCCC3CCCCC32)NC(=O)[C@H](CC(C)C)NC(O)C(CCC[NH3+])NC(=O)[C@H](C(C)C)NC(=O)[C@@H]2CCCN2C(O)C(CC2CCCC3CCCCC32)NC1=O,0,-3.1118484,0
NC(=O)[C@H](Cc1c[nH]c2ccccc12)NC(O)C(CC1CNCN1)NC(=O)[C@H](CS)NC(=O)[C@H](CS)NC(=O)[C@H](CCC(=O)O)NC(=O)[C@H](Cc1ccccc1)NC=O,0,-5.7649436,0
CC(C)C[C@H](NC(=O)[C@H](C)NC(=O)[C@H](CCCC[NH3+])NC(=O)[C@H](CCCC[NH3+])NC(=O)[C@H](C)NC(=O)CNC(=O)[C@H](CCCC[NH3+])NC(=O)[C@H](CC(C)C)NC(=O)[C@H](CC(C)C)NC(=O)[C@H](CC(=O)O)NC(=O)[C@H](CCCC[NH3+])NC(=O)[C@H](Cc1ccccc1)NC(=O)CN)C(=O)N[C@H](C(=O)N[C@@H](CCCC[NH3+])C(=O)N[C@H](C(=O)N[C@H](C(=O)N[C@@H](CC(C)C)C(=O)N[C@@H](Cc1ccccc1)C(N)=O)C(C)C)[C@@H](C)O)C(C)C,0,-5.430466,0
CC[C@H](C)[C@H](NC(=O)[C@H](CC(C)C)NC(O)C(CC1CNCN1)NC(=O)CNC(=O)[C@H](CC(C)C)NC(=O)[C@@H](NC(=O)[C@H](CCCC[NH3+])NC(=O)[C@H](CO)NC(=O)[C@H](Cc1c[nH]c2ccccc12)NC(=O)[C@H](CCSC)NC(=O)CN)[C@@H](C)CC)C(=O)N[C@@H](CCCC[NH3+])C(N)=O,0,-4.5914106,0
CC[C@H](C)[C@H](NC(=O)[C@H](CCCNC(N)=[NH2+])NC(=O)[C@H](CS)NC(=O)[C@H](Cc1c[nH]c2ccccc12)NC(=O)[C@H](Cc1c[nH]c2ccccc12)NC(=O)[C@H](CCCNC(N)=[NH2+])NC(=O)[C@H](CCCNC(N)=[NH2+])NC(C)=O)C(N)=O,0,-3.4866583,0
CSCC[C@@H]1NC(=O)[C@H](CCCNC(N)=[NH2+])NC(=O)[C@H](Cc2c[nH]c3ccccc23)NC(=O)[C@H](C)NC(=O)[C@H](C)NC(=O)[C@H](CCCNC(N)=[NH2+])NC(=O)[C@H](Cc2ccccc2)NC(=O)[C@H](C)NC(=O)[C@H](CCCC[NH3+])NC(=O)[C@H](CCCNC(N)=[NH2+])NC(=O)[C@H](Cc2c[nH]c3ccccc23)NC(=O)[C@H](C)NC(=O)[C@H]2CCCN2C(=O)[C@@H](C)NC(=O)[C@H](C)NC(=O)[C@H](CCCC[NH3+])NC(=O)[C@H](CCCC[NH3+])NC(=O)[C@H](CC(C)C)NC1=O,0,-2.9480789,0
CC[C@H](C)[C@H]([NH3+])C(=O)N[C@H](C(=O)NCC(=O)N1CCC[C@H]1C(=O)N[C@H](C(=O)N[C@@H](CC(C)C)C(=O)NCC(=O)N[C@@H](CC(C)C)C(=O)N[C@H](C(=O)NCC(=O)N[C@@H](CO)C(=O)N[C@@H](C)C(=O)N[C@@H](CC(C)C)C(=O)NCC(=O)NCC(=O)N[C@@H](CC(C)C)C(=O)N[C@@H](CC(C)C)C(=O)N[C@@H](CCCC[NH3+])C(=O)N[C@@H](CCCC[NH3+])C(=O)N[C@H](C(=O)O)[C@@H](C)CC)C(C)C)C(C)C)[C@@H](C)CC,0,-3.1471534,0
CC[C@H](C)[C@H](NC(=O)[C@H](CCCC[NH3+])NC(=O)[C@H](Cc1ccc(O)cc1)NC(=O)CNC(O)C(CC1CNCN1)NC(O)C(CC1CNCN1)NC(=O)[C@H](CCCNC(N)=[NH2+])NC(=O)[C@H](CCCC[NH3+])NC(=O)[C@H](C)NC(O)C(CC1CNCN1)NC(=O)[C@H](CO)NC(=O)[C@@H](N)CC(=O)O)C(=O)N[C@@H](CCCC[NH3+])C(=O)N[C@@H](Cc1ccccc1)C(=O)NC(CC1CNCN1)C(O)N[C@@H](CCC(=O)O)C(=O)N[C@@H](CC(N)=O)C(=O)NC(CC1CNCN1)C(O)NC(CC1CNCN1)C(O)N[C@@H](CO)C(=O)NC(CC1CNCN1)C(O)N[C@@H](CCCNC(N)=[NH2+])C(=O)NCC(=O)N[C@@H](Cc1ccc(O)cc1)C(N)=O,0,-0.7550416,0
CC[C@@H](C)[C@H]1NC(=O)[C@H]2CCCN2C(=O)[C@H](Cc2c[nH]c3ccccc23)NC(=O)[C@H](CO)NC(=O)[C@@H](CS)NC(=O)[C@H]([C@@H](C)O)NC(=O)[C@@H](CS)NC(=O)CNC(=O)[C@H](CCC(N)=O)NC(=O)[C@H]([C@@H](C)O)NC(=O)[C@H](Cc2ccc(O)cc2)NC(=O)[C@H](CS)NC(=O)[C@H]([C@@H](C)O)NC(=O)CNC(=O)[C@H](CC(C)C)NC(=O)[C@H]([C@@H](C)O)NC(=O)[C@H](CS)NC(=O)[C@H]([C@@H](C)O)NC(=O)[C@H](CCC(=O)O)NC(=O)CNC(=O)[C@H](CS)NC(=O)[C@H](C(C)C)NC(=O)[C@@H]2CCCN2C(=O)[C@H](CC(C)C)NC(=O)CNC(=O)[C@H](CC(N)=O)NC(=O)[C@H](CCCNC(N)=[NH2+])NC(=O)[C@H](CCCC[NH3+])NC(=O)[C@H](CS)NC1=O,0,-6.1062517,0
CC(C)C[C@H](NC(=O)[C@H](CCC(=O)O)NC(O)C1CC(O)CN1C(O)C(CC1CNCN1)NC(=O)[C@H](CC(N)=O)NC(=O)[C@@H](NC(=O)[C@H](CO)NC(=O)[C@H](CS)NC(=O)[C@H](C)NC(=O)[C@@H]1CCCN1C(O)C(CC1CNCN1)NC(=O)[C@H](CO)NC(=O)[C@H](CS)NC(=O)[C@H](CS)NC(=O)CN)C(C)C)C(=O)N[C@H](C=O)CS,0,-0.773829,0
CC(C)C[C@H](NC(=O)[C@H](CCCC[NH3+])NC(=O)[C@H](CCCNC(N)=[NH2+])NC(=O)[C@H](Cc1ccccc1)NC(=O)[C@H](Cc1ccccc1)NC(=O)[C@H](CCCC[NH3+])NC(=O)[C@H](CCCC[NH3+])NC(=O)[C@H](Cc1ccccc1)NC(=O)[C@H](CCCNC(N)=[NH2+])NC(=O)[C@H](CCCC[NH3+])NC(=O)[C@@H](N)C(C)C)C(=O)N[C@@H](CCCC[NH3+])C(=O)N[C@@H](CCCC[NH3+])C(=O)N[C@@H](CCCC[NH3+])C(=O)N[C@H](C(N)=O)C(C)C,1,7.4810524,1
NC(=[NH2+])NCCC[C@H](NC(=O)[C@H](CCCNC(N)=[NH2+])NC(=O)[C@H](CCCNC(N)=[NH2+])NC(=O)[C@H](CCC(N)=O)NC(=O)[C@H](CCCNC(N)=[NH2+])NC(=O)[C@H](CCCNC(N)=[NH2+])NC(=O)[C@H](CCCC[NH3+])NC(=O)[C@H](CCCC[NH3+])NC(=O)[C@@H](N)CCCNC(N)=[NH2+])C(=O)NCC(=O)NCC(=O)NCC(N)=O,1,6.948805,1
CNCCC[C@H](NC(=O)[C@H](CCCNC)NC(=O)[C@H](CCCNC)NC(=O)[C@H](CCCNC)NC(=O)[C@H](CCCNC)NC(=O)[C@H](CCCNC)NC(=O)[C@H](CCCNC)NC(O)C(C)CN)C(N)=O,1,-2.8906195,1
CC(C)C[C@H](NC(=O)[C@H](CC(C)C)NC(=O)[C@H](C)NC(=O)[C@H](C)NC(=O)[C@H](C)NC(=O)[C@H](CC(C)C)NC(=O)[C@H](CCCC[NH3+])NC(=O)[C@H](CCCC[NH3+])NC(=O)[C@H](Cc1c[nH]c2ccccc12)NC(=O)[C@H](CCCC[NH3+])NC(=O)[C@H](CCCC[NH3+])NC(=O)[C@H](CC(C)C)NC(=O)[C@H](CC(C)C)NC(=O)[C@H](C)NC(=O)[C@H](C)NC(=O)[C@H](C)NC(=O)[C@H](CC(C)C)NC(=O)[C@@H](N)CCCC[NH3+])C(N)=O,1,-0.9976145,1
CC[C@H](C)[C@H](NC(=O)[C@H](CC(C)C)NC(=O)[C@@H](NC(=O)[C@H](CCCNC(N)=[NH2+])NC(=O)[C@H](Cc1ccccc1)NC(=O)[C@@H](NC(=O)[C@@H](NC(=O)[C@@H](N)CC(C)C)[C@@H](C)CC)[C@@H](C)CC)[C@@H](C)CC)C(=O)N[C@@H](CO)C(=O)NC(CC1CNCN1)C(O)NC(CC1CNCN1)C(O)NC(CO)CC1CNCN1,1,1.2610142,1
CC[C@H](C)[C@H](NC(=O)[C@H](CCCNC(N)=[NH2+])NC(=O)[C@H](CCCNC(N)=[NH2+])NC(=O)[C@H](CCCNC(N)=[NH2+])NC(=O)[C@H](CC(C)C)NC(=O)[C@@H](NC(=O)[C@@H](NC(=O)[C@H](CC(C)C)NC(=O)[C@H](C)N)[C@@H](C)CC)[C@@H](C)CC)C(=O)N[C@@H](CCCNC(N)=[NH2+])C(=O)N[C@@H](CCCC[NH3+])C(=O)N[C@@H](CCC(N)=O)C(=O)N[C@@H](C)C(=O)NC(CC1CNCN1)C(O)N[C@@H](C)C(=O)NC(CC1CNCN1)C(O)N[C@@H](CO)C(=O)N[C@H](C=O)CCCC[NH3+],1,11.296084,1
CC[C@H](C)[C@H](NC(=O)[C@H](CCCC[NH3+])NC(=O)[C@H](CCCC[NH3+])NC(=O)[C@H](C)NC(=O)[C@H](CC(C)C)NC(=O)[C@H](C)NC(=O)[C@H](C)NC(=O)[C@H](CC(C)C)NC(=O)[C@H](C)NC(=O)[C@H](CCCC[NH3+])NC(=O)[C@H](CC(C)C)NC(=O)[C@H](CC(N)=O)NC(=O)[C@@H](NC(=O)[C@H](CCCC[NH3+])NC(=O)CNC(=O)[C@H](CC(C)C)NC(=O)[C@H](CC(C)C)NC(=O)[C@H](Cc1ccc(O)cc1)NC(=O)CNC(=O)[C@H](C)N)[C@@H](C)CC)C(=O)N[C@H](C=O)CC(C)C,1,9.801293,1
C[C@H](N)C(=O)N[C@@H](CS)C(=O)N[C@@H](CCCNC(N)=[NH2+])C(=O)NCC(=O)N[C@@H](CCCNC(N)=[NH2+])C(=O)NCC(=O)N[C@@H](CCCNC(N)=[NH2+])C(=O)NCC(=O)N[C@@H](CS)C(=O)NCC(=O)N[C@@H](CO)C(=O)NCC(=O)N[C@@H](CO)C(=O)N[C@@H](CCCNC(N)=[NH2+])C(=O)N[C@@H](CO)C(=O)N[C@@H](CS)C(=O)NCC=O,1,4.8369365,1
CC[C@H](C)[C@H](NC(=O)[C@H](C)NC(=O)[C@@H](NC(=O)[C@H](CCC(N)=O)NC(=O)[C@@H](N)CCCNC(N)=[NH2+])[C@@H](C)CC)C(=O)N[C@@H](Cc1c[nH]c2ccccc12)C(=O)N[C@@H](Cc1ccccc1)C(=O)N[C@@H](CCC(N)=O)C(=O)N[C@@H](CC(N)=O)C(=O)N[C@@H](CCCNC(N)=[NH2+])C(=O)N[C@@H](CCCNC(N)=[NH2+])C(=O)N[C@@H](CCSC)C(=O)N[C@@H](CCCC[NH3+])C(=O)N[C@@H](Cc1c[nH]c2ccccc12)C(=O)N[C@@H](CCCC[NH3+])C(=O)N[C@H](C=O)CCCC[NH3+],1,13.339643,1
NCC(=O)N[C@@H](CCCNC(N)=[NH2+])C(=O)N[C@@H](CCCC[NH3+])C(=O)N[C@@H](CCCC[NH3+])C(=O)N[C@@H](CCCNC(N)=[NH2+])C(=O)N[C@@H](CCCNC(N)=[NH2+])C(=O)N[C@@H](CCC(N)=O)C(=O)N[C@@H](CCCNC(N)=[NH2+])C(=O)N[C@@H](CCCNC(N)=[NH2+])C(=O)N[C@@H](CCCNC(N)=[NH2+])C(=O)N1CCC[C@H]1C(=O)N1CCC[C@H]1C(=O)N[C@@H](CCC(N)=O)C(=O)N[C@H](C=O)Cc1ccc(O)cc1,1,12.729854,1
CC(=O)N[C@@H](CCCNC(N)=[NH2+])C(=O)N[C@@H](CCCNC(N)=[NH2+])C(=O)N[C@@H](CCCNC(N)=[NH2+])C(=O)N[C@@H](CCCNC(N)=[NH2+])C(=O)N[C@@H](CCCNC(N)=[NH2+])C(=O)N[C@@H](CCCNC(N)=[NH2+])C(=O)N[C@@H](CCCNC(N)=[NH2+])C(=O)N[C@@H](CCCNC(N)=[NH2+])C(N)=O,1,1.338837,1
NC(=[NH2+])NCCC[C@@H](N)C(=O)N[C@H](CCCNC(N)=[NH2+])C(=O)N[C@H](CCCNC(N)=[NH2+])C(=O)N[C@H](CCCNC(N)=[NH2+])C(=O)N[C@H](CCCNC(N)=[NH2+])C(=O)N[C@@H](C=O)CCCNC(N)=[NH2+],1,12.873021,1
NC(=[NH2+])NCCC[C@@H](C=O)NC(=O)[C@H](CCCNC(N)=[NH2+])NC(=O)[C@H](CCCNC(N)=[NH2+])NC(=O)[C@H](CCCNC(N)=[NH2+])NC(=O)[C@H](CCCNC(N)=[NH2+])NC(=O)[C@@H](N)CCCNC(N)=[NH2+],1,13.377133,1
CC[C@H](C)[C@H](NC(=O)[C@@H](NC(=O)[C@@H](N)Cc1c[nH]c2ccccc12)[C@@H](C)CC)C(=O)N[C@@H](Cc1ccccc1)C(=O)N[C@@H](CCCNC(N)=[NH2+])C(=O)N[C@@H](C)C(=O)N[C@@H](C)C(=O)N[C@@H](C)C(=O)N[C@@H](CO)C(=O)NC(CC1CNCN1)C(O)N[C@@H](CCCC[NH3+])C(=O)N[C@H](C=O)CCCC[NH3+],1,10.737735,1
CC(C)C[C@H](NC(=O)[C@H](CCCNC(N)=[NH2+])NC(=O)[C@H](CCC(=O)O)NC(=O)[C@H](CC(=O)O)NC(=O)[C@H](C)NC(=O)[C@@H]1CCCN1C(=O)[C@H](CS)NC(=O)[C@H](CC(N)=O)NC(=O)[C@H](CCCNC(N)=[NH2+])NC(=O)[C@H](Cc1ccccc1)NC(=O)[C@H](CCCNC(N)=[NH2+])NC(=O)[C@H](CC(=O)O)NC(=O)[C@H](CCCNC(N)=[NH2+])NC(=O)[C@H](CS)NC(=O)[C@H](C)N)C(=O)N[C@@H](CS)C(=O)NCC=O,1,4.352694,1
CC(C)C[C@H](NC(=O)[C@H](C)NC(=O)[C@H](CCCC[NH3+])NC(=O)[C@H](CC(C)C)NC(=O)[C@H](C)NC(=O)[C@H](CC(C)C)NC(=O)[C@H](CCCC[NH3+])NC(=O)[C@H](CC(C)C)NC(=O)[C@H](C)NC(=O)[C@H](CC(C)C)NC(=O)[C@@H](N)CCCC[NH3+])C(=O)N[C@@H](CCCC[NH3+])C(=O)N[C@@H](C)C(=O)N[C@@H](C)C(=O)N[C@@H](CC(C)C)C(=O)N[C@@H](CCCC[NH3+])C(=O)N[C@@H](CC(C)C)C(=O)N[C@@H](C)C(=O)NCC(=O)N[C@H](C=O)CS,1,6.9799414,1
NC(=[NH2+])NCCC[C@H](NC(=O)[C@H](CCCNC(N)=[NH2+])NC(=O)[C@H](CCCNC(N)=[NH2+])NC(=O)[C@H](CCCNC(N)=[NH2+])NC(=O)[C@H](CCCNC(N)=[NH2+])NC(=O)[C@H](CCCNC(N)=[NH2+])NC(=O)[C@H](CCCNC(N)=[NH2+])NC(=O)[C@@H](N)CCCNC(N)=[NH2+])C(=O)NCC(=O)N[C@@H](CS)C(N)=O,1,5.093907,1
CC[C@H](C)[C@H](NC(=O)[C@H](CCCC[NH3+])NC(=O)[C@H](CCCC[NH3+])NC(=O)[C@H](C)NC(=O)[C@H](CC(C)C)NC(=O)[C@H](C)NC(=O)[C@H](C)NC(=O)[C@H](CC(C)C)NC(=O)[C@H](C)NC(=O)[C@H](CCCC[NH3+])NC(=O)[C@H](CC(C)C)NC(=O)[C@H](CC(N)=O)NC(=O)[C@@H](NC(=O)[C@H](CCCC[NH3+])NC(=O)CNC(=O)[C@H](CC(C)C)NC(=O)[C@H](CC(C)C)NC(=O)[C@H](Cc1ccc(O)cc1)NC(=O)CNC(=O)[C@H](C)NC(=O)[C@H](CO)NC(=O)[C@H](CC(N)=O)NC(=O)[C@@H](N)CC(C)C)[C@@H](C)CC)C(=O)N[C@H](C=O)CC(C)C,1,9.239,1
CC(=O)N[C@@H](CS)C(=O)N[C@@H](Cc1c[nH]c2ccccc12)C(=O)N[C@@H](CCCC[NH3+])C(=O)N[C@@H](CCCC[NH3+])C(=O)N[C@@H](CCCC[NH3+])C(=O)N[C@@H](CCCC[NH3+])C(=O)N[C@@H](CCCC[NH3+])C(=O)N[C@@H](CCCC[NH3+])C(=O)N[C@@H](CCCC[NH3+])C(=O)N[C@@H](CCCC[NH3+])C(=O)N[C@@H](CCCC[NH3+])C(=O)N[C@@H](CCCC[NH3+])C(=O)N[C@@H](CCCC[NH3+])C(=O)N[C@@H](CCCC[NH3+])C(=O)N[C@@H](CCCC[NH3+])C(=O)N[C@@H](CCCC[NH3+])C(=O)N[C@@H](CCCC[NH3+])C(=O)N[C@@H](CCCC[NH3+])C(=O)N[C@@H](CCCC[NH3+])C(=O)N[C@H](C=O)CCCC[NH3+],1,13.740779,1
CC[C@H](C)[C@H](NC(=O)[C@H](CCCC[NH3+])NC(=O)[C@@H](NC(=O)[C@H](CCC(N)=O)NC(=O)[C@@H]([NH3+])CCCNC(N)=[NH2+])[C@@H](C)CC)C(=O)N[C@@H](Cc1c[nH]c2ccccc12)C(=O)N[C@@H](Cc1ccccc1)C(=O)N[C@@H](CCC(N)=O)C(=O)N[C@@H](CC(N)=O)C(=O)N[C@@H](CCCNC(N)=[NH2+])C(=O)N[C@@H](CCCNC(N)=[NH2+])C(=O)N[C@@H](CCSC)C(=O)N[C@@H](CCCC[NH3+])C(=O)N[C@@H](Cc1c[nH]c2ccccc12)C(=O)N[C@@H](CCCC[NH3+])C(=O)N[C@@H](CCCC[NH3+])C(=O)O,1,8.261001,1
C[C@H](N)C(=O)N[C@@H](CS)C(=O)N[C@@H](CCCNC(N)=[NH2+])C(=O)N[C@@H](CCCNC(N)=[NH2+])C(=O)N[C@@H](CO)C(=O)N[C@@H](CCCNC(N)=[NH2+])C(=O)N[C@@H](CCCNC(N)=[NH2+])C(=O)NCC(=O)N[C@@H](CS)C(=O)NCC(=O)N[C@@H](CCCNC(N)=[NH2+])C(=O)N[C@@H](CCCNC(N)=[NH2+])C(=O)N[C@@H](CO)C(=O)N[C@@H](CCCNC(N)=[NH2+])C(=O)N[C@@H](CCCNC(N)=[NH2+])C(=O)N[C@@H](CS)C(=O)NCC=O,1,8.471181,1
CC(=O)N[C@@H](CCCNC(N)=[NH2+])C(=O)N[C@@H](CC(C)C)C(=O)N[C@@H](CC(C)C)C(=O)N[C@@H](CCCNC(N)=[NH2+])C(=O)N[C@@H](CC(C)C)C(=O)N[C@@H](CC(C)C)C(=O)N[C@@H](CC(C)C)C(=O)N[C@@H](CCCNC(N)=[NH2+])C(=O)N[C@@H](CC(C)C)C(=O)N[C@@H](Cc1c[nH]c2ccccc12)C(=O)N[C@@H](CCCNC(N)=[NH2+])C(=O)N[C@@H](CCCNC(N)=[NH2+])C(=O)N[C@@H](CC(C)C)C(=O)N[C@@H](CC(C)C)C(=O)N[C@@H](CCCNC(N)=[NH2+])C(=O)N[C@@H](CC(C)C)C(=O)N[C@@H](CC(C)C)C(=O)N[C@@H](CCCNC(N)=[NH2+])C(N)=O,1,4.114336,1
C[C@H](NC(=O)[C@H](CCCC[NH3+])NC(=O)[C@H](CO)NC(=O)[C@H](CCCNC(N)=[NH2+])NC(=O)[C@H](C)NC(O)C(CC1CNCN1)NC(O)C(CC1CNCN1)NC(=O)[C@H](CCCNC(N)=[NH2+])NC(=O)[C@H](CCCNC(N)=[NH2+])NC(=O)[C@@H](N)CO)C(=O)N[C@@H](CCCC[NH3+])C(=O)N[C@@H](CCCNC(N)=[NH2+])C(=O)N[C@@H](CO)C(=O)N[C@@H](CCCNC(N)=[NH2+])C(=O)NC(CC1CNCN1)C(O)NC(CO)CC1CNCN1,1,5.374507,1
NC(=[NH2+])NCCC[C@@H](C=O)NC(=O)[C@H](CCCNC(N)=[NH2+])NC(=O)[C@H](CCCNC(N)=[NH2+])NC(=O)[C@H](CCCNC(N)=[NH2+])NC(=O)[C@H](CCCNC(N)=[NH2+])NC(=O)[C@H](CCCNC(N)=[NH2+])NC(=O)[C@H](CCCNC(N)=[NH2+])NC(=O)[C@H](CCCNC(N)=[NH2+])NC(=O)[C@H](CCCNC(N)=[NH2+])NC(=O)[C@H](CCCNC(N)=[NH2+])NC(=O)[C@@H](N)CCCNC(N)=[NH2+],1,15.704945,1
C[C@H](NC(=O)[C@H](CCC(N)=O)NC(=O)[C@@H](N)CCCNC(N)=[NH2+])C(=O)N[C@@H](CCCNC(N)=[NH2+])C(=O)N[C@@H](CCCNC(N)=[NH2+])C(=O)N[C@@H](CC(N)=O)C(=O)N[C@@H](CCCNC(N)=[NH2+])C(=O)N[C@@H](CCCNC(N)=[NH2+])C(=O)N[C@@H](CCCNC(N)=[NH2+])C(=O)N[C@H](C=O)CS,1,8.886624,1
CC[C@H](C)[C@H](NC(=O)[C@H](CCCC[NH3+])NC(=O)[C@@H](NC(=O)[C@H](CCC(N)=O)NC(=O)[C@@H]([NH3+])CCCNC(N)=[NH2+])[C@@H](C)CC)C(=O)N[C@@H](Cc1c[nH]c2ccccc12)C(=O)N[C@@H](Cc1ccccc1)C(=O)N[C@@H](CCC(N)=O)C(=O)N[C@@H](CC(N)=O)C(=O)N[C@@H](CCCNC(N)=[NH2+])C(=O)N[C@@H](CCCNC(N)=[NH2+])C(=O)N[C@@H](CCSC)C(=O)N[C@@H](CCCC[NH3+])C(=O)N[C@@H](Cc1c[nH]c2ccccc12)C(=O)N[C@@H](CCCC[NH3+])C(=O)N[C@@H](CCCC[NH3+])C(=O)O,1,8.261001,1
NC(=[NH2+])NCCC[C@@H](NC(=O)[C@H](N)CS)C(=O)N[C@H](Cc1c[nH]c2ccccc12)C(=O)N[C@H](CCCNC(N)=[NH2+])C(=O)N[C@H](Cc1c[nH]c2ccccc12)C(=O)N[C@H](CCCC[NH3+])C(=O)N[C@H](CS)C(=O)N[C@H](CS)C(=O)N[C@H](CCCC[NH3+])C(=O)N[C@@H](C=O)CCCC[NH3+],1,7.5015244,1
NC(=[NH2+])NCCC[C@H](NC(=O)[C@H](Cc1c[nH]c2ccccc12)NC(=O)[C@@H](CCCNC(N)=[NH2+])NC(=O)[C@@H](N)CS)C(=O)N[C@@H](Cc1c[nH]c2ccccc12)C(=O)N[C@@H](CCCC[NH3+])C(=O)N[C@@H](CS)C(=O)N[C@@H](CS)C(=O)N[C@@H](CCCC[NH3+])C(=O)N[C@H](C=O)CCCC[NH3+],1,7.7407317,1
CC[C@H](C)[C@H](NC(=O)[C@H](CC(C)C)NC(=O)[C@@H](N)CCCC[NH3+])C(=O)N[C@@H](CCCC[NH3+])C(=O)NCC(=O)N[C@@H](CCCNC(N)=[NH2+])C(=O)N[C@H](C(=O)N1CCC[C@H]1C(=O)N[C@H](C(=O)N[C@@H](CCCC[NH3+])C(=O)N[C@@H](Cc1ccccc1)C(=O)NCC(=O)N[C@@H](CCCC[NH3+])C(=O)N[C@@H](C)C(=O)N[C@@H](CC(=O)O)C(=O)N[C@@H](CS)C(=O)N[C@@H](CC(=O)O)C(=O)N[C@@H](CCCNC(N)=[NH2+])C(=O)N1CCC[C@H]1C(=O)N1CCC[C@H]1C(=O)N[C@@H](CCCC[NH3+])C(=O)NC(CC1CNCN1)C(O)N[C@@H](CO)C(=O)NCC(=O)N[C@H](C=O)CCCC[NH3+])[C@@H](C)CC)[C@@H](C)O,1,9.59391,1
CC[C@H](C)[C@H](NC(=O)[C@H](CCCC[NH3+])NC(=O)[C@@H](NC(=O)[C@H](CCC(N)=O)NC(=O)[C@@H]([NH3+])CCCNC(N)=[NH2+])[C@@H](C)CC)C(=O)N[C@@H](Cc1c[nH]c2ccccc12)C(=O)N[C@@H](Cc1ccccc1)C(=O)N[C@@H](CCC(N)=O)C(=O)N[C@@H](CC(N)=O)C(=O)N[C@@H](CCCNC(N)=[NH2+])C(=O)N[C@@H](CCCNC(N)=[NH2+])C(=O)N[C@@H](CCSC)C(=O)N[C@@H](CCCC[NH3+])C(=O)N[C@@H](Cc1c[nH]c2ccccc12)C(=O)N[C@@H](CCCC[NH3+])C(=O)N[C@@H](CCCC[NH3+])C(=O)O,1,8.261001,1
C[C@H](NC(=O)[C@H](CCCNC(N)=[NH2+])NC(=O)[C@H](CCCNC(N)=[NH2+])NC(=O)[C@H](CCC(=O)O)NC(=O)[C@H](CCCNC(N)=[NH2+])NC(=O)[C@H](CCCNC(N)=[NH2+])NC(=O)[C@@H](N)CCCNC(N)=[NH2+])C(=O)N[C@@H](CCC(=O)O)C(=O)N[C@H](C=O)CCCC[NH3+],1,14.433318,1
NCC(=O)N[C@@H](CCCNC(N)=[NH2+])C(=O)N[C@@H](CCCC[NH3+])C(=O)N[C@@H](CCCC[NH3+])C(=O)N[C@@H](CCCNC(N)=[NH2+])C(=O)N[C@@H](CCCNC(N)=[NH2+])C(=O)N[C@@H](CCC(N)=O)C(=O)N[C@@H](CCCNC(N)=[NH2+])C(=O)N[C@@H](CCCNC(N)=[NH2+])C(=O)N[C@@H](CCCNC(N)=[NH2+])C(=O)N1CCC[C@H]1C(=O)N1CCC[C@H]1C(=O)N[C@H](C=O)CCC(N)=O,1,13.493757,1
NC(=[NH2+])NCCC[C@@H](C=O)NC(=O)[C@H](CCCNC(N)=[NH2+])NC(=O)[C@H](CCCNC(N)=[NH2+])NC(=O)[C@H](CCCNC(N)=[NH2+])NC(=O)[C@H](CCCNC(N)=[NH2+])NC(=O)[C@H](CCCNC(N)=[NH2+])NC(=O)[C@H](CCCNC(N)=[NH2+])NC(=O)[C@H](CCCNC(N)=[NH2+])NC(=O)[C@H](Cc1c[nH]c2ccccc12)NC(=O)[C@H](Cc1c[nH]c2ccccc12)NC(=O)[C@H](Cc1c[nH]c2ccccc12)NC(=O)[C@@H](N)Cc1c[nH]c2ccccc12,1,10.260959,1
CC[C@H](C)[C@H](NC(=O)[C@H](CCCNC(N)=[NH2+])NC(=O)[C@@H](NC(=O)[C@H](CCC(N)=O)NC(=O)[C@@H](N)CCCNC(N)=[NH2+])[C@@H](C)CC)C(=O)N[C@@H](Cc1c[nH]c2ccccc12)C(=O)N[C@@H](Cc1ccccc1)C(=O)N[C@@H](CCC(N)=O)C(=O)N[C@@H](CC(N)=O)C(=O)N[C@@H](CCCNC(N)=[NH2+])C(=O)N[C@@H](CCCNC(N)=[NH2+])C(=O)N[C@@H](CCSC)C(=O)N[C@@H](CCCNC(N)=[NH2+])C(=O)N[C@@H](Cc1c[nH]c2ccccc12)C(=O)N[C@@H](CCCNC(N)=[NH2+])C(=O)N[C@H](C=O)CCCNC(N)=[NH2+],1,12.544963,1
CC(C)C[C@H](NC(=O)[C@H](CO)NC(=O)[C@H](CO)NC(=O)[C@H](Cc1c[nH]c2ccccc12)NC(=O)[C@H](CC(C)C)NC(=O)[C@H](CO)NC(=O)[C@@H]1CCCN1C(=O)[C@H](Cc1c[nH]c2ccccc12)NC(=O)[C@H](C)NC(=O)[C@H](CO)NC(=O)[C@H](Cc1c[nH]c2ccccc12)NC(=O)[C@H](CC(C)C)NC(=O)[C@@H](N)CCCC[NH3+])C(=O)N[C@@H](Cc1c[nH]c2ccccc12)C(=O)N[C@@H](CCCC[NH3+])C(=O)N1CCC[C@H]1C(N)=O,1,-5.136094,1
CC[C@H](C)[C@@H]1NC(=O)[C@@H]2CCCN2C(=O)[C@@H]2CCCN2C(=O)[C@H]([C@@H](C)CC)NC(=O)[C@H](CO)NC(=O)[C@H](CCCC[NH3+])NC(=O)[C@H]([C@@H](C)O)NC(=O)[C@@H]2CSSC[C@H](NC1=O)C(=O)N[C@@H](Cc1ccccc1)C(=O)N1CCC[C@H]1C(=O)N[C@@H](CC(=O)O)C(=O)NCC(=O)N[C@@H](CCCNC(N)=[NH2+])C(=O)N2,1,-1.0253333,1
CC(C)C[C@H](NC(=O)[C@@H](NC(=O)[C@H](CCCCN)NC(=O)[C@H](Cc1ccc(O)cc1)NC(=O)[C@@H](NC(=O)[C@H](Cc1ccc(O)cc1)NC(=O)[C@@H](NC(=O)[C@H](CO)NC(=O)[C@H](Cc1ccc(O)cc1)NC(=O)[C@H](CO)NC(=O)[C@H](CCC(=O)O)NC(=O)[C@H](CCCCN)NC(=O)[C@H](CCCNC(=N)N)NC(=O)[C@H](CO)NC(=O)[C@H](CCCNC(=N)N)NC1=[O+]C(CN)CC[C@@H]1NC(=O)[C@H](CCCNC(=N)N)NC(=O)[C@H](CCCCN)NC(=O)[C@H](CCCCN)NC(=O)CNC(=O)[C@H](CC(=O)O)NC(=O)[C@H](CCCCN)NC(=O)[C@H](CCCCN)NC(=O)[C@H](CCC(N)=O)NC(=O)[C@H](C)NC(=O)[C@H](CCCCN)NC(=O)[C@@H](NC(=O)[C@@H](NC(=O)[C@H](C)NC(=O)[C@H](CCCCN)NC(=O)[C@H](CCCCN)NC(=O)[C@H](CO)NC(=O)CNC(=O)[C@@H](N)CCCCN)C(C)C)[C@@H](C)O)C(C)C)C(C)C)C(C)C)C(=O)N[C@@H](CCCCN)C(=O)N[C@H](C=O)CCC(N)=O,1,3.5318835,1
C[C@@H](O)[C@@H](C=O)NC(=O)[C@H](CCCNC(N)=[NH2+])NC(=O)[C@H](CCCC[NH3+])NC(=O)[C@H](CCCC[NH3+])NC(=O)[C@H](CCCNC(N)=[NH2+])NC(=O)[C@H](CCCC[NH3+])NC(=O)[C@H](CCCNC(N)=[NH2+])NC(=O)CN,1,9.022731,1
C[C@H](NC(=O)[C@H](CCCNC(N)=[NH2+])NC(=O)[C@H](CCCNC(N)=[NH2+])NC(=O)[C@H](CCCNC(N)=[NH2+])NC(=O)[C@H](CCCNC(N)=[NH2+])NC(=O)CN)C(=O)N[C@H](C(=O)N[C@@H](C)C(=O)N[C@@H](CCCC[NH3+])C(=O)N[C@@H](Cc1ccc(O)cc1)C(=O)N[C@@H](CCCNC(N)=[NH2+])C(=O)N[C@H](C(=O)N[C@@H](C)C(=O)NC(CO)CC1CNCN1)[C@@H](C)O)[C@@H](C)O,1,3.5607789,1
CC[C@H](C)[C@H](NC(=O)[C@H](CCCC[NH3+])NC(=O)[C@H](C)NC(=O)[C@H](CCC(N)=O)NC(=O)[C@@H](N)CCCNC(N)=[NH2+])C(=O)N[C@@H](Cc1c[nH]c2ccccc12)C(=O)N[C@@H](Cc1ccccc1)C(=O)N[C@@H](CCC(N)=O)C(=O)N[C@@H](CC(N)=O)C(=O)N[C@@H](CCCNC(N)=[NH2+])C(=O)N[C@@H](CCCNC(N)=[NH2+])C(=O)N[C@@H](CCSC)C(=O)N[C@@H](CCCC[NH3+])C(=O)N[C@@H](Cc1c[nH]c2ccccc12)C(=O)N[C@@H](CCCC[NH3+])C(=O)N[C@H](C=O)CCCC[NH3+],1,13.446351,1
CC[C@H](C)[C@H](NC(=O)[C@H](CCCC[NH3+])NC(=O)[C@@H](NC(=O)[C@H](CCC(N)=O)NC(=O)[C@@H](N)CCCNC(N)=[NH2+])[C@@H](C)CC)C(=O)N[C@@H](Cc1c[nH]c2ccccc12)C(=O)N[C@@H](Cc1ccccc1)C(=O)N[C@@H](CCC(N)=O)C(=O)N[C@@H](CC(N)=O)C(=O)N[C@@H](CCCNC(N)=[NH2+])C(=O)N[C@@H](CCCNC(N)=[NH2+])C(=O)N[C@H](C=O)CCSC,1,11.164961,1
CC[C@H](C)[C@H](NC(=O)[C@@H](NC(=O)[C@@H]1CCCN1C(=O)[C@H](CCCC[NH3+])NC(=O)[C@H](CCCC[NH3+])NC(=O)[C@@H](NC(=O)[C@@H]1CCCN1C(=O)[C@H](CCCC[NH3+])NC(=O)[C@@H](NC(=O)[C@@H](NC(=O)[C@@H](NC(=O)[C@H](CCCC[NH3+])NC(=O)[C@H](CCCC[NH3+])NC(=O)CNC(=O)[C@@H]1CCCN1C(=O)[C@H](CCCC[NH3+])NC(=O)[C@H](CCCC[NH3+])NC(=O)[C@H](CC(N)=O)NC(=O)[C@@H]1CCCN1C(=O)[C@@H](NC(=O)[C@H](CCCNC(N)=[NH2+])NC(=O)[C@@H](N)CCCC[NH3+])[C@@H](C)CC)[C@@H](C)O)[C@@H](C)O)[C@@H](C)O)[C@@H](C)O)[C@@H](C)O)C(=O)N[C@@H](CCCC[NH3+])C(=O)N[C@H](C(=O)N[C@H](C(=O)N[C@@H](CCCC[NH3+])C(=O)N[C@H](C=O)CCCC[NH3+])[C@@H](C)O)[C@@H](C)O,1,10.255819,1
NC(=[NH2+])NCCC[C@@H](N)C(=O)N[C@H](CCCNC(N)=[NH2+])C(=O)N[C@H](CCCNC(N)=[NH2+])C(=O)N[C@H](CCCNC(N)=[NH2+])C(=O)N[C@H](CCCNC(N)=[NH2+])C(=O)N[C@H](CCCNC(N)=[NH2+])C(=O)N[C@H](CCCNC(N)=[NH2+])C(=O)N[C@H](CCCNC(N)=[NH2+])C(=O)N[C@H](CCCNC(N)=[NH2+])C(=O)N[C@H](CCCNC(N)=[NH2+])C(=O)N[C@H](CCCNC(N)=[NH2+])C(=O)N[C@H](CCCNC(N)=[NH2+])C(N)=O,1,7.2811847,1
C[C@@H](O)[C@H](NC(=O)[C@H](CCCNC(N)=[NH2+])NC(=O)[C@H](CCCC[NH3+])NC(=O)[C@H](CC(N)=O)NC(=O)CNC(=O)[C@@H](N)CS)C(=O)N[C@@H](CCCNC(N)=[NH2+])C(=O)NCC(=O)N[C@H](C=O)CS,1,0.38040486,1
CC(C)C[C@H](NC(=O)CN)C(=O)N[C@@H](CCCC[NH3+])C(=O)N[C@@H](CCCC[NH3+])C(=O)N[C@@H](CC(C)C)C(=O)N[C@@H](C)C(=O)N[C@@H](CCC(=O)O)C(=O)N[C@@H](CC(C)C)C(=O)N[C@@H](C)C(=O)NC(CC1CNCN1)C(O)N[C@@H](CCCC[NH3+])C(=O)N[C@@H](CC(C)C)C(=O)N[C@@H](CC(C)C)C(=O)N[C@@H](CCCC[NH3+])C(=O)N[C@@H](CC(C)C)C(=O)NCC(=O)N[C@@H](CS)C(N)=O,1,-2.154281,1
CC[C@H](C)[C@H](NC(=O)[C@H](CCCNC(N)=[NH2+])NC(=O)[C@@H](N)CCCC[NH3+])C(=O)N1CCC[C@H]1C(=O)N[C@@H](CC(N)=O)C(=O)N[C@@H](CCCC[NH3+])C(=O)N[C@@H](CCCC[NH3+])C(=O)N1CCC[C@H]1C(=O)N[C@@H](CCCC[NH3+])C(=O)N[C@H](C=O)CCCC[NH3+],1,11.547771,1
CCC[C@@H](C=O)NC(=O)[C@H](C)NC(=O)[C@H](C)NC(=O)[C@H](Cc1c[nH]c2ccccc12)NC(=O)[C@H](CCC(=O)O)NC(=O)CNC(=O)[C@@H](NC(=O)[C@H](CC(C)C)NC(=O)[C@H](CCCNC(=N)N)NC(=O)[C@H](CCC)NC(=O)[C@@H](NC(=O)[C@H](Cc1c[nH]cn1)NC(=O)[C@@H](NC(=O)[C@@H](NC(=O)[C@H](Cc1ccccc1)NC(=O)[C@@H](NC(=O)[C@H](CCCNC(=N)N)NC(=O)[C@@H](NC(=O)[C@H](CCCNC(=N)N)NC(=O)[C@H](CCC)NC(=O)[C@H](CCC)NC(=O)CNC(=O)[C@H](CS)NC(=O)[C@H](C)NC(=O)[C@H](CCCNC(=N)N)NC(=O)[C@H](CCCNC(=N)N)NC(=O)[C@@H](NC(=O)[C@H](CCCNC(=N)N)NC(=O)[C@H](CC(C)C)NC(=O)[C@@H](NC(=O)[C@@H](NC(=O)[C@H](CC(C)C)NC(=O)[C@H](Cc1ccccc1)NC(=O)[C@H](CCCNC(=N)N)NC(=O)[C@H](CCCNC(=N)N)NC(=O)[C@@H](NC(=O)[C@@H](N)CCSC)C(C)C)C(C)C)[C@@H](C)O)[C@@H](C)CC)C(C)C)C(C)C)C(C)C)C(C)C)[C@@H](C)CC)[C@@H](C)O,1,-0.3496122,1
CC(C)C[C@H](NC(=O)[C@H](CCCC[NH3+])NC(=O)[C@H](CCCNC(N)=[NH2+])NC(=O)[C@H](Cc1ccccc1)NC(=O)[C@H](Cc1ccccc1)NC(=O)[C@H](CCCC[NH3+])NC(=O)[C@H](CCCC[NH3+])NC(=O)[C@H](Cc1ccccc1)NC(=O)[C@H](CCCNC(N)=[NH2+])NC(=O)[C@H](CCCC[NH3+])NC(=O)[C@@H](N)C(C)C)C(=O)N[C@@H](CCCC[NH3+])C(=O)N[C@@H](CCCC[NH3+])C(=O)N[C@@H](CC(C)C)C(=O)N[C@H](C(N)=O)C(C)C,1,7.2212563,1
CC[C@H](C)[C@H](NC(=O)[C@H](CC(C)C)NC(=O)[C@@H](NC(=O)[C@H](CCCNC(N)=[NH2+])NC(=O)[C@H](Cc1ccccc1)NC(=O)[C@@H](NC(=O)[C@@H](NC(=O)[C@@H](N)CC(C)C)[C@@H](C)CC)[C@@H](C)CC)[C@@H](C)CC)C(=O)N[C@@H](CO)C(=O)NC(CC1CNCN1)C(O)N[C@@H](CCCNC(N)=[NH2+])C(=O)N[C@H](C=O)CCCNC(N)=[NH2+],1,9.832965,1
CC[C@H](C)[C@H](NC(=O)[C@H](C)NC(=O)[C@@H](NC(=O)[C@@H](N)Cc1ccc(O)cc1)[C@@H](C)O)C(=O)N[C@@H](C)C(=O)N[C@@H](Cc1c[nH]c2ccccc12)C(=O)N[C@H](C(=O)N[C@@H](CCCC[NH3+])C(=O)N[C@@H](C)C(=O)N[C@@H](Cc1ccccc1)C(=O)N[C@H](C(=O)N[C@@H](CCCNC(N)=[NH2+])C(=O)N[C@@H](CCCC[NH3+])C(=O)N[C@@H](CC(C)C)C(=O)N[C@@H](CCCNC(N)=[NH2+])C(=O)N[C@H](C=O)CCCC[NH3+])[C@@H](C)CC)C(C)C,1,10.552966,1
CCC(NC(=O)[C@H](CC(=O)O)NC(=O)CN)C(O)N[C@@H](CC(C)C)C(=O)N1CCC[C@H]1C(=O)NC(CC1CNCN1)C(O)N[C@@H](CC(C)C)C(=O)N[C@@H](CCCCN)C(=O)N[C@@H](CC(C)C)C(=O)N[C@@H](CS)C(=O)O,1,-1.4151335,1
CC[C@H](C)[C@H](NC(=O)[C@H](CS)NC(=O)[C@H](CO)NC(=O)[C@@H](NC(=O)[C@@H]1CCCN1C(=O)[C@@H]1CCCN1C(=O)CNC(=O)[C@H](CCCNC(N)=[NH2+])NC(=O)[C@@H](NC(=O)[C@H](CCCC[NH3+])NC(=O)[C@H](CCCNC(N)=[NH2+])NC(=O)[C@H](CCSC)NC(=O)[C@H](CC(N)=O)NC(=O)[C@H](CCCNC(N)=[NH2+])NC(=O)[C@H](CCC(N)=O)NC(=O)[C@H](Cc1c[nH]c2ccccc12)NC(=O)[C@@H](N)CCC(N)=O)C(C)C)C(C)C)C(=O)N[C@@H](CCCC[NH3+])C(=O)N[C@H](C=O)CCCNC(N)=[NH2+],1,7.0524893,1
C[C@H](N)C(=O)N[C@@H](CS)C(=O)N[C@@H](CCCNC(N)=[NH2+])C(=O)NCC(=O)N[C@@H](CCCNC(N)=[NH2+])C(=O)NCC(=O)N[C@@H](CCCNC(N)=[NH2+])C(=O)NCC(=O)N[C@@H](CS)C(=O)N[C@@H](CCCNC(N)=[NH2+])C(=O)NCC(=O)N[C@@H](CCCNC(N)=[NH2+])C(=O)NCC(=O)N[C@@H](CCCNC(N)=[NH2+])C(=O)NCC(=O)N[C@@H](CS)C(=O)NCC=O,1,7.215848,1
CC[C@H](C)[C@H](NC(=O)[C@H](CCCC[NH3+])NC(=O)[C@H](Cc1ccccc1)NC(=O)[C@@H](NC(=O)[C@@H](NC(=O)[C@@H](N)CCSC)[C@@H](C)CC)[C@@H](C)CC)C(=O)N[C@@H](C)C(=O)N[C@@H](C)C(=O)N[C@@H](CO)C(=O)NC(CC1CNCN1)C(O)N[C@@H](CCCC[NH3+])C(=O)N[C@H](C=O)CCCC[NH3+],1,10.17187,1
CC[C@H](C)[C@H](NC(=O)[C@H](CCCNC(N)=[NH2+])NC(=O)[C@H](CCCNC(N)=[NH2+])NC(=O)[C@H](CCCNC(N)=[NH2+])NC(=O)[C@H](CC(C)C)NC(=O)[C@@H](NC(=O)[C@@H](NC(=O)[C@H](CC(C)C)NC(=O)[C@@H](N)CC(C)C)[C@@H](C)CC)[C@@H](C)CC)C(=O)N[C@@H](CCCNC(N)=[NH2+])C(=O)N[C@@H](CCCC[NH3+])C(=O)N[C@@H](CCC(N)=O)C(=O)N[C@@H](C)C(=O)NC(CC1CNCN1)C(O)N[C@H](C)C(=O)NC(CC1CNCN1)C(O)N[C@@H](CO)C(=O)N[C@H](C=O)CCCC[NH3+],1,11.185427,1
CC[C@H](C)[C@H](NC(=O)[C@H](CC(C)C)NC(=O)[C@H](CC(=O)O)NC(=O)[C@H](CCCNC(N)=[NH2+])NC(=O)[C@H](C)NC(=O)[C@@H](NC(=O)[C@@H](NC(=O)[C@@H](N)CCSC)[C@@H](C)CC)[C@@H](C)CC)C(=O)N[C@H](C=O)CO,1,9.582107,1
CC[C@H](C)[C@H](NC(=O)[C@H](CCCC[NH3+])NC(=O)[C@H](CCCC[NH3+])NC(=O)[C@H](C)NC(=O)[C@H](CC(C)C)NC(=O)[C@H](C)NC(=O)[C@H](C)NC(=O)[C@H](CC(C)C)NC(=O)[C@H](C)NC(=O)[C@H](CCCC[NH3+])NC(=O)[C@H](CC(C)C)NC(=O)[C@H](CC(N)=O)NC(=O)[C@@H](NC(=O)[C@H](CCCC[NH3+])NC(=O)CNC(=O)[C@H](CC(C)C)NC(=O)[C@H](CC(C)C)NC(=O)[C@H](Cc1ccc(O)cc1)NC(=O)CNC(=O)[C@H](C)NC(=O)[C@H](CO)NC(=O)[C@H](CC(N)=O)NC(=O)[C@H](CC(C)C)NC(=O)[C@@H](NC(=O)[C@H](Cc1c[nH]c2ccccc12)NC(=O)CN)[C@@H](C)O)[C@@H](C)CC)C(=O)N[C@H](C=O)CC(C)C,1,8.52139,1
CC[C@H](C)[C@H](NC(=O)CNC(=O)[C@H](CC(=O)O)NC(=O)[C@H](CO)NC(=O)[C@@H]([NH3+])Cc1c[nH]cn1)C(=O)N[C@@H](Cc1ccccc1)C(=O)N[C@H](C(=O)N[C@@H](CC(=O)O)C(=O)N[C@@H](CO)C(=O)N[C@@H](Cc1ccc(O)cc1)C(=O)N[C@@H](CO)C(=O)N[C@@H](CCCNC(N)=[NH2+])C(=O)N[C@@H](Cc1ccc(O)cc1)C(=O)N[C@@H](CCCNC(N)=[NH2+])C(=O)N[C@@H](CCCC[NH3+])C(=O)N[C@@H](CCC(N)=O)C(=O)N[C@@H](CCSC)C(=O)N[C@@H](C)C(=O)N[C@H](C(=O)N[C@@H](CCCC[NH3+])C(=O)N[C@@H](CCCC[NH3+])C(=O)N[C@@H](Cc1ccc(O)cc1)C(=O)N[C@@H](CC(C)C)C(=O)N[C@@H](C)C(=O)N[C@@H](C)C(=O)N[C@H](C(=O)N[C@@H](CC(C)C)C(=O)NCC(=O)N[C@@H](CCCC[NH3+])C(=O)N[C@@H](CCCNC(N)=[NH2+])C(=O)N[C@@H](Cc1ccc(O)cc1)C(=O)N[C@@H](CCCC[NH3+])C(=O)N[C@@H](CCC(N)=O)C(=O)N[C@@H](CCCNC(N)=[NH2+])C(=O)N[C@H](C(=O)N[C@@H](CCCC[NH3+])C(=O)N[C@@H](CC(N)=O)C(=O)N[C@@H](CCCC[NH3+])C(N)=O)C(C)C)C(C)C)C(C)C)[C@@H](C)O,1,-1.3375757,1
CC[C@H](C)[C@H](NC(=O)[C@H](CC(N)=O)NC(=O)[C@H](C)NC(=O)[C@H](CC(C)C)NC(=O)[C@H](CC(C)C)NC(=O)[C@H](CC(N)=O)NC(=O)[C@H](CO)NC(O)C(CC1CNCN1)NC(O)C(CC1CNCN1)NC(=O)[C@H](CCCNC(N)=[NH2+])NC(=O)[C@H](CC(C)C)NC(O)C(CC1CNCN1)NC(=O)[C@H](CCCNC(N)=[NH2+])NC(=O)[C@H](CC(C)C)NC(=O)[C@H](CC(C)C)NC(=O)[C@H](CC(C)C)NC(=O)CNC(=O)[C@H](CC(C)C)NC(C)=O)C(N)=O,1,-1.4470446,1
NC(=[NH2+])NCCC[C@@H](N)C(=O)N[C@H](CCCNC(N)=[NH2+])C(=O)N[C@H](CCCNC(N)=[NH2+])C(=O)N[C@H](CCCNC(N)=[NH2+])C(=O)N[C@H](CCCNC(N)=[NH2+])C(=O)N[C@H](CCCNC(N)=[NH2+])C(=O)N[C@H](CCCNC(N)=[NH2+])C(=O)N[C@H](CCCNC(N)=[NH2+])C(=O)N[C@H](CCCNC(N)=[NH2+])C(=O)N[C@H](CCCNC(N)=[NH2+])C(=O)N[C@H](CCCNC(N)=[NH2+])C(=O)N[C@H](CCCNC(N)=[NH2+])C(=O)NCC(=O)N[C@@H](CS)C(N)=O,1,8.6536045,1
CC(C)[C@H](NC(=O)[C@H](CCCNC(N)=[NH2+])NC(=O)[C@H](CCCNC(N)=[NH2+])NC(=O)[C@H](CCCNC(N)=[NH2+])NC(=O)[C@H](CC(N)=O)NC(=O)[C@H](CCCNC(N)=[NH2+])NC(=O)[C@H](CCCNC(N)=[NH2+])NC(=O)[C@@H](NC(=O)[C@@H](N)CCCNC(N)=[NH2+])[C@@H](C)O)C(=O)N[C@H](C=O)CCCNC(N)=[NH2+],1,13.367764,1
CC[C@H](C)[C@H](NC(=O)[C@H](CO)NC(=O)[C@H](CCCCN)NC(=O)[C@@H](NC(=O)[C@H](CCCNC(=N)N)NC(=O)[C@H](CCC(=O)O)NC(=O)[C@H](Cc1c[nH]c2ccccc12)NC(=O)[C@H](CCSC)NC(=O)[C@H](CO)NC(=O)[C@H](C)N)C(C)C)C(=O)N[C@H](C(=O)N[C@@H](CCCCN)C(=O)N[C@@H](CO)C(=O)N[C@@H](CO)C(=O)N[C@@H](CC(C)C)C(=O)N[C@@H](C)C(=O)N[C@@H](C)C(=O)N[C@@H](C)C(=O)N[C@@H](CO)C(=O)N[C@@H](CC(N)=O)C(=O)N[C@H](C=O)[C@@H](C)CC)[C@@H](C)CC,1,4.516012,1
C[C@H](NC(=O)[C@H](CCC(N)=O)NC(=O)[C@H](CCCC[NH3+])NC(=O)[C@H](CCC(=O)O)NC(=O)[C@H](C)NC(=O)[C@H](CCCNC(N)=[NH2+])NC(=O)[C@H](CCCNC(N)=[NH2+])NC(=O)[C@H](CCC(=O)O)NC(=O)[C@H](CCCNC(N)=[NH2+])NC(=O)[C@H](CCCNC(N)=[NH2+])NC(=O)[C@H](CCCNC(N)=[NH2+])NC(=O)[C@@H](NC(=O)[C@@H](N)CCC(N)=O)[C@@H](C)O)C(=O)N[C@@H](CCC(N)=O)C(=O)N[C@H](C=O)Cc1c[nH]c2ccccc12,1,11.649318,1
CC[C@H](C)[C@H](NC(=O)[C@H](C)NC(=O)[C@H](CC(C)C)NC(=O)[C@H](CCCC[NH3+])NC(=O)[C@H](CC(C)C)NC(=O)[C@@H](NC(=O)[C@@H](NC(=O)[C@@H](N)CCCC[NH3+])[C@@H](C)CC)[C@@H](C)O)C(=O)N[C@@H](CCCC[NH3+])C(=O)N[C@@H](C)C(=O)N[C@@H](Cc1c[nH]c2ccccc12)C(=O)N[C@@H](CCCC[NH3+])C(=O)N[C@@H](CC(C)C)C(=O)N[C@@H](C)C(=O)N[C@@H](CC(C)C)C(=O)N[C@@H](CCCC[NH3+])C(=O)N[C@@H](C)C(=O)N[C@@H](C)C(N)=O,1,1.6598583,1
NCC(=O)N[C@@H](CCCNC(N)=[NH2+])C(=O)NCC(=O)N[C@@H](CC(=O)O)C(=O)N[C@@H](CO)C(=O)N1CCC[C@H]1C(=O)N[C@@H](CCCNC(N)=[NH2+])C(=O)N[C@@H](CCCNC(N)=[NH2+])C(=O)N[C@@H](CO)C(=O)N1CCC[C@H]1C(=O)N[C@@H](CCCNC(N)=[NH2+])C(=O)N[C@H](C=O)CCCNC(N)=[NH2+],1,11.517725,1
CC[C@H](C)[C@H](NC(=O)[C@H](CC(C)C)NC(=O)[C@@H](N)CCCC[NH3+])C(=O)N[C@@H](CCCC[NH3+])C(=O)NCC(=O)N[C@@H](CCCNC(N)=[NH2+])C(=O)N[C@H](C(=O)N1CCC[C@H]1C(=O)N[C@H](C(=O)N[C@@H](CCCC[NH3+])C(=O)N[C@@H](Cc1ccccc1)C(=O)NCC(=O)N[C@@H](CCCC[NH3+])C(=O)N[C@@H](C)C(=O)N[C@@H](CCCNC(N)=[NH2+])C(=O)N[C@@H](CS)C(=O)N[C@@H](CCCNC(N)=[NH2+])C(=O)N[C@@H](CCCNC(N)=[NH2+])C(=O)N1CCC[C@H]1C(=O)N1CCC[C@H]1C(=O)N[C@@H](CCCC[NH3+])C(=O)NC(CC1CNCN1)C(O)N[C@@H](CO)C(=O)NCC(=O)N[C@H](C=O)CCCC[NH3+])[C@@H](C)CC)[C@@H](C)O,1,11.316052,1
CC[C@H](C)[C@H](NC(=O)[C@H](CCCNC(N)=[NH2+])NC(=O)[C@H](CC(C)C)NC(=O)[C@H](CCC(N)=O)NC(=O)[C@@H](N)CCCNC(N)=[NH2+])C(=O)N[C@@H](C)C(=O)NCC(=O)N[C@@H](CCCNC(N)=[NH2+])C(=O)N[C@@H](CCCNC(N)=[NH2+])C(=O)N[C@@H](CC(C)C)C(=O)N[C@@H](CCCNC(N)=[NH2+])C(=O)NCC(=O)N[C@@H](CCCNC(N)=[NH2+])C(=O)N[C@@H](CO)C(=O)N[C@H](C=O)CCCNC(N)=[NH2+],1,13.59563,1
NC(=[NH2+])NCCC[C@H](NC(=O)[C@H](CCCNC(N)=[NH2+])NC(=O)[C@H](CCCNC(N)=[NH2+])NC(=O)[C@H](CCCNC(N)=[NH2+])NC(=O)[C@H](CCCNC(N)=[NH2+])NC(=O)[C@H](CCCNC(N)=[NH2+])NC(=O)[C@H](CCCNC(N)=[NH2+])NC(=O)[C@H](CCCNC(N)=[NH2+])NC(=O)[C@@H](N)CCCNC(N)=[NH2+])C(N)=O,1,5.1564994,1
CC(C)C[C@H](NC(=O)CN)C(=O)N[C@@H](Cc1c[nH]c2ccccc12)C(=O)N[C@@H](CCCNC(N)=[NH2+])C(=O)N[C@@H](C)C(=O)N[C@@H](CC(C)C)C(=O)N[C@@H](Cc1c[nH]c2ccccc12)C(=O)N[C@@H](CCCNC(N)=[NH2+])C(=O)N[C@@H](CC(C)C)C(=O)N[C@@H](CC(C)C)C(=O)N[C@@H](CCCNC(N)=[NH2+])C(=O)N[C@@H](CO)C(=O)N[C@@H](CC(C)C)C(=O)N[C@@H](Cc1c[nH]c2ccccc12)C(=O)N[C@@H](CCCNC(N)=[NH2+])C(=O)N[C@@H](CC(C)C)C(=O)N[C@@H](CC(C)C)C(=O)N[C@@H](Cc1c[nH]c2ccccc12)C(=O)N[C@@H](CCCNC(N)=[NH2+])C(=O)N[C@@H](C)C=O,1,10.0932865,1
CC(C)C[C@H](NC(=O)CN)C(=O)N[C@@H](CCCC[NH3+])C(=O)N[C@@H](CCCC[NH3+])C(=O)N[C@@H](CC(C)C)C(=O)N[C@@H](C)C(=O)N[C@@H](CCC(=O)O)C(=O)N[C@@H](CC(C)C)C(=O)N[C@@H](Cc1ccccc1)C(=O)NC(CC1CNCN1)C(O)N[C@@H](CCCC[NH3+])C(=O)N[C@@H](CC(C)C)C(=O)N[C@@H](CC(C)C)C(=O)N[C@@H](CCCC[NH3+])C(=O)N[C@@H](CC(C)C)C(=O)NCC(=O)N[C@@H](CS)C(N)=O,1,-2.8726587,1
CSCC[C@H](NC(=O)[C@@H](NC(=O)[C@H](CO)NC(=O)CNC(=O)[C@H](C)NC(=O)[C@H](C)NC(=O)CNC(=O)[C@H](CC(C)C)NC(=O)[C@H](Cc1ccccc1)NC(=O)CNC(=O)[C@H](CC(C)C)NC(=O)[C@H](Cc1ccccc1)NC(=O)[C@H](CC(C)C)NC(=O)[C@H](C)NC(=O)CN)[C@@H](C)O)C(=O)NCC(=O)N[C@@H](C)C(=O)N[C@@H](Cc1c[nH]c2ccccc12)C(=O)N[C@@H](CO)C(=O)N[C@@H](CCC(N)=O)C(=O)N1CCC[C@H]1C(=O)N[C@@H](CCCC[NH3+])C(=O)N[C@@H](CO)C(=O)N[C@@H](CCCC[NH3+])C(=O)N[C@@H](CCCNC(N)=[NH2+])C(=O)N[C@@H](CCCC[NH3+])C(=O)N[C@H](C=O)C(C)C,1,7.4663997,1
CC[C@H](C)[C@H](NC(=O)[C@H](C)NC(=O)[C@H](C)NC(=O)[C@@H]1CCCN1C(=O)[C@H](CCCNC(N)=[NH2+])NC(=O)[C@@H](N)CCCC[NH3+])C(=O)N[C@@H](CCCC[NH3+])C(=O)N[C@@H](CCCC[NH3+])C(=O)N[C@@H](C)C(=O)NCC(=O)N[C@@H](CCC(N)=O)C(=O)N[C@@H](C)C(=O)N[C@@H](CCCC[NH3+])C(=O)N[C@@H](CCCC[NH3+])C(=O)N[C@@H](CCCC[NH3+])C(=O)N[C@H](C=O)CCCC[NH3+],1,15.059812,1
C[C@H](NC(=O)[C@H](CCCC[NH3+])NC(=O)[C@H](CO)NC(=O)[C@H](CCCNC(N)=[NH2+])NC(=O)[C@H](CS)NC(O)C(CC1CNCN1)NC(O)C(CC1CNCN1)NC(=O)[C@H](CCCNC(N)=[NH2+])NC(=O)[C@H](CCCNC(N)=[NH2+])NC(=O)CN)C(=O)N[C@@H](CCCC[NH3+])C(=O)N[C@@H](CCCNC(N)=[NH2+])C(=O)N[C@@H](CO)C(=O)N[C@@H](CCCNC(N)=[NH2+])C(=O)NC(CC1CNCN1)C(O)NC(CO)CC1CNCN1,1,3.4434433,1
C[C@H](N)C(=O)N[C@@H](CS)C(=O)N[C@@H](CO)C(=O)NCC(=O)N[C@@H](CO)C(=O)NCC(=O)N[C@@H](CO)C(=O)NCC(=O)N[C@@H](CS)C(=O)NCC(=O)N[C@@H](CO)C(=O)NCC(=O)N[C@@H](CO)C(=O)NCC(=O)N[C@@H](CO)C(=O)N[C@@H](CS)C(=O)NCC=O,1,-1.5631238,1
NC(=[NH2+])NCCC[C@@H](C=O)NC(=O)[C@H](CCCNC(N)=[NH2+])NC(=O)[C@H](CCCNC(N)=[NH2+])NC(=O)[C@H](CCCNC(N)=[NH2+])NC(=O)[C@H](CCCNC(N)=[NH2+])NC(=O)[C@H](CCCNC(N)=[NH2+])NC(=O)[C@H](CCCNC(N)=[NH2+])NC(=O)[C@@H](N)CCCNC(N)=[NH2+],1,14.508014,1
NCC(=O)N[C@@H](CCCC[NH3+])C(=O)NC(CC1CNCN1)C(O)N[C@@H](CCCNC(N)=[NH2+])C(=O)NC(CC1CNCN1)C(O)N[C@@H](CCC(=O)O)C(=O)N[C@@H](CCCNC(N)=[NH2+])C(=O)NCC(=O)NC(CC1CNCN1)C(O)NC(CC1CNCN1)C(O)N[C@@H](CCCNC(N)=[NH2+])C(=O)N[C@@H](CC(=O)O)C(=O)N[C@@H](CCCNC(N)=[NH2+])C(=O)N[C@@H](CCCNC(N)=[NH2+])C(=O)N[C@@H](CCC(=O)O)C(=O)N[C@H](C=O)CCCNC(N)=[NH2+],1,9.111686,1
NC(=[NH2+])NCCC[C@@H](C=O)NC(=O)[C@H](CCCNC(N)=[NH2+])NC(=O)[C@H](CCCNC(N)=[NH2+])NC(=O)[C@H](CCCNC(N)=[NH2+])NC(=O)[C@H](CCCNC(N)=[NH2+])NC(=O)[C@H](CCCNC(N)=[NH2+])NC(=O)[C@H](CCCNC(N)=[NH2+])NC(=O)[C@H](CCCNC(N)=[NH2+])NC(=O)[C@@H](N)Cc1c[nH]c2ccccc12,1,12.782338,1
CC[C@H](C)[C@H](NC(=O)[C@H](CCCC[NH3+])NC(=O)[C@H](CC(C)C)NC(=O)[C@@H](NC(=O)[C@H](CO)NC(=O)[C@H](CCCC[NH3+])NC(=O)[C@H](Cc1c[nH]c2ccccc12)NC(=O)[C@@H](NC(=O)[C@H](CCCC[NH3+])NC(=O)[C@H](C)NC(=O)[C@@H](NC(=O)[C@H](CO)NC(=O)[C@H](CCCC[NH3+])NC(=O)[C@H](C)NC(=O)[C@H](C)NC(=O)[C@@H](NC(=O)[C@@H](N)CCCC[NH3+])[C@@H](C)CC)[C@@H](C)CC)[C@@H](C)CC)[C@@H](C)CC)C(=O)N[C@@H](C)C(N)=O,1,-1.8400074,1
CC[C@H](C)[C@H](NC(=O)[C@H](CCCC[NH3+])NC(=O)[C@@H](NC(=O)[C@H](CCC(N)=O)NC(=O)[C@@H]([NH3+])CCCNC(N)=[NH2+])[C@@H](C)CC)C(=O)N[C@@H](Cc1c[nH]c2ccccc12)C(=O)N[C@@H](Cc1ccccc1)C(=O)N[C@@H](CCC(N)=O)C(=O)N[C@@H](CC(N)=O)C(=O)N[C@@H](CCCNC(N)=[NH2+])C(=O)N[C@@H](CCCNC(N)=[NH2+])C(=O)N[C@@H](CCSC)C(=O)N[C@@H](CCCC[NH3+])C(=O)N[C@@H](Cc1c[nH]c2ccccc12)C(=O)N[C@@H](CCCC[NH3+])C(=O)N[C@@H](CCCC[NH3+])C(=O)O,1,8.261001,1
CC(C)[C@@H](N)C(=O)N[C@H](CS)C(=O)N[C@@H](C(=O)N[C@@H](C=O)CCCNC(N)=[NH2+])C(C)C,1,3.1084933,1
CC(C)C[C@@H](C=O)NC(=O)[C@H](CCC(=O)O)NC(=O)[C@@H](NC(=O)[C@H](CC(C)C)NC(=O)[C@@H](NC(=O)[C@H](CCCC[NH3+])NC(=O)[C@@H](NC(=O)[C@H](CC(C)C)NC(=O)[C@H](CCC(=O)O)NC(=O)[C@H](CCCC[NH3+])NC(=O)[C@H](CC(C)C)NC(=O)[C@@H](NC(=O)[C@H](CCC(=O)O)NC(=O)[C@@H](NC(=O)[C@H](CC(C)C)NC(=O)[C@@H](NC(=O)[C@H](CCCC[NH3+])NC(=O)[C@@H](N)CC(C)C)[C@@H](C)O)[C@@H](C)O)[C@@H](C)O)[C@@H](C)O)[C@@H](C)O)[C@@H](C)O,1,6.079712,1
CC(C)C[C@H](NC(=O)CNC(=O)[C@H](C)NC(=O)[C@H](CCCNC(=N)N)NC(=O)[C@H](CO)NC(=O)[C@H](CO)NC(=O)[C@H](CCCNC(=N)N)NC(=O)[C@@H](NC(=O)[C@H](CCCCN)NC(=O)[C@H](C)NC(=O)[C@H](CCCCN)NC(=O)[C@H](C)NC(=O)[C@H](CCCNC(=N)N)NC(=O)[C@H](C)NC(=O)[C@H](CCCCN)NC(=O)CNC(=O)CNC(=O)[C@H](CCC(N)=O)NC(=O)[C@H](CCCCN)NC(=O)CNC(=O)[C@H](CCCNC(=N)N)NC(=O)CNC(=O)[C@@H](N)CO)[C@@H](C)O)C(=O)N[C@@H](CCC(N)=O)C(=O)N[C@@H](Cc1ccccc1)C(=O)N1CCC[C@H]1C(=O)N[C@H](C(=O)NCC(=O)N[C@@H](CCCNC(=N)N)C(=O)N[C@H](C(=O)N[C@@H](Cc1c[nH]cn1)C(=O)N[C@@H](CCCNC(=N)N)C(=O)N[C@@H](CC(C)C)C(=O)N[C@@H](CC(C)C)C(=O)N[C@@H](CCCNC(=N)N)C(=O)N[C@@H](CCCCN)C(=O)NCC=O)C(C)C)C(C)C,1,1.9288672,1
CC[C@H](C)[C@H](NC(=O)[C@H](CCCC[NH3+])NC(=O)[C@@H](NC(=O)[C@H](CCC(N)=O)NC(=O)[C@@H]([NH3+])CCCNC(N)=[NH2+])[C@@H](C)CC)C(=O)N[C@@H](Cc1c[nH]c2ccccc12)C(=O)N[C@@H](Cc1ccccc1)C(=O)N[C@@H](CCC(N)=O)C(=O)N[C@@H](CC(N)=O)C(=O)N[C@@H](CCCNC(N)=[NH2+])C(=O)N[C@@H](CCCNC(N)=[NH2+])C(=O)N[C@@H](CCSC)C(=O)N[C@@H](CCCC[NH3+])C(=O)N[C@@H](Cc1c[nH]c2ccccc12)C(=O)N[C@@H](CCCC[NH3+])C(=O)N[C@@H](CCCC[NH3+])C(=O)O,1,8.261001,1
NC(=[NH2+])NCCC[C@@H](N)C(=O)N[C@@H](CCCNC(N)=[NH2+])C(=O)N[C@H](CCCNC(N)=[NH2+])C(=O)NCC(=O)N[C@H](CCCNC(N)=[NH2+])C(=O)N[C@@H](CCCC[NH3+])C(=O)N[C@H](CCCC[NH3+])C(=O)N[C@@H](CCCNC(N)=[NH2+])C(=O)N[C@@H](C=O)CCCNC(N)=[NH2+],1,13.023766,1
CC[C@H](C)[C@H](NC(=O)[C@H](CCCC[NH3+])NC(=O)[C@@H](NC(=O)[C@H](CCC(N)=O)NC(=O)[C@@H](N)CCCNC(N)=[NH2+])[C@@H](C)CC)C(=O)N[C@@H](Cc1c[nH]c2ccccc12)C(=O)N[C@@H](Cc1ccccc1)C(=O)N[C@@H](CCC(N)=O)C(=O)N[C@H](C=O)CC(N)=O,1,9.303894,1
C[C@H](NC(=O)[C@H](C)NC(=O)[C@H](CO)NC(=O)[C@H](CCCNC(N)=[NH2+])NC(=O)[C@H](CS)NC(O)C(CC1CNCN1)NC(O)C(CC1CNCN1)NC(=O)[C@H](CCCNC(N)=[NH2+])NC(=O)[C@H](CCCNC(N)=[NH2+])NC(=O)[C@@H](N)CO)C(=O)N[C@@H](CCCC[NH3+])C(=O)N[C@@H](CCCNC(N)=[NH2+])C(=O)N[C@@H](CO)C(=O)N[C@@H](CCCNC(N)=[NH2+])C(=O)NC(CC1CNCN1)C(O)NC(CO)CC1CNCN1,1,4.3028913,1
NC(=[NH2+])NCCC[C@H](NC(=O)[C@H](Cc1ccccc1)NC(=O)[C@H](CCCC[NH3+])NC(=O)[C@H](CCCC[NH3+])NC(=O)[C@@H](N)Cc1ccccc1)C(=O)N[C@@H](CCCC[NH3+])C(=O)N[C@H](C=O)Cc1ccccc1,1,8.117253,1
CCC[C@@H]1NC(=O)[C@@H]2CS34SC[C@H](NC(=O)[C@H]([C@@H](C)CC)NC(=O)[C@H](CS)NC(=O)[C@H](C)NC(=O)CNC1=O)C(=O)N[C@@H](CCCNC(=N)N)C(=O)NCC(=O)N[C@@H](CC(N)=O)C(=O)NCC(=O)N[C@@H](Cc1ccc(O)cc1)C(=O)N[C@H](C(=O)NCC(=O)N[C@@H](CO)C(=O)NCC(=O)N[C@@H](CO)C(=O)N[C@H](C=O)CC(=O)O)C[SH]3[SH]4C[C@H](NC(=O)[C@H](CCCCN)NC(=O)[C@H](CCCCN)NC(=O)[C@H](CC(C)C)NC(=O)[C@@H](NC(=O)[C@H](C)NC(=O)[C@H](CCC)NC(=O)[C@H](CS)NC(=O)[C@@H](NC(=O)CNC(=O)CN)C(C)C)[C@@H](C)CC)C(=O)N[C@@H](CCCNC(=N)N)C(=O)N[C@@H](CCCNC(=N)N)C(=O)N[C@@H](CC(=O)O)C(=O)N[C@@H](CO)C(=O)N[C@@H](CC(=O)O)C(=O)N2,1,4.117467,1
C[C@H](N)C(=O)N[C@@H](CS)C(=O)N[C@@H](CO)C(=O)NCC(=O)N[C@@H](CCCNC(N)=[NH2+])C(=O)NCC(=O)N[C@@H](CCCNC(N)=[NH2+])C(=O)NCC(=O)N[C@@H](CS)C(=O)NCC(=O)N[C@@H](CO)C(=O)NCC(=O)N[C@@H](CO)C(=O)NCC(=O)N[C@@H](CO)C(=O)N[C@@H](CS)C(=O)NCC=O,1,2.030649,1
CC[C@H](C)[C@H](NC(=O)[C@H](CC(C)C)NC(=O)[C@H](C)NC(=O)[C@H](CCCNC(N)=[NH2+])NC(=O)[C@H](Cc1ccccc1)NC(=O)[C@@H](NC(=O)[C@@H](NC(=O)[C@@H](N)CCSC)[C@@H](C)CC)[C@@H](C)CC)C(=O)N[C@@H](CO)C(=O)NC(CC1CNCN1)C(O)N[C@@H](CCCC[NH3+])C(=O)N[C@H](C=O)CCCC[NH3+],1,10.365337,1
CC(C)C[C@H](NC(=O)[C@H](CCCNC(N)=[NH2+])NC(=O)[C@H](CCCNC(N)=[NH2+])NC(=O)[C@H](CC(C)C)NC(=O)[C@H](CC(C)C)NC(=O)[C@H](CCCNC(N)=[NH2+])NC(=O)[C@@H](N)CCCNC(N)=[NH2+])C(=O)N[C@@H](CCCNC(N)=[NH2+])C(=O)N[C@H](C=O)CCCNC(N)=[NH2+],1,13.615983,1
CC[C@H](C)[C@H](NC(=O)[C@H](CCCNC(N)=[NH2+])NC(=O)[C@@H](N)CCCC[NH3+])C(=O)N1CCC[C@H]1C(=O)N[C@@H](CC(N)=O)C(=O)N[C@@H](CCCC[NH3+])C(=O)N[C@@H](CCCC[NH3+])C(=O)N1CCC[C@H]1C(=O)NCC(=O)N[C@@H](CCCC[NH3+])C(=O)N[C@H](C=O)CCCC[NH3+],1,11.74237,1
CC[C@H](C)[C@H](NC(=O)[C@H](CCCC[NH3+])NC(=O)[C@@H](NC(=O)[C@H](CCC(N)=O)NC(=O)[C@@H](N)CCCNC(N)=[NH2+])[C@@H](C)CC)C(=O)N[C@@H](Cc1c[nH]c2ccccc12)C(=O)N[C@@H](Cc1ccccc1)C(=O)N1CCC[C@H]1C(=O)N[C@@H](CC(N)=O)C(=O)N[C@@H](CCCNC(N)=[NH2+])C(=O)N[C@@H](CCCNC(N)=[NH2+])C(=O)N[C@@H](CCSC)C(=O)N[C@@H](CCCC[NH3+])C(=O)N[C@@H](Cc1c[nH]c2ccccc12)C(=O)N[C@@H](CCCC[NH3+])C(=O)N[C@H](C=O)CCCC[NH3+],1,12.451136,1
CC[C@H](C)[C@H](NC(=O)[C@H](CCCNC(N)=[NH2+])NC(=O)[C@@H](NC(=O)[C@@H](N)CCCNC(N)=[NH2+])C(C)C)C(=O)N[C@@H](CC(C)C)C(=O)N[C@@H](C)C(=O)N[C@@H](CCCNC(N)=[NH2+])C(=O)N[C@@H](Cc1ccccc1)C(=O)N[C@@H](CC(C)C)C(=O)N[C@@H](CCCNC(N)=[NH2+])C(=O)N[C@H](C(=O)N[C@@H](CCCNC(N)=[NH2+])C(=O)N[C@H](C=O)C(C)C)[C@@H](C)O,1,11.328143,1
CC[C@H](C)[C@H](NC(=O)[C@H](CCCCN)NC(=O)[C@H](CCCCN)NC(=O)[C@H](C)NC(=O)[C@H](CC(C)C)NC(=O)[C@H](C)NC(=O)[C@H](C)NC(=O)[C@H](CC(C)C)NC(=O)[C@H](C)NC(=O)[C@H](CCCCN)NC(=O)[C@H](CC(C)C)NC(=O)[C@H](CC(N)=O)NC(=O)[C@@H](NC(=O)[C@H](CCCCN)NC(=O)CNC(=O)[C@H](CC(C)C)NC(=O)[C@H](CC(C)C)NC(=O)[C@H](Cc1ccc(O)cc1)NC(=O)CNC(=O)[C@H](C)N)[C@@H](C)O)C(=O)N[C@H](C=O)CC(C)C,1,8.071223,1
NC(=[NH2+])NCCC[C@H](NC(=O)CNC(=O)[C@H](CCCNC(N)=[NH2+])NC(=O)[C@@H](N)CCCNC(N)=[NH2+])C(=O)N[C@@H](CCCNC(N)=[NH2+])C(=O)NCC=O,1,6.295027,1
CC[C@H](C)[C@H](NC(=O)[C@H](CCCNC(N)=[NH2+])NC(=O)[C@H](CC(C)C)NC(=O)[C@@H](NC(=O)[C@@H](NC(=O)[C@H](CC(C)C)NC(=O)[C@H](Cc1ccccc1)NC(=O)[C@H](CCCNC(N)=[NH2+])NC(=O)[C@H](CCCNC(N)=[NH2+])NC(=O)[C@@H](N)C(C)C)C(C)C)[C@@H](C)O)C(=O)N[C@@H](CCCNC(N)=[NH2+])C(=O)N[C@@H](CCCNC(N)=[NH2+])C(=O)N[C@@H](C)C=O,1,9.398,1
CCC[C@H](NC(=O)[C@@H](NC(=O)[C@H](CC(C)C)NC(=O)[C@H](CC(N)=O)NC(=O)[C@H](CCCNC(=N)N)NC(=O)[C@H](CC(C)C)NC(=O)[C@H](Cc1ccccc1)NC(=O)[C@H](CC(=O)O)NC(=O)[C@H](CCCCN)NC(=O)[C@@H](NC(=O)[C@H](CCCNC(=N)N)NC(=O)[C@H](CCC(N)=O)NC(=O)[C@@H](NC(=O)[C@@H](NC(=O)[C@H](CCCNC(=N)N)NC(=O)[C@H](CCCCN)NC(=O)[C@H](Cc1ccccc1)NC(=O)[C@H](CCC(=O)O)NC(=O)[C@H](CCCCN)NC(=O)CNC(=O)[C@@H](NC(=O)[C@H](CCCCN)NC(=O)[C@H](CCC(=O)O)NC(=O)[C@H](CCCCN)NC(=O)[C@H](CO)NC(=O)[C@H](CCCCN)NC(=O)[C@H](CCCNC(=N)N)NC(=O)[C@H](Cc1ccccc1)NC(=O)[C@H](Cc1ccccc1)NC(=O)[C@H](CC(=O)O)NC(=O)CNC(=O)[C@H](CC(C)C)NC(=O)[C@@H](N)CC(C)C)[C@@H](C)CC)[C@@H](C)CC)C(C)C)[C@@H](C)CC)C(C)C)C(=O)N[C@@H](CCCNC(=N)N)C(=O)N[C@H](C(=O)N[C@@H](CCC(=O)O)C(=O)N[C@@H](CO)C(=O)N[C@H](C=O)CS)[C@@H](C)O,1,-0.60678345,1
CC[C@H](C)[C@H](NC(=O)[C@H](C)NC(=O)[C@@H](NC(=O)[C@H](CCC(N)=O)NC(=O)[C@@H]1CCCN1C(=O)[C@H](Cc1ccccc1)NC(=O)[C@@H](NC(O)C(CC1CNCN1)NC(=O)[C@H](Cc1ccccc1)NC(=O)[C@H](CCCC[NH3+])NC(=O)[C@H](CC(N)=O)NC(=O)[C@H](Cc1ccccc1)NC(=O)[C@H](CC(=O)O)NC(=O)[C@H](CCC(N)=O)NC(=O)[C@@H](NC(=O)[C@H](Cc1ccc(O)cc1)NC(=O)[C@@H](NC(=O)CNC(=O)[C@@H](N)CC(C)C)[C@@H](C)O)[C@@H](C)O)[C@@H](C)O)[C@@H](C)O)C(=O)NCC(=O)N[C@H](C(=O)NCC(=O)N[C@@H](C)C(=O)N1CCC[C@H]1C=O)C(C)C,1,4.682067,1
CSCC[C@H](NC(=O)[C@H](CC(N)=O)NC(=O)[C@H](CCCNC(N)=[NH2+])NC(=O)[C@H](CCC(N)=O)NC(=O)[C@H](Cc1c[nH]c2ccccc12)NC(=O)[C@H](CCC(N)=O)NC(=O)[C@@H](N)Cc1ccccc1)C(=O)N[C@@H](CCCNC(N)=[NH2+])C(=O)N[C@@H](CCCC[NH3+])C(=O)N[C@H](C(=O)N[C@@H](CCCNC(N)=[NH2+])C(=O)NCC(=O)N1CCC[C@H]1C(=O)N1CCC[C@H]1C(=O)N[C@H](C(=O)N[C@H](C=O)CO)C(C)C)C(C)C,1,7.1974945,1
C[C@H](N)C(=O)N[C@@H](CS)C(=O)N[C@@H](CCCNC(N)=[NH2+])C(=O)NCC(=O)N[C@@H](CO)C(=O)NCC(=O)N[C@@H](CCCNC(N)=[NH2+])C(=O)NCC(=O)N[C@@H](CS)C(=O)NCC(=O)N[C@@H](CCCNC(N)=[NH2+])C(=O)NCC(=O)N[C@@H](CO)C(=O)NCC(=O)N[C@@H](CCCNC(N)=[NH2+])C(=O)N[C@@H](CS)C(=O)NCC=O,1,4.4545913,1
CC[C@H](C)[C@H](NC(=O)[C@H](CCCCN)NC(=O)[C@H](CCCCN)NC(=O)[C@H](C)NC(=O)[C@H](CC(C)C)NC(=O)[C@H](CCCCN)NC(=O)[C@H](C)NC(=O)[C@H](CC(C)C)NC(=O)[C@H](CCCCN)NC(=O)[C@H](C)NC(=O)[C@H](CC(C)C)NC(=O)[C@H](CCCCN)NC(=O)[C@H](C)NC(=O)[C@H](CC(C)C)NC(=O)[C@H](CCCCN)NC(=O)[C@H](C)NC(=O)[C@H](CC(C)C)NC(=O)[C@H](CCCCN)NC(=O)[C@H](C)NC(=O)[C@H](CC(C)C)NC(=O)[C@H](C)NC(=O)[C@H](CC(C)C)NC(=O)[C@H](C)NC(=O)[C@H](CC(C)C)NC(=O)[C@H](C)NC(=O)[C@H](CC(C)C)NC(=O)[C@H](C)NC(=O)[C@H](CC(C)C)NC(=O)[C@H](C)NC(=O)[C@H](CC(C)C)NC(=O)[C@H](C)NC(=O)[C@H](CC(C)C)NC(=O)[C@H](C)NC(=O)[C@@H](N)CC(C)C)C(=O)N[C@H](C=O)CCCCN,1,7.5143213,1
CC(C)C[C@H](NC(=O)[C@H](C)NC(=O)[C@H](CC(C)C)NC(=O)[C@H](CC(C)C)NC(=O)[C@@H](NC(=O)[C@H](C)NC(=O)[C@@H]1CCCN1C(=O)[C@H](CC(C)C)NC(=O)[C@H](CC(C)C)NC(=O)[C@H](C)NC(=O)[C@@H](NC(=O)[C@H](C)NC(=O)[C@H](C)NC(=O)[C@H](CCCC[NH3+])NC(=O)[C@H](Cc1ccccc1)NC(=O)[C@H](CCCNC(N)=[NH2+])NC(=O)[C@@H](N)Cc1c[nH]c2ccccc12)C(C)C)C(C)C)C(=O)N[C@@H](CC(C)C)C(=O)N[C@@H](C)C(=O)N1CCC[C@H]1C=O,1,6.86297,1
CC(C)C[C@H](NC(=O)[C@H](C)NC(=O)[C@H](CC(C)C)NC(=O)[C@H](CCCC[NH3+])NC(=O)[C@H](CC(C)C)NC(=O)[C@H](CCCC[NH3+])NC(=O)[C@H](CC(C)C)NC(=O)[C@H](C)NC(=O)[C@@H](N)CCCC[NH3+])C(=O)N[C@@H](C)C(=O)N[C@@H](CC(C)C)C(=O)N[C@@H](CC(C)C)C(=O)N[C@@H](C)C(=O)N[C@@H](CCCC[NH3+])C(=O)N[C@@H](CC(C)C)C(=O)N[C@@H](CCCC[NH3+])C(=O)N[C@@H](CC(C)C)C(=O)N[C@@H](C)C=O,1,11.845056,1
CC[C@H](C)[C@H](NC(=O)[C@H](CC(C)C)NC(=O)[C@H](CC(=O)O)NC(=O)[C@H](CCCNC(N)=[NH2+])NC(=O)[C@H](Cc1ccc(O)cc1)NC(=O)[C@H](C)NC(=O)[C@@H](NC(=O)[C@@H](N)CCSC)[C@@H](C)CC)C(=O)N[C@H](C=O)CO,1,8.230159,1
CC(C)C[C@@H](NC(=O)[C@H](NC(=O)[C@H]1CCCN1C(=O)[C@H](N)C(C)C)[C@@H](C)O)C(=O)N[C@@H](C=O)CCCC[NH3+],1,6.780179,1
CC(C)C[C@H](NC(=O)[C@H](C)NC(=O)[C@H](CCCC[NH3+])NC(=O)[C@H](CC(C)C)NC(=O)[C@H](C)NC(=O)[C@H](CC(C)C)NC(=O)[C@H](CCCC[NH3+])NC(=O)[C@H](CC(C)C)NC(=O)[C@H](C)NC(=O)[C@H](CC(C)C)NC(=O)[C@@H](N)CCCC[NH3+])C(=O)N[C@@H](CCC(N)=O)C(=O)N[C@@H](C)C(=O)N[C@@H](C)C(=O)N[C@@H](CC(C)C)C(=O)N[C@@H](CCC(N)=O)C(=O)N[C@@H](CC(C)C)C(=O)N[C@@H](C)C=O,1,11.032935,1
CC[C@H](C)[C@H](NC(=O)[C@H](CCCC[NH3+])NC(=O)[C@@H](NC(=O)[C@H](CCC(N)=O)NC(=O)[C@@H](N)CCCNC(N)=[NH2+])[C@@H](C)CC)C(=O)N[C@@H](Cc1c[nH]c2ccccc12)C(=O)N[C@@H](Cc1ccccc1)C(=O)N[C@@H](CCC(N)=O)C(=O)N[C@@H](CC(N)=O)C(=O)N[C@@H](CCCNC(N)=[NH2+])C(=O)N[C@@H](CCCNC(N)=[NH2+])C(=O)N[C@@H](C)C(=O)N[C@@H](CCCC[NH3+])C(=O)N[C@@H](Cc1c[nH]c2ccccc12)C(=O)N[C@@H](CCCC[NH3+])C(=O)N[C@H](C=O)CCCC[NH3+],1,13.543725,1
NC(=[NH2+])NCCC[C@@H](C=O)NC(=O)[C@H](CCCNC(N)=[NH2+])NC(=O)[C@H](CCCNC(N)=[NH2+])NC(=O)[C@H](CCC(N)=O)NC(=O)[C@H](CCCNC(N)=[NH2+])NC(=O)[C@H](CCCNC(N)=[NH2+])NC(=O)[C@H](CCCC[NH3+])NC(=O)[C@H](CCCC[NH3+])NC(=O)[C@H](CCCNC(N)=[NH2+])NC(=O)CNC(=O)[C@H](Cc1ccc(O)cc1)NC(=O)[C@H](CCCC[NH3+])NC(=O)[C@@H](N)CS,1,12.1742935,1
CC(C)C[C@H](NC(=O)CNC(=O)[C@H](CO)NC(=O)[C@H](C)NC(=O)CNC(=O)[C@H](CO)NC(=O)[C@@H]1CCCN1C(=O)[C@H](C)NC(=O)[C@H](CC(C)C)NC(=O)[C@H](CC(C)C)NC(=O)[C@H](C)NC(=O)[C@H](CC(C)C)NC(=O)[C@H](CC(C)C)NC(=O)[C@@H](NC(=O)[C@H](C)NC(=O)[C@@H]1CCCN1C(=O)[C@H](CC(C)C)NC(=O)[C@H](CC(C)C)NC(=O)[C@H](C)NC(=O)[C@@H](NC(=O)[C@H](C)NC(=O)[C@H](C)N)C(C)C)C(C)C)C(=O)N[C@@H](CC(=O)O)C(=O)N[C@@H](CCCC[NH3+])C(=O)N[C@@H](CCCNC(N)=[NH2+])C(=O)N[C@@H](CC(=O)O)C(=O)N[C@@H](Cc1ccc(O)cc1)C(=O)N[C@H](C(N)=O)C(C)C,1,2.5625446,1
CC[C@H](C)[C@H](NC(=O)[C@H](CCCNC(N)=[NH2+])NC(=O)[C@H](Cc1ccccc1)NC(=O)[C@@H](NC(=O)[C@@H](NC(=O)[C@@H](N)CCSC)[C@@H](C)CC)[C@@H](C)CC)C(=O)N[C@@H](C)C(=O)N[C@@H](C)C(=O)N[C@@H](CO)C(=O)NC(CC1CNCN1)C(O)N[C@@H](CCCC[NH3+])C(=O)N[C@H](C=O)CCCC[NH3+],1,10.728129,1
CC(=O)NC(CC1CNCN1)C(O)NC(CC1CNCN1)C(O)NC(CC1CNCN1)C(O)NC(CC1CNCN1)C(O)NC(CC1CNCN1)C(O)NC(CC1CNCN1)C(O)NC(CC1CNCN1)C(O)NC(CC1CNCN1)C(O)N[C@@H](CCCNC(N)=[NH2+])C(=O)N[C@@H](CCCNC(N)=[NH2+])C(=O)N[C@@H](CCCNC(N)=[NH2+])C(=O)N[C@@H](CCCNC(N)=[NH2+])C(=O)N[C@@H](CCCNC(N)=[NH2+])C(=O)N[C@@H](CCCNC(N)=[NH2+])C(=O)N[C@@H](CCCNC(N)=[NH2+])C(=O)N[C@@H](CCCNC(N)=[NH2+])C(=O)N[C@@H](CCCNC(N)=[NH2+])C(=O)N[C@@H](CCCNC(N)=[NH2+])C(=O)N[C@@H](CCCNC(N)=[NH2+])C(=O)N[C@@H](CCCNC(N)=[NH2+])C(=O)N[C@@H](CCCNC(N)=[NH2+])C(=O)N[C@@H](CCCNC(N)=[NH2+])C(=O)N[C@@H](CCCNC(N)=[NH2+])C(N)=O,1,4.397437,1
CC[C@H](C)[C@H](NC(=O)[C@H](CCCC[NH3+])NC(=O)[C@@H](NC(=O)[C@H](CCC(N)=O)NC(=O)[C@@H]([NH3+])CCCNC(N)=[NH2+])[C@@H](C)CC)C(=O)N[C@@H](Cc1c[nH]c2ccccc12)C(=O)N[C@@H](Cc1ccccc1)C(=O)N[C@@H](CCC(N)=O)C(=O)N[C@@H](CC(N)=O)C(=O)N[C@@H](CCCNC(N)=[NH2+])C(=O)N[C@@H](CCCNC(N)=[NH2+])C(=O)N[C@@H](CCSC)C(=O)N[C@@H](CCCC[NH3+])C(=O)N[C@@H](Cc1c[nH]c2ccccc12)C(=O)N[C@@H](CCCC[NH3+])C(=O)N[C@@H](CCCC[NH3+])C(=O)O,1,8.261001,1
NC(=[NH2+])NCCC[C@H](NC(=O)[C@H](Cc1c[nH]c2ccccc12)NC(=O)[C@H](CCCNC(N)=[NH2+])NC(=O)[C@@H](N)CS)C(=O)N[C@H](Cc1c[nH]c2ccccc12)C(=O)N[C@@H](CCCC[NH3+])C(=O)N[C@@H](CS)C(=O)N[C@@H](CS)C(=O)N[C@@H](CCCC[NH3+])C(=O)N[C@H](C=O)CCCC[NH3+],1,7.749222,1
CC[C@H](C)[C@H](NC(=O)[C@H](CCCC[NH3+])NC(=O)[C@@H](NC(=O)[C@H](CCC(N)=O)NC(=O)[C@@H](N)CCCNC(N)=[NH2+])[C@@H](C)CC)C(=O)N[C@@H](Cc1ccccc1)C(=O)N[C@@H](Cc1ccccc1)C(=O)N[C@@H](CCC(N)=O)C(=O)N[C@@H](CC(N)=O)C(=O)N[C@@H](CCCNC(N)=[NH2+])C(=O)N[C@@H](CCCNC(N)=[NH2+])C(=O)N[C@@H](CCSC)C(=O)N[C@@H](CCCC[NH3+])C(=O)N[C@@H](Cc1c[nH]c2ccccc12)C(=O)N[C@@H](CCCC[NH3+])C(=O)N[C@H](C=O)CCCC[NH3+],1,13.550662,1
CC[C@H](C)[C@H](NC(=O)[C@H](CCCC[NH3+])NC(=O)[C@@H](NC(=O)[C@H](CCC(N)=O)NC(=O)[C@@H](N)CCCNC(N)=[NH2+])[C@@H](C)CC)C(=O)N[C@H](C=O)Cc1c[nH]c2ccccc12,1,8.658977,1
NC(=[NH2+])NCCC[C@H](NC(=O)[C@@H](N)CS)C(=O)N[C@H](Cc1c[nH]c2ccccc12)C(=O)N[C@@H](CCCNC(N)=[NH2+])C(=O)N[C@@H](Cc1c[nH]c2ccccc12)C(=O)N[C@@H](CCCC[NH3+])C(=O)N[C@@H](CS)C(=O)N[C@@H](CS)C(=O)N[C@@H](CCCC[NH3+])C(=O)N[C@H](C=O)CCCC[NH3+],1,8.0331745,1
CC[C@H](C)[C@H](NC(=O)[C@H](CCCC[NH3+])NC(=O)[C@@H](NC(=O)[C@H](CCC(N)=O)NC(=O)[C@@H]([NH3+])CCCNC(N)=[NH2+])[C@@H](C)CC)C(=O)N[C@@H](Cc1c[nH]c2ccccc12)C(=O)N[C@@H](Cc1ccccc1)C(=O)N[C@@H](CCC(N)=O)C(=O)N[C@@H](CC(N)=O)C(=O)N[C@@H](CCCNC(N)=[NH2+])C(=O)N[C@@H](CCCNC(N)=[NH2+])C(=O)N[C@@H](CCSC)C(=O)N[C@@H](CCCC[NH3+])C(=O)N[C@@H](Cc1c[nH]c2ccccc12)C(=O)N[C@@H](CCCC[NH3+])C(=O)N[C@@H](CCCC[NH3+])C(=O)O,1,8.261001,1
CC(C)C[C@@H](C=O)NC(=O)[C@@H](NC(=O)[C@@H](NC(=O)[C@H](CC(C)C)NC(=O)[C@@H](NC(=O)[C@H](CCCC[NH3+])NC(=O)[C@H](C)NC(=O)[C@H](CC(C)C)NC(=O)[C@H](CCCC[NH3+])NC(=O)[C@@H](NC(=O)[C@H](CC(C)C)NC(=O)[C@H](C)NC(=O)[C@@H](NC(=O)[C@H](C)NC(=O)[C@H](CC(C)C)NC(=O)[C@@H](NC(=O)[C@H](CCCC[NH3+])NC(=O)[C@@H](N)CC(C)C)[C@@H](C)O)[C@@H](C)O)[C@@H](C)O)[C@@H](C)O)[C@@H](C)O)[C@@H](C)O,1,6.18999,1
CC(=O)NCC(=O)N[C@@H](CCCNC(N)=[NH2+])C(=O)NCC(=O)N[C@@H](CC(=O)O)C(=O)NCC(=O)N1CCC[C@H]1C(=O)N[C@@H](CCCNC(N)=[NH2+])C(=O)N[C@@H](CCCNC(N)=[NH2+])C(=O)N[C@@H](CCCC[NH3+])C(=O)N[C@@H](CCCC[NH3+])C(=O)N[C@@H](CCCC[NH3+])C(=O)N[C@@H](CCCC[NH3+])C(=O)NCC(=O)N1CCC[C@H]1C(=O)N[C@@H](CCCNC(N)=[NH2+])C(=O)N[C@@H](CCCNC(N)=[NH2+])C(=O)N[C@@H](CCCC[NH3+])C(=O)N[C@@H](CCCC[NH3+])C(=O)N[C@@H](CCCC[NH3+])C(=O)N[C@@H](CCCC[NH3+])C(=O)NCC(=O)N1CCC[C@H]1C(=O)N[C@@H](CCCNC(N)=[NH2+])C(=O)N[C@H](C=O)CCCNC(N)=[NH2+],1,13.223769,1
N=C(N)NCCC[C@@H](C=O)NC(=O)[C@H](CCCNC(=N)N)NC(=O)[C@H](CCCNC(=N)N)NC(=O)[C@H](CCCNC(=N)N)NC(=O)[C@H](CCCNC(=N)N)NC(=O)[C@H](CCCNC(=N)N)NC(=O)[C@H](CCCNC(=N)N)NC(=O)[C@H](CCCNC(=N)N)NC(=O)[C@H](CCCNC(=N)N)NC(=O)[C@H](CCCNC(=N)N)NC(=O)[C@H](CCCNC(=N)N)NC(=O)[C@H](CCCNC(=N)N)NC(=O)[C@H](CCCNC(=N)N)NC(=O)[C@H](CCCNC(=N)N)NC(=O)[C@H](CCCNC(=N)N)NC(=O)[C@H](Cc1c[nH]cn1)NC(=O)[C@H](Cc1c[nH]cn1)NC(=O)[C@H](Cc1c[nH]cn1)NC(=O)[C@H](Cc1c[nH]cn1)NC(=O)[C@H](Cc1c[nH]cn1)NC(=O)[C@H](Cc1c[nH]cn1)NC(=O)[C@H](Cc1c[nH]cn1)NC(=O)[C@H](Cc1c[nH]cn1)NC(=O)[C@H](Cc1c[nH]cn1)NC(=O)[C@H](Cc1c[nH]cn1)NC(=O)[C@H](Cc1c[nH]cn1)NC(=O)[C@H](Cc1c[nH]cn1)NC(=O)[C@H](Cc1c[nH]cn1)NC(=O)[C@H](Cc1c[nH]cn1)NC(=O)[C@H](Cc1c[nH]cn1)NC(=O)[C@H](Cc1c[nH]cn1)NC(=O)[C@H](Cc1c[nH]cn1)NC(=O)[C@H](Cc1c[nH]cn1)NC(=O)[C@H](Cc1c[nH]cn1)NC(=O)[C@@H](N)Cc1c[nH]cn1,1,7.991942,1
CC(C)C[C@H](NC(=O)[C@H](C)NC(=O)[C@@H](NC(=O)[C@@H](NC(=O)[C@H](CCCC[NH3+])NC(=O)[C@H](CC(C)C)NC(=O)[C@@H](N)CC(C)C)[C@@H](C)O)[C@@H](C)O)C(=O)N[C@@H](CC(C)C)C(=O)N[C@@H](CCCC[NH3+])C(=O)N[C@H](C(=O)N[C@H](C(=O)N[C@@H](C)C(=O)N[C@@H](CC(C)C)C(=O)N[C@@H](CC(C)C)C(=O)N[C@@H](CCCC[NH3+])C(=O)N[C@H](C(=O)N[C@H](C(=O)N[C@@H](C)C=O)[C@@H](C)O)[C@@H](C)O)[C@@H](C)O)[C@@H](C)O,1,4.8333163,1
NC(=[NH2+])NCCC[C@H](NC(=O)CNC(=O)[C@@H](N)CCCC[NH3+])C(=O)N[C@@H](CCCC[NH3+])C(=O)N[C@@H](CCCC[NH3+])C(=O)N[C@@H](CCCNC(N)=[NH2+])C(=O)N[C@@H](CCCNC(N)=[NH2+])C(=O)N[C@@H](CCC(N)=O)C(=O)N[C@@H](CCCNC(N)=[NH2+])C(=O)N[C@@H](CCCNC(N)=[NH2+])C(=O)N[C@@H](CCCNC(N)=[NH2+])C(=O)N1CCC[C@H]1C(=O)N1CCC[C@H]1C(=O)N[C@H](C=O)CCC(N)=O,1,13.835788,1
NCC(=O)N[C@@H](CCCNC(N)=[NH2+])C(=O)N[C@@H](CCCC[NH3+])C(=O)N[C@@H](CCCC[NH3+])C(=O)N[C@@H](CCCNC(N)=[NH2+])C(=O)N[C@@H](CCCNC(N)=[NH2+])C(=O)N[C@@H](CCC(N)=O)C(=O)N[C@@H](CCCNC(N)=[NH2+])C(=O)N[C@@H](CCCNC(N)=[NH2+])C(=O)N[C@@H](CCCNC(N)=[NH2+])C(=O)N1CCC[C@H]1C(=O)N[C@@H](Cc1c[nH]c2ccccc12)C(=O)N[C@H](C=O)CCC(N)=O,1,12.325543,1
CC[C@H](C)[C@@H](C=O)NC(=O)[C@H](CC(C)C)NC(=O)[C@H](Cc1ccc(O)cc1)NC(=O)[C@@H](NC(=O)[C@H](Cc1ccccc1)NC(=O)[C@@H]1CCCN1)C(C)C,1,1.3357968,1
N[C@@H](CCCC[NH3+])C(=O)N[C@@H](CCCC[NH3+])C(=O)N[C@@H](CCCC[NH3+])C(=O)N[C@@H](CCCC[NH3+])C(=O)N[C@@H](CCCC[NH3+])C(=O)N[C@@H](CCCC[NH3+])C(=O)N[C@@H](CCCC[NH3+])C(=O)N[C@@H](CCCC[NH3+])C(=O)N[C@H](C=O)CCCC[NH3+],1,13.554546,1
CC(=O)N[C@@H](CCCC[NH3+])C(=O)N[C@@H](CCC(=O)O)C(=O)N[C@H](C(=O)N[C@@H](Cc1c[nH]c2ccccc12)C(=O)N[C@@H](Cc1c[nH]c2ccccc12)C(=O)N[C@@H](CCC(=O)O)C(=O)N[C@H](C(=O)N[C@@H](Cc1c[nH]c2ccccc12)C(=O)N[C@@H](Cc1c[nH]c2ccccc12)C(=O)N[C@H](C(=O)N[C@@H](CCC(=O)O)C(=O)N[C@@H](Cc1c[nH]c2ccccc12)C(=O)N[C@@H](CO)C(=O)N[C@@H](CCC(N)=O)C(=O)N1CCC[C@H]1C(=O)N[C@@H](CCCC[NH3+])C(=O)N[C@@H](CCCC[NH3+])C(=O)N[C@@H](CCCC[NH3+])C(=O)N[C@@H](CCCNC(N)=[NH2+])C(=O)N[C@@H](CCCC[NH3+])C(=O)N[C@H](C(N)=O)C(C)C)[C@@H](C)O)[C@@H](C)O)[C@@H](C)O,1,-1.717551,1
NC(=[NH2+])NCCC[C@@H](C=O)NC(=O)[C@H](CCCNC(N)=[NH2+])NC(=O)[C@H](CCCNC(N)=[NH2+])NC(=O)[C@H](CCCNC(N)=[NH2+])NC(=O)[C@H](CCCNC(N)=[NH2+])NC(=O)[C@H](CCCNC(N)=[NH2+])NC(=O)[C@H](CCCNC(N)=[NH2+])NC(=O)[C@H](CCCNC(N)=[NH2+])NC(=O)[C@@H](N)CCCNC(N)=[NH2+],1,15.091833,1
CC[C@H](C)[C@H](NC(=O)[C@H](CCCC[NH3+])NC(=O)[C@@H](NC(=O)[C@H](CCC(N)=O)NC(=O)[C@H](CCCNC(N)=[NH2+])NC(=O)[C@@H](N)CS)[C@@H](C)CC)C(=O)N[C@@H](Cc1c[nH]c2ccccc12)C(=O)N[C@@H](Cc1ccccc1)C(=O)N1CCC[C@H]1C(=O)N[C@@H](CC(N)=O)C(=O)N[C@@H](CCCNC(N)=[NH2+])C(=O)N[C@@H](CCCNC(N)=[NH2+])C(=O)N[C@@H](CCSC)C(=O)N[C@@H](CCCC[NH3+])C(=O)N[C@@H](Cc1c[nH]c2ccccc12)C(=O)N[C@@H](CCCC[NH3+])C(=O)N[C@@H](CCCC[NH3+])C(=O)N[C@H](C=O)CS,1,4.2129097,1
NCC(=O)N[C@@H](CCCNC(N)=[NH2+])C(=O)N[C@@H](CCCC[NH3+])C(=O)N[C@@H](CCCC[NH3+])C(=O)N[C@@H](CCCNC(N)=[NH2+])C(=O)N[C@@H](CCCNC(N)=[NH2+])C(=O)N[C@@H](CCC(N)=O)C(=O)N[C@@H](CCCNC(N)=[NH2+])C(=O)N[C@@H](CCCNC(N)=[NH2+])C(=O)N[C@@H](CCCNC(N)=[NH2+])C(=O)N1CCC[C@H]1C(=O)N1CCC[C@H]1C(=O)N[C@H](C=O)CCC(N)=O,1,13.493757,1
CC(C)C[C@H](NC(=O)CN)C(=O)N[C@@H](Cc1c[nH]c2ccccc12)C(=O)N[C@@H](CCCNC(N)=[NH2+])C(=O)N[C@@H](C)C(=O)N[C@@H](CC(C)C)C(=O)N[C@@H](Cc1c[nH]c2ccccc12)C(=O)N[C@@H](CCCNC(N)=[NH2+])C(=O)N[C@@H](C)C(=O)N[C@@H](CC(C)C)C(=O)N[C@@H](Cc1c[nH]c2ccccc12)C(=O)N[C@@H](CCCNC(N)=[NH2+])C(=O)N[C@@H](CO)C(=O)N[C@@H](CC(C)C)C(=O)N[C@@H](Cc1c[nH]c2ccccc12)C(=O)N[C@@H](CCCC[NH3+])C(=O)N[C@@H](CCCC[NH3+])C(=O)N[C@@H](CCCC[NH3+])C(=O)N[C@@H](CCCNC(N)=[NH2+])C(=O)N[C@@H](CCCC[NH3+])C(=O)N[C@H](C=O)C(C)C,1,10.658284,1
NC(=[NH2+])NCCC[C@H](NC(=O)[C@H](CCCNC(N)=[NH2+])NC(=O)[C@H](CCCNC(N)=[NH2+])NC(=O)[C@H](CCCNC(N)=[NH2+])NC(=O)[C@H](CCCNC(N)=[NH2+])NC(=O)[C@H](CCCNC(N)=[NH2+])NC(=O)[C@@H](N)CCCNC(N)=[NH2+])C(=O)N[C@H](C=O)Cc1c[nH]c2ccccc12,1,13.037659,1
CC[C@H](C)[C@H](NC(=O)[C@H](CCCNC(N)=[NH2+])NC(=O)[C@H](CCCNC(N)=[NH2+])NC(=O)[C@H](CCCNC(N)=[NH2+])NC(=O)[C@H](CC(C)C)NC(=O)[C@@H](NC(=O)[C@@H](NC(=O)[C@H](CC(C)C)NC(=O)[C@@H](N)CC(C)C)[C@@H](C)CC)[C@@H](C)CC)C(=O)N[C@@H](CCCNC(N)=[NH2+])C(=O)N[C@@H](CCCC[NH3+])C(=O)N[C@@H](CCC(N)=O)C(=O)N[C@@H](C)C(=O)NC(CC1CNCN1)C(O)N[C@@H](C)C(=O)NC(CC1CNCN1)C(O)N[C@@H](CO)C(=O)N[C@@H](C)C=O,1,10.042572,1
CC(C)[C@@H](C=O)NC(=O)[C@H](CCCC[NH3+])NC(=O)[C@H](CCCNC(N)=[NH2+])NC(=O)[C@H](CCCC[NH3+])NC(=O)[C@H](CO)NC(=O)[C@H](CCCC[NH3+])NC(=O)[C@H](CCCC[NH3+])NC(=O)[C@H](Cc1ccccc1)NC(=O)[C@H](CCCNC(N)=[NH2+])NC(=O)[C@@H](N)Cc1c[nH]c2ccccc12,1,8.055386,1
CC(C)C[C@H](NC(=O)[C@H](C)NC(=O)[C@H](CC(C)C)NC(=O)[C@H](CCCC[NH3+])NC(=O)[C@H](CC(C)C)NC(=O)[C@H](CCCC[NH3+])NC(=O)[C@H](CC(C)C)NC(=O)[C@H](C)NC(=O)[C@@H](N)CCCC[NH3+])C(=O)N[C@@H](C)C(=O)N[C@@H](CC(C)C)C(=O)N[C@@H](CC(C)C)C(=O)N[C@@H](C)C(=O)N[C@@H](CCCC[NH3+])C(=O)N[C@@H](CC(C)C)C(=O)N[C@@H](CCCC[NH3+])C(=O)N[C@@H](CC(C)C)C(=O)N[C@@H](C)C(N)=O,1,2.1794717,1
CC[C@H](C)[C@H](NC(=O)[C@H](CCCC[NH3+])NC(=O)[C@@H](NC(=O)[C@H](CCC(N)=O)NC(=O)[C@@H](N)CCCNC(N)=[NH2+])[C@@H](C)CC)C(=O)N[C@@H](C)C(=O)N[C@@H](Cc1ccccc1)C(=O)N[C@@H](CCC(N)=O)C(=O)N[C@@H](CC(N)=O)C(=O)N[C@@H](CCCNC(N)=[NH2+])C(=O)N[C@@H](CCCNC(N)=[NH2+])C(=O)N[C@@H](CCSC)C(=O)N[C@@H](CCCC[NH3+])C(=O)N[C@@H](Cc1c[nH]c2ccccc12)C(=O)N[C@@H](CCCC[NH3+])C(=O)N[C@H](C=O)CCCC[NH3+],1,13.790026,1
CC(C)C[C@H](NC(=O)CNC(=O)[C@H](CCCC[NH3+])NC(=O)[C@H](CC(C)C)NC(=O)CNC(=O)[C@H](CC(C)C)NC(=O)[C@H](CCCC[NH3+])NC(=O)[C@H](CC(C)C)NC(=O)CNC(=O)[C@H](CC(C)C)NC(=O)[C@@H](N)CCCC[NH3+])C(=O)N[C@@H](CCCC[NH3+])C(=O)NCC(=O)NCC(=O)N[C@@H](CC(C)C)C(=O)N[C@@H](CCCC[NH3+])C(=O)N[C@@H](CC(C)C)C(=O)NCC=O,1,5.3079,1
C[C@H](N)C(=O)N[C@@H](CS)C(=O)N[C@@H](CO)C(=O)NCC(=O)N[C@@H](CO)C(=O)NCC(=O)N[C@@H](CO)C(=O)NCC(=O)N[C@@H](CS)C(=O)NCC(=O)N[C@@H](CO)C(=O)NCC(=O)N[C@@H](CO)C(=O)NCC(=O)N[C@@H](CO)C(=O)N[C@@H](CS)C(=O)NCC(=O)N[C@@H](CCCNC(N)=[NH2+])C(=O)N[C@@H](CCCNC(N)=[NH2+])C(=O)N[C@@H](CCCNC(N)=[NH2+])C(=O)N[C@@H](CCCNC(N)=[NH2+])C(=O)N[C@@H](CCCNC(N)=[NH2+])C(=O)N[C@@H](CCCNC(N)=[NH2+])C(=O)N[C@@H](CCCNC(N)=[NH2+])C(=O)N[C@H](C=O)CCCNC(N)=[NH2+],1,8.738091,1
CC[C@H](C)[C@H](NC(=O)[C@H](CCCNC(N)=[NH2+])NC(=O)[C@H](C)NC(O)C(N)CC1CNCN1)C(=O)N[C@@H](CCCC[NH3+])C(=O)N1CCC[C@H]1C(=O)N[C@H](C(=O)N[C@@H](Cc1ccccc1)C(=O)N[C@@H](CCCNC(N)=[NH2+])C(=O)N[C@@H](CCCNC(N)=[NH2+])C(=O)N[C@@H](CC(C)C)C(=O)N[C@@H](CCCC[NH3+])C(=O)N[C@@H](Cc1c[nH]c2ccccc12)C(=O)N[C@@H](CCCC[NH3+])C(=O)N[C@@H](Cc1ccc(O)cc1)C(=O)N[C@@H](CCCC[NH3+])C(=O)NCC(=O)N[C@@H](CCCC[NH3+])C(=O)N[C@@H](Cc1ccccc1)C(=O)N[C@H](C=O)Cc1c[nH]c2ccccc12)[C@@H](C)O,1,8.4914,1
CC(C)[C@@H](C=O)NC(=O)[C@H](CCCC[NH3+])NC(=O)[C@H](CCCNC(N)=[NH2+])NC(=O)[C@H](CCCC[NH3+])NC(=O)[C@H](CCCC[NH3+])NC(=O)[C@H](CCCC[NH3+])NC(=O)[C@@H]1CCCN1C(=O)[C@H](CCC(N)=O)NC(=O)[C@H](CO)NC(=O)[C@H](Cc1c[nH]c2ccccc12)NC(=O)[C@H](CCC(=O)O)NC(=O)[C@@H](NC(=O)[C@H](Cc1c[nH]c2ccccc12)NC(=O)[C@H](Cc1c[nH]c2ccccc12)NC(=O)[C@@H](NC(=O)[C@H](CCC(=O)O)NC(=O)[C@H](Cc1c[nH]c2ccccc12)NC(=O)[C@H](Cc1c[nH]c2ccccc12)NC(=O)[C@@H](NC(=O)[C@H](CCC(=O)O)NC(=O)[C@@H](N)CCCC[NH3+])[C@@H](C)O)[C@@H](C)O)[C@@H](C)O,1,5.598039,1
CC(C)C[C@H](NC(=O)[C@H](C)NC(=O)[C@H](CCCC[NH3+])NC(=O)[C@H](CC(C)C)NC(=O)[C@H](C)NC(=O)[C@H](CC(C)C)NC(=O)[C@@H](N)CCCC[NH3+])C(=O)N[C@@H](CCCC[NH3+])C(=O)N[C@@H](C)C(=O)N[C@@H](C)C(=O)N[C@@H](CC(C)C)C(=O)N[C@@H](CCCC[NH3+])C(=O)N[C@@H](CC(C)C)C(=O)N[C@@H](C)C=O,1,10.992816,1
CSCC[C@H](NC(=O)[C@H](CC(C)C)NC(=O)CNC(=O)[C@H](Cc1ccccc1)NC(=O)[C@H](Cc1ccccc1)NC(=O)[C@H](CCC(N)=O)NC(=O)[C@H](CCC(N)=O)NC(=O)[C@H](CC(C)C)NC(=O)[C@H](CC(C)C)NC(=O)[C@H](CCCC[NH3+])NC(=O)[C@H](Cc1c[nH]c2ccccc12)NC(=O)[C@@H](NC(=O)[C@H](CCCC[NH3+])NC(=O)[C@H](CCCNC(N)=[NH2+])NC(=O)[C@H](CCCC[NH3+])NC(=O)[C@H](CCCC[NH3+])NC(=O)[C@H](CCCC[NH3+])NC(=O)[C@@H]1CCCN1)C(C)C)C(N)=O,1,-1.5576558,1
CC[C@H](C)[C@H](NC(=O)[C@H](C)NC(=O)[C@H](Cc1ccccc1)NC(=O)[C@@H](NC(=O)[C@@H](NC(=O)[C@@H](N)CCSC)[C@@H](C)CC)[C@@H](C)CC)C(=O)N[C@@H](C)C(=O)N[C@@H](C)C(=O)N[C@@H](CO)C(=O)NC(CC1CNCN1)C(O)N[C@@H](CCCC[NH3+])C(=O)N[C@H](C=O)CCCC[NH3+],1,10.214996,1
CC[C@H](C)[C@H](NC(=O)[C@H](CCCNC(N)=[NH2+])NC(=O)[C@H](Cc1ccc(O)cc1)NC(O)C(N)CC1CNCN1)C(=O)N[C@@H](CCCC[NH3+])C(=O)N1CCC[C@H]1C(=O)N[C@H](C(=O)N[C@@H](Cc1ccccc1)C(=O)N[C@@H](CCCNC(N)=[NH2+])C(=O)N[C@@H](CCCNC(N)=[NH2+])C(=O)N[C@@H](CC(C)C)C(=O)N[C@@H](CCCC[NH3+])C(=O)N[C@@H](Cc1c[nH]c2ccccc12)C(=O)N[C@@H](CCCC[NH3+])C(=O)N[C@@H](Cc1ccc(O)cc1)C(=O)N[C@@H](CCCC[NH3+])C(=O)NCC(=O)N[C@@H](CCCC[NH3+])C(=O)N[C@@H](Cc1ccccc1)C(=O)N[C@@H](C)C=O)[C@@H](C)O,1,7.4539323,1
NC(=[NH2+])NCCC[C@H](NC(=O)[C@H](CCCNC(N)=[NH2+])NC(=O)[C@H](CCCNC(N)=[NH2+])NC(=O)[C@H](CCC(N)=O)NC(=O)[C@H](CCCNC(N)=[NH2+])NC(=O)[C@H](CCCNC(N)=[NH2+])NC(=O)[C@H](CCCC[NH3+])NC(=O)[C@H](CCCC[NH3+])NC(=O)[C@H](CCCNC(N)=[NH2+])NC(=O)CNC(=O)[C@@H](N)Cc1ccc(O)cc1)C(N)=O,1,4.3338394,1
CCC[C@H](NC(=O)[C@H](CS)NC(=O)[C@@H](NC(=O)CNC(=O)CN)C(C)C)C(=O)N[C@@H](CCCCN)C(=O)N[C@H](C(=O)N[C@@H](CC(C)C)C(=O)N[C@@H](C)C(=O)N[C@@H](CCCCN)C(=O)N[C@H]1C[SH]2[SH]3C[C@@H](C(=O)NCC(=O)N[C@@H](CO)C(=O)NCC(=O)N[C@@H](CO)C(=O)N[C@H](C=O)CC(=O)O)NC(=O)[C@H](Cc4ccc(O)cc4)NC(=O)CNC(=O)[C@H](CC(N)=O)NC(=O)CNC(=O)[C@H](CCCNC(=N)N)NC(=O)[C@@H]4CSS32C[C@H](NC(=O)[C@H](CC(=O)O)NC(=O)[C@H](CO)NC(=O)[C@H](CC(=O)O)NC(=O)[C@H](CCCNC(=N)N)NC(=O)[C@H](CCCNC(=N)N)NC1=O)C(=O)N1CCC[C@H]1C(=O)NCC(=O)N[C@@H](C)C(=O)N[C@@H](CS)C(=O)N[C@@H]([C@@H](C)CC)C(=O)N4)[C@@H](C)CC,1,2.4971943,1
CC[C@H](C)[C@H](NC(=O)[C@H](CCCC[NH3+])NC(=O)[C@@H](NC(=O)[C@H](CCC(N)=O)NC(=O)[C@@H]([NH3+])CCCNC(N)=[NH2+])[C@@H](C)CC)C(=O)N[C@@H](Cc1c[nH]c2ccccc12)C(=O)N[C@@H](Cc1ccccc1)C(=O)N[C@@H](CCC(N)=O)C(=O)N[C@@H](CC(N)=O)C(=O)N[C@@H](CCCNC(N)=[NH2+])C(=O)N[C@@H](CCCNC(N)=[NH2+])C(=O)N[C@@H](CCSC)C(=O)N[C@@H](CCCC[NH3+])C(=O)N[C@@H](Cc1c[nH]c2ccccc12)C(=O)N[C@@H](CCCC[NH3+])C(=O)N[C@@H](CCCC[NH3+])C(=O)O,1,8.261001,1
CC[C@H](C)[C@H](NC(=O)[C@H](CCCC[NH3+])NC(=O)[C@@H](NC(=O)[C@H](CCC(N)=O)NC(=O)[C@@H]([NH3+])CCCNC(N)=[NH2+])[C@@H](C)CC)C(=O)N[C@@H](Cc1c[nH]c2ccccc12)C(=O)N[C@@H](Cc1ccccc1)C(=O)N[C@@H](CCC(N)=O)C(=O)N[C@@H](CC(N)=O)C(=O)N[C@@H](CCCNC(N)=[NH2+])C(=O)N[C@@H](CCCNC(N)=[NH2+])C(=O)N[C@@H](CCSC)C(=O)N[C@@H](CCCC[NH3+])C(=O)N[C@@H](Cc1c[nH]c2ccccc12)C(=O)N[C@@H](CCCC[NH3+])C(=O)N[C@@H](CCCC[NH3+])C(=O)O,1,8.261001,1
NC(=[NH2+])NCCC[C@@H](C=O)NC(=O)[C@H](CCCNC(N)=[NH2+])NC(=O)[C@H](CCCNC(N)=[NH2+])NC(=O)[C@H](CCC(N)=O)NC(=O)[C@H](CCCNC(N)=[NH2+])NC(=O)[C@H](CCCNC(N)=[NH2+])NC(=O)[C@H](CCCC[NH3+])NC(=O)[C@H](CCCC[NH3+])NC(=O)[C@H](CCCNC(N)=[NH2+])NC(=O)CNC(=O)[C@@H](N)Cc1ccc(O)cc1,1,12.377938,1
NC(=[NH2+])NCCC[C@@H](N)C(=O)N[C@H](CCCNC(N)=[NH2+])C(=O)N[C@H](CCCNC(N)=[NH2+])C(=O)N[C@H](CCCNC(N)=[NH2+])C(=O)N[C@H](CCCNC(N)=[NH2+])C(=O)N[C@H](CCCNC(N)=[NH2+])C(=O)N[C@H](CCCNC(N)=[NH2+])C(=O)N[C@@H](C=O)CCCNC(N)=[NH2+],1,13.441026,1
CC[C@H](C)[C@H](NC(=O)[C@@H](NC(=O)[C@H](CO)NC(=O)[C@H](C)NC(=O)[C@@H](NC(=O)[C@H](CCCC[NH3+])NC(=O)[C@H](CCCC[NH3+])NC(=O)[C@@H](NC(=O)[C@@H](NC(=O)[C@H](CCCC[NH3+])NC(=O)[C@H](Cc1ccccc1)NC(=O)[C@H](CC(C)C)NC(=O)CN)C(C)C)[C@@H](C)CC)C(C)C)C(C)C)C(=O)NCC(=O)NCC(=O)N[C@@H](CC(C)C)C(N)=O,0,-5.3817253,1
CC(C)[C@H](NC(=O)[C@H](CCCNC(N)=[NH2+])NC(=O)[C@H](CS)NC(=O)[C@H](C)NC(=O)[C@@H]1CCCN1C(O)C(CC1CNCN1)NC(=O)[C@H](CO)NC(=O)[C@H](CS)NC(=O)[C@H](CS)NC(=O)CN)C(=O)NC(CC1CNCN1)C(O)N[C@@H](Cc1ccc(O)cc1)C(=O)N1CCC[C@H]1C(=O)NC(CC1CNCN1)C(O)N[C@H](C(=O)N[C@@H](CS)C(=O)N[C@@H](Cc1ccc(O)cc1)C(N)=O)C(C)C,0,-6.2758503,1
CSCC[C@H](NC(=O)[C@H](C)NC(C)=O)C(=O)N[C@H](C(=O)N[C@@H](CO)C(=O)N[C@H](C=O)CO)C(C)C,0,2.9146798,1
CSCC[C@H](NC(=O)CNC(=O)[C@H](Cc1ccccc1)NC(=O)CN)C(=O)N[C@@H](C)C(=O)N[C@@H](CC(C)C)C(=O)NC(CCC[NH3+])C(O)N[C@@H](CC(C)C)C(=O)N[C@@H](CC(C)C)C(=O)NC(CCC[NH3+])C(O)NC(CCC[NH3+])C(O)N[C@H](C(=O)N[C@@H](CC(C)C)C(N)=O)C(C)C,0,-5.075093,1
CC[C@H](C)[C@H](NC(=O)CNC(=O)[C@H](CCCC[NH3+])NC(=O)[C@@H](NC(=O)[C@H](CC(C)C)NC(=O)[C@H](CO)NC(=O)CNC(=O)[C@H](CC(C)C)NC(=O)CNC(=O)[C@H](C)NC(=O)[C@H](CCCC[NH3+])NC(=O)[C@H](Cc1ccccc1)NC(=O)[C@@H](NC(=O)[C@H](CC(=O)O)NC(=O)[C@H](CCCC[NH3+])NC(=O)[C@H](CC(C)C)NC(=O)CN)[C@@H](C)CC)C(C)C)C(=O)N[C@@H](C)C(=O)N[C@@H](C)C(=O)NC(CC1CNCN1)C(O)N[C@H](C(=O)N[C@@H](C)C(=O)N[C@@H](CC(N)=O)C(N)=O)C(C)C,0,-5.0416784,1
CC(C)[C@H](N)C(=O)NCC(=O)N[C@@H](CCC(=O)O)C(=O)N[C@@H](C)C(=O)N[C@@H](CS)C(=O)N[C@@H](CS)C(=O)N[C@@H](CCCC[NH3+])C(=O)N[C@@H](CC(N)=O)C(=O)NCC(=O)N[C@@H](CCCC[NH3+])C(=O)N[C@@H](CCCNC(N)=[NH2+])C(=O)NCC(=O)N[C@@H](CS)C(=O)NCC(=O)N[C@@H](CCCNC(N)=[NH2+])C(=O)N[C@@H](Cc1c[nH]c2ccccc12)C(=O)N[C@@H](CS)C(=O)N[C@@H](CCCNC(N)=[NH2+])C(=O)N[C@@H](CC(=O)O)C(=O)NC(CC1CNCN1)C(O)N[C@@H](CO)C(=O)N[C@@H](CCCNC(N)=[NH2+])C(=O)N[C@@H](CS)C(=O)N[C@@H](CS)C(N)=O,0,-2.692675,1
CC[C@H](C)[C@H](NC(=O)[C@H](Cc1ccccc1)NC(=O)[C@H](CO)NC(=O)[C@H](CCCC[NH3+])NC(=O)[C@H](Cc1c[nH]c2ccccc12)NC(=O)[C@@H](N)CCCC[NH3+])C(=O)N[C@@H](CCCC[NH3+])C(=O)N[C@@H](CCCC[NH3+])C(=O)N[C@@H](CC(C)C)C(=O)N[C@H](C(=O)N[C@@H](CO)C(=O)N[C@@H](CCCC[NH3+])C(=O)N[C@@H](Cc1ccccc1)C(=O)N[C@@H](CC(C)C)C(=O)NC(CC1CNCN1)C(O)N[C@@H](CO)C(=O)N[C@@H](C)C(=O)N[C@@H](CC(=O)O)C(=O)N[C@@H](CCCC[NH3+])C(=O)N[C@@H](Cc1ccccc1)C(N)=O)[C@@H](C)O,0,-3.8095982,1
CC[C@H](C)[C@H](NC(=O)[C@H](CC(C)C)NC(=O)[C@H](CCCC[NH3+])NC(=O)CNC(=O)[C@H](CC(C)C)NC(=O)[C@@H](NC(=O)[C@H](CCCC[NH3+])NC(=O)[C@H](CCCC[NH3+])NC(=O)[C@H](Cc1c[nH]c2ccccc12)NC(=O)[C@H](CCCC[NH3+])NC(=O)CN)[C@@H](C)CC)C(=O)N[C@@H](CCCNC(N)=[NH2+])C(N)=O,0,-3.9938047,1
CC[C@H](C)[C@H](NC(=O)[C@H](CO)NC(=O)[C@H](C)NC(=O)[C@@H](NC(=O)[C@H](CCCC[NH3+])NC(=O)[C@H](CCCC[NH3+])NC(=O)[C@H](Cc1c[nH]c2ccccc12)NC(=O)[C@@H](NC(=O)[C@@H](N)CC(N)=O)[C@@H](C)CC)[C@@H](C)CC)C(=O)N[C@@H](C)C(=O)N[C@@H](CCCC[NH3+])C(=O)N[C@@H](CCC(=O)O)C(=O)N[C@H](C(=O)N[C@@H](CC(C)C)C(=O)N[C@@H](CCCC[NH3+])C(=O)N[C@@H](C)C(=O)N[C@@H](CC(C)C)C(N)=O)C(C)C,0,-2.747684,1
CC[C@H](C)[C@H](NC(=O)[C@H](CCCC[NH3+])NC(=O)CNC(=O)[C@H](CC(C)C)NC(=O)[C@H](CO)NC(=O)[C@H](CCCC[NH3+])NC(=O)[C@H](CCCC[NH3+])NC(=O)[C@H](Cc1c[nH]c2ccccc12)NC(=O)[C@H](CO)NC(=O)[C@@H](N)C(C)C)C(=O)N[C@H](C(=O)N[C@@H](CCCC[NH3+])C(=O)N[C@H](C(=O)N[C@H](C(=O)N[C@@H](CCCC[NH3+])C(N)=O)C(C)C)C(C)C)[C@@H](C)CC,0,-6.2060986,1
CSCC[C@H](N)C(=O)N[C@@H](CS)C(=O)N1CCC[C@H]1C(=O)N1CCC[C@H]1C(=O)N[C@@H](CC(C)C)C(=O)N[C@@H](CS)C(=O)N[C@@H](C)C(=O)N1CCC[C@H]1C(=O)N[C@@H](CO)C(=O)N[C@@H](CS)C(=O)N[C@H](C(=O)N[C@@H](CC(N)=O)C(=O)N[C@@H](CS)C(N)=O)[C@@H](C)O,0,-6.183688,1
CC[C@H](C)[C@H](N)C(=O)N[C@@H](CC(C)C)C(=O)N1CCC[C@H]1C(=O)N[C@@H](Cc1c[nH]c2ccccc12)C(=O)N[C@@H](CCCC[NH3+])C(=O)N[C@@H](C)C(=O)N1CCC[C@H]1C(=O)N[C@@H](C)C(=O)N[C@@H](C)C(=O)N1CCC[C@H]1C(=O)N[C@@H](C)C(=O)N[C@@H](CCCNC(N)=[NH2+])C(=O)N[C@@H](CCCNC(N)=[NH2+])C(N)=O,0,0.28441167,1
CC[C@H](C)[C@H](NC(=O)[C@H](CO)NC(=O)[C@@H](NC(=O)[C@H](CS)NC(=O)[C@H](CCCC[NH3+])NC(=O)CNC(=O)[C@H](CCCNC(N)=[NH2+])NC(=O)[C@H](CO)NC(=O)[C@H](CS)NC(=O)[C@H](CCSC)NC(=O)[C@H](CC(C)C)NC(=O)CNC(=O)[C@H](CCSC)NC(=O)[C@H](CS)NC(=O)[C@H](CS)NC(=O)[C@@H](NC(O)C1CC(O)CN1C(O)C1CC(O)CN1C(=O)[C@H](CS)NC(=O)[C@H](CCCNC(N)=[NH2+])NC(=O)[C@H](CO)NC(=O)[C@H](CC(=O)O)NC(=O)[C@H](CCCNC(N)=[NH2+])NC(=O)CNC(=O)[C@H](CO)NC(=O)[C@H](CS)NC(=O)[C@@H](N)CO)C(C)C)C(C)C)C(=O)N[C@@H](Cc1ccc(O)cc1)C(=O)NCC(=O)N[C@H](C=O)CCC(=O)O,0,-1.6726991,1
CC[C@H](C)[C@H](NC(=O)CN)C(=O)NCC(=O)N[C@@H](CO)C(=O)N[C@@H](C)C(=O)N[C@H](C(=O)N[C@@H](CC(C)C)C(=O)N[C@@H](CO)C(=O)N[C@@H](C)C(=O)NCC(=O)N[C@@H](CCCC[NH3+])C(=O)N[C@@H](CO)C(=O)N[C@@H](C)C(=O)N[C@@H](CC(C)C)C(=O)N[C@@H](CCCC[NH3+])C(=O)NCC(=O)N[C@@H](CC(C)C)C(=O)N[C@@H](C)C(=O)N[C@@H](CCCC[NH3+])C(=O)NCC(=O)N[C@@H](CC(C)C)C(=O)N[C@@H](C)C(=O)N[C@@H](CCC(=O)O)C(=O)NC(CC1CNCN1)C(O)N[C@@H](Cc1ccccc1)C(=O)N[C@@H](C)C(=O)N[C@@H](CC(N)=O)C(N)=O)[C@@H](C)CC,0,-3.0264065,1
CC[C@H](C)[C@H](N)C(=O)N[C@@H](CC(C)C)C(=O)NCC(=O)N[C@@H](CCCC[NH3+])C(=O)N[C@@H](CC(C)C)C(=O)N[C@@H](CC(C)C)C(=O)N[C@@H](CCCC[NH3+])C(=O)N[C@H](C(=O)N[C@@H](C)C(=O)N[C@@H](C)C(=O)N[C@@H](CCCC[NH3+])C(=O)N[C@@H](CC(C)C)C(=O)N[C@@H](CC(C)C)C(=O)N[C@@H](CO)C(=O)N[C@@H](CC(N)=O)C(=O)N[C@@H](CC(C)C)C(N)=O)[C@@H](C)O,0,-2.4655712,1
C[C@H](NC(=O)[C@@H]1CCCN1C(O)C(CC1CNCN1)NC(=O)[C@H](CS)NC(=O)[C@H](CS)NC(=O)[C@@H](N)CCC(=O)O)C(=O)N[C@@H](CS)C(=O)NCC(=O)N[C@@H](CCCC[NH3+])C(=O)NC(CC1CNCN1)C(O)N[C@@H](Cc1ccccc1)C(=O)N[C@@H](CO)C(=O)N[C@@H](CS)C(N)=O,0,-7.8328285,1
C[C@H](NC(=O)[C@H](C)NC(=O)[C@H](CCCC[NH3+])NC(=O)[C@H](C)NC(=O)[C@H](Cc1ccccc1)NC(=O)[C@H](Cc1c[nH]c2ccccc12)NC(=O)[C@H](CCCC[NH3+])NC(=O)[C@H](Cc1ccccc1)NC(=O)[C@H](CCCC[NH3+])NC(=O)[C@H](CCCC[NH3+])NC(=O)[C@H](C)NC(=O)[C@H](Cc1ccccc1)NC(=O)[C@@H](N)CCCC[NH3+])C(=O)N[C@@H](Cc1ccccc1)C(=O)N[C@@H](CCCC[NH3+])C(=O)N[C@@H](Cc1ccccc1)C(=O)N[C@@H](Cc1ccccc1)C(=O)N[C@@H](CCCC[NH3+])C(=O)N[C@@H](CCCC[NH3+])C(N)=O,0,-3.1224306,1
CC(C)C[C@H](NC(=O)[C@H](CCCC[NH3+])NC(=O)[C@@H](N)CCCC[NH3+])C(=O)N[C@@H](Cc1ccccc1)C(=O)N[C@@H](CCCC[NH3+])C(=O)N[C@@H](CCCC[NH3+])C(=O)N[C@H](CC(C)C)C(=O)N[C@H](CC(C)C)C(=O)N[C@H](CCCC[NH3+])C(=O)N[C@H](Cc1ccc(O)cc1)C(=O)N[C@H](CC(C)C)C(N)=O,0,-3.4274104,1
CC[C@H](C)[C@H](NC(=O)[C@H](Cc1ccccc1)NC(=O)[C@H](CCCC[NH3+])NC(=O)[C@H](C)NC(=O)[C@@H](NC(=O)[C@H](CO)NC(=O)[C@H](CCCC[NH3+])NC(=O)[C@H](CCSC)NC(=O)[C@H](C)NC(=O)[C@H](CCCC[NH3+])NC(=O)[C@H](Cc1ccccc1)NC(=O)[C@H](Cc1c[nH]c2ccccc12)NC(=O)CNC(=O)[C@H](CCCC[NH3+])NC(=O)[C@@H](N)CCCNC(N)=[NH2+])[C@@H](C)CC)C(=O)N[C@@H](C)C(=O)N[C@@H](CCCC[NH3+])C(=O)N[C@@H](CCC(=O)O)C(=O)N[C@@H](CCCC[NH3+])C(=O)N[C@@H](CC(C)C)C(=O)N[C@@H](CCCC[NH3+])C(=O)N[C@@H](CCC(=O)O)C(=O)NC(CC1CNCN1)C(O)N[C@@H](CC(C)C)C(N)=O,0,-2.1285996,1
C[C@H](NC(=O)[C@H](C)NC(=O)[C@H](Cc1ccccc1)NC(=O)[C@H](C)NC(=O)[C@H](C)NC(=O)[C@H](Cc1c[nH]c2ccccc12)NC(=O)[C@H](C)NC(=O)[C@H](C)NC(=O)[C@H](Cc1ccccc1)NC(=O)[C@H](C)NC(=O)[C@H](C)NC(=O)[C@H](CCCC[NH3+])NC(=O)[C@H](CCCC[NH3+])NC(=O)[C@H](CCCC[NH3+])NC(=O)[C@H](CCCC[NH3+])NC(=O)[C@H](CCCC[NH3+])NC(=O)[C@@H](N)CCCC[NH3+])C(N)=O,0,-3.36572,1
CC(C)C[C@@H](NC(=O)[C@@H](C)NC(=O)[C@H]1CCCN1C(=O)[C@@H](CC(C)C)NC(=O)[C@@H](Cc1c[nH]c2ccccc12)NC(O)C(CC1CNCN1)NC(=O)[C@@H](CCCC[NH3+])NC(=O)[C@@H](CC(C)C)NC(=O)[C@@H](C)NC(=O)[C@@H](CCCC[NH3+])NC(=O)[C@@H](C)NC(=O)[C@@H](CC(C)C)NC(=O)[C@@H](C)NC(=O)[C@@H](CCCC[NH3+])NC(=O)[C@H](N)CCCC[NH3+])C(=O)NC(CC1CNCN1)C(O)N[C@H](CCCC[NH3+])C(=O)N[C@H](CC(C)C)C(=O)N[C@H](C)C(=O)N[C@H](CCCC[NH3+])C(=O)N[C@H](C)C(=O)N[C@H](CC(C)C)C(=O)N[C@H](C)C(=O)N[C@H](CCCC[NH3+])C(=O)N[C@H](CCCC[NH3+])C(N)=O,0,-1.3389753,1
CC[C@H](C)[C@H](NC(=O)CN)C(=O)NCC(=O)N[C@@H](C)C(=O)N[C@H](C(=O)N[C@@H](CC(C)C)C(=O)N[C@@H](CCCC[NH3+])C(=O)N[C@H](C(=O)N[C@@H](CC(C)C)C(=O)N[C@@H](C)C(=O)N[C@@H](CC(C)C)C(=O)N[C@H](C(=O)N[C@@H](CO)C(=O)N[C@@H](Cc1c[nH]c2ccccc12)C(=O)N[C@H](C(=O)N[C@@H](CCCC[NH3+])C(=O)N[C@@H](CCCNC(N)=[NH2+])C(=O)N[C@@H](CCCC[NH3+])C(=O)N[C@@H](CCCNC(N)=[NH2+])C(N)=O)[C@@H](C)CC)[C@@H](C)CC)C(C)C)C(C)C,0,-3.4858828,1
CC[C@H](C)[C@H](NC(=O)[C@H](CCCC[NH3+])NC(=O)[C@H](CCCC[NH3+])NC(=O)[C@H](C)NC(=O)[C@@H](NC(=O)CNC(=O)[C@H](CCCNC(N)=[NH2+])NC(=O)[C@H](CC(C)C)NC(=O)[C@@H](NC(=O)[C@@H](N)CCCC[NH3+])[C@@H](C)CC)C(C)C)C(=O)N[C@@H](CCSC)C(=O)N[C@@H](CCCNC(N)=[NH2+])C(=O)N[C@H](C(=O)N[C@@H](Cc1ccccc1)C(=O)N[C@@H](CC(C)C)C(=O)N[C@@H](CCCNC(N)=[NH2+])C(=O)N[C@@H](CCCNC(N)=[NH2+])C(=O)N[C@H](C(=O)N[C@@H](CO)C(=O)N[C@@H](CCCC[NH3+])C(=O)N[C@@H](CC(=O)O)C(=O)N[C@H](C(=O)N[C@@H](CC(C)C)C(=O)N[C@H](C(=O)NCC(=O)N[C@@H](CCCC[NH3+])C(=O)N[C@@H](CCCC[NH3+])C(N)=O)[C@@H](C)O)[C@@H](C)CC)[C@@H](C)CC)[C@@H](C)O,0,-1.0367454,1
CC[C@H](C)[C@H](NC(=O)[C@H](C)NC(O)C(CC1CNCN1)NC(=O)[C@@H]1CCCN1C(=O)[C@@H](NC(=O)[C@H](CC(C)C)NC(=O)[C@H](CO)NC(=O)[C@H](CC(C)C)NC(=O)[C@@H](N)Cc1ccccc1)[C@@H](C)CC)C(=O)N[C@@H](CC(N)=O)C(=O)N[C@@H](C)C(=O)N[C@H](C(=O)N[C@@H](CO)C(=O)N[C@H](C(=O)N[C@@H](CC(C)C)C(=O)N[C@H](C(=O)NC(CC1CNCN1)C(O)NC(CC1CNCN1)C(O)N[C@@H](CO)C(N)=O)C(C)C)[C@@H](C)O)C(C)C,0,-5.1482463,1
CC(C)C[C@H](NC(=O)[C@H](CCCC[NH3+])NC(=O)[C@H](Cc1ccc(O)cc1)NC(=O)CNC(=O)[C@H](CS)NC(=O)[C@H](CS)NC(=O)[C@@H](NC(=O)CNC(=O)[C@@H](N)CC(N)=O)C(C)C)C(=O)N[C@@H](CS)C(=O)NC(CC1CNCN1)C(O)N1CC(O)CC1C(O)N[C@H](C=O)CS,0,-6.056324,1
CC[C@H](C)[C@H](N)C(=O)N[C@@H](Cc1c[nH]c2ccccc12)C(=O)N[C@@H](CC(C)C)C(=O)N[C@H](C(=O)N[C@@H](C)C(=O)N[C@@H](CC(C)C)C(=O)N[C@@H](CCCC[NH3+])C(=O)N[C@@H](Cc1ccccc1)C(=O)N[C@@H](CC(C)C)C(=O)NCC(=O)N[C@@H](CCCC[NH3+])C(=O)NC(CC1CNCN1)C(O)N[C@@H](C)C(=O)N[C@@H](C)C(=O)N[C@@H](CCCC[NH3+])C(=O)NC(CC1CNCN1)C(O)N[C@@H](CC(C)C)C(=O)N[C@@H](C)C(=O)N[C@@H](CCCC[NH3+])C(=O)N[C@@H](CCC(N)=O)C(=O)N[C@@H](CCC(N)=O)C(=O)N[C@@H](CC(C)C)C(=O)N[C@@H](CO)C(=O)N[C@@H](CCCC[NH3+])C(=O)N[C@@H](CC(C)C)C(N)=O)[C@@H](C)O,0,-1.3389969,1
CCCC(CO)NC(=O)[C@@H]1CCCN1C(=O)[C@@H](NC(=O)[C@@H](NC(=O)[C@H](CC(=O)O)NC(C)=O)[C@@H](C)CC)C(C)C,0,-3.3362496,1
CC(C)C[C@H](NC(=O)[C@H](CC(C)C)NC(=O)[C@H](CCCC[NH3+])NC(=O)[C@H](CCCC[NH3+])NC(=O)[C@H](CC(C)C)NC(=O)[C@H](CC(C)C)NC(=O)[C@H](CCCC[NH3+])NC(=O)[C@H](CC(C)C)NC(=O)[C@@H]1CCCN1C(=O)[C@H](CCCC[NH3+])NC(=O)[C@H](CCCC[NH3+])NC(=O)[C@H](CC(C)C)NC(=O)[C@H](CC(C)C)NC(=O)[C@H](CCCC[NH3+])NC(=O)[C@H](CCCC[NH3+])NC(=O)[C@H](Cc1c[nH]c2ccccc12)NC(=O)[C@@H](N)CCCC[NH3+])C(N)=O,0,-3.7843502,1
N=C(N)NCCC[C@H](NC(=O)[C@@H]1CCCN1C(=O)[C@@H]1CSSC[C@H](N)C(=O)N[C@@H](Cc2ccc(O)cc2)C(=O)N[C@@H](Cc2ccccc2)C(=O)N[C@@H](CCC(N)=O)C(=O)N[C@@H](CC(N)=O)C(=O)N1)C(=O)NCC(N)=O,0,-2.8089013,1
CC[C@H](C)[C@@H](NC(=O)[C@@H](C)NC(=O)[C@@H](CCCC[NH3+])NC(=O)[C@@H](CC(C)C)NC(=O)[C@@H](CC(C)C)NC(=O)[C@H](NC(O)C(CC1CNCN1)NC(=O)[C@@H](CC(C)C)NC(=O)[C@H](NC(=O)[C@H](NC(=O)[C@@H](CCCC[NH3+])NC(=O)[C@@H](CCCC[NH3+])NC(=O)[C@@H](CC(C)C)NC(=O)[C@@H](CO)NC(=O)[C@@H](CCCC[NH3+])NC(=O)[C@@H](Cc1ccccc1)NC(=O)[C@H](NC(=O)[C@@H](CCCC[NH3+])NC(=O)[C@@H](CC(C)C)NC(=O)[C@@H](Cc1ccccc1)NC(=O)[C@@H](CO)NC(=O)[C@@H](CCCC[NH3+])NC(=O)[C@@H](Cc1c[nH]c2ccccc12)NC(=O)[C@@H](CCCC[NH3+])NC(C)=O)[C@@H](C)O)[C@@H](C)O)C(C)C)[C@@H](C)O)C(=O)N[C@H](CO)C(=O)N[C@@H](CO)C(N)=O,0,-4.522557,1
C[C@@H]1NC(=O)[C@@H]2CSSC[C@H](NC(=O)C[NH3+])C(=O)N[C@@H](CSSC[C@@H](C(N)=O)NC(=O)[C@H](CCCNC(N)=[NH2+])NC(=O)[C@H](Cc3c[nH]c4ccccc34)NC1=O)C(=O)N[C@@H](CO)C(=O)N[C@@H](CC(=O)O)C(=O)N1CCC[C@H]1C(=O)N[C@@H](CCCNC(N)=[NH2+])C(=O)N2,0,-2.0084789,1
CC(C)C[C@@H]1NC(=O)[C@@H](Cc2c[nH]c3ccccc23)NC(=O)[C@H](CCCC[NH3+])NC(O)C(CO)N(C)C(=O)[C@H](CC(N)=O)NC(=O)[C@@H](CCC(=O)O)NC(=O)[C@H](CO)NC(O)C(CC2CNC3CCCCC23)N(C)C1=O,0,-6.1366363,1
CC[C@H](C)[C@H](NC(O)C(CC1CNCN1)NC(=O)[C@H](CCCC[NH3+])NC(=O)[C@H](CC(C)C)NC(=O)[C@H](CC(C)C)NC(=O)[C@H](CO)NC(=O)[C@H](CCSC)NC(=O)[C@H](Cc1c[nH]c2ccccc12)NC(=O)[C@H](CCCC[NH3+])NC(=O)CN)C(=O)N[C@@H](CC(C)C)C(=O)N[C@@H](CCCC[NH3+])C(N)=O,0,-5.6223183,1
CSCC[C@H](NC(=O)[C@H](CCC(=O)O)NC(=O)[C@H](CC(=O)O)NC(C)=O)C(=O)N[C@@H](CCC(=O)O)C(=O)NC(CC1CCC2CCCCC2C1)C(O)N[C@H](C=O)CS,0,-1.2875371,1
CC(C)C[C@H]1NC(=O)CNC(=O)[C@@H](CC(N)=O)NC(=O)[C@H](CCCNC(N)=[NH2+])NC(=O)[C@H]([C@@H](C)O)NC(=O)[C@H](CS)NC(=O)[C@H](C(C)C)NC(=O)[C@@H]2CCCN2C(=O)[C@H](Cc2c[nH]c3ccccc23)NC(=O)[C@H](CO)NC(=O)[C@H](CS)NC(=O)[C@H](CO)NC(=O)[C@H](CS)NC(=O)CNC(=O)[C@@H]2CCCN2C(=O)[C@H]([C@@H](C)O)NC(=O)[C@H](Cc2ccc(O)cc2)NC(=O)[C@H](CS)NC(=O)[C@H](CO)NC(=O)CNC(=O)[C@H](Cc2ccccc2)NC(=O)[C@H](C)NC(=O)[C@H](CS)NC(=O)[C@H]([C@@H](C)O)NC(=O)[C@H](CCC(=O)O)NC(=O)CNC(=O)[C@H](CS)NC(=O)[C@H](C(C)C)NC(=O)[C@@H]2CCCN2C1=O,0,-6.92455,1
CC(C)[C@@H]1NC(=O)[C@H](CCCC[NH3+])NC(=O)[C@H](C)NC(=O)[C@@H]2CCCN2C(=O)[C@@H](Cc2ccc(O)cc2)NC(=O)[C@H](C(C)C)NC(=O)[C@@H](CCCC[NH3+])NC(=O)[C@H](C)NC(=O)[C@H](CCCC[NH3+])NC(=O)[C@H](C(C)C)NC(=O)[C@H]2CCCN2C(=O)[C@@H](Cc2ccc(O)cc2)NC(=O)[C@H](C)NC(=O)[C@H](CCCC[NH3+])NC1=O,0,-4.7718534,1
CC[C@H](C)[C@H](NC(=O)CNC(=O)[C@H](C)NC(=O)[C@H](CS)NC(=O)[C@H](C)NC(=O)[C@H](C)NC(=O)[C@H](CCCNC(N)=[NH2+])NC(=O)[C@H](CO)NC(=O)[C@H](CS)NC(=O)[C@H](CS)NC(=O)CN)C(=O)NC(CC1CNCN1)C(O)N[C@@H](CCC(N)=O)C(=O)N[C@@H](CCC(=O)O)C(=O)N[C@@H](CC(C)C)C(=O)N[C@@H](CS)C(N)=O,0,-6.045583,1
CC(C)C[C@H](NC(=O)[C@H](CCCNC(N)=[NH2+])NC(=O)[C@H](CCCC[NH3+])NC(=O)[C@H](CCCC[NH3+])NC(=O)[C@H](CC(C)C)NC(=O)[C@H](CC(N)=O)NC(=O)[C@H](C)NC(=O)[C@H](Cc1ccccc1)NC(=O)[C@H](CCCNC(N)=[NH2+])NC(=O)[C@H](CCCNC(N)=[NH2+])NC(=O)[C@H](CCCC[NH3+])NC(=O)[C@H](Cc1ccccc1)NC(=O)[C@H](CO)NC(=O)[C@H](C)NC(=O)CNC(=O)[C@H](Cc1ccccc1)NC(=O)[C@H](CCCC[NH3+])NC(=O)[C@H](CCCC[NH3+])NC(=O)[C@H](Cc1ccccc1)NC(=O)[C@H](Cc1ccc(O)cc1)NC(=O)[C@H](CCC(=O)O)NC(=O)[C@H](CCCC[NH3+])NC(=O)[C@H](CCCNC(N)=[NH2+])NC(=O)[C@H](CCCC[NH3+])NC(=O)CNC(=O)[C@H](Cc1ccccc1)NC(=O)[C@H](Cc1ccccc1)NC(=O)CN)C(N)=O,0,-0.89006215,1
CC[C@H](C)[C@H](NC(=O)[C@@H](N)CCCC[NH3+])C(=O)N[C@@H](CCCC[NH3+])C(=O)N[C@H](C(=O)N1CCC[C@H]1C(=O)N[C@@H](Cc1c[nH]c2ccccc12)C(=O)NCC(=O)N[C@@H](CCCC[NH3+])C(=O)N[C@H](C(=O)N[C@@H](CCCC[NH3+])C(=O)N[C@@H](CC(=O)O)C(=O)N[C@@H](Cc1ccccc1)C(=O)N[C@@H](CC(C)C)C(=O)N[C@H](C(=O)NCC(=O)NCC(=O)N[C@@H](CCSC)C(=O)N[C@@H](CCCC[NH3+])C(=O)N[C@@H](C)C(=O)N[C@H](C(N)=O)C(C)C)C(C)C)C(C)C)[C@@H](C)CC,0,-2.1082964,1
CC[C@H](C)[C@H](NC(=O)[C@H](Cc1ccccc1)NC(=O)[C@@H]1CCCN1C(=O)[C@H](C)NC(=O)[C@@H](NC(=O)[C@@H](N)CC(C)C)[C@@H](C)CC)C(=O)N[C@@H](CCCNC(N)=[NH2+])C(=O)N[C@@H](CC(=O)O)C(=O)N[C@@H](Cc1ccc(O)cc1)C(=O)N[C@@H](CS)C(=O)N[C@@H](CS)C(=O)N1CCC[C@H]1C(=O)N[C@@H](CCCNC(N)=[NH2+])C(=O)NCC(=O)N1CCC[C@H]1C(=O)N[C@@H](CS)C(=O)N[C@@H](CCSC)C(=O)N[C@H](C(=O)N[C@@H](Cc1c[nH]c2ccccc12)C(=O)N[C@@H](CS)C(N)=O)C(C)C,0,-3.164283,1
C[C@H](NC(=O)[C@H](C)NC(=O)[C@H](C)NC(=O)[C@H](Cc1ccccc1)NC(=O)[C@H](C)NC(=O)[C@H](C)NC(=O)[C@H](Cc1c[nH]c2ccccc12)NC(=O)[C@H](C)NC(=O)[C@H](C)NC(=O)[C@H](Cc1ccccc1)NC(=O)[C@H](C)NC(=O)[C@H](C)NC(=O)[C@H](C)NC(=O)[C@H](C)NC(=O)[C@H](C)NC(=O)[C@H](Cc1ccccc1)NC(=O)[C@H](C)NC(=O)[C@H](C)NC(=O)[C@H](C)NC(=O)[C@H](CCCC[NH3+])NC(=O)[C@H](CCCC[NH3+])NC(=O)[C@H](CCCC[NH3+])NC(=O)[C@H](CCCC[NH3+])NC(=O)[C@H](CCCC[NH3+])NC(=O)[C@@H](N)CCCC[NH3+])C(N)=O,0,-1.5245835,1
CC(C)C[C@H](NC(=O)[C@H](C)NC(=O)[C@H](CC(C)C)NC(=O)[C@H](C)NC(=O)[C@@H](N)Cc1c[nH]c2ccccc12)C(N)=O,0,-4.965869,1
CC[C@H](C)[C@H](NC(=O)[C@H](CC(C)C)NC(=O)[C@H](CO)NC(=O)[C@@H](NC(=O)[C@@H](NC(=O)[C@H](CC(C)C)NC(=O)CN)C(C)C)[C@@H](C)O)C(=O)N[C@@H](CCCC[NH3+])C(=O)NCC(=O)N[C@@H](C)C(=O)NCC(=O)N[C@@H](CCCC[NH3+])C(=O)N[C@@H](CC(C)C)C(=O)N[C@@H](CC(C)C)C(=O)NCC(=O)NCC(=O)N[C@@H](CC(C)C)C(=O)N[C@@H](Cc1ccccc1)C(=O)NCC(=O)N[C@@H](CO)C(=O)N[C@H](C(=O)N[C@H](C(=O)NCC(N)=O)[C@@H](C)O)C(C)C,0,-2.7025082,1
CC[C@H](C)[C@H](NC(=O)[C@@H](NC(=O)[C@@H]1CCCN1C(=O)[C@H](CC(C)C)NC(=O)[C@@H](N)Cc1ccccc1)[C@@H](C)CC)C(=O)N[C@H](C(=O)N[C@@H](CC(N)=O)C(=O)N[C@@H](CC(C)C)C(=O)N[C@@H](CC(C)C)C(=O)NCC(=O)N[C@@H](CCCC[NH3+])C(=O)N[C@@H](CC(C)C)C(=O)N[C@@H](CC(C)C)C(N)=O)[C@@H](C)O,0,-4.3915873,1
CC[C@H](C)[C@H](NC(=O)[C@@H]1CCCN1C(=O)[C@H](CC(C)C)NC(=O)[C@@H](N)Cc1ccccc1)C(=O)N[C@H](C(=O)NCC(=O)N[C@@H](CCCC[NH3+])C(=O)N[C@@H](CC(C)C)C(=O)N[C@@H](CC(C)C)C(=O)N[C@@H](CO)C(=O)NCC(=O)N[C@@H](CC(C)C)C(=O)N[C@@H](CC(C)C)C(N)=O)C(C)C,0,-5.0935974,1
C[C@H](NC(O)C(CC1CNCN1)NC(=O)[C@H](Cc1ccc(O)cc1)NC(=O)[C@H](CCC(=O)O)NC(=O)[C@H](Cc1c[nH]c2ccccc12)NC(=O)[C@@H](N)CC(=O)O)C(=O)NC(CC1CNCN1)C(O)N1CCC[C@H]1C(=O)N[C@@H](CCCC[NH3+])C(=O)N1CC(O)CC1C(O)N[C@@H](CC(N)=O)C(=O)N[C@@H](CO)C(=O)N[C@H](Cc1ccccc1)C(=O)N[C@@H](Cc1c[nH]c2ccccc12)C(=O)N[C@H](C=O)[C@@H](C)O,0,2.0882394,1
CC[C@H](C)[C@H](NC(=O)[C@H](CC(=O)O)NC(=O)[C@H](CCSC)NC(=O)[C@@H](NC(=O)[C@@H](NC(=O)[C@H](CCC(=O)O)NC(=O)[C@H](Cc1ccc(O)cc1)NC(=O)[C@H](Cc1ccccc1)NC(=O)[C@H](CCCCN)NC(=O)[C@H](CCC(N)=O)NC(=O)[C@H](CCC(N)=O)NC(=O)[C@H](CC(C)C)NC(=O)[C@H](CC(=O)O)NC(=O)[C@H](CCCCN)NC(=O)[C@@H](NC(=O)[C@H](CCC(N)=O)NC(=O)[C@H](CC(N)=O)NC(=O)[C@H](Cc1ccc(O)cc1)NC(=O)[C@H](Cc1c[nH]c2ccccc12)NC(=O)[C@H](CCC(=O)O)NC(=O)CNC(=O)[C@H](CC(C)C)NC(=O)[C@@H](NC(=O)[C@@H](NC(=O)[C@H](CC(N)=O)NC(=O)CNC(=O)[C@H](Cc1c[nH]cn1)NC(=O)[C@H](CC(N)=O)NC(=O)[C@@H](N)Cc1c[nH]c2ccccc12)[C@@H](C)CC)[C@@H](C)O)[C@@H](C)O)[C@@H](C)CC)[C@@H](C)CC)C(=O)N[C@@H](CCC(=O)O)C(=O)N[C@@H](CCC(N)=O)C(=O)N[C@@H](CC(N)=O)C(=O)N[C@@H](CC(N)=O)C(=O)N[C@H](C(=O)N[C@@H](CCC(N)=O)C(=O)O)C(C)C,0,-2.9158375,1
CC[C@H](C)[C@@H]1NC(=O)[C@H](C)NC(=O)[C@H](CO)NC(=O)[C@H](CO)NC(=O)[C@H]([C@@H](C)CC)NC(=O)[C@H](CS)NC(=O)[C@@H]2CCCN2C(=O)[C@H]([C@@H](C)CC)NC(=O)[C@H](Cc2c[nH]c3ccccc23)NC(=O)[C@H](C(C)C)NC(=O)[C@H](CS)NC(=O)[C@H](CO)NC(=O)[C@H](CCC(=O)O)NC(=O)CNC(=O)[C@H](CS)NC(=O)[C@H]2CCCN2C(=O)[C@H]([C@@H](C)CC)NC(=O)CNC(=O)[C@H](CC(N)=O)NC(=O)[C@H](CCCNC(N)=[NH2+])NC(=O)[C@H](Cc2ccc(O)cc2)NC(=O)[C@H](CS)NC(=O)[C@H](C(C)C)NC(=O)[C@H](CCCC[NH3+])NC(=O)[C@H](CO)NC(=O)[C@H](CCCC[NH3+])NC(=O)[C@H](CS)NC(=O)[C@H](CO)NC(=O)[C@H](CS)NC(=O)CNC1=O,0,-7.805333,1
CSCC[C@@H](C=O)NC(=O)[C@H](CC(C)C)NC(=O)CNC(=O)[C@@H](NC(=O)[C@H](Cc1ccccc1)NC(=O)[C@H](CCC(N)=O)NC(=O)[C@H](CC(=O)O)NC(=O)[C@H](CO)NC(=O)[C@H](CCCCN)NC(=O)[C@@H]1CCCN1C(=O)[C@@H](NC(=O)[C@@H](N)CC(=O)O)C(C)C)C(C)C,0,3.4281654,1
CC[C@H](C)[C@H](NC(=O)[C@H](CCC(N)=O)NC(=O)[C@@H]1CCCN1C(=O)[C@H](CC(N)=O)NC(O)C(CC1CNCN1)NC(=O)[C@@H](NC(=O)[C@@H](NC(=O)[C@H](CS)NC(=O)[C@@H](NC(=O)[C@@H]1CCCN1C(=O)[C@H](CC(N)=O)NC(=O)[C@H](CO)NC(=O)[C@H](CS)NC(=O)[C@@H](N)CS)C(C)C)[C@@H](C)O)C(C)C)C(=O)N[C@@H](CS)C(N)=O,0,-7.919176,1
CC(=O)N[C@@H](CC(=O)O)C(=O)N[C@@H](CCC(=O)O)C(=O)N[C@@H](Cc1ccccc1)C(=O)N[C@@H](CCC(=O)O)C(=O)NC(CC1CCCCC1)C(O)N[C@H](C=O)CS,0,-2.0557818,1
CC(C)C[C@H](NC(=O)[C@H](CCCC[NH3+])NC(=O)[C@H](CC(C)C)NC(=O)[C@H](CCCC[NH3+])NC(=O)[C@H](CC(C)C)NC(=O)[C@H](C)NC(=O)[C@H](CCCC[NH3+])NC(=O)[C@H](C)NC(=O)[C@H](CC(C)C)NC(=O)[C@H](CC(C)C)NC(=O)[C@H](CCCC[NH3+])NC(=O)[C@H](C)NC(=O)[C@@H](N)Cc1ccccc1)C(N)=O,0,-4.011429,1
CC(C)C[C@H](NC(=O)[C@H](CC(N)=O)NC(=O)[C@H](CO)NC(O)C(CC1CNCN1)NC(=O)[C@H](CCC(=O)O)NC(=O)[C@H](CC(C)C)NC(O)C(CC1CNCN1)NC(=O)[C@H](CS)NC(=O)[C@@H](NC(=O)[C@@H]1CCCN1C(=O)[C@H](CC(N)=O)NC(=O)[C@H](CO)NC(=O)[C@H](CS)NC(=O)[C@H](CS)NC(=O)CNC(=O)[C@@H]1CCCN1C(=O)[C@H](CC(=O)O)NC(=O)[C@@H](N)CCCNC(N)=[NH2+])C(C)C)C(=O)N[C@@H](CS)C(N)=O,0,-7.266937,1
C[C@H](NC(=O)[C@H](CS)NC(=O)[C@H](CCCNC(N)=[NH2+])NC(=O)[C@@H]1CCCN1C(=O)[C@H](CC(=O)O)NC(=O)[C@H](CO)NC(=O)[C@H](CS)NC(=O)[C@H](CS)NC(=O)CN)C(=O)N[C@H](C(=O)N[C@@H](CCCNC(N)=[NH2+])C(=O)N[C@@H](CS)C(N)=O)[C@@H](C)O,0,-6.0779095,1
CC(C)C[C@@H](NC(=O)[C@@H](C)NC(=O)[C@@H](CC(C)C)NC(=O)[C@@H](CCCC[NH3+])NC(=O)[C@@H](CCCC[NH3+])NC(=O)[C@@H](CC(C)C)NC(=O)[C@@H](C)NC(=O)[C@H]1CCCN1C(=O)[C@@H](CC(C)C)NC(=O)[C@@H](Cc1c[nH]c2ccccc12)NC(=O)[C@@H](CCCC[NH3+])NC(=O)[C@@H](CCCC[NH3+])NC(=O)[C@@H](CC(C)C)NC(=O)[C@@H](C)NC(=O)[C@@H](CC(C)C)NC(=O)[C@@H](CC(C)C)NC(=O)[C@@H](C)NC(=O)[C@@H](CC(C)C)NC(=O)[C@@H](CCCC[NH3+])NC(=O)[C@H](N)CCCC[NH3+])C(=O)N[C@H](CC(C)C)C(=O)N[C@H](C)C(=O)N[C@H](CC(C)C)C(=O)N[C@H](CCCC[NH3+])C(=O)N[C@H](CCCC[NH3+])C(N)=O,0,-0.5352096,1
C[C@@H]1NC(=O)[C@@H]2CSSC[C@H](NC(=O)[C@@H](NC(=O)CN)CSSC[C@@H](C(=O)O)NC(=O)[C@H](CCCNC(N)=[NH2+])NC(=O)[C@H](Cc3c[nH]c4ccccc34)NC1=O)C(=O)N[C@@H](CO)C(=O)N[C@@H](CC(=O)O)C(=O)N[C@@H](CCCCN)C(=O)N[C@@H](CCCNC(N)=[NH2+])C(=O)N2,0,-1.1767372,1
CC[C@H](C)[C@H](NC(=O)[C@@H](NC(=O)[C@@H]1CCCN1C(=O)[C@@H](NC(=O)[C@@H](NC(O)C(CC1CNCN1)NC(=O)[C@@H]1CCCN1C(=O)[C@H](CC(C)C)NC(=O)[C@H](CC(C)C)NC(O)C(CC1CNCN1)NC(=O)[C@H](CCCC[NH3+])NC(=O)[C@H](C)NC(=O)[C@@H](NC(=O)[C@H](CO)NC(=O)CNC(=O)[C@H](CC(C)C)NC(=O)[C@@H](NC(=O)[C@H](CO)NC(=O)[C@H](Cc1ccccc1)NC(=O)[C@H](CC(C)C)NC(=O)CN)C(C)C)C(C)C)C(C)C)C(C)C)C(C)C)C(=O)N[C@@H](C)C(=O)N[C@@H](CCC(=O)O)C(=O)N[C@@H](CCCC[NH3+])C(=O)N[C@@H](CC(C)C)C(N)=O,0,-5.1019983,1
CC[C@H](C)[C@H](NC(=O)CNC(=O)[C@H](CO)NC(=O)[C@H](CC(C)C)NC(=O)[C@H](C)NC(=O)[C@H](CCCNC(N)=[NH2+])NC(=O)CNC(=O)[C@@H](NC(=O)[C@H](CC(C)C)NC(=O)[C@@H]1CCCN1C(=O)[C@H](CC(C)C)NC(=O)[C@@H](N)Cc1ccccc1)[C@@H](C)CC)C(=O)N[C@@H](CC(C)C)C(N)=O,0,-3.5231063,1
CC(C)C[C@H](NC(=O)[C@H](CCCC[NH3+])NC(=O)[C@H](CCCC[NH3+])NC(=O)[C@H](CC(C)C)NC(=O)[C@H](C)NC(=O)[C@H](CCCC[NH3+])NC(=O)[C@H](CC(C)C)NC(=O)[C@H](C)NC(=O)[C@H](CC(C)C)NC(=O)[C@H](C)NC(=O)[C@@H](N)C(C)C)C(N)=O,0,-3.6211545,1
C[C@H](NC(=O)[C@@H]1CCCN1C(=O)[C@H](CC(N)=O)NC(=O)[C@H](CCCNC(N)=[NH2+])NC(=O)[C@H](CS)NC(=O)[C@H](CS)NC(=O)CNC(=O)[C@@H](N)CC(N)=O)C(=O)N[C@@H](CS)C(=O)N[C@@H](CCC(=O)O)C(=O)N[C@@H](CO)C(=O)NC(CC1CNCN1)C(O)N[C@@H](CCCNC(N)=[NH2+])C(=O)N[C@@H](CS)C(N)=O,0,-5.2797065,1
C[C@H](NC(=O)[C@H](CS)NC(=O)[C@H](CC(=O)O)NC(=O)[C@@H]1CCCN1C(=O)[C@H](CCCNC(N)=[NH2+])NC(=O)[C@H](CO)NC(=O)[C@H](CS)NC(=O)[C@H](CS)NC(=O)CN)C(=O)N[C@@H](Cc1c[nH]c2ccccc12)C(=O)N[C@@H](CCCNC(N)=[NH2+])C(=O)N[C@@H](CS)C(N)=O,0,-5.343135,1
CC(C)C[C@H]1NC(=O)CNC(=O)[C@H](CC(N)=O)NC(=O)[C@@H](CCCNC(N)=[NH2+])NC(=O)[C@H]([C@@H](C)O)NC(=O)[C@H](CS)NC(=O)[C@H](CCCC[NH3+])NC(=O)[C@@H]2CCCN2C(=O)[C@H](Cc2c[nH]c3ccccc23)NC(=O)[C@H](CO)NC(=O)[C@H](CS)NC(=O)[C@H]([C@@H](C)O)NC(=O)[C@H](CS)NC(=O)CNC(=O)[C@@H]2CCCN2C(=O)[C@H]([C@@H](C)O)NC(=O)[C@H](CC(N)=O)NC(=O)[C@H](CS)NC(=O)[C@H]([C@@H](C)O)NC(=O)CNC(=O)CNC(=O)[C@H](C(C)C)NC(=O)[C@H](CS)NC(=O)[C@H]([C@@H](C)O)NC(=O)[C@H](CCC(=O)O)NC(=O)CNC(=O)[C@H](CS)NC(=O)[C@H](C(C)C)NC(=O)[C@@H]2CCCN2C1=O,0,-8.021286,1
CC(C)C[C@H](NC(=O)[C@H](Cc1ccc(O)cc1)NC(=O)[C@@H]1CCCN1C(=O)[C@@H](N)Cc1c[nH]c2ccccc12)C(=O)N1CCC[C@H]1C(=O)N[C@@H](Cc1c[nH]c2ccccc12)C(=O)N[C@@H](CCCNC(N)=[NH2+])C(=O)N[C@@H](CCCNC(N)=[NH2+])C(N)=O,0,-3.2662199,1
CC[C@H](C)[C@H](NC(=O)[C@H](C)NC(=O)[C@H](CO)NC(=O)CNC(=O)[C@@H]1CCCN1C(=O)CN)C(=O)N[C@@H](CS)C(=O)N[C@@H](CC(N)=O)C(=O)N[C@@H](CCSC)C(=O)N[C@@H](C)C(=O)N[C@@H](CS)C(=O)N[C@@H](CCCNC(N)=[NH2+])C(=O)N[C@@H](CC(C)C)C(=O)N[C@@H](CCC(=O)O)C(=O)NC(CC1CNCN1)C(O)NCC(=O)NC(CC1CNCN1)C(O)N[C@@H](CC(C)C)C(=O)N[C@@H](Cc1ccc(O)cc1)C(=O)N1CCC[C@H]1C(=O)N[C@@H](Cc1ccccc1)C(=O)N[C@@H](CS)C(=O)N[C@@H](CC(N)=O)C(=O)N[C@@H](CS)C(=O)N[C@@H](CC(=O)O)C(N)=O,0,-5.6494355,1
CC(C)C[C@H](NC(=O)[C@H](C)NC(=O)[C@H](CC(C)C)NC(=O)[C@H](C)NC(=O)[C@H](CCCC[NH3+])NC(=O)[C@H](CCCC[NH3+])NC(=O)[C@H](C)NC(=O)[C@H](CC(C)C)NC(=O)[C@H](CCCC[NH3+])NC(=O)[C@H](C)NC(=O)[C@H](CC(C)C)NC(=O)[C@H](CCCC[NH3+])NC(=O)[C@H](CCCC[NH3+])NC(=O)[C@H](C)NC(=O)[C@@H](N)Cc1ccccc1)C(N)=O,0,-3.7008986,1
CC[C@H](C)[C@H](NC(=O)[C@@H](N)Cc1ccccc1)C(=O)N[C@H](C(=O)N[C@H](C(=O)NC(CC1CNCN1)C(N)O)C(C)C)[C@@H](C)O,0,-3.7978306,1
CC[C@H](C)[C@H](NC(=O)[C@H](CC(=O)O)NC(=O)[C@H](Cc1ccccc1)NC(=O)[C@H](CC(C)C)NC(=O)CN)C(=O)N[C@H](C(=O)N[C@@H](CCCC[NH3+])C(=O)N[C@@H](CCCC[NH3+])C(=O)N[C@H](C(=O)N[C@H](C(=O)NCC(=O)N[C@@H](C)C(=O)N[C@@H](CC(C)C)C(=O)NCC(=O)N[C@@H](CO)C(=O)N[C@@H](CC(C)C)C(N)=O)C(C)C)C(C)C)C(C)C,0,-5.213654,1
CC[C@H](C)[C@@H]1NC(=O)[C@H](CC(C)C)NC(=O)[C@H](C)NC(=O)[C@H]([C@@H](C)O)NC(=O)[C@H](C(C)C)NC(=O)[C@H]([C@@H](C)O)NC(=O)[C@H](CS)NC(=O)[C@@H]2CCCN2C(=O)[C@H]([C@@H](C)CC)NC(=O)[C@H](Cc2c[nH]c3ccccc23)NC(=O)[C@H](C(C)C)NC(=O)[C@H](CS)NC(=O)[C@H](CO)NC(=O)[C@H](CCC(=O)O)NC(=O)[C@H](C)NC(=O)[C@H](CS)NC(=O)[C@@H]2CCCN2C(=O)[C@@H]([C@@H](C)CC)NC(=O)CNC(=O)[C@H](CC(N)=O)NC(=O)[C@@H](Cc2ccc(O)cc2)NC(=O)[C@H](CS)NC(=O)[C@H](C(C)C)NC(=O)[C@H](CCCC[NH3+])NC(=O)[C@H](CC(N)=O)NC(=O)[C@H](CO)NC(=O)[C@H](CS)NC(=O)CNC(=O)[C@H](CS)NC(=O)CNC1=O,0,-8.210978,1
CC(C)C[C@H](NC(=O)[C@H](CCCC[NH3+])NC(=O)[C@H](CCCC[NH3+])NC(=O)[C@H](Cc1c[nH]c2ccccc12)NC(=O)[C@@H](N)CCCC[NH3+])C(=O)N[C@@H](CC(C)C)C(=O)N[C@@H](CCCC[NH3+])C(=O)N[C@@H](CCCC[NH3+])C(=O)N1CCC[C@H]1C(=O)N[C@@H](CC(C)C)C(=O)N[C@@H](CC(C)C)C(=O)N[C@@H](CCCC[NH3+])C(=O)N[C@@H](CCCC[NH3+])C(N)=O,0,-3.0283926,1
CC[C@H](C)[C@H](NC(=O)[C@H](CO)NC(=O)[C@H](CCCC[NH3+])NC(=O)[C@H](CC(C)C)NC(=O)[C@H](CCCC[NH3+])NC(=O)[C@@H](N)CC(C)C)C(=O)N[C@H](C(=O)N[C@@H](CO)C(=O)N[C@@H](Cc1c[nH]c2ccccc12)C(=O)N[C@@H](C)C(=O)N[C@@H](CCCC[NH3+])C(=O)N[C@@H](CC(C)C)C(=O)N[C@H](C(=O)N[C@@H](CC(C)C)C(N)=O)C(C)C)C(C)C,0,-4.9116745,1
CC[C@H](C)[C@@H]1NC(=O)[C@H](CS)NC(=O)[C@@H]2CCCN2C(=O)[C@H]([C@@H](C)CC)NC(=O)[C@H](Cc2c[nH]c3ccccc23)NC(=O)[C@H](C(C)C)NC(=O)[C@H](CS)NC(=O)[C@H](CO)NC(=O)[C@H](CCC(=O)O)NC(=O)[C@@H](CS)NC(=O)[C@H]2CCCN2C(=O)[C@H](CC(C)C)NC(=O)[C@@H]([C@@H](C)O)NC(=O)CNC(=O)[C@H](CC(N)=O)NC(=O)[C@H](CCCC[NH3+])NC(=O)[C@H](Cc2ccc(O)cc2)NC(=O)[C@H](CS)NC(=O)[C@H](C(C)C)NC(=O)[C@H](CCCC[NH3+])NC(=O)[C@H](CO)NC(=O)[C@H](CCCC[NH3+])NC(=O)[C@H](CS)NC(=O)[C@H](CO)NC(=O)[C@H](CS)NC(=O)CNC(=O)[C@H](C(C)C)NC(=O)[C@H](C(C)C)NC(=O)[C@H](CO)NC(=O)[C@H](CO)NC1=O,0,-8.52053,1
CC(=O)N[C@@H](CCCNC(N)=[NH2+])C(=O)N[C@@H](CCCNC(N)=[NH2+])C(=O)N[C@@H](Cc1c[nH]c2ccccc12)C(=O)N[C@@H](Cc1c[nH]c2ccccc12)C(=O)N[C@@H](CS)C(=O)N[C@@H](CCCNC(N)=[NH2+])C(=O)N[C@H](C(N)=O)C(C)C,0,-1.2520294,1
CCCC(CO)NC(=O)[C@@H]1CCCN1C(=O)[C@@H](NC(=O)[C@@H](NC(=O)[C@H](CC(=O)O)NC(=O)[C@@H](CC(=O)O)NC(C)=O)[C@@H](C)CC)C(C)C,0,-3.7089293,1
CC[C@H](C)[C@H](NC(O)C(C)(C)NC(=O)[C@H](CCCC[NH3+])NC(=O)CNC(=O)[C@H](CC(C)C)NC(O)C(C)(C)NC(=O)[C@H](CCCC[NH3+])NC(=O)[C@H](CCCC[NH3+])NC(=O)[C@H](Cc1c[nH]c2ccccc12)NC(=O)[C@H](CC(N)=O)NC(=O)[C@@H](N)C(C)C)C(=O)N[C@@H](CCCC[NH3+])C(=O)NC(C)(C)C(O)N[C@H](C(=O)N[C@@H](CCCC[NH3+])C(N)=O)C(C)C,0,-5.7006817,1
CC[C@H](C)[C@H](NC(=O)[C@H](CC(C)C)NC(=O)[C@H](CCC(=O)O)NC(=O)[C@@H](CC(=O)O)NC(C)=O)C(=O)NC(CC1CCCCC1)C(O)N[C@@H](CS)C(=O)N1CCC[C@H]1C(=O)NC(CC1CCCCC1)C(O)N[C@@H](CC(=O)O)C(=O)N[C@@H](CC(C)C)C(=O)N1CCC[C@@H]1C(=O)N[C@@H](Cc1ccc(O)cc1)C(=O)N[C@@H](CCCC[NH3+])C(N)=O,0,-3.9503133,1
CC(C)C[C@H](NC(=O)[C@H](CCCNC(N)=[NH2+])NC(=O)[C@H](CCCNC(N)=[NH2+])NC(=O)[C@H](Cc1ccc(O)cc1)NC(=O)[C@H](CC(C)C)NC(=O)[C@H](CCCNC(N)=[NH2+])NC(=O)[C@H](CCCNC(N)=[NH2+])NC(=O)[C@H](Cc1ccc(O)cc1)NC(=O)[C@H](CC(C)C)NC(=O)[C@H](CCCNC(N)=[NH2+])NC(=O)[C@H](CCCNC(N)=[NH2+])NC(=O)[C@H](Cc1ccc(O)cc1)NC(=O)[C@H](CC(C)C)NC(=O)[C@@H](N)CCCNC(N)=[NH2+])C(=O)N[C@@H](Cc1ccc(O)cc1)C(=O)N[C@@H](CCCNC(N)=[NH2+])C(=O)N[C@@H](CCCC[NH3+])C(=O)N[C@@H](CCCC[NH3+])C(=O)N[C@@H](CCCC[NH3+])C(N)=O,0,3.9337194,1
CC[C@H](C)[C@H](NC(=O)[C@H](CCCC[NH3+])NC(=O)[C@H](CCCNC(N)=[NH2+])NC(=O)[C@H](CCCC[NH3+])NC(=O)[C@H](CC(C)C)NC(=O)[C@H](CCCNC(N)=[NH2+])NC(=O)[C@H](CCCNC(N)=[NH2+])NC(=O)[C@H](CC(C)C)NC(=O)[C@H](CCCC[NH3+])NC(=O)[C@@H](N)CCCNC(N)=[NH2+])C(=O)N[C@@H](C)C(=O)NC(CC1CNCN1)C(O)N[C@@H](CCCC[NH3+])C(=O)N[C@H](C(=O)N[C@@H](CCCC[NH3+])C(=O)N[C@@H](CCCC[NH3+])C(=O)N[C@@H](Cc1ccc(O)cc1)C(N)=O)C(C)C,0,-0.020774141,1
CC[C@H](C)[C@H](NC(=O)[C@@H](NC(=O)[C@H](CO)NC(=O)[C@H](C)NC(=O)[C@@H](NC(=O)[C@H](CCCC[NH3+])NC(=O)[C@H](CCCC[NH3+])NC(=O)[C@@H](NC(=O)[C@@H](NC(=O)[C@H](CC(=O)O)NC(=O)[C@H](Cc1ccccc1)NC(=O)[C@H](CC(C)C)NC(=O)CN)C(C)C)[C@@H](C)CC)C(C)C)C(C)C)C(=O)N[C@@H](CCCC[NH3+])C(=O)N[C@@H](CCCC[NH3+])C(=O)N[C@@H](CC(C)C)C(N)=O,0,-5.1066628,1
CC(C)C[C@H](NC(=O)[C@H](CCCNC(N)=[NH2+])NC(=O)[C@@H](N)CCCNC(N)=[NH2+])C(=O)N[C@@H](CO)C(=O)N[C@@H](Cc1ccc(O)cc1)C(=O)N[C@@H](CO)C(=O)N[C@@H](CCCNC(N)=[NH2+])C(=O)N[C@@H](CCCNC(N)=[NH2+])C(=O)N[C@@H](CCCNC(N)=[NH2+])C(=O)N[C@@H](Cc1ccccc1)C(N)=O,0,2.0794363,1
C[C@H](NC(=O)[C@H](CCC(=O)O)NC(=O)[C@@H]1CCCN1C(O)C(CC1CNCN1)NC(=O)[C@H](CC(=O)O)NC(=O)[C@H](Cc1ccc(O)cc1)NC(=O)[C@H](CC(N)=O)NC(=O)[C@H](CS)NC(=O)[C@H](CCCNC(N)=[NH2+])NC(=O)[C@@H]1CCCN1C(=O)[C@H](CC(=O)O)NC(=O)[C@H](CO)NC(=O)[C@H](CS)NC(=O)[C@H](CS)NC(=O)CN)C(=O)N[C@@H](CS)C(N)=O,0,-5.9288406,1
CSCC[C@H](NC(=O)[C@@H](NC(=O)[C@H](CCCC[NH3+])NC(=O)[C@H](CCCNC(N)=[NH2+])NC(=O)[C@H](CS)NC(=O)[C@H](CO)NC(=O)[C@H](C)NC(=O)CNC(=O)[C@H](CCCC[NH3+])NC(=O)CNC(=O)[C@H](CCCC[NH3+])NC(=O)[C@@H](N)CS)[C@@H](C)O)C(=O)N[C@@H](Cc1ccc(O)cc1)C(=O)N[C@@H](CC(=O)O)C(=O)N[C@@H](CS)C(=O)N[C@@H](CS)C(=O)N[C@@H](CCCNC(N)=[NH2+])C(=O)NCC(=O)N[C@@H](CO)C(=O)N[C@@H](CS)C(=O)N[C@@H](CCCNC(N)=[NH2+])C(=O)N[C@@H](CO)C(=O)NCC(=O)N[C@@H](CCCNC(N)=[NH2+])C(=O)N[C@@H](CS)C(N)=O,0,-3.8686056,1
CC[C@H](C)[C@H](NC(O)C(CC1CNCN1)NC(=O)[C@H](CCCC[NH3+])NC(=O)[C@H](CC(C)C)NC(=O)[C@H](CC(C)C)NC(=O)[C@H](CO)NC(=O)[C@H](CCCC[NH3+])NC(=O)[C@H](Cc1c[nH]c2ccccc12)NC(=O)[C@H](CCCC[NH3+])NC(=O)CN)C(=O)N[C@@H](CC(C)C)C(=O)N[C@@H](CCCC[NH3+])C(N)=O,0,-5.7004395,1
CC[C@H](C)[C@H](N)C(=O)N[C@@H](CC(C)C)C(=O)N1CCC[C@H]1C(=O)N[C@H](C(=O)N[C@@H](CC(C)C)C(=O)NCC(=O)N[C@@H](CC(N)=O)C(=O)N[C@@H](CC(C)C)C(=O)N[C@@H](CC(C)C)C(=O)N[C@@H](CC(N)=O)C(=O)N[C@@H](CO)C(=O)N[C@@H](CC(C)C)C(=O)N[C@@H](CC(C)C)C(N)=O)[C@@H](C)CC,0,-3.5330384,1
CC[C@H](C)[C@@H]1NC(=O)[C@H](CC(C)C)NC(=O)[C@H](Cc2ccccc2)NC(=O)[C@H](Cc2ccccc2)NC(=O)[C@H](C)NC(=O)[C@@H]2CCCN2C(=O)[C@H](C(C)C)NC(=O)[C@H](CC(C)C)NC(=O)[C@H]([C@@H](C)CC)NC1=O,0,-4.6599984,1
CC[C@H](C)[C@H](NC(=O)[C@H](CCCC[NH3+])NC(=O)[C@H](CC(N)=O)NC(=O)[C@H](Cc1c[nH]c2ccccc12)NC(=O)[C@H](CC(C)C)NC(=O)CN)C(=O)N[C@@H](CCCC[NH3+])C(=O)N[C@@H](CCC(=O)O)C(=O)N[C@@H](C)C(=O)N[C@@H](C)C(=O)N[C@@H](CO)C(=O)N[C@@H](CCCC[NH3+])C(=O)N[C@@H](C)C(=O)N[C@@H](C)C(=O)NCC(=O)N[C@@H](CCCC[NH3+])C(=O)N[C@@H](C)C(=O)N[C@@H](C)C(=O)N[C@@H](CC(C)C)C(=O)NCC(=O)N[C@@H](Cc1ccccc1)C(=O)N[C@H](C(=O)N[C@@H](CC(N)=O)C(=O)N[C@@H](CCC(=O)O)C(=O)N[C@@H](CCSC)C(=O)N[C@H](C(N)=O)C(C)C)C(C)C,0,-1.1884911,1
CC[C@H](C)[C@H](NC(=O)[C@H](CCCC[NH3+])NC(=O)[C@@H]1CCCN1C(=O)[C@H](CC(C)C)NC(=O)[C@H](Cc1ccccc1)NC(=O)[C@H](CC(N)=O)NC(=O)[C@H](C)NC(=O)[C@H](C)NC(=O)[C@H](CC(C)C)NC(=O)CNC(=O)[C@H](C)NC(=O)[C@H](CC(C)C)NC(=O)[C@H](CC(C)C)NC(=O)[C@@H]1CCCN1C(=O)[C@H](CC(C)C)NC(=O)[C@@H](N)Cc1ccccc1)C(=O)N[C@@H](Cc1ccccc1)C(=O)N[C@@H](CS)C(=O)N[C@@H](CCCC[NH3+])C(=O)N[C@H](C(=O)N[C@H](C(=O)N[C@@H](CCCNC(N)=[NH2+])C(=O)N[C@@H](CCCC[NH3+])C(=O)N[C@@H](CS)C(N)=O)[C@@H](C)O)[C@@H](C)CC,0,-4.047392,1
C[C@H](NC(O)C(CC1CNCN1)NC(=O)[C@H](Cc1ccc(O)cc1)NC(=O)[C@H](CCC(=O)O)NC(=O)[C@H](Cc1c[nH]c2ccccc12)NC(=O)[C@@H](N)CC(=O)O)C(=O)NC(CC1CNCN1)C(O)N1CCC[C@H]1C(=O)N[C@@H](CCCC[NH3+])C(=O)N1CC(O)CC1C(O)N[C@@H](CC(N)=O)C(=O)N[C@@H](CO)C(=O)N[C@@H](Cc1ccccc1)C(=O)N[C@@H](Cc1c[nH]c2ccccc12)C(=O)N[C@H](C=O)[C@@H](C)O,0,2.0829964,1
CC[C@H](C)[C@H](NC(=O)CNC(=O)[C@H](CO)NC(=O)[C@@H](NC(=O)[C@H](CC(C)C)NC(=O)[C@H](CCCNC(N)=[NH2+])NC(=O)CNC(=O)[C@@H](NC(=O)[C@@H](NC(=O)[C@@H]1CCCN1C(=O)[C@H](CC(C)C)NC(=O)[C@@H](N)Cc1ccccc1)[C@@H](C)CC)C(C)C)[C@@H](C)CC)C(=O)N[C@@H](CC(C)C)C(N)=O,0,-4.265072,1
CC[C@H](C)[C@H](NC(=O)[C@H](CC(C)C)NC(=O)[C@H](CC(N)=O)NC(=O)[C@@H](NC(=O)[C@H](CC(C)C)NC(=O)[C@@H](NC(=O)[C@@H]1CCCN1C(=O)[C@H](CC(C)C)NC(=O)[C@@H](N)Cc1ccccc1)[C@@H](C)CC)[C@@H](C)CC)C(=O)NC(CC1CNCN1)C(O)N[C@@H](CCCC[NH3+])C(=O)NCC(=O)N[C@@H](CC(C)C)C(=O)N[C@@H](CC(C)C)C(N)=O,0,-4.3776584,1
CC[C@H](C)[C@@H]1NC(=O)[C@H](Cc2c[nH]c[nH+]2)NC(=O)[C@H](CCC(N)=O)NC(=O)[C@H](CC(N)=O)NC(=O)[C@H](CC(N)=O)NC(=O)CNC(=O)[C@H](C)NC(=O)[C@@H]2CSSC[C@H](NC(=O)C[NH3+])C(=O)N[C@@H](CSSC[C@@H](C(N)=O)NC1=O)C(=O)N[C@@H](CO)C(=O)N[C@@H](Cc1c[nH]c[nH+]1)C(=O)N1CCC[C@H]1C(=O)N[C@@H](C)C(=O)N2,0,-5.0038795,1
CC[C@H](C)[C@H](NC(=O)CN)C(=O)NCC(=O)N[C@@H](CCCC[NH3+])C(=O)N[C@@H](Cc1ccccc1)C(=O)N[C@@H](CC(C)C)C(=O)NC(CC1CNCN1)C(O)N[C@@H](CO)C(=O)N[C@H](C)C(=O)N[C@@H](CCCC[NH3+])C(=O)N[C@@H](CCCC[NH3+])C(=O)N[C@@H](Cc1ccccc1)C(=O)N[C@H](C)C(=O)N[C@@H](CCCC[NH3+])C(=O)N[C@@H](C)C(=O)N[C@@H](Cc1ccccc1)C(=O)N[C@H](C(=O)N[C@H](C)C(=O)N[C@@H](CCC(=O)O)C(=O)N[C@H](C(=O)N[C@@H](CCSC)C(=O)N[C@@H](CC(N)=O)C(=O)N[C@@H](CO)C(N)=O)[C@@H](C)CC)C(C)C,0,-4.0802355,1
CC(C)C[C@@H]1NC(=O)[C@H](CC(=O)O)NC(=O)[C@@H]2CCCN2C(=O)[C@H](Cc2c[nH]c[nH+]2)NC(=O)[C@H](CCCC[NH3+])NC(=O)[C@H](CC(N)=O)NC(=O)[C@H](CCCNC(N)=[NH2+])NC(=O)[C@@H]2CSSC[C@H](NC(=O)C[NH3+])C(=O)N[C@@H](CSSC[C@@H](C(N)=O)NC1=O)C(=O)N[C@@H](CO)C(=O)N[C@@H](CC(=O)O)C(=O)N1CCC[C@H]1C(=O)N1CCC[C@H]1C(=O)N2,0,-3.767392,1
CC[C@H](C)[C@H](NC(=O)CN)C(=O)NCC(=O)NCC(=O)N[C@@H](C)C(=O)N[C@@H](CC(C)C)C(=O)N[C@@H](CC(C)C)C(=O)N[C@@H](CO)C(=O)N[C@@H](C)C(=O)NCC(=O)N[C@@H](CCCC[NH3+])C(=O)N[C@@H](C)C(=O)N[C@@H](C)C(=O)N[C@@H](CC(C)C)C(=O)N[C@@H](CCCC[NH3+])C(=O)NCC(=O)N[C@@H](CC(C)C)C(=O)N[C@@H](C)C(=O)N[C@@H](CCCC[NH3+])C(=O)N[C@H](C(=O)N[C@@H](CC(C)C)C(=O)N[C@H](C(N)=O)C(C)C)C(C)C,0,-0.6501321,1
CC(C)C[C@H](NC(=O)[C@@H](NC(=O)[C@H](C)NC(=O)[C@H](CS)NC(=O)[C@@H]1CCCN1C(=O)[C@@H]1CCCN1C(=O)[C@@H](NC(=O)[C@H](CO)NC(=O)[C@H](CS)NC(=O)[C@H](CS)NC(=O)CN)[C@@H](C)O)C(C)C)C(=O)N[C@@H](C)C(=O)N[C@@H](CS)C(N)=O,0,-7.300137,1
CC(=O)NCC(=O)N[C@@H](CCCC[NH3+])C(=O)N[C@@H](CCCC[NH3+])C(=O)N[C@@H](CC(C)C)C(=O)N[C@@H](CC(C)C)C(=O)N[C@@H](CCCC[NH3+])C(=O)N[C@@H](CCCC[NH3+])C(=O)N[C@@H](Cc1c[nH]c2ccccc12)C(=O)N[C@@H](CCCC[NH3+])C(=O)N[C@@H](CCCC[NH3+])C(=O)N[C@@H](CC(C)C)C(=O)N[C@@H](Cc1c[nH]c2ccccc12)C(=O)N[C@@H](CCCC[NH3+])C(=O)N[C@@H](CCCC[NH3+])C(=O)N[C@@H](Cc1c[nH]c2ccccc12)C(N)=O,0,-3.2622669,1
CC(C)C[C@H](NC(=O)[C@H](C)NC(=O)[C@H](CCCC[NH3+])NC(=O)[C@H](CCCC[NH3+])NC(=O)[C@H](CC(C)C)NC(=O)[C@H](C)NC(=O)[C@H](CCCC[NH3+])NC(=O)[C@H](CC(C)C)NC(=O)[C@H](C)NC(=O)[C@H](CC(C)C)NC(=O)[C@H](C)NC(=O)[C@@H](N)Cc1ccccc1)C(N)=O,0,-4.010959,1
CSCC[C@@H]1NC(=O)[C@H](CCCNC(N)=[NH2+])NC(=O)[C@H](C)NC(=O)[C@H](C)NC(=O)[C@H](Cc2c[nH]c3ccccc23)NC(=O)[C@H](CCCNC(N)=[NH2+])NC(=O)[C@H](Cc2ccccc2)NC(=O)[C@H](C)NC(=O)[C@H](CCCC[NH3+])NC(=O)[C@H](CCCNC(N)=[NH2+])NC(=O)[C@H](Cc2c[nH]c3ccccc23)NC(=O)[C@H](C)NC(=O)[C@@H]2CCCN2C(=O)[C@H](C)NC(=O)[C@H](C)NC(=O)[C@H](CCCC[NH3+])NC(=O)[C@H](CCCC[NH3+])NC(=O)[C@H](CC(C)C)NC1=O,0,-2.7516084,1
CC[C@H](C)[C@H](NC(=O)[C@@H](NC(=O)CN)C(C)C)C(=O)N[C@@H](CC(=O)O)C(=O)N[C@@H](C)C(=O)N[C@@H](C)C(=O)N[C@@H](CCCC[NH3+])C(=O)N[C@@H](CCCC[NH3+])C(=O)N[C@H](C(=O)N[C@H](C(=O)N[C@@H](CC(N)=O)C(=O)N[C@H](C(=O)N[C@@H](CC(C)C)C(=O)N[C@@H](CCCC[NH3+])C(=O)N[C@@H](CC(N)=O)C(=O)N[C@@H](CC(C)C)C(=O)N1CCC[C@H]1C(N)=O)C(C)C)C(C)C)C(C)C,0,-4.4702854,1
CC[C@H](C)[C@H](NC(=O)[C@H](C)NC(=O)[C@H](C)NC(=O)[C@H](CCC(=O)O)NC(=O)[C@H](CCCC[NH3+])NC(=O)CNC(=O)[C@@H](NC(=O)[C@H](CC(N)=O)NC(=O)[C@H](CCCC[NH3+])NC(=O)[C@@H](NC(=O)[C@@H](NC(=O)[C@H](CO)NC(=O)[C@H](Cc1c[nH]c2ccccc12)NC(=O)[C@H](CC(C)C)NC(=O)CN)[C@@H](C)O)[C@@H](C)CC)C(C)C)C(=O)N[C@@H](C)C(=O)N[C@@H](C)C(=O)NCC(=O)N[C@@H](CCCC[NH3+])C(=O)N[C@@H](C)C(=O)N[C@H](C(=O)N[C@@H](CC(C)C)C(=O)NCC(=O)N[C@@H](CO)C(=O)N[C@@H](CC(C)C)C(N)=O)C(C)C,0,-3.8550928,1
CC[C@H](C)[C@H](NC(=O)[C@H](CCCC[NH3+])NC(=O)[C@H](CCCC[NH3+])NC(=O)[C@H](CC(C)C)NC(=O)[C@H](CC(=O)O)NC(=O)[C@@H](NC(=O)[C@@H](N)Cc1ccccc1)C(C)C)C(=O)N[C@@H](C)C(=O)N[C@@H](CC(N)=O)C(=O)N[C@H](C(=O)N[C@H](C(=O)N[C@@H](CC(N)=O)C(=O)N[C@@H](CO)C(=O)N[C@H](C(=O)N[C@@H](Cc1ccccc1)C(=O)NCC(=O)N[C@@H](CCCC[NH3+])C(N)=O)[C@@H](C)CC)[C@@H](C)CC)[C@@H](C)CC,0,-5.0208063,1
CC[C@H](C)[C@H](N)C(=O)N[C@@H](CC(C)C)C(=O)N1CCC[C@H]1C(=O)N[C@@H](CC(C)C)C(=O)N[C@@H](CCCC[NH3+])C(=O)N[C@@H](Cc1c[nH]c2ccccc12)C(=O)N1CCC[C@H]1C(=O)N[C@@H](Cc1c[nH]c2ccccc12)C(=O)N[C@@H](Cc1c[nH]c2ccccc12)C(=O)N1CCC[C@H]1C(=O)N[C@@H](Cc1c[nH]c2ccccc12)C(=O)N[C@@H](CCCNC(N)=[NH2+])C(=O)N[C@@H](CCCNC(N)=[NH2+])C(N)=O,0,-1.9186615,1
CC[C@H](C)[C@H](NC(=O)[C@H](CO)NC(=O)[C@@H]1CCCN1C(=O)[C@H](CC(C)C)NC(=O)[C@@H](NC(=O)CNC(=O)[C@H](C)NC(=O)[C@H](CC(C)C)NC(=O)[C@@H](NC(=O)[C@H](CCCC[NH3+])NC(=O)[C@H](CC(C)C)NC(=O)[C@H](C)NC(=O)[C@H](CO)NC(=O)CNC(=O)[C@@H](NC(=O)[C@@H](N)Cc1ccccc1)[C@@H](C)CC)C(C)C)C(C)C)C(=O)N[C@H](C(=O)N[C@@H](CO)C(=O)N[C@@H](Cc1c[nH]c2ccccc12)C(=O)N[C@H](C(=O)N[C@@H](CCCC[NH3+])C(=O)N[C@@H](CCC(N)=O)C(N)=O)C(C)C)C(C)C,0,-5.443731,1
CC(C)C[C@H](NC(=O)[C@H](CCC(=O)O)NC(=O)[C@@H]1CCCN1C(=O)[C@H](C)NC(=O)[C@H](CC(N)=O)NC(=O)[C@@H](NC(=O)[C@H](CO)NC(=O)[C@H](CS)NC(=O)[C@H](C)NC(=O)[C@@H]1CCCN1C(O)C(CC1CNCN1)NC(=O)[C@H](CO)NC(=O)[C@H](CS)NC(=O)[C@H](CS)NC(=O)CN)C(C)C)C(=O)N[C@@H](CS)C(N)=O,0,-8.140799,1
CC[C@H](C)[C@H](N)C(=O)N[C@@H](CC(C)C)C(=O)N1CCC[C@H]1C(=O)N[C@H](C(=O)N[C@@H](CC(C)C)C(=O)N[C@@H](C)C(=O)N1CCC[C@H]1C(=O)N[C@@H](CC(C)C)C(=O)N[C@H](C(=O)NCC(=O)NCC(=O)N[C@@H](CC(C)C)C(=O)N[C@@H](CC(C)C)C(N)=O)[C@@H](C)CC)[C@@H](C)CC,0,-2.5283337,1
CC[C@H](C)[C@H](NC(=O)[C@H](C)NC(=O)[C@H](CCCC[NH3+])NC(=O)[C@H](CC(C)C)NC(=O)[C@H](CC(C)C)NC(=O)CNC(O)C(CC1CNCN1)NC(=O)[C@H](CC(C)C)NC(=O)[C@@H](NC(=O)[C@@H](NC(=O)[C@H](CCCC[NH3+])NC(=O)[C@H](CCCC[NH3+])NC(=O)[C@H](C)NC(=O)[C@H](CO)NC(=O)[C@H](CCCC[NH3+])NC(=O)[C@H](Cc1ccccc1)NC(=O)[C@@H](NC(=O)[C@H](CCCC[NH3+])NC(=O)[C@H](CC(C)C)NC(=O)[C@H](Cc1ccccc1)NC(=O)[C@H](CO)NC(=O)[C@H](CCCC[NH3+])NC(=O)[C@H](Cc1c[nH]c2ccccc12)NC(=O)[C@H](CCCC[NH3+])NC(C)=O)[C@@H](C)O)[C@@H](C)O)C(C)C)C(=O)N[C@@H](CO)C(=O)N[C@@H](CO)C(N)=O,0,-3.0712378,1
CC[C@H](C)[C@H](NC(=O)[C@H](CCCC[NH3+])NC(=O)CNC(=O)[C@H](CC(C)C)NC(=O)[C@H](Cc1ccccc1)NC(=O)[C@H](CCCC[NH3+])NC(=O)[C@H](CO)NC(=O)[C@H](Cc1ccccc1)NC(=O)[C@H](Cc1c[nH]c2ccccc12)NC(=O)[C@H](CCC(N)=O)NC(=O)[C@@H](NC(=O)[C@@H](N)Cc1ccccc1)C(C)C)C(=O)N[C@@H](CC(C)C)C(N)=O,0,-4.7174735,1
CSCC[C@H](NC(=O)CNC(=O)[C@H](CCCNC(N)=[NH2+])NC(=O)[C@H](CO)NC(=O)[C@H](CS)NC(O)C1CC(O)CN1C(=O)[C@@H](NC(=O)CNC(O)C1CC(O)CN1C(=O)[C@H](CO)NC(=O)[C@H](CCCC[NH3+])NC(=O)[C@@H](N)CS)[C@@H](C)O)C(=O)N[C@@H](CCCNC(N)=[NH2+])C(=O)N[C@@H](CC(=O)O)C(=O)N[C@@H](CS)C(=O)N[C@@H](CS)C(=O)N[C@H](C(=O)N[C@@H](CO)C(=O)N[C@@H](CS)C(=O)N[C@@H](CC(C)C)C(=O)N[C@@H](CC(C)C)C(=O)N[C@@H](Cc1ccc(O)cc1)C(=O)N[C@@H](CO)C(=O)N[C@@H](CC(N)=O)C(=O)N[C@@H](CCCC[NH3+])C(=O)N[C@@H](CS)C(=O)N[C@@H](CCCNC(N)=[NH2+])C(=O)N[C@@H](CCCNC(N)=[NH2+])C(=O)N[C@H](C=O)Cc1ccc(O)cc1)[C@@H](C)O,0,-1.2248173,1
CC(C)C[C@@H]1NC(=O)[C@H](CC(C)C)NC(=O)[C@H](CCC(N)=O)NC(=O)[C@H](CCCNC(=N)N)NC(=O)[C@H](Cc2c[nH]cn2)NC(=O)[C@@H]2CSSC[C@@H](C(=O)N[C@@H](CC(C)C)C(=O)N[C@@H](CCCNC(=N)N)C(=O)N[C@@H](Cc3ccccc3)C(=O)N[C@H](C(N)=O)C(C)C)NC(=O)[C@H](CSSC[C@H](NC(=O)[C@@H](N)CCC(=O)O)C(=O)N2)NC1=O,0,-3.2013597,1
CC(=O)N[C@@H](CCCNC(N)=[NH2+])C(=O)N[C@@H](Cc1c[nH]c2ccccc12)C(=O)N[C@@H](Cc1ccc(O)cc1)C(=O)N[C@@H](CS)C(=O)NCC(N)=O,0,-4.361551,1
CC(=O)N[C@@H](CC(C)C)C(=O)N[C@@H](CC(C)C)C(=O)N[C@@H](CCCNC(N)=[NH2+])C(=O)N[C@H](C(=O)N[C@@H](CCCC[NH3+])C(=O)N[C@@H](CCCNC(N)=[NH2+])C(N)=O)C(C)C,0,-4.0785055,1
CC(C)[C@H](NC(=O)[C@@H](NC(=O)[C@H](CS)NC(=O)CNC(=O)[C@H](CS)NC(O)C1CC(O)CN1C(O)C(CC1CNCN1)NC(=O)[C@H](CS)NC(=O)[C@H](C)NC(=O)[C@H](C)NC(=O)[C@H](CC(N)=O)NC(O)C1CC(O)CN1C(=O)[C@H](Cc1ccc(O)cc1)NC(=O)[C@H](CCCC[NH3+])NC(=O)CNC(=O)[C@H](CS)NC(=O)[C@H](CS)NC(=O)CN)[C@@H](C)O)C(=O)NCC(=O)N[C@@H](CCCNC(N)=[NH2+])C(=O)N1CC(O)CC1C(O)N1CC(O)CC1C(O)N[C@@H](Cc1ccc(O)cc1)C(=O)N[C@@H](CS)C(=O)N[C@@H](CC(=O)O)C(=O)N[C@@H](CCCNC(N)=[NH2+])C(=O)N1CC(O)CC1C(O)N[C@@H](CO)C(=O)NCC(=O)NCC=O,0,-4.028184,1
CC[C@H](C)[C@H](NC(=O)[C@@H](N)CCC(N)=O)C(=O)N1CCC[C@H]1C(=O)N[C@@H](Cc1c[nH]c2ccccc12)C(=O)N[C@@H](Cc1ccccc1)C(=O)NC(CC1CNCN1)C(O)N[C@@H](CCCNC(N)=[NH2+])C(N)=O,0,-3.7361486,1
CC(C)C[C@H](NC(=O)[C@H](CC(C)C)NC(=O)[C@@H](CCCC[NH3+])NC(=O)[C@H](CC(C)C)NC(=O)[C@H](CC(C)C)NC(=O)[C@H](CCCC[NH3+])NC(=O)[C@@H](CCCC[NH3+])NC(=O)[C@@H](CC(C)C)NC(=O)[C@H](CC(C)C)NC(=O)[C@@H](CCCC[NH3+])NC(=O)[C@H](CCCC[NH3+])NC(=O)[C@H](CC(C)C)NC(=O)[C@@H](CC(C)C)NC(=O)[C@H](CCCC[NH3+])NC(=O)[C@@H](N)CC(C)C)C(N)=O,0,-2.9446728,1
CC[C@H](C)[C@H](NC(=O)[C@H](CCCC[NH3+])NC(=O)[C@H](CCCC[NH3+])NC(=O)[C@H](Cc1ccccc1)NC(=O)[C@H](CC(C)C)NC(=O)[C@H](CCCC[NH3+])NC(=O)[C@@H](N)CC(C)C)C(=O)N[C@@H](CC(C)C)C(=O)N[C@@H](CCCC[NH3+])C(=O)N[C@@H](Cc1ccc(O)cc1)C(=O)N[C@@H](CC(C)C)C(N)=O,0,-4.1976595,1
CC[C@H](C)[C@H](N)C(=O)N[C@@H](CC(N)=O)C(=O)N[C@@H](Cc1c[nH]c2ccccc12)C(=O)N[C@@H](CC(C)C)C(=O)N[C@@H](CCCC[NH3+])C(=O)N[C@@H](CC(C)C)C(=O)NCC(=O)N[C@@H](CCCC[NH3+])C(=O)N[C@@H](CCCC[NH3+])C(=O)N[C@H](C(=O)N[C@@H](CC(C)C)C(=O)NCC(=O)N[C@@H](C)C(=O)N[C@H](C(N)=O)[C@@H](C)CC)[C@@H](C)CC,0,-1.4421489,1
C[C@H](NC(=O)[C@H](C)NC(=O)[C@H](Cc1ccccc1)NC(=O)[C@H](C)NC(=O)[C@H](C)NC(=O)[C@H](CCCNC(N)=[NH2+])NC(=O)[C@H](CCCNC(N)=[NH2+])NC(=O)[C@@H](N)CCCNC(N)=[NH2+])C(=O)N[C@@H](Cc1c[nH]c2ccccc12)C(=O)N[C@@H](C)C(=O)N[C@@H](C)C(=O)N[C@@H](Cc1ccccc1)C(=O)N[C@@H](C)C(=O)N[C@@H](C)C(=O)N[C@@H](CCCNC(N)=[NH2+])C(=O)N[C@@H](CCCNC(N)=[NH2+])C(=O)N[C@@H](CCCNC(N)=[NH2+])C(N)=O,0,6.1901526,1
CC(C)C[C@H](NC(=O)[C@H](CC(N)=O)NC(=O)[C@H](CO)NC(O)C(CC1CNCN1)NC(=O)[C@H](CCC(=O)O)NC(=O)[C@H](C)NC(O)C(CC1CNCN1)NC(=O)[C@H](CS)NC(=O)[C@@H](NC(=O)[C@@H]1CCCN1C(=O)[C@H](CC(N)=O)NC(=O)[C@H](CO)NC(=O)[C@H](CS)NC(=O)[C@H](CS)NC(=O)CN)C(C)C)C(=O)N[C@@H](CS)C(N)=O,0,-8.421194,1
CC[C@H](C)[C@H](NC(=O)[C@@H](N)CCCNC(N)=[NH2+])C(=O)N[C@@H](CC(C)C)C(=O)N[C@@H](CCCNC(N)=[NH2+])C(=O)NCC(N)=O,0,0.73419374,1
CC[C@H](C)[C@H](NC(=O)CN)C(=O)NCC(=O)NCC(=O)N[C@@H](CCCC[NH3+])C(=O)N[C@H](C(=O)N[C@@H](CC(C)C)C(=O)NCC(=O)NCC(=O)N[C@@H](CC(C)C)C(=O)N[C@@H](CCCC[NH3+])C(=O)N[C@H](C(=O)N[C@@H](C)C(=O)N[C@@H](CC(C)C)C(=O)N[C@@H](CCCC[NH3+])C(=O)NCC(=O)N[C@@H](C)C(=O)N[C@@H](C)C(=O)N[C@@H](CCCC[NH3+])C(=O)N[C@@H](CCC(=O)O)C(=O)N[C@@H](CC(C)C)C(=O)N[C@@H](C)C(=O)N[C@@H](CO)C(=O)N[C@H](C(=O)N[C@@H](Cc1ccc(O)cc1)C(=O)N[C@@H](CC(C)C)C(=O)NC(CC1CNCN1)C(N)O)[C@@H](C)O)[C@@H](C)O)[C@@H](C)CC,0,-1.4577827,1
CC[C@H](C)[C@H](NC(=O)[C@H](CCC(N)=O)NC(=O)[C@@H]1CCCN1C(=O)[C@H](CC(N)=O)NC(O)C(CC1CNCN1)NC(=O)[C@@H](NC(=O)[C@@H](NC(=O)[C@H](CS)NC(=O)[C@@H](NC(=O)[C@@H]1CCCN1C(=O)[C@H](CC(N)=O)NC(=O)[C@H](CO)NC(=O)[C@H](CS)NC(=O)[C@H](CS)NC(=O)[C@@H]1CCCN1C(=O)[C@H](CC(=O)O)NC(O)C(N)CCCNC(N)N(C)C)C(C)C)[C@@H](C)O)C(C)C)C(=O)N[C@@H](CS)C(N)=O,0,-6.496133,1
CC[C@H](C)[C@H](NC(=O)CN)C(=O)NCC(=O)N[C@@H](CCCC[NH3+])C(=O)N[C@@H](Cc1ccccc1)C(=O)N[C@@H](CC(C)C)C(=O)NC(CC1CNCN1)C(O)N[C@@H](CCCC[NH3+])C(=O)N[C@H](C(=O)NCC(=O)N[C@@H](CO)C(=O)N[C@@H](Cc1ccccc1)C(=O)N[C@H](C(=O)N[C@@H](CCCC[NH3+])C(=O)N[C@@H](CO)C(=O)N[C@@H](Cc1c[nH]c2ccccc12)C(=O)N[C@@H](CCCC[NH3+])C(=O)NCC(=O)N[C@@H](CCC(=O)O)C(=O)N[C@H](C(=O)N[C@@H](CCSC)C(=O)N[C@@H](CC(N)=O)C(=O)N[C@@H](CO)C(N)=O)[C@@H](C)CC)[C@@H](C)CC)C(C)C,0,-5.5020213,1
CCCCC(NC(=O)[C@@H](NC(=O)[C@H](CCCC[NH3+])NC(=O)[C@@H]1CCCN1C(=O)[C@H](CC(C)C)NC(=O)[C@H](CO)NC(=O)[C@H](CCCC[NH3+])NC(=O)[C@H](CCCC[NH3+])NC(=O)[C@H](CC(C)C)NC(=O)[C@H](CO)NC(=O)[C@H](CO)NC(=O)[C@H](CC(C)C)NC(=O)[C@H](Cc1ccccc1)NC(=O)CN)C(C)C)C(O)N[C@@H](C)C(=O)NC(CC1CNCN1)C(O)NC(CCCC)C(O)N[C@@H](CCCC[NH3+])C(N)=O,0,-5.439162,1
CC(C)C[C@@H]1NC(=O)[C@H](CCCC[NH3+])NC(=O)[C@H](C(C)C)NC(=O)[C@@H]2CCCN2C(=O)[C@@H](Cc2ccc(O)cc2)NC(=O)[C@H](CC(C)C)NC(=O)[C@H](CCCC[NH3+])NC(=O)[C@H](C(C)C)NC(=O)[C@H](CCCC[NH3+])NC(=O)[C@H](CC(C)C)NC(=O)[C@H]2CCCN2C(=O)[C@@H](Cc2ccc(O)cc2)NC(=O)[C@H](C(C)C)NC(=O)[C@H](CCCC[NH3+])NC1=O,0,-5.048171,1
CC[C@H](C)[C@H](NC(=O)[C@H](CCCC[NH3+])NC(=O)[C@H](CCCC[NH3+])NC(=O)[C@H](CCC(N)=O)NC(=O)CN)C(=O)N[C@@H](CCCNC(N)=[NH2+])C(=O)N[C@H](C(=O)N[C@@H](CCCNC(N)=[NH2+])C(=O)N[C@@H](CC(C)C)C(=O)N[C@@H](CO)C(N)=O)C(C)C,0,-2.6073258,1
CC[C@H](C)[C@H](NC(=O)[C@H](CCCC[NH3+])NC(=O)CNC(=O)[C@@H](NC(=O)[C@H](CC(C)C)NC(O)C(CC1CNCN1)NC(=O)[C@H](C)NC(=O)[C@H](CC(C)C)NC(=O)[C@H](CC(C)C)NC(=O)[C@H](CC(=O)O)NC(=O)[C@H](CCCC[NH3+])NC(=O)CNC(=O)[C@H](C)NC(=O)CNC(=O)[C@H](CCCC[NH3+])NC(=O)[C@H](CC(C)C)NC(=O)[C@@H](NC(=O)[C@H](CC(=O)O)NC(=O)[C@@H](NC(=O)[C@@H](NC(=O)CN)C(C)C)C(C)C)[C@@H](C)CC)C(C)C)C(=O)N[C@@H](CO)C(=O)N[C@@H](CCC(=O)O)C(=O)N[C@@H](CCCC[NH3+])C(=O)N[C@H](C(N)=O)C(C)C,0,0.76992697,1
CC[C@H](C)[C@@H]1NC(=O)[C@H](CCCNC(=N)N)NC(=O)CNC(=O)[C@@H]2CSSC[C@@H](C(=O)N3CCC[C@H]3C(=O)N[C@@H](CCC(=O)O)C(=O)N[C@H](C(=O)N[C@H](C(=O)N[C@@H](CS)C(=O)N3CCC[C@H]3C(=O)N[C@@H](CCCCN)C(=O)N[C@@H](CC(N)=O)C(=O)O)C(C)C)C(C)C)NC(=O)[C@H]([C@@H](C)CC)NC(=O)[C@H](CS)NC(=O)[C@H](CCCNC(=N)N)NC(=O)[C@H](CO)NC(=O)[C@H](CSSC[C@H](NC(=O)[C@H](CCC(=O)O)NC(=O)[C@@H](NC(=O)[C@H](Cc3c[nH]c4ccccc34)NC(=O)[C@H](Cc3ccc(O)cc3)NC(=O)[C@H](CCC(N)=O)NC(=O)[C@@H]3CCCN3C(=O)[C@@H](NC(=O)[C@H](CC(C)C)NC(=O)[C@H](CC(=O)O)NC(=O)[C@H](CC(N)=O)NC(=O)[C@@H](N)CC(C)C)C(C)C)[C@@H](C)O)C(=O)N2)NC(=O)[C@H](Cc2c[nH]cn2)NC(=O)[C@@H]2CCCN2C(=O)CNC1=O,0,-4.903067,1
CC(C)C[C@H](NC(=O)[C@H](Cc1ccccc1)NC(=O)[C@H](C)NC(=O)CNC(=O)[C@H](Cc1c[nH]c2ccccc12)NC(=O)[C@H](CC(N)=O)NC(=O)[C@@H](N)CC(C)C)C(=O)N[C@@H](CCCC[NH3+])C(=O)NC(CC1CNCN1)C(O)N[C@@H](Cc1ccccc1)C(=O)N[C@@H](Cc1ccccc1)C(=O)N[C@@H](CCCC[NH3+])C(N)=O,0,-5.463951,1
CC[C@H](C)[C@H](N)C(=O)N[C@@H](CC(N)=O)C(=O)N[C@@H](Cc1c[nH]c2ccccc12)C(=O)N[C@@H](CCCC[NH3+])C(=O)N[C@@H](CCCC[NH3+])C(=O)N[C@H](C(=O)N[C@@H](C)C(=O)N[C@@H](CO)C(=O)N[C@H](C(=O)NCC(=O)N[C@@H](CCCC[NH3+])C(=O)N[C@@H](CCC(=O)O)C(=O)N[C@H](C(=O)N[C@@H](CC(C)C)C(=O)N[C@@H](CCCC[NH3+])C(=O)N[C@@H](C)C(=O)N[C@@H](CC(C)C)C(N)=O)C(C)C)[C@@H](C)CC)[C@@H](C)CC,0,-3.9543207,1
CC[C@H](C)[C@H](NC(=O)[C@H](CCC(=O)O)NC(=O)[C@@H]1CCCN1C(O)C(CC1CNCN1)NC(=O)[C@H](CC(=O)O)NC(=O)[C@H](Cc1ccc(O)cc1)NC(=O)[C@H](CC(N)=O)NC(=O)[C@H](CS)NC(=O)[C@H](CCCNC(N)=[NH2+])NC(=O)[C@@H]1CCCN1C(=O)[C@H](CC(=O)O)NC(=O)[C@H](CO)NC(=O)[C@H](CS)NC(=O)[C@H](CS)NC(=O)[C@H](C)N)C(=O)N[C@@H](CS)C(N)=O,0,-5.069544,1
CC[C@H](C)[C@H](NC(=O)[C@H](CCC(=O)O)NC(=O)[C@@H]1CCCN1C(O)C(CC1CNCN1)NC(=O)[C@H](CC(=O)O)NC(=O)[C@H](Cc1ccc(O)cc1)NC(=O)[C@H](C)NC(=O)[C@H](CS)NC(=O)[C@H](CCCNC(N)=[NH2+])NC(=O)[C@@H]1CCCN1C(=O)[C@H](CC(=O)O)NC(=O)[C@H](CO)NC(=O)[C@H](CS)NC(=O)[C@H](CS)NC(=O)CN)C(=O)N[C@@H](CS)C(N)=O,0,-5.424196,1
CC[C@H](C)[C@H](NC(=O)[C@@H](NC(=O)[C@@H]1CCCN1C(=O)[C@@H](NC(=O)[C@@H](NC(=O)[C@H](CCCNC(N)=[NH2+])NC(=O)[C@@H]1CCCN1C(=O)[C@@H](NC(=O)[C@@H](NC(O)C(CC1CNCN1)NC(=O)[C@H](CCCC[NH3+])NC(=O)[C@H](C)NC(=O)[C@@H](NC(=O)[C@H](CO)NC(=O)CNC(=O)[C@H](CC(C)C)NC(=O)[C@@H](NC(=O)[C@H](CO)NC(=O)[C@H](Cc1ccccc1)NC(=O)[C@H](CC(C)C)NC(=O)CN)C(C)C)C(C)C)C(C)C)C(C)C)C(C)C)C(C)C)C(C)C)C(=O)N[C@@H](C)C(=O)N[C@@H](CCC(=O)O)C(=O)NC(CC1CNCN1)C(O)N[C@@H](CC(C)C)C(N)=O,0,-4.989133,1
CC(C)[C@H](NC(=O)[C@H](CCCC[NH3+])NC(=O)[C@@H](NC(=O)[C@H](CCCC[NH3+])NC(=O)[C@@H](NC(=O)[C@H](CCCC[NH3+])NC(=O)[C@@H](NC(=O)[C@@H]1CCCN1C(=O)[C@H]1CCCN1C(=O)[C@@H](NC(=O)[C@H](CCCC[NH3+])NC(=O)[C@@H](NC(=O)[C@H](CCCC[NH3+])NC(=O)[C@@H](NC(=O)[C@H](CCCC[NH3+])NC(=O)[C@@H](NC(=O)[C@@H](N)CCCC[NH3+])C(C)C)C(C)C)C(C)C)C(C)C)[C@@H](C)O)C(C)C)C(C)C)C(=O)N[C@@H](CCCC[NH3+])C(N)=O,0,-4.873827,1
CC(C)C[C@H](NC(=O)[C@H](CC(C)C)NC(=O)[C@H](CCCC[NH3+])NC(=O)CNC(=O)[C@H](CC(C)C)NC(=O)[C@H](CC(C)C)NC(=O)[C@H](CO)NC(=O)[C@H](C)NC(=O)[C@H](Cc1ccccc1)NC(=O)[C@H](Cc1ccccc1)NC(=O)[C@@H]1CCCN1C(=O)[C@H](CC(C)C)NC(=O)[C@@H](N)Cc1ccccc1)C(N)=O,0,-5.430877,1
C[C@H](NC(=O)[C@H](Cc1ccc(O)cc1)NC(=O)[C@H](CC(N)=O)NC(=O)[C@H](CCCC[NH3+])NC(=O)CNC(=O)[C@H](CS)NC(=O)[C@H](C)NC(=O)[C@@H]1CCCN1C(O)C(CC1CNCN1)NC(=O)[C@H](CS)NC(=O)[C@H](CS)NC(=O)[C@H](CCCNC(N)=[NH2+])NC(=O)CN)C(=O)N[C@@H](CS)C(N)=O,0,-6.4172792,1
CC(C)C[C@H]1NC(=O)[C@@H](C(C)C)NC(=O)[C@@H]2CCCN2C(=O)[C@@H](CC(=O)O)NC(=O)[C@@H](Cc2c[nH]c3ccccc23)NC1=O,0,-5.841816,1
CC[C@H](C)[C@@H]1NC(=O)CNC(=O)[C@H](CCCNC(N)=[NH2+])NC(=O)[C@H](Cc2ccc(O)cc2)NC(=O)[C@@H]2CSSC[C@H](NC1=O)C(=O)N[C@@H](Cc1ccc(O)cc1)C(=O)N[C@@H](CCCNC(N)=[NH2+])C(=O)N[C@@H](CCCNC(N)=[NH2+])C(=O)N[C@H](C(=O)N[C@@H](CCCNC(N)=[NH2+])C(=O)O)CSSC[C@H](NC(=O)[C@H](Cc1c[nH]c3ccccc13)NC(=O)[C@@H]([NH3+])CCCC[NH3+])C(=O)N[C@@H](Cc1ccccc1)C(=O)N[C@@H](CCCNC(N)=[NH2+])C(=O)N[C@@H](C(C)C)C(=O)N2,0,-0.9867518,1
CC[C@H](C)[C@H](NC(=O)[C@H](CO)NC(=O)[C@H](C)NC(=O)[C@@H]1CCCN1C(=O)[C@H](CC(C)C)NC(=O)CN)C(=O)N[C@@H](CO)C(=O)N[C@@H](Cc1c[nH]c2ccccc12)C(=O)N[C@H](C(=O)N[C@@H](CCCC[NH3+])C(=O)N[C@@H](CCCNC(N)=[NH2+])C(=O)N[C@@H](CCCC[NH3+])C(=O)N[C@@H](CCCNC(N)=[NH2+])C(=O)N[C@@H](CCC(N)=O)C(=O)N[C@@H](CCC(N)=O)C(N)=O)[C@@H](C)CC,0,-2.4417737,1
CC[C@H](C)[C@H](NC(=O)[C@H](CC(C)C)NC(=O)[C@@H]1CCCN1C(=O)[C@H](CC(C)C)NC(=O)[C@@H](N)C(C)C)C(=O)N[C@@H](CO)C(=O)N[C@@H](CCSC)C(=O)N[C@@H](C)C(=O)N[C@@H](CC(C)C)C(=O)NCC(=O)N[C@@H](CCCC[NH3+])C(=O)N[C@@H](CC(C)C)C(=O)N[C@@H](CC(C)C)C(N)=O,0,-3.1745858,1
C[C@H](NC(=O)CNC(=O)[C@H](CS)NC(=O)[C@H](C)NC(=O)[C@@H]1CCCN1C(=O)[C@H](CC(N)=O)NC(=O)[C@H](CS)NC(=O)[C@H](CS)NC(=O)[C@@H](N)CCC(=O)O)C(=O)NC(CC1CNCN1)C(O)N[C@@H](Cc1ccc(O)cc1)C(=O)N[C@@H](CO)C(=O)N[C@@H](CS)C(N)=O,0,-8.100126,1
CC[C@H](C)[C@H](NC(=O)[C@H](Cc1c[nH]c2ccccc12)NC(=O)[C@H](CS)NC(=O)[C@H](CS)NC(=O)[C@@H](N)CC(C)C)C(=O)NC(CC1CNCN1)C(O)N[C@@H](Cc1c[nH]c2ccccc12)C(=O)N[C@@H](CS)C(=O)NC(CC1CNCN1)C(O)N[C@@H](C)C(=O)N[C@@H](CCCNC(N)=[NH2+])C(=O)N[C@@H](CS)C(=O)N[C@H](C(=O)N[C@@H](CS)C(=O)N[C@@H](CS)C(N)=O)[C@@H](C)O,0,-6.3646145,1
CC(C)C[C@@H]1NC(O)C(CCC[NH3+])NC(=O)[C@H](C(C)C)NC(=O)[C@@H]2CCCN2C(O)C(CC2CCCC3CCCCC32)NC(=O)[C@H](CC(C)C)NC(O)C(CCC[NH3+])NC(=O)[C@H](C(C)C)NC(=O)[C@@H]2CCCN2C(O)C(CC2CCCC3CCCCC32)NC1=O,0,-3.8891165,1
NC(=O)[C@H](Cc1c[nH]c2ccccc12)NC(O)C(CC1CNCN1)NC(=O)[C@H](CS)NC(=O)[C@H](CS)NC(=O)[C@H](CCC(=O)O)NC(=O)[C@H](Cc1ccccc1)NC=O,0,-5.217766,1
CC(C)C[C@H](NC(=O)[C@H](C)NC(=O)[C@H](CCCC[NH3+])NC(=O)[C@H](CCCC[NH3+])NC(=O)[C@H](C)NC(=O)CNC(=O)[C@H](CCCC[NH3+])NC(=O)[C@H](CC(C)C)NC(=O)[C@H](CC(C)C)NC(=O)[C@H](CC(=O)O)NC(=O)[C@H](CCCC[NH3+])NC(=O)[C@H](Cc1ccccc1)NC(=O)CN)C(=O)N[C@H](C(=O)N[C@@H](CCCC[NH3+])C(=O)N[C@H](C(=O)N[C@H](C(=O)N[C@@H](CC(C)C)C(=O)N[C@@H](Cc1ccccc1)C(N)=O)C(C)C)[C@@H](C)O)C(C)C,0,-5.157745,1
CC[C@H](C)[C@H](NC(=O)[C@H](CC(C)C)NC(O)C(CC1CNCN1)NC(=O)CNC(=O)[C@H](CC(C)C)NC(=O)[C@@H](NC(=O)[C@H](CCCC[NH3+])NC(=O)[C@H](CO)NC(=O)[C@H](Cc1c[nH]c2ccccc12)NC(=O)[C@H](CCSC)NC(=O)CN)[C@@H](C)CC)C(=O)N[C@@H](CCCC[NH3+])C(N)=O,0,-5.5695066,1
CC[C@H](C)[C@H](NC(=O)[C@H](CCCNC(N)=[NH2+])NC(=O)[C@H](CS)NC(=O)[C@H](Cc1c[nH]c2ccccc12)NC(=O)[C@H](Cc1c[nH]c2ccccc12)NC(=O)[C@H](CCCNC(N)=[NH2+])NC(=O)[C@H](CCCNC(N)=[NH2+])NC(C)=O)C(N)=O,0,-3.8211296,1
CSCC[C@@H]1NC(=O)[C@H](CCCNC(N)=[NH2+])NC(=O)[C@H](Cc2c[nH]c3ccccc23)NC(=O)[C@H](C)NC(=O)[C@H](C)NC(=O)[C@H](CCCNC(N)=[NH2+])NC(=O)[C@H](Cc2ccccc2)NC(=O)[C@H](C)NC(=O)[C@H](CCCC[NH3+])NC(=O)[C@H](CCCNC(N)=[NH2+])NC(=O)[C@H](Cc2c[nH]c3ccccc23)NC(=O)[C@H](C)NC(=O)[C@H]2CCCN2C(=O)[C@@H](C)NC(=O)[C@H](C)NC(=O)[C@H](CCCC[NH3+])NC(=O)[C@H](CCCC[NH3+])NC(=O)[C@H](CC(C)C)NC1=O,0,-2.949562,1
CC[C@H](C)[C@H]([NH3+])C(=O)N[C@H](C(=O)NCC(=O)N1CCC[C@H]1C(=O)N[C@H](C(=O)N[C@@H](CC(C)C)C(=O)NCC(=O)N[C@@H](CC(C)C)C(=O)N[C@H](C(=O)NCC(=O)N[C@@H](CO)C(=O)N[C@@H](C)C(=O)N[C@@H](CC(C)C)C(=O)NCC(=O)NCC(=O)N[C@@H](CC(C)C)C(=O)N[C@@H](CC(C)C)C(=O)N[C@@H](CCCC[NH3+])C(=O)N[C@@H](CCCC[NH3+])C(=O)N[C@H](C(=O)O)[C@@H](C)CC)C(C)C)C(C)C)[C@@H](C)CC,0,-1.5354367,1
CC[C@H](C)[C@H](NC(=O)[C@H](CCCC[NH3+])NC(=O)[C@H](Cc1ccc(O)cc1)NC(=O)CNC(O)C(CC1CNCN1)NC(O)C(CC1CNCN1)NC(=O)[C@H](CCCNC(N)=[NH2+])NC(=O)[C@H](CCCC[NH3+])NC(=O)[C@H](C)NC(O)C(CC1CNCN1)NC(=O)[C@H](CO)NC(=O)[C@@H](N)CC(=O)O)C(=O)N[C@@H](CCCC[NH3+])C(=O)N[C@@H](Cc1ccccc1)C(=O)NC(CC1CNCN1)C(O)N[C@@H](CCC(=O)O)C(=O)N[C@@H](CC(N)=O)C(=O)NC(CC1CNCN1)C(O)NC(CC1CNCN1)C(O)N[C@@H](CO)C(=O)NC(CC1CNCN1)C(O)N[C@@H](CCCNC(N)=[NH2+])C(=O)NCC(=O)N[C@@H](Cc1ccc(O)cc1)C(N)=O,0,-2.7510223,1
CC[C@@H](C)[C@H]1NC(=O)[C@H]2CCCN2C(=O)[C@H](Cc2c[nH]c3ccccc23)NC(=O)[C@H](CO)NC(=O)[C@@H](CS)NC(=O)[C@H]([C@@H](C)O)NC(=O)[C@@H](CS)NC(=O)CNC(=O)[C@H](CCC(N)=O)NC(=O)[C@H]([C@@H](C)O)NC(=O)[C@H](Cc2ccc(O)cc2)NC(=O)[C@H](CS)NC(=O)[C@H]([C@@H](C)O)NC(=O)CNC(=O)[C@H](CC(C)C)NC(=O)[C@H]([C@@H](C)O)NC(=O)[C@H](CS)NC(=O)[C@H]([C@@H](C)O)NC(=O)[C@H](CCC(=O)O)NC(=O)CNC(=O)[C@H](CS)NC(=O)[C@H](C(C)C)NC(=O)[C@@H]2CCCN2C(=O)[C@H](CC(C)C)NC(=O)CNC(=O)[C@H](CC(N)=O)NC(=O)[C@H](CCCNC(N)=[NH2+])NC(=O)[C@H](CCCC[NH3+])NC(=O)[C@H](CS)NC1=O,0,-7.268792,1
CC(C)C[C@H](NC(=O)[C@H](CCC(=O)O)NC(O)C1CC(O)CN1C(O)C(CC1CNCN1)NC(=O)[C@H](CC(N)=O)NC(=O)[C@@H](NC(=O)[C@H](CO)NC(=O)[C@H](CS)NC(=O)[C@H](C)NC(=O)[C@@H]1CCCN1C(O)C(CC1CNCN1)NC(=O)[C@H](CO)NC(=O)[C@H](CS)NC(=O)[C@H](CS)NC(=O)CN)C(C)C)C(=O)N[C@H](C=O)CS,0,-5.3315344,1
CC(C)C[C@H](NC(=O)[C@H](CCCC[NH3+])NC(=O)[C@H](CCCNC(N)=[NH2+])NC(=O)[C@H](Cc1ccccc1)NC(=O)[C@H](Cc1ccccc1)NC(=O)[C@H](CCCC[NH3+])NC(=O)[C@H](CCCC[NH3+])NC(=O)[C@H](Cc1ccccc1)NC(=O)[C@H](CCCNC(N)=[NH2+])NC(=O)[C@H](CCCC[NH3+])NC(=O)[C@@H](N)C(C)C)C(=O)N[C@@H](CCCC[NH3+])C(=O)N[C@@H](CCCC[NH3+])C(=O)N[C@@H](CCCC[NH3+])C(=O)N[C@H](C(N)=O)C(C)C,1,-0.09967929,2
NC(=[NH2+])NCCC[C@H](NC(=O)[C@H](CCCNC(N)=[NH2+])NC(=O)[C@H](CCCNC(N)=[NH2+])NC(=O)[C@H](CCC(N)=O)NC(=O)[C@H](CCCNC(N)=[NH2+])NC(=O)[C@H](CCCNC(N)=[NH2+])NC(=O)[C@H](CCCC[NH3+])NC(=O)[C@H](CCCC[NH3+])NC(=O)[C@@H](N)CCCNC(N)=[NH2+])C(=O)NCC(=O)NCC(=O)NCC(N)=O,1,3.9271889,2
CNCCC[C@H](NC(=O)[C@H](CCCNC)NC(=O)[C@H](CCCNC)NC(=O)[C@H](CCCNC)NC(=O)[C@H](CCCNC)NC(=O)[C@H](CCCNC)NC(=O)[C@H](CCCNC)NC(O)C(C)CN)C(N)=O,1,-2.1293921,2
CC(C)C[C@H](NC(=O)[C@H](CC(C)C)NC(=O)[C@H](C)NC(=O)[C@H](C)NC(=O)[C@H](C)NC(=O)[C@H](CC(C)C)NC(=O)[C@H](CCCC[NH3+])NC(=O)[C@H](CCCC[NH3+])NC(=O)[C@H](Cc1c[nH]c2ccccc12)NC(=O)[C@H](CCCC[NH3+])NC(=O)[C@H](CCCC[NH3+])NC(=O)[C@H](CC(C)C)NC(=O)[C@H](CC(C)C)NC(=O)[C@H](C)NC(=O)[C@H](C)NC(=O)[C@H](C)NC(=O)[C@H](CC(C)C)NC(=O)[C@@H](N)CCCC[NH3+])C(N)=O,1,-1.2658354,2
CC[C@H](C)[C@H](NC(=O)[C@H](CC(C)C)NC(=O)[C@@H](NC(=O)[C@H](CCCNC(N)=[NH2+])NC(=O)[C@H](Cc1ccccc1)NC(=O)[C@@H](NC(=O)[C@@H](NC(=O)[C@@H](N)CC(C)C)[C@@H](C)CC)[C@@H](C)CC)[C@@H](C)CC)C(=O)N[C@@H](CO)C(=O)NC(CC1CNCN1)C(O)NC(CC1CNCN1)C(O)NC(CO)CC1CNCN1,1,-0.20211464,2
CC[C@H](C)[C@H](NC(=O)[C@H](CCCNC(N)=[NH2+])NC(=O)[C@H](CCCNC(N)=[NH2+])NC(=O)[C@H](CCCNC(N)=[NH2+])NC(=O)[C@H](CC(C)C)NC(=O)[C@@H](NC(=O)[C@@H](NC(=O)[C@H](CC(C)C)NC(=O)[C@H](C)N)[C@@H](C)CC)[C@@H](C)CC)C(=O)N[C@@H](CCCNC(N)=[NH2+])C(=O)N[C@@H](CCCC[NH3+])C(=O)N[C@@H](CCC(N)=O)C(=O)N[C@@H](C)C(=O)NC(CC1CNCN1)C(O)N[C@@H](C)C(=O)NC(CC1CNCN1)C(O)N[C@@H](CO)C(=O)N[C@H](C=O)CCCC[NH3+],1,10.6730585,2
CC[C@H](C)[C@H](NC(=O)[C@H](CCCC[NH3+])NC(=O)[C@H](CCCC[NH3+])NC(=O)[C@H](C)NC(=O)[C@H](CC(C)C)NC(=O)[C@H](C)NC(=O)[C@H](C)NC(=O)[C@H](CC(C)C)NC(=O)[C@H](C)NC(=O)[C@H](CCCC[NH3+])NC(=O)[C@H](CC(C)C)NC(=O)[C@H](CC(N)=O)NC(=O)[C@@H](NC(=O)[C@H](CCCC[NH3+])NC(=O)CNC(=O)[C@H](CC(C)C)NC(=O)[C@H](CC(C)C)NC(=O)[C@H](Cc1ccc(O)cc1)NC(=O)CNC(=O)[C@H](C)N)[C@@H](C)CC)C(=O)N[C@H](C=O)CC(C)C,1,10.690845,2
C[C@H](N)C(=O)N[C@@H](CS)C(=O)N[C@@H](CCCNC(N)=[NH2+])C(=O)NCC(=O)N[C@@H](CCCNC(N)=[NH2+])C(=O)NCC(=O)N[C@@H](CCCNC(N)=[NH2+])C(=O)NCC(=O)N[C@@H](CS)C(=O)NCC(=O)N[C@@H](CO)C(=O)NCC(=O)N[C@@H](CO)C(=O)N[C@@H](CCCNC(N)=[NH2+])C(=O)N[C@@H](CO)C(=O)N[C@@H](CS)C(=O)NCC=O,1,6.9294252,2
CC[C@H](C)[C@H](NC(=O)[C@H](C)NC(=O)[C@@H](NC(=O)[C@H](CCC(N)=O)NC(=O)[C@@H](N)CCCNC(N)=[NH2+])[C@@H](C)CC)C(=O)N[C@@H](Cc1c[nH]c2ccccc12)C(=O)N[C@@H](Cc1ccccc1)C(=O)N[C@@H](CCC(N)=O)C(=O)N[C@@H](CC(N)=O)C(=O)N[C@@H](CCCNC(N)=[NH2+])C(=O)N[C@@H](CCCNC(N)=[NH2+])C(=O)N[C@@H](CCSC)C(=O)N[C@@H](CCCC[NH3+])C(=O)N[C@@H](Cc1c[nH]c2ccccc12)C(=O)N[C@@H](CCCC[NH3+])C(=O)N[C@H](C=O)CCCC[NH3+],1,11.23133,2
NCC(=O)N[C@@H](CCCNC(N)=[NH2+])C(=O)N[C@@H](CCCC[NH3+])C(=O)N[C@@H](CCCC[NH3+])C(=O)N[C@@H](CCCNC(N)=[NH2+])C(=O)N[C@@H](CCCNC(N)=[NH2+])C(=O)N[C@@H](CCC(N)=O)C(=O)N[C@@H](CCCNC(N)=[NH2+])C(=O)N[C@@H](CCCNC(N)=[NH2+])C(=O)N[C@@H](CCCNC(N)=[NH2+])C(=O)N1CCC[C@H]1C(=O)N1CCC[C@H]1C(=O)N[C@@H](CCC(N)=O)C(=O)N[C@H](C=O)Cc1ccc(O)cc1,1,11.785291,2
CC(=O)N[C@@H](CCCNC(N)=[NH2+])C(=O)N[C@@H](CCCNC(N)=[NH2+])C(=O)N[C@@H](CCCNC(N)=[NH2+])C(=O)N[C@@H](CCCNC(N)=[NH2+])C(=O)N[C@@H](CCCNC(N)=[NH2+])C(=O)N[C@@H](CCCNC(N)=[NH2+])C(=O)N[C@@H](CCCNC(N)=[NH2+])C(=O)N[C@@H](CCCNC(N)=[NH2+])C(N)=O,1,0.55588746,2
NC(=[NH2+])NCCC[C@@H](N)C(=O)N[C@H](CCCNC(N)=[NH2+])C(=O)N[C@H](CCCNC(N)=[NH2+])C(=O)N[C@H](CCCNC(N)=[NH2+])C(=O)N[C@H](CCCNC(N)=[NH2+])C(=O)N[C@@H](C=O)CCCNC(N)=[NH2+],1,12.321509,2
NC(=[NH2+])NCCC[C@@H](C=O)NC(=O)[C@H](CCCNC(N)=[NH2+])NC(=O)[C@H](CCCNC(N)=[NH2+])NC(=O)[C@H](CCCNC(N)=[NH2+])NC(=O)[C@H](CCCNC(N)=[NH2+])NC(=O)[C@@H](N)CCCNC(N)=[NH2+],1,11.226592,2
CC[C@H](C)[C@H](NC(=O)[C@@H](NC(=O)[C@@H](N)Cc1c[nH]c2ccccc12)[C@@H](C)CC)C(=O)N[C@@H](Cc1ccccc1)C(=O)N[C@@H](CCCNC(N)=[NH2+])C(=O)N[C@@H](C)C(=O)N[C@@H](C)C(=O)N[C@@H](C)C(=O)N[C@@H](CO)C(=O)NC(CC1CNCN1)C(O)N[C@@H](CCCC[NH3+])C(=O)N[C@H](C=O)CCCC[NH3+],1,8.82413,2
CC(C)C[C@H](NC(=O)[C@H](CCCNC(N)=[NH2+])NC(=O)[C@H](CCC(=O)O)NC(=O)[C@H](CC(=O)O)NC(=O)[C@H](C)NC(=O)[C@@H]1CCCN1C(=O)[C@H](CS)NC(=O)[C@H](CC(N)=O)NC(=O)[C@H](CCCNC(N)=[NH2+])NC(=O)[C@H](Cc1ccccc1)NC(=O)[C@H](CCCNC(N)=[NH2+])NC(=O)[C@H](CC(=O)O)NC(=O)[C@H](CCCNC(N)=[NH2+])NC(=O)[C@H](CS)NC(=O)[C@H](C)N)C(=O)N[C@@H](CS)C(=O)NCC=O,1,5.194948,2
CC(C)C[C@H](NC(=O)[C@H](C)NC(=O)[C@H](CCCC[NH3+])NC(=O)[C@H](CC(C)C)NC(=O)[C@H](C)NC(=O)[C@H](CC(C)C)NC(=O)[C@H](CCCC[NH3+])NC(=O)[C@H](CC(C)C)NC(=O)[C@H](C)NC(=O)[C@H](CC(C)C)NC(=O)[C@@H](N)CCCC[NH3+])C(=O)N[C@@H](CCCC[NH3+])C(=O)N[C@@H](C)C(=O)N[C@@H](C)C(=O)N[C@@H](CC(C)C)C(=O)N[C@@H](CCCC[NH3+])C(=O)N[C@@H](CC(C)C)C(=O)N[C@@H](C)C(=O)NCC(=O)N[C@H](C=O)CS,1,8.635235,2
NC(=[NH2+])NCCC[C@H](NC(=O)[C@H](CCCNC(N)=[NH2+])NC(=O)[C@H](CCCNC(N)=[NH2+])NC(=O)[C@H](CCCNC(N)=[NH2+])NC(=O)[C@H](CCCNC(N)=[NH2+])NC(=O)[C@H](CCCNC(N)=[NH2+])NC(=O)[C@H](CCCNC(N)=[NH2+])NC(=O)[C@@H](N)CCCNC(N)=[NH2+])C(=O)NCC(=O)N[C@@H](CS)C(N)=O,1,3.1123815,2
CC[C@H](C)[C@H](NC(=O)[C@H](CCCC[NH3+])NC(=O)[C@H](CCCC[NH3+])NC(=O)[C@H](C)NC(=O)[C@H](CC(C)C)NC(=O)[C@H](C)NC(=O)[C@H](C)NC(=O)[C@H](CC(C)C)NC(=O)[C@H](C)NC(=O)[C@H](CCCC[NH3+])NC(=O)[C@H](CC(C)C)NC(=O)[C@H](CC(N)=O)NC(=O)[C@@H](NC(=O)[C@H](CCCC[NH3+])NC(=O)CNC(=O)[C@H](CC(C)C)NC(=O)[C@H](CC(C)C)NC(=O)[C@H](Cc1ccc(O)cc1)NC(=O)CNC(=O)[C@H](C)NC(=O)[C@H](CO)NC(=O)[C@H](CC(N)=O)NC(=O)[C@@H](N)CC(C)C)[C@@H](C)CC)C(=O)N[C@H](C=O)CC(C)C,1,9.79607,2
CC(=O)N[C@@H](CS)C(=O)N[C@@H](Cc1c[nH]c2ccccc12)C(=O)N[C@@H](CCCC[NH3+])C(=O)N[C@@H](CCCC[NH3+])C(=O)N[C@@H](CCCC[NH3+])C(=O)N[C@@H](CCCC[NH3+])C(=O)N[C@@H](CCCC[NH3+])C(=O)N[C@@H](CCCC[NH3+])C(=O)N[C@@H](CCCC[NH3+])C(=O)N[C@@H](CCCC[NH3+])C(=O)N[C@@H](CCCC[NH3+])C(=O)N[C@@H](CCCC[NH3+])C(=O)N[C@@H](CCCC[NH3+])C(=O)N[C@@H](CCCC[NH3+])C(=O)N[C@@H](CCCC[NH3+])C(=O)N[C@@H](CCCC[NH3+])C(=O)N[C@@H](CCCC[NH3+])C(=O)N[C@@H](CCCC[NH3+])C(=O)N[C@@H](CCCC[NH3+])C(=O)N[C@H](C=O)CCCC[NH3+],1,13.243103,2
CC[C@H](C)[C@H](NC(=O)[C@H](CCCC[NH3+])NC(=O)[C@@H](NC(=O)[C@H](CCC(N)=O)NC(=O)[C@@H]([NH3+])CCCNC(N)=[NH2+])[C@@H](C)CC)C(=O)N[C@@H](Cc1c[nH]c2ccccc12)C(=O)N[C@@H](Cc1ccccc1)C(=O)N[C@@H](CCC(N)=O)C(=O)N[C@@H](CC(N)=O)C(=O)N[C@@H](CCCNC(N)=[NH2+])C(=O)N[C@@H](CCCNC(N)=[NH2+])C(=O)N[C@@H](CCSC)C(=O)N[C@@H](CCCC[NH3+])C(=O)N[C@@H](Cc1c[nH]c2ccccc12)C(=O)N[C@@H](CCCC[NH3+])C(=O)N[C@@H](CCCC[NH3+])C(=O)O,1,7.2188125,2
C[C@H](N)C(=O)N[C@@H](CS)C(=O)N[C@@H](CCCNC(N)=[NH2+])C(=O)N[C@@H](CCCNC(N)=[NH2+])C(=O)N[C@@H](CO)C(=O)N[C@@H](CCCNC(N)=[NH2+])C(=O)N[C@@H](CCCNC(N)=[NH2+])C(=O)NCC(=O)N[C@@H](CS)C(=O)NCC(=O)N[C@@H](CCCNC(N)=[NH2+])C(=O)N[C@@H](CCCNC(N)=[NH2+])C(=O)N[C@@H](CO)C(=O)N[C@@H](CCCNC(N)=[NH2+])C(=O)N[C@@H](CCCNC(N)=[NH2+])C(=O)N[C@@H](CS)C(=O)NCC=O,1,9.692216,2
CC(=O)N[C@@H](CCCNC(N)=[NH2+])C(=O)N[C@@H](CC(C)C)C(=O)N[C@@H](CC(C)C)C(=O)N[C@@H](CCCNC(N)=[NH2+])C(=O)N[C@@H](CC(C)C)C(=O)N[C@@H](CC(C)C)C(=O)N[C@@H](CC(C)C)C(=O)N[C@@H](CCCNC(N)=[NH2+])C(=O)N[C@@H](CC(C)C)C(=O)N[C@@H](Cc1c[nH]c2ccccc12)C(=O)N[C@@H](CCCNC(N)=[NH2+])C(=O)N[C@@H](CCCNC(N)=[NH2+])C(=O)N[C@@H](CC(C)C)C(=O)N[C@@H](CC(C)C)C(=O)N[C@@H](CCCNC(N)=[NH2+])C(=O)N[C@@H](CC(C)C)C(=O)N[C@@H](CC(C)C)C(=O)N[C@@H](CCCNC(N)=[NH2+])C(N)=O,1,1.059463,2
C[C@H](NC(=O)[C@H](CCCC[NH3+])NC(=O)[C@H](CO)NC(=O)[C@H](CCCNC(N)=[NH2+])NC(=O)[C@H](C)NC(O)C(CC1CNCN1)NC(O)C(CC1CNCN1)NC(=O)[C@H](CCCNC(N)=[NH2+])NC(=O)[C@H](CCCNC(N)=[NH2+])NC(=O)[C@@H](N)CO)C(=O)N[C@@H](CCCC[NH3+])C(=O)N[C@@H](CCCNC(N)=[NH2+])C(=O)N[C@@H](CO)C(=O)N[C@@H](CCCNC(N)=[NH2+])C(=O)NC(CC1CNCN1)C(O)NC(CO)CC1CNCN1,1,3.4922388,2
NC(=[NH2+])NCCC[C@@H](C=O)NC(=O)[C@H](CCCNC(N)=[NH2+])NC(=O)[C@H](CCCNC(N)=[NH2+])NC(=O)[C@H](CCCNC(N)=[NH2+])NC(=O)[C@H](CCCNC(N)=[NH2+])NC(=O)[C@H](CCCNC(N)=[NH2+])NC(=O)[C@H](CCCNC(N)=[NH2+])NC(=O)[C@H](CCCNC(N)=[NH2+])NC(=O)[C@H](CCCNC(N)=[NH2+])NC(=O)[C@H](CCCNC(N)=[NH2+])NC(=O)[C@@H](N)CCCNC(N)=[NH2+],1,12.458817,2
C[C@H](NC(=O)[C@H](CCC(N)=O)NC(=O)[C@@H](N)CCCNC(N)=[NH2+])C(=O)N[C@@H](CCCNC(N)=[NH2+])C(=O)N[C@@H](CCCNC(N)=[NH2+])C(=O)N[C@@H](CC(N)=O)C(=O)N[C@@H](CCCNC(N)=[NH2+])C(=O)N[C@@H](CCCNC(N)=[NH2+])C(=O)N[C@@H](CCCNC(N)=[NH2+])C(=O)N[C@H](C=O)CS,1,7.229751,2
CC[C@H](C)[C@H](NC(=O)[C@H](CCCC[NH3+])NC(=O)[C@@H](NC(=O)[C@H](CCC(N)=O)NC(=O)[C@@H]([NH3+])CCCNC(N)=[NH2+])[C@@H](C)CC)C(=O)N[C@@H](Cc1c[nH]c2ccccc12)C(=O)N[C@@H](Cc1ccccc1)C(=O)N[C@@H](CCC(N)=O)C(=O)N[C@@H](CC(N)=O)C(=O)N[C@@H](CCCNC(N)=[NH2+])C(=O)N[C@@H](CCCNC(N)=[NH2+])C(=O)N[C@@H](CCSC)C(=O)N[C@@H](CCCC[NH3+])C(=O)N[C@@H](Cc1c[nH]c2ccccc12)C(=O)N[C@@H](CCCC[NH3+])C(=O)N[C@@H](CCCC[NH3+])C(=O)O,1,7.2188125,2
NC(=[NH2+])NCCC[C@@H](NC(=O)[C@H](N)CS)C(=O)N[C@H](Cc1c[nH]c2ccccc12)C(=O)N[C@H](CCCNC(N)=[NH2+])C(=O)N[C@H](Cc1c[nH]c2ccccc12)C(=O)N[C@H](CCCC[NH3+])C(=O)N[C@H](CS)C(=O)N[C@H](CS)C(=O)N[C@H](CCCC[NH3+])C(=O)N[C@@H](C=O)CCCC[NH3+],1,6.099635,2
NC(=[NH2+])NCCC[C@H](NC(=O)[C@H](Cc1c[nH]c2ccccc12)NC(=O)[C@@H](CCCNC(N)=[NH2+])NC(=O)[C@@H](N)CS)C(=O)N[C@@H](Cc1c[nH]c2ccccc12)C(=O)N[C@@H](CCCC[NH3+])C(=O)N[C@@H](CS)C(=O)N[C@@H](CS)C(=O)N[C@@H](CCCC[NH3+])C(=O)N[C@H](C=O)CCCC[NH3+],1,6.186121,2
CC[C@H](C)[C@H](NC(=O)[C@H](CC(C)C)NC(=O)[C@@H](N)CCCC[NH3+])C(=O)N[C@@H](CCCC[NH3+])C(=O)NCC(=O)N[C@@H](CCCNC(N)=[NH2+])C(=O)N[C@H](C(=O)N1CCC[C@H]1C(=O)N[C@H](C(=O)N[C@@H](CCCC[NH3+])C(=O)N[C@@H](Cc1ccccc1)C(=O)NCC(=O)N[C@@H](CCCC[NH3+])C(=O)N[C@@H](C)C(=O)N[C@@H](CC(=O)O)C(=O)N[C@@H](CS)C(=O)N[C@@H](CC(=O)O)C(=O)N[C@@H](CCCNC(N)=[NH2+])C(=O)N1CCC[C@H]1C(=O)N1CCC[C@H]1C(=O)N[C@@H](CCCC[NH3+])C(=O)NC(CC1CNCN1)C(O)N[C@@H](CO)C(=O)NCC(=O)N[C@H](C=O)CCCC[NH3+])[C@@H](C)CC)[C@@H](C)O,1,8.378449,2
CC[C@H](C)[C@H](NC(=O)[C@H](CCCC[NH3+])NC(=O)[C@@H](NC(=O)[C@H](CCC(N)=O)NC(=O)[C@@H]([NH3+])CCCNC(N)=[NH2+])[C@@H](C)CC)C(=O)N[C@@H](Cc1c[nH]c2ccccc12)C(=O)N[C@@H](Cc1ccccc1)C(=O)N[C@@H](CCC(N)=O)C(=O)N[C@@H](CC(N)=O)C(=O)N[C@@H](CCCNC(N)=[NH2+])C(=O)N[C@@H](CCCNC(N)=[NH2+])C(=O)N[C@@H](CCSC)C(=O)N[C@@H](CCCC[NH3+])C(=O)N[C@@H](Cc1c[nH]c2ccccc12)C(=O)N[C@@H](CCCC[NH3+])C(=O)N[C@@H](CCCC[NH3+])C(=O)O,1,7.2188125,2
C[C@H](NC(=O)[C@H](CCCNC(N)=[NH2+])NC(=O)[C@H](CCCNC(N)=[NH2+])NC(=O)[C@H](CCC(=O)O)NC(=O)[C@H](CCCNC(N)=[NH2+])NC(=O)[C@H](CCCNC(N)=[NH2+])NC(=O)[C@@H](N)CCCNC(N)=[NH2+])C(=O)N[C@@H](CCC(=O)O)C(=O)N[C@H](C=O)CCCC[NH3+],1,11.1651125,2
NCC(=O)N[C@@H](CCCNC(N)=[NH2+])C(=O)N[C@@H](CCCC[NH3+])C(=O)N[C@@H](CCCC[NH3+])C(=O)N[C@@H](CCCNC(N)=[NH2+])C(=O)N[C@@H](CCCNC(N)=[NH2+])C(=O)N[C@@H](CCC(N)=O)C(=O)N[C@@H](CCCNC(N)=[NH2+])C(=O)N[C@@H](CCCNC(N)=[NH2+])C(=O)N[C@@H](CCCNC(N)=[NH2+])C(=O)N1CCC[C@H]1C(=O)N1CCC[C@H]1C(=O)N[C@H](C=O)CCC(N)=O,1,12.390824,2
NC(=[NH2+])NCCC[C@@H](C=O)NC(=O)[C@H](CCCNC(N)=[NH2+])NC(=O)[C@H](CCCNC(N)=[NH2+])NC(=O)[C@H](CCCNC(N)=[NH2+])NC(=O)[C@H](CCCNC(N)=[NH2+])NC(=O)[C@H](CCCNC(N)=[NH2+])NC(=O)[C@H](CCCNC(N)=[NH2+])NC(=O)[C@H](CCCNC(N)=[NH2+])NC(=O)[C@H](Cc1c[nH]c2ccccc12)NC(=O)[C@H](Cc1c[nH]c2ccccc12)NC(=O)[C@H](Cc1c[nH]c2ccccc12)NC(=O)[C@@H](N)Cc1c[nH]c2ccccc12,1,6.259525,2
CC[C@H](C)[C@H](NC(=O)[C@H](CCCNC(N)=[NH2+])NC(=O)[C@@H](NC(=O)[C@H](CCC(N)=O)NC(=O)[C@@H](N)CCCNC(N)=[NH2+])[C@@H](C)CC)C(=O)N[C@@H](Cc1c[nH]c2ccccc12)C(=O)N[C@@H](Cc1ccccc1)C(=O)N[C@@H](CCC(N)=O)C(=O)N[C@@H](CC(N)=O)C(=O)N[C@@H](CCCNC(N)=[NH2+])C(=O)N[C@@H](CCCNC(N)=[NH2+])C(=O)N[C@@H](CCSC)C(=O)N[C@@H](CCCNC(N)=[NH2+])C(=O)N[C@@H](Cc1c[nH]c2ccccc12)C(=O)N[C@@H](CCCNC(N)=[NH2+])C(=O)N[C@H](C=O)CCCNC(N)=[NH2+],1,11.071235,2
CC(C)C[C@H](NC(=O)[C@H](CO)NC(=O)[C@H](CO)NC(=O)[C@H](Cc1c[nH]c2ccccc12)NC(=O)[C@H](CC(C)C)NC(=O)[C@H](CO)NC(=O)[C@@H]1CCCN1C(=O)[C@H](Cc1c[nH]c2ccccc12)NC(=O)[C@H](C)NC(=O)[C@H](CO)NC(=O)[C@H](Cc1c[nH]c2ccccc12)NC(=O)[C@H](CC(C)C)NC(=O)[C@@H](N)CCCC[NH3+])C(=O)N[C@@H](Cc1c[nH]c2ccccc12)C(=O)N[C@@H](CCCC[NH3+])C(=O)N1CCC[C@H]1C(N)=O,1,-5.7809105,2
CC[C@H](C)[C@@H]1NC(=O)[C@@H]2CCCN2C(=O)[C@@H]2CCCN2C(=O)[C@H]([C@@H](C)CC)NC(=O)[C@H](CO)NC(=O)[C@H](CCCC[NH3+])NC(=O)[C@H]([C@@H](C)O)NC(=O)[C@@H]2CSSC[C@H](NC1=O)C(=O)N[C@@H](Cc1ccccc1)C(=O)N1CCC[C@H]1C(=O)N[C@@H](CC(=O)O)C(=O)NCC(=O)N[C@@H](CCCNC(N)=[NH2+])C(=O)N2,1,-0.8238026,2
CC(C)C[C@H](NC(=O)[C@@H](NC(=O)[C@H](CCCCN)NC(=O)[C@H](Cc1ccc(O)cc1)NC(=O)[C@@H](NC(=O)[C@H](Cc1ccc(O)cc1)NC(=O)[C@@H](NC(=O)[C@H](CO)NC(=O)[C@H](Cc1ccc(O)cc1)NC(=O)[C@H](CO)NC(=O)[C@H](CCC(=O)O)NC(=O)[C@H](CCCCN)NC(=O)[C@H](CCCNC(=N)N)NC(=O)[C@H](CO)NC(=O)[C@H](CCCNC(=N)N)NC1=[O+]C(CN)CC[C@@H]1NC(=O)[C@H](CCCNC(=N)N)NC(=O)[C@H](CCCCN)NC(=O)[C@H](CCCCN)NC(=O)CNC(=O)[C@H](CC(=O)O)NC(=O)[C@H](CCCCN)NC(=O)[C@H](CCCCN)NC(=O)[C@H](CCC(N)=O)NC(=O)[C@H](C)NC(=O)[C@H](CCCCN)NC(=O)[C@@H](NC(=O)[C@@H](NC(=O)[C@H](C)NC(=O)[C@H](CCCCN)NC(=O)[C@H](CCCCN)NC(=O)[C@H](CO)NC(=O)CNC(=O)[C@@H](N)CCCCN)C(C)C)[C@@H](C)O)C(C)C)C(C)C)C(C)C)C(=O)N[C@@H](CCCCN)C(=O)N[C@H](C=O)CCC(N)=O,1,2.6555524,2
C[C@@H](O)[C@@H](C=O)NC(=O)[C@H](CCCNC(N)=[NH2+])NC(=O)[C@H](CCCC[NH3+])NC(=O)[C@H](CCCC[NH3+])NC(=O)[C@H](CCCNC(N)=[NH2+])NC(=O)[C@H](CCCC[NH3+])NC(=O)[C@H](CCCNC(N)=[NH2+])NC(=O)CN,1,7.951214,2
C[C@H](NC(=O)[C@H](CCCNC(N)=[NH2+])NC(=O)[C@H](CCCNC(N)=[NH2+])NC(=O)[C@H](CCCNC(N)=[NH2+])NC(=O)[C@H](CCCNC(N)=[NH2+])NC(=O)CN)C(=O)N[C@H](C(=O)N[C@@H](C)C(=O)N[C@@H](CCCC[NH3+])C(=O)N[C@@H](Cc1ccc(O)cc1)C(=O)N[C@@H](CCCNC(N)=[NH2+])C(=O)N[C@H](C(=O)N[C@@H](C)C(=O)NC(CO)CC1CNCN1)[C@@H](C)O)[C@@H](C)O,1,2.754031,2
CC[C@H](C)[C@H](NC(=O)[C@H](CCCC[NH3+])NC(=O)[C@H](C)NC(=O)[C@H](CCC(N)=O)NC(=O)[C@@H](N)CCCNC(N)=[NH2+])C(=O)N[C@@H](Cc1c[nH]c2ccccc12)C(=O)N[C@@H](Cc1ccccc1)C(=O)N[C@@H](CCC(N)=O)C(=O)N[C@@H](CC(N)=O)C(=O)N[C@@H](CCCNC(N)=[NH2+])C(=O)N[C@@H](CCCNC(N)=[NH2+])C(=O)N[C@@H](CCSC)C(=O)N[C@@H](CCCC[NH3+])C(=O)N[C@@H](Cc1c[nH]c2ccccc12)C(=O)N[C@@H](CCCC[NH3+])C(=O)N[C@H](C=O)CCCC[NH3+],1,11.177592,2
CC[C@H](C)[C@H](NC(=O)[C@H](CCCC[NH3+])NC(=O)[C@@H](NC(=O)[C@H](CCC(N)=O)NC(=O)[C@@H](N)CCCNC(N)=[NH2+])[C@@H](C)CC)C(=O)N[C@@H](Cc1c[nH]c2ccccc12)C(=O)N[C@@H](Cc1ccccc1)C(=O)N[C@@H](CCC(N)=O)C(=O)N[C@@H](CC(N)=O)C(=O)N[C@@H](CCCNC(N)=[NH2+])C(=O)N[C@@H](CCCNC(N)=[NH2+])C(=O)N[C@H](C=O)CCSC,1,9.353156,2
CC[C@H](C)[C@H](NC(=O)[C@@H](NC(=O)[C@@H]1CCCN1C(=O)[C@H](CCCC[NH3+])NC(=O)[C@H](CCCC[NH3+])NC(=O)[C@@H](NC(=O)[C@@H]1CCCN1C(=O)[C@H](CCCC[NH3+])NC(=O)[C@@H](NC(=O)[C@@H](NC(=O)[C@@H](NC(=O)[C@H](CCCC[NH3+])NC(=O)[C@H](CCCC[NH3+])NC(=O)CNC(=O)[C@@H]1CCCN1C(=O)[C@H](CCCC[NH3+])NC(=O)[C@H](CCCC[NH3+])NC(=O)[C@H](CC(N)=O)NC(=O)[C@@H]1CCCN1C(=O)[C@@H](NC(=O)[C@H](CCCNC(N)=[NH2+])NC(=O)[C@@H](N)CCCC[NH3+])[C@@H](C)CC)[C@@H](C)O)[C@@H](C)O)[C@@H](C)O)[C@@H](C)O)[C@@H](C)O)C(=O)N[C@@H](CCCC[NH3+])C(=O)N[C@H](C(=O)N[C@H](C(=O)N[C@@H](CCCC[NH3+])C(=O)N[C@H](C=O)CCCC[NH3+])[C@@H](C)O)[C@@H](C)O,1,8.743045,2
NC(=[NH2+])NCCC[C@@H](N)C(=O)N[C@H](CCCNC(N)=[NH2+])C(=O)N[C@H](CCCNC(N)=[NH2+])C(=O)N[C@H](CCCNC(N)=[NH2+])C(=O)N[C@H](CCCNC(N)=[NH2+])C(=O)N[C@H](CCCNC(N)=[NH2+])C(=O)N[C@H](CCCNC(N)=[NH2+])C(=O)N[C@H](CCCNC(N)=[NH2+])C(=O)N[C@H](CCCNC(N)=[NH2+])C(=O)N[C@H](CCCNC(N)=[NH2+])C(=O)N[C@H](CCCNC(N)=[NH2+])C(=O)N[C@H](CCCNC(N)=[NH2+])C(N)=O,1,4.1137996,2
C[C@@H](O)[C@H](NC(=O)[C@H](CCCNC(N)=[NH2+])NC(=O)[C@H](CCCC[NH3+])NC(=O)[C@H](CC(N)=O)NC(=O)CNC(=O)[C@@H](N)CS)C(=O)N[C@@H](CCCNC(N)=[NH2+])C(=O)NCC(=O)N[C@H](C=O)CS,1,0.38297063,2
CC(C)C[C@H](NC(=O)CN)C(=O)N[C@@H](CCCC[NH3+])C(=O)N[C@@H](CCCC[NH3+])C(=O)N[C@@H](CC(C)C)C(=O)N[C@@H](C)C(=O)N[C@@H](CCC(=O)O)C(=O)N[C@@H](CC(C)C)C(=O)N[C@@H](C)C(=O)NC(CC1CNCN1)C(O)N[C@@H](CCCC[NH3+])C(=O)N[C@@H](CC(C)C)C(=O)N[C@@H](CC(C)C)C(=O)N[C@@H](CCCC[NH3+])C(=O)N[C@@H](CC(C)C)C(=O)NCC(=O)N[C@@H](CS)C(N)=O,1,-0.27191985,2
CC[C@H](C)[C@H](NC(=O)[C@H](CCCNC(N)=[NH2+])NC(=O)[C@@H](N)CCCC[NH3+])C(=O)N1CCC[C@H]1C(=O)N[C@@H](CC(N)=O)C(=O)N[C@@H](CCCC[NH3+])C(=O)N[C@@H](CCCC[NH3+])C(=O)N1CCC[C@H]1C(=O)N[C@@H](CCCC[NH3+])C(=O)N[C@H](C=O)CCCC[NH3+],1,10.98591,2
CCC[C@@H](C=O)NC(=O)[C@H](C)NC(=O)[C@H](C)NC(=O)[C@H](Cc1c[nH]c2ccccc12)NC(=O)[C@H](CCC(=O)O)NC(=O)CNC(=O)[C@@H](NC(=O)[C@H](CC(C)C)NC(=O)[C@H](CCCNC(=N)N)NC(=O)[C@H](CCC)NC(=O)[C@@H](NC(=O)[C@H](Cc1c[nH]cn1)NC(=O)[C@@H](NC(=O)[C@@H](NC(=O)[C@H](Cc1ccccc1)NC(=O)[C@@H](NC(=O)[C@H](CCCNC(=N)N)NC(=O)[C@@H](NC(=O)[C@H](CCCNC(=N)N)NC(=O)[C@H](CCC)NC(=O)[C@H](CCC)NC(=O)CNC(=O)[C@H](CS)NC(=O)[C@H](C)NC(=O)[C@H](CCCNC(=N)N)NC(=O)[C@H](CCCNC(=N)N)NC(=O)[C@@H](NC(=O)[C@H](CCCNC(=N)N)NC(=O)[C@H](CC(C)C)NC(=O)[C@@H](NC(=O)[C@@H](NC(=O)[C@H](CC(C)C)NC(=O)[C@H](Cc1ccccc1)NC(=O)[C@H](CCCNC(=N)N)NC(=O)[C@H](CCCNC(=N)N)NC(=O)[C@@H](NC(=O)[C@@H](N)CCSC)C(C)C)C(C)C)[C@@H](C)O)[C@@H](C)CC)C(C)C)C(C)C)C(C)C)C(C)C)[C@@H](C)CC)[C@@H](C)O,1,-0.24660334,2
CC(C)C[C@H](NC(=O)[C@H](CCCC[NH3+])NC(=O)[C@H](CCCNC(N)=[NH2+])NC(=O)[C@H](Cc1ccccc1)NC(=O)[C@H](Cc1ccccc1)NC(=O)[C@H](CCCC[NH3+])NC(=O)[C@H](CCCC[NH3+])NC(=O)[C@H](Cc1ccccc1)NC(=O)[C@H](CCCNC(N)=[NH2+])NC(=O)[C@H](CCCC[NH3+])NC(=O)[C@@H](N)C(C)C)C(=O)N[C@@H](CCCC[NH3+])C(=O)N[C@@H](CCCC[NH3+])C(=O)N[C@@H](CC(C)C)C(=O)N[C@H](C(N)=O)C(C)C,1,-0.10426156,2
CC[C@H](C)[C@H](NC(=O)[C@H](CC(C)C)NC(=O)[C@@H](NC(=O)[C@H](CCCNC(N)=[NH2+])NC(=O)[C@H](Cc1ccccc1)NC(=O)[C@@H](NC(=O)[C@@H](NC(=O)[C@@H](N)CC(C)C)[C@@H](C)CC)[C@@H](C)CC)[C@@H](C)CC)C(=O)N[C@@H](CO)C(=O)NC(CC1CNCN1)C(O)N[C@@H](CCCNC(N)=[NH2+])C(=O)N[C@H](C=O)CCCNC(N)=[NH2+],1,9.560502,2
CC[C@H](C)[C@H](NC(=O)[C@H](C)NC(=O)[C@@H](NC(=O)[C@@H](N)Cc1ccc(O)cc1)[C@@H](C)O)C(=O)N[C@@H](C)C(=O)N[C@@H](Cc1c[nH]c2ccccc12)C(=O)N[C@H](C(=O)N[C@@H](CCCC[NH3+])C(=O)N[C@@H](C)C(=O)N[C@@H](Cc1ccccc1)C(=O)N[C@H](C(=O)N[C@@H](CCCNC(N)=[NH2+])C(=O)N[C@@H](CCCC[NH3+])C(=O)N[C@@H](CC(C)C)C(=O)N[C@@H](CCCNC(N)=[NH2+])C(=O)N[C@H](C=O)CCCC[NH3+])[C@@H](C)CC)C(C)C,1,8.206364,2
CCC(NC(=O)[C@H](CC(=O)O)NC(=O)CN)C(O)N[C@@H](CC(C)C)C(=O)N1CCC[C@H]1C(=O)NC(CC1CNCN1)C(O)N[C@@H](CC(C)C)C(=O)N[C@@H](CCCCN)C(=O)N[C@@H](CC(C)C)C(=O)N[C@@H](CS)C(=O)O,1,-0.38715535,2
CC[C@H](C)[C@H](NC(=O)[C@H](CS)NC(=O)[C@H](CO)NC(=O)[C@@H](NC(=O)[C@@H]1CCCN1C(=O)[C@@H]1CCCN1C(=O)CNC(=O)[C@H](CCCNC(N)=[NH2+])NC(=O)[C@@H](NC(=O)[C@H](CCCC[NH3+])NC(=O)[C@H](CCCNC(N)=[NH2+])NC(=O)[C@H](CCSC)NC(=O)[C@H](CC(N)=O)NC(=O)[C@H](CCCNC(N)=[NH2+])NC(=O)[C@H](CCC(N)=O)NC(=O)[C@H](Cc1c[nH]c2ccccc12)NC(=O)[C@@H](N)CCC(N)=O)C(C)C)C(C)C)C(=O)N[C@@H](CCCC[NH3+])C(=O)N[C@H](C=O)CCCNC(N)=[NH2+],1,7.5376062,2
C[C@H](N)C(=O)N[C@@H](CS)C(=O)N[C@@H](CCCNC(N)=[NH2+])C(=O)NCC(=O)N[C@@H](CCCNC(N)=[NH2+])C(=O)NCC(=O)N[C@@H](CCCNC(N)=[NH2+])C(=O)NCC(=O)N[C@@H](CS)C(=O)N[C@@H](CCCNC(N)=[NH2+])C(=O)NCC(=O)N[C@@H](CCCNC(N)=[NH2+])C(=O)NCC(=O)N[C@@H](CCCNC(N)=[NH2+])C(=O)NCC(=O)N[C@@H](CS)C(=O)NCC=O,1,8.6445055,2
CC[C@H](C)[C@H](NC(=O)[C@H](CCCC[NH3+])NC(=O)[C@H](Cc1ccccc1)NC(=O)[C@@H](NC(=O)[C@@H](NC(=O)[C@@H](N)CCSC)[C@@H](C)CC)[C@@H](C)CC)C(=O)N[C@@H](C)C(=O)N[C@@H](C)C(=O)N[C@@H](CO)C(=O)NC(CC1CNCN1)C(O)N[C@@H](CCCC[NH3+])C(=O)N[C@H](C=O)CCCC[NH3+],1,9.160012,2
CC[C@H](C)[C@H](NC(=O)[C@H](CCCNC(N)=[NH2+])NC(=O)[C@H](CCCNC(N)=[NH2+])NC(=O)[C@H](CCCNC(N)=[NH2+])NC(=O)[C@H](CC(C)C)NC(=O)[C@@H](NC(=O)[C@@H](NC(=O)[C@H](CC(C)C)NC(=O)[C@@H](N)CC(C)C)[C@@H](C)CC)[C@@H](C)CC)C(=O)N[C@@H](CCCNC(N)=[NH2+])C(=O)N[C@@H](CCCC[NH3+])C(=O)N[C@@H](CCC(N)=O)C(=O)N[C@@H](C)C(=O)NC(CC1CNCN1)C(O)N[C@H](C)C(=O)NC(CC1CNCN1)C(O)N[C@@H](CO)C(=O)N[C@H](C=O)CCCC[NH3+],1,10.527927,2
CC[C@H](C)[C@H](NC(=O)[C@H](CC(C)C)NC(=O)[C@H](CC(=O)O)NC(=O)[C@H](CCCNC(N)=[NH2+])NC(=O)[C@H](C)NC(=O)[C@@H](NC(=O)[C@@H](NC(=O)[C@@H](N)CCSC)[C@@H](C)CC)[C@@H](C)CC)C(=O)N[C@H](C=O)CO,1,8.6588545,2
CC[C@H](C)[C@H](NC(=O)[C@H](CCCC[NH3+])NC(=O)[C@H](CCCC[NH3+])NC(=O)[C@H](C)NC(=O)[C@H](CC(C)C)NC(=O)[C@H](C)NC(=O)[C@H](C)NC(=O)[C@H](CC(C)C)NC(=O)[C@H](C)NC(=O)[C@H](CCCC[NH3+])NC(=O)[C@H](CC(C)C)NC(=O)[C@H](CC(N)=O)NC(=O)[C@@H](NC(=O)[C@H](CCCC[NH3+])NC(=O)CNC(=O)[C@H](CC(C)C)NC(=O)[C@H](CC(C)C)NC(=O)[C@H](Cc1ccc(O)cc1)NC(=O)CNC(=O)[C@H](C)NC(=O)[C@H](CO)NC(=O)[C@H](CC(N)=O)NC(=O)[C@H](CC(C)C)NC(=O)[C@@H](NC(=O)[C@H](Cc1c[nH]c2ccccc12)NC(=O)CN)[C@@H](C)O)[C@@H](C)CC)C(=O)N[C@H](C=O)CC(C)C,1,8.599582,2
CC[C@H](C)[C@H](NC(=O)CNC(=O)[C@H](CC(=O)O)NC(=O)[C@H](CO)NC(=O)[C@@H]([NH3+])Cc1c[nH]cn1)C(=O)N[C@@H](Cc1ccccc1)C(=O)N[C@H](C(=O)N[C@@H](CC(=O)O)C(=O)N[C@@H](CO)C(=O)N[C@@H](Cc1ccc(O)cc1)C(=O)N[C@@H](CO)C(=O)N[C@@H](CCCNC(N)=[NH2+])C(=O)N[C@@H](Cc1ccc(O)cc1)C(=O)N[C@@H](CCCNC(N)=[NH2+])C(=O)N[C@@H](CCCC[NH3+])C(=O)N[C@@H](CCC(N)=O)C(=O)N[C@@H](CCSC)C(=O)N[C@@H](C)C(=O)N[C@H](C(=O)N[C@@H](CCCC[NH3+])C(=O)N[C@@H](CCCC[NH3+])C(=O)N[C@@H](Cc1ccc(O)cc1)C(=O)N[C@@H](CC(C)C)C(=O)N[C@@H](C)C(=O)N[C@@H](C)C(=O)N[C@H](C(=O)N[C@@H](CC(C)C)C(=O)NCC(=O)N[C@@H](CCCC[NH3+])C(=O)N[C@@H](CCCNC(N)=[NH2+])C(=O)N[C@@H](Cc1ccc(O)cc1)C(=O)N[C@@H](CCCC[NH3+])C(=O)N[C@@H](CCC(N)=O)C(=O)N[C@@H](CCCNC(N)=[NH2+])C(=O)N[C@H](C(=O)N[C@@H](CCCC[NH3+])C(=O)N[C@@H](CC(N)=O)C(=O)N[C@@H](CCCC[NH3+])C(N)=O)C(C)C)C(C)C)C(C)C)[C@@H](C)O,1,-3.508036,2
CC[C@H](C)[C@H](NC(=O)[C@H](CC(N)=O)NC(=O)[C@H](C)NC(=O)[C@H](CC(C)C)NC(=O)[C@H](CC(C)C)NC(=O)[C@H](CC(N)=O)NC(=O)[C@H](CO)NC(O)C(CC1CNCN1)NC(O)C(CC1CNCN1)NC(=O)[C@H](CCCNC(N)=[NH2+])NC(=O)[C@H](CC(C)C)NC(O)C(CC1CNCN1)NC(=O)[C@H](CCCNC(N)=[NH2+])NC(=O)[C@H](CC(C)C)NC(=O)[C@H](CC(C)C)NC(=O)[C@H](CC(C)C)NC(=O)CNC(=O)[C@H](CC(C)C)NC(C)=O)C(N)=O,1,-4.4120874,2
NC(=[NH2+])NCCC[C@@H](N)C(=O)N[C@H](CCCNC(N)=[NH2+])C(=O)N[C@H](CCCNC(N)=[NH2+])C(=O)N[C@H](CCCNC(N)=[NH2+])C(=O)N[C@H](CCCNC(N)=[NH2+])C(=O)N[C@H](CCCNC(N)=[NH2+])C(=O)N[C@H](CCCNC(N)=[NH2+])C(=O)N[C@H](CCCNC(N)=[NH2+])C(=O)N[C@H](CCCNC(N)=[NH2+])C(=O)N[C@H](CCCNC(N)=[NH2+])C(=O)N[C@H](CCCNC(N)=[NH2+])C(=O)N[C@H](CCCNC(N)=[NH2+])C(=O)NCC(=O)N[C@@H](CS)C(N)=O,1,7.383234,2
CC(C)[C@H](NC(=O)[C@H](CCCNC(N)=[NH2+])NC(=O)[C@H](CCCNC(N)=[NH2+])NC(=O)[C@H](CCCNC(N)=[NH2+])NC(=O)[C@H](CC(N)=O)NC(=O)[C@H](CCCNC(N)=[NH2+])NC(=O)[C@H](CCCNC(N)=[NH2+])NC(=O)[C@@H](NC(=O)[C@@H](N)CCCNC(N)=[NH2+])[C@@H](C)O)C(=O)N[C@H](C=O)CCCNC(N)=[NH2+],1,11.857938,2
CC[C@H](C)[C@H](NC(=O)[C@H](CO)NC(=O)[C@H](CCCCN)NC(=O)[C@@H](NC(=O)[C@H](CCCNC(=N)N)NC(=O)[C@H](CCC(=O)O)NC(=O)[C@H](Cc1c[nH]c2ccccc12)NC(=O)[C@H](CCSC)NC(=O)[C@H](CO)NC(=O)[C@H](C)N)C(C)C)C(=O)N[C@H](C(=O)N[C@@H](CCCCN)C(=O)N[C@@H](CO)C(=O)N[C@@H](CO)C(=O)N[C@@H](CC(C)C)C(=O)N[C@@H](C)C(=O)N[C@@H](C)C(=O)N[C@@H](C)C(=O)N[C@@H](CO)C(=O)N[C@@H](CC(N)=O)C(=O)N[C@H](C=O)[C@@H](C)CC)[C@@H](C)CC,1,2.7342477,2
C[C@H](NC(=O)[C@H](CCC(N)=O)NC(=O)[C@H](CCCC[NH3+])NC(=O)[C@H](CCC(=O)O)NC(=O)[C@H](C)NC(=O)[C@H](CCCNC(N)=[NH2+])NC(=O)[C@H](CCCNC(N)=[NH2+])NC(=O)[C@H](CCC(=O)O)NC(=O)[C@H](CCCNC(N)=[NH2+])NC(=O)[C@H](CCCNC(N)=[NH2+])NC(=O)[C@H](CCCNC(N)=[NH2+])NC(=O)[C@@H](NC(=O)[C@@H](N)CCC(N)=O)[C@@H](C)O)C(=O)N[C@@H](CCC(N)=O)C(=O)N[C@H](C=O)Cc1c[nH]c2ccccc12,1,9.373812,2
CC[C@H](C)[C@H](NC(=O)[C@H](C)NC(=O)[C@H](CC(C)C)NC(=O)[C@H](CCCC[NH3+])NC(=O)[C@H](CC(C)C)NC(=O)[C@@H](NC(=O)[C@@H](NC(=O)[C@@H](N)CCCC[NH3+])[C@@H](C)CC)[C@@H](C)O)C(=O)N[C@@H](CCCC[NH3+])C(=O)N[C@@H](C)C(=O)N[C@@H](Cc1c[nH]c2ccccc12)C(=O)N[C@@H](CCCC[NH3+])C(=O)N[C@@H](CC(C)C)C(=O)N[C@@H](C)C(=O)N[C@@H](CC(C)C)C(=O)N[C@@H](CCCC[NH3+])C(=O)N[C@@H](C)C(=O)N[C@@H](C)C(N)=O,1,1.3869778,2
NCC(=O)N[C@@H](CCCNC(N)=[NH2+])C(=O)NCC(=O)N[C@@H](CC(=O)O)C(=O)N[C@@H](CO)C(=O)N1CCC[C@H]1C(=O)N[C@@H](CCCNC(N)=[NH2+])C(=O)N[C@@H](CCCNC(N)=[NH2+])C(=O)N[C@@H](CO)C(=O)N1CCC[C@H]1C(=O)N[C@@H](CCCNC(N)=[NH2+])C(=O)N[C@H](C=O)CCCNC(N)=[NH2+],1,10.239516,2
CC[C@H](C)[C@H](NC(=O)[C@H](CC(C)C)NC(=O)[C@@H](N)CCCC[NH3+])C(=O)N[C@@H](CCCC[NH3+])C(=O)NCC(=O)N[C@@H](CCCNC(N)=[NH2+])C(=O)N[C@H](C(=O)N1CCC[C@H]1C(=O)N[C@H](C(=O)N[C@@H](CCCC[NH3+])C(=O)N[C@@H](Cc1ccccc1)C(=O)NCC(=O)N[C@@H](CCCC[NH3+])C(=O)N[C@@H](C)C(=O)N[C@@H](CCCNC(N)=[NH2+])C(=O)N[C@@H](CS)C(=O)N[C@@H](CCCNC(N)=[NH2+])C(=O)N[C@@H](CCCNC(N)=[NH2+])C(=O)N1CCC[C@H]1C(=O)N1CCC[C@H]1C(=O)N[C@@H](CCCC[NH3+])C(=O)NC(CC1CNCN1)C(O)N[C@@H](CO)C(=O)NCC(=O)N[C@H](C=O)CCCC[NH3+])[C@@H](C)CC)[C@@H](C)O,1,9.908243,2
CC[C@H](C)[C@H](NC(=O)[C@H](CCCNC(N)=[NH2+])NC(=O)[C@H](CC(C)C)NC(=O)[C@H](CCC(N)=O)NC(=O)[C@@H](N)CCCNC(N)=[NH2+])C(=O)N[C@@H](C)C(=O)NCC(=O)N[C@@H](CCCNC(N)=[NH2+])C(=O)N[C@@H](CCCNC(N)=[NH2+])C(=O)N[C@@H](CC(C)C)C(=O)N[C@@H](CCCNC(N)=[NH2+])C(=O)NCC(=O)N[C@@H](CCCNC(N)=[NH2+])C(=O)N[C@@H](CO)C(=O)N[C@H](C=O)CCCNC(N)=[NH2+],1,13.266924,2
NC(=[NH2+])NCCC[C@H](NC(=O)[C@H](CCCNC(N)=[NH2+])NC(=O)[C@H](CCCNC(N)=[NH2+])NC(=O)[C@H](CCCNC(N)=[NH2+])NC(=O)[C@H](CCCNC(N)=[NH2+])NC(=O)[C@H](CCCNC(N)=[NH2+])NC(=O)[C@H](CCCNC(N)=[NH2+])NC(=O)[C@H](CCCNC(N)=[NH2+])NC(=O)[C@@H](N)CCCNC(N)=[NH2+])C(N)=O,1,2.870051,2
CC(C)C[C@H](NC(=O)CN)C(=O)N[C@@H](Cc1c[nH]c2ccccc12)C(=O)N[C@@H](CCCNC(N)=[NH2+])C(=O)N[C@@H](C)C(=O)N[C@@H](CC(C)C)C(=O)N[C@@H](Cc1c[nH]c2ccccc12)C(=O)N[C@@H](CCCNC(N)=[NH2+])C(=O)N[C@@H](CC(C)C)C(=O)N[C@@H](CC(C)C)C(=O)N[C@@H](CCCNC(N)=[NH2+])C(=O)N[C@@H](CO)C(=O)N[C@@H](CC(C)C)C(=O)N[C@@H](Cc1c[nH]c2ccccc12)C(=O)N[C@@H](CCCNC(N)=[NH2+])C(=O)N[C@@H](CC(C)C)C(=O)N[C@@H](CC(C)C)C(=O)N[C@@H](Cc1c[nH]c2ccccc12)C(=O)N[C@@H](CCCNC(N)=[NH2+])C(=O)N[C@@H](C)C=O,1,7.9824133,2
CC(C)C[C@H](NC(=O)CN)C(=O)N[C@@H](CCCC[NH3+])C(=O)N[C@@H](CCCC[NH3+])C(=O)N[C@@H](CC(C)C)C(=O)N[C@@H](C)C(=O)N[C@@H](CCC(=O)O)C(=O)N[C@@H](CC(C)C)C(=O)N[C@@H](Cc1ccccc1)C(=O)NC(CC1CNCN1)C(O)N[C@@H](CCCC[NH3+])C(=O)N[C@@H](CC(C)C)C(=O)N[C@@H](CC(C)C)C(=O)N[C@@H](CCCC[NH3+])C(=O)N[C@@H](CC(C)C)C(=O)NCC(=O)N[C@@H](CS)C(N)=O,1,-1.1825132,2
CSCC[C@H](NC(=O)[C@@H](NC(=O)[C@H](CO)NC(=O)CNC(=O)[C@H](C)NC(=O)[C@H](C)NC(=O)CNC(=O)[C@H](CC(C)C)NC(=O)[C@H](Cc1ccccc1)NC(=O)CNC(=O)[C@H](CC(C)C)NC(=O)[C@H](Cc1ccccc1)NC(=O)[C@H](CC(C)C)NC(=O)[C@H](C)NC(=O)CN)[C@@H](C)O)C(=O)NCC(=O)N[C@@H](C)C(=O)N[C@@H](Cc1c[nH]c2ccccc12)C(=O)N[C@@H](CO)C(=O)N[C@@H](CCC(N)=O)C(=O)N1CCC[C@H]1C(=O)N[C@@H](CCCC[NH3+])C(=O)N[C@@H](CO)C(=O)N[C@@H](CCCC[NH3+])C(=O)N[C@@H](CCCNC(N)=[NH2+])C(=O)N[C@@H](CCCC[NH3+])C(=O)N[C@H](C=O)C(C)C,1,7.3599195,2
CC[C@H](C)[C@H](NC(=O)[C@H](C)NC(=O)[C@H](C)NC(=O)[C@@H]1CCCN1C(=O)[C@H](CCCNC(N)=[NH2+])NC(=O)[C@@H](N)CCCC[NH3+])C(=O)N[C@@H](CCCC[NH3+])C(=O)N[C@@H](CCCC[NH3+])C(=O)N[C@@H](C)C(=O)NCC(=O)N[C@@H](CCC(N)=O)C(=O)N[C@@H](C)C(=O)N[C@@H](CCCC[NH3+])C(=O)N[C@@H](CCCC[NH3+])C(=O)N[C@@H](CCCC[NH3+])C(=O)N[C@H](C=O)CCCC[NH3+],1,13.6026125,2
C[C@H](NC(=O)[C@H](CCCC[NH3+])NC(=O)[C@H](CO)NC(=O)[C@H](CCCNC(N)=[NH2+])NC(=O)[C@H](CS)NC(O)C(CC1CNCN1)NC(O)C(CC1CNCN1)NC(=O)[C@H](CCCNC(N)=[NH2+])NC(=O)[C@H](CCCNC(N)=[NH2+])NC(=O)CN)C(=O)N[C@@H](CCCC[NH3+])C(=O)N[C@@H](CCCNC(N)=[NH2+])C(=O)N[C@@H](CO)C(=O)N[C@@H](CCCNC(N)=[NH2+])C(=O)NC(CC1CNCN1)C(O)NC(CO)CC1CNCN1,1,0.584409,2
C[C@H](N)C(=O)N[C@@H](CS)C(=O)N[C@@H](CO)C(=O)NCC(=O)N[C@@H](CO)C(=O)NCC(=O)N[C@@H](CO)C(=O)NCC(=O)N[C@@H](CS)C(=O)NCC(=O)N[C@@H](CO)C(=O)NCC(=O)N[C@@H](CO)C(=O)NCC(=O)N[C@@H](CO)C(=O)N[C@@H](CS)C(=O)NCC=O,1,1.2002952,2
NC(=[NH2+])NCCC[C@@H](C=O)NC(=O)[C@H](CCCNC(N)=[NH2+])NC(=O)[C@H](CCCNC(N)=[NH2+])NC(=O)[C@H](CCCNC(N)=[NH2+])NC(=O)[C@H](CCCNC(N)=[NH2+])NC(=O)[C@H](CCCNC(N)=[NH2+])NC(=O)[C@H](CCCNC(N)=[NH2+])NC(=O)[C@@H](N)CCCNC(N)=[NH2+],1,11.945106,2
NCC(=O)N[C@@H](CCCC[NH3+])C(=O)NC(CC1CNCN1)C(O)N[C@@H](CCCNC(N)=[NH2+])C(=O)NC(CC1CNCN1)C(O)N[C@@H](CCC(=O)O)C(=O)N[C@@H](CCCNC(N)=[NH2+])C(=O)NCC(=O)NC(CC1CNCN1)C(O)NC(CC1CNCN1)C(O)N[C@@H](CCCNC(N)=[NH2+])C(=O)N[C@@H](CC(=O)O)C(=O)N[C@@H](CCCNC(N)=[NH2+])C(=O)N[C@@H](CCCNC(N)=[NH2+])C(=O)N[C@@H](CCC(=O)O)C(=O)N[C@H](C=O)CCCNC(N)=[NH2+],1,7.341199,2
NC(=[NH2+])NCCC[C@@H](C=O)NC(=O)[C@H](CCCNC(N)=[NH2+])NC(=O)[C@H](CCCNC(N)=[NH2+])NC(=O)[C@H](CCCNC(N)=[NH2+])NC(=O)[C@H](CCCNC(N)=[NH2+])NC(=O)[C@H](CCCNC(N)=[NH2+])NC(=O)[C@H](CCCNC(N)=[NH2+])NC(=O)[C@H](CCCNC(N)=[NH2+])NC(=O)[C@@H](N)Cc1c[nH]c2ccccc12,1,9.383805,2
CC[C@H](C)[C@H](NC(=O)[C@H](CCCC[NH3+])NC(=O)[C@H](CC(C)C)NC(=O)[C@@H](NC(=O)[C@H](CO)NC(=O)[C@H](CCCC[NH3+])NC(=O)[C@H](Cc1c[nH]c2ccccc12)NC(=O)[C@@H](NC(=O)[C@H](CCCC[NH3+])NC(=O)[C@H](C)NC(=O)[C@@H](NC(=O)[C@H](CO)NC(=O)[C@H](CCCC[NH3+])NC(=O)[C@H](C)NC(=O)[C@H](C)NC(=O)[C@@H](NC(=O)[C@@H](N)CCCC[NH3+])[C@@H](C)CC)[C@@H](C)CC)[C@@H](C)CC)[C@@H](C)CC)C(=O)N[C@@H](C)C(N)=O,1,-0.92476827,2
CC[C@H](C)[C@H](NC(=O)[C@H](CCCC[NH3+])NC(=O)[C@@H](NC(=O)[C@H](CCC(N)=O)NC(=O)[C@@H]([NH3+])CCCNC(N)=[NH2+])[C@@H](C)CC)C(=O)N[C@@H](Cc1c[nH]c2ccccc12)C(=O)N[C@@H](Cc1ccccc1)C(=O)N[C@@H](CCC(N)=O)C(=O)N[C@@H](CC(N)=O)C(=O)N[C@@H](CCCNC(N)=[NH2+])C(=O)N[C@@H](CCCNC(N)=[NH2+])C(=O)N[C@@H](CCSC)C(=O)N[C@@H](CCCC[NH3+])C(=O)N[C@@H](Cc1c[nH]c2ccccc12)C(=O)N[C@@H](CCCC[NH3+])C(=O)N[C@@H](CCCC[NH3+])C(=O)O,1,7.2188125,2
CC(C)[C@@H](N)C(=O)N[C@H](CS)C(=O)N[C@@H](C(=O)N[C@@H](C=O)CCCNC(N)=[NH2+])C(C)C,1,5.034559,2
CC(C)C[C@@H](C=O)NC(=O)[C@H](CCC(=O)O)NC(=O)[C@@H](NC(=O)[C@H](CC(C)C)NC(=O)[C@@H](NC(=O)[C@H](CCCC[NH3+])NC(=O)[C@@H](NC(=O)[C@H](CC(C)C)NC(=O)[C@H](CCC(=O)O)NC(=O)[C@H](CCCC[NH3+])NC(=O)[C@H](CC(C)C)NC(=O)[C@@H](NC(=O)[C@H](CCC(=O)O)NC(=O)[C@@H](NC(=O)[C@H](CC(C)C)NC(=O)[C@@H](NC(=O)[C@H](CCCC[NH3+])NC(=O)[C@@H](N)CC(C)C)[C@@H](C)O)[C@@H](C)O)[C@@H](C)O)[C@@H](C)O)[C@@H](C)O)[C@@H](C)O,1,4.5406523,2
CC(C)C[C@H](NC(=O)CNC(=O)[C@H](C)NC(=O)[C@H](CCCNC(=N)N)NC(=O)[C@H](CO)NC(=O)[C@H](CO)NC(=O)[C@H](CCCNC(=N)N)NC(=O)[C@@H](NC(=O)[C@H](CCCCN)NC(=O)[C@H](C)NC(=O)[C@H](CCCCN)NC(=O)[C@H](C)NC(=O)[C@H](CCCNC(=N)N)NC(=O)[C@H](C)NC(=O)[C@H](CCCCN)NC(=O)CNC(=O)CNC(=O)[C@H](CCC(N)=O)NC(=O)[C@H](CCCCN)NC(=O)CNC(=O)[C@H](CCCNC(=N)N)NC(=O)CNC(=O)[C@@H](N)CO)[C@@H](C)O)C(=O)N[C@@H](CCC(N)=O)C(=O)N[C@@H](Cc1ccccc1)C(=O)N1CCC[C@H]1C(=O)N[C@H](C(=O)NCC(=O)N[C@@H](CCCNC(=N)N)C(=O)N[C@H](C(=O)N[C@@H](Cc1c[nH]cn1)C(=O)N[C@@H](CCCNC(=N)N)C(=O)N[C@@H](CC(C)C)C(=O)N[C@@H](CC(C)C)C(=O)N[C@@H](CCCNC(=N)N)C(=O)N[C@@H](CCCCN)C(=O)NCC=O)C(C)C)C(C)C,1,1.792478,2
CC[C@H](C)[C@H](NC(=O)[C@H](CCCC[NH3+])NC(=O)[C@@H](NC(=O)[C@H](CCC(N)=O)NC(=O)[C@@H]([NH3+])CCCNC(N)=[NH2+])[C@@H](C)CC)C(=O)N[C@@H](Cc1c[nH]c2ccccc12)C(=O)N[C@@H](Cc1ccccc1)C(=O)N[C@@H](CCC(N)=O)C(=O)N[C@@H](CC(N)=O)C(=O)N[C@@H](CCCNC(N)=[NH2+])C(=O)N[C@@H](CCCNC(N)=[NH2+])C(=O)N[C@@H](CCSC)C(=O)N[C@@H](CCCC[NH3+])C(=O)N[C@@H](Cc1c[nH]c2ccccc12)C(=O)N[C@@H](CCCC[NH3+])C(=O)N[C@@H](CCCC[NH3+])C(=O)O,1,7.2188125,2
NC(=[NH2+])NCCC[C@@H](N)C(=O)N[C@@H](CCCNC(N)=[NH2+])C(=O)N[C@H](CCCNC(N)=[NH2+])C(=O)NCC(=O)N[C@H](CCCNC(N)=[NH2+])C(=O)N[C@@H](CCCC[NH3+])C(=O)N[C@H](CCCC[NH3+])C(=O)N[C@@H](CCCNC(N)=[NH2+])C(=O)N[C@@H](C=O)CCCNC(N)=[NH2+],1,13.039127,2
CC[C@H](C)[C@H](NC(=O)[C@H](CCCC[NH3+])NC(=O)[C@@H](NC(=O)[C@H](CCC(N)=O)NC(=O)[C@@H](N)CCCNC(N)=[NH2+])[C@@H](C)CC)C(=O)N[C@@H](Cc1c[nH]c2ccccc12)C(=O)N[C@@H](Cc1ccccc1)C(=O)N[C@@H](CCC(N)=O)C(=O)N[C@H](C=O)CC(N)=O,1,6.2879357,2
C[C@H](NC(=O)[C@H](C)NC(=O)[C@H](CO)NC(=O)[C@H](CCCNC(N)=[NH2+])NC(=O)[C@H](CS)NC(O)C(CC1CNCN1)NC(O)C(CC1CNCN1)NC(=O)[C@H](CCCNC(N)=[NH2+])NC(=O)[C@H](CCCNC(N)=[NH2+])NC(=O)[C@@H](N)CO)C(=O)N[C@@H](CCCC[NH3+])C(=O)N[C@@H](CCCNC(N)=[NH2+])C(=O)N[C@@H](CO)C(=O)N[C@@H](CCCNC(N)=[NH2+])C(=O)NC(CC1CNCN1)C(O)NC(CO)CC1CNCN1,1,2.622384,2
NC(=[NH2+])NCCC[C@H](NC(=O)[C@H](Cc1ccccc1)NC(=O)[C@H](CCCC[NH3+])NC(=O)[C@H](CCCC[NH3+])NC(=O)[C@@H](N)Cc1ccccc1)C(=O)N[C@@H](CCCC[NH3+])C(=O)N[C@H](C=O)Cc1ccccc1,1,6.9153843,2
CCC[C@@H]1NC(=O)[C@@H]2CS34SC[C@H](NC(=O)[C@H]([C@@H](C)CC)NC(=O)[C@H](CS)NC(=O)[C@H](C)NC(=O)CNC1=O)C(=O)N[C@@H](CCCNC(=N)N)C(=O)NCC(=O)N[C@@H](CC(N)=O)C(=O)NCC(=O)N[C@@H](Cc1ccc(O)cc1)C(=O)N[C@H](C(=O)NCC(=O)N[C@@H](CO)C(=O)NCC(=O)N[C@@H](CO)C(=O)N[C@H](C=O)CC(=O)O)C[SH]3[SH]4C[C@H](NC(=O)[C@H](CCCCN)NC(=O)[C@H](CCCCN)NC(=O)[C@H](CC(C)C)NC(=O)[C@@H](NC(=O)[C@H](C)NC(=O)[C@H](CCC)NC(=O)[C@H](CS)NC(=O)[C@@H](NC(=O)CNC(=O)CN)C(C)C)[C@@H](C)CC)C(=O)N[C@@H](CCCNC(=N)N)C(=O)N[C@@H](CCCNC(=N)N)C(=O)N[C@@H](CC(=O)O)C(=O)N[C@@H](CO)C(=O)N[C@@H](CC(=O)O)C(=O)N2,1,2.5023232,2
C[C@H](N)C(=O)N[C@@H](CS)C(=O)N[C@@H](CO)C(=O)NCC(=O)N[C@@H](CCCNC(N)=[NH2+])C(=O)NCC(=O)N[C@@H](CCCNC(N)=[NH2+])C(=O)NCC(=O)N[C@@H](CS)C(=O)NCC(=O)N[C@@H](CO)C(=O)NCC(=O)N[C@@H](CO)C(=O)NCC(=O)N[C@@H](CO)C(=O)N[C@@H](CS)C(=O)NCC=O,1,4.5244217,2
CC[C@H](C)[C@H](NC(=O)[C@H](CC(C)C)NC(=O)[C@H](C)NC(=O)[C@H](CCCNC(N)=[NH2+])NC(=O)[C@H](Cc1ccccc1)NC(=O)[C@@H](NC(=O)[C@@H](NC(=O)[C@@H](N)CCSC)[C@@H](C)CC)[C@@H](C)CC)C(=O)N[C@@H](CO)C(=O)NC(CC1CNCN1)C(O)N[C@@H](CCCC[NH3+])C(=O)N[C@H](C=O)CCCC[NH3+],1,9.738043,2
CC(C)C[C@H](NC(=O)[C@H](CCCNC(N)=[NH2+])NC(=O)[C@H](CCCNC(N)=[NH2+])NC(=O)[C@H](CC(C)C)NC(=O)[C@H](CC(C)C)NC(=O)[C@H](CCCNC(N)=[NH2+])NC(=O)[C@@H](N)CCCNC(N)=[NH2+])C(=O)N[C@@H](CCCNC(N)=[NH2+])C(=O)N[C@H](C=O)CCCNC(N)=[NH2+],1,12.687381,2
CC[C@H](C)[C@H](NC(=O)[C@H](CCCNC(N)=[NH2+])NC(=O)[C@@H](N)CCCC[NH3+])C(=O)N1CCC[C@H]1C(=O)N[C@@H](CC(N)=O)C(=O)N[C@@H](CCCC[NH3+])C(=O)N[C@@H](CCCC[NH3+])C(=O)N1CCC[C@H]1C(=O)NCC(=O)N[C@@H](CCCC[NH3+])C(=O)N[C@H](C=O)CCCC[NH3+],1,10.67529,2
CC[C@H](C)[C@H](NC(=O)[C@H](CCCC[NH3+])NC(=O)[C@@H](NC(=O)[C@H](CCC(N)=O)NC(=O)[C@@H](N)CCCNC(N)=[NH2+])[C@@H](C)CC)C(=O)N[C@@H](Cc1c[nH]c2ccccc12)C(=O)N[C@@H](Cc1ccccc1)C(=O)N1CCC[C@H]1C(=O)N[C@@H](CC(N)=O)C(=O)N[C@@H](CCCNC(N)=[NH2+])C(=O)N[C@@H](CCCNC(N)=[NH2+])C(=O)N[C@@H](CCSC)C(=O)N[C@@H](CCCC[NH3+])C(=O)N[C@@H](Cc1c[nH]c2ccccc12)C(=O)N[C@@H](CCCC[NH3+])C(=O)N[C@H](C=O)CCCC[NH3+],1,10.6164875,2
CC[C@H](C)[C@H](NC(=O)[C@H](CCCNC(N)=[NH2+])NC(=O)[C@@H](NC(=O)[C@@H](N)CCCNC(N)=[NH2+])C(C)C)C(=O)N[C@@H](CC(C)C)C(=O)N[C@@H](C)C(=O)N[C@@H](CCCNC(N)=[NH2+])C(=O)N[C@@H](Cc1ccccc1)C(=O)N[C@@H](CC(C)C)C(=O)N[C@@H](CCCNC(N)=[NH2+])C(=O)N[C@H](C(=O)N[C@@H](CCCNC(N)=[NH2+])C(=O)N[C@H](C=O)C(C)C)[C@@H](C)O,1,11.003281,2
CC[C@H](C)[C@H](NC(=O)[C@H](CCCCN)NC(=O)[C@H](CCCCN)NC(=O)[C@H](C)NC(=O)[C@H](CC(C)C)NC(=O)[C@H](C)NC(=O)[C@H](C)NC(=O)[C@H](CC(C)C)NC(=O)[C@H](C)NC(=O)[C@H](CCCCN)NC(=O)[C@H](CC(C)C)NC(=O)[C@H](CC(N)=O)NC(=O)[C@@H](NC(=O)[C@H](CCCCN)NC(=O)CNC(=O)[C@H](CC(C)C)NC(=O)[C@H](CC(C)C)NC(=O)[C@H](Cc1ccc(O)cc1)NC(=O)CNC(=O)[C@H](C)N)[C@@H](C)O)C(=O)N[C@H](C=O)CC(C)C,1,9.246972,2
NC(=[NH2+])NCCC[C@H](NC(=O)CNC(=O)[C@H](CCCNC(N)=[NH2+])NC(=O)[C@@H](N)CCCNC(N)=[NH2+])C(=O)N[C@@H](CCCNC(N)=[NH2+])C(=O)NCC=O,1,6.3799577,2
CC[C@H](C)[C@H](NC(=O)[C@H](CCCNC(N)=[NH2+])NC(=O)[C@H](CC(C)C)NC(=O)[C@@H](NC(=O)[C@@H](NC(=O)[C@H](CC(C)C)NC(=O)[C@H](Cc1ccccc1)NC(=O)[C@H](CCCNC(N)=[NH2+])NC(=O)[C@H](CCCNC(N)=[NH2+])NC(=O)[C@@H](N)C(C)C)C(C)C)[C@@H](C)O)C(=O)N[C@@H](CCCNC(N)=[NH2+])C(=O)N[C@@H](CCCNC(N)=[NH2+])C(=O)N[C@@H](C)C=O,1,9.23867,2
CCC[C@H](NC(=O)[C@@H](NC(=O)[C@H](CC(C)C)NC(=O)[C@H](CC(N)=O)NC(=O)[C@H](CCCNC(=N)N)NC(=O)[C@H](CC(C)C)NC(=O)[C@H](Cc1ccccc1)NC(=O)[C@H](CC(=O)O)NC(=O)[C@H](CCCCN)NC(=O)[C@@H](NC(=O)[C@H](CCCNC(=N)N)NC(=O)[C@H](CCC(N)=O)NC(=O)[C@@H](NC(=O)[C@@H](NC(=O)[C@H](CCCNC(=N)N)NC(=O)[C@H](CCCCN)NC(=O)[C@H](Cc1ccccc1)NC(=O)[C@H](CCC(=O)O)NC(=O)[C@H](CCCCN)NC(=O)CNC(=O)[C@@H](NC(=O)[C@H](CCCCN)NC(=O)[C@H](CCC(=O)O)NC(=O)[C@H](CCCCN)NC(=O)[C@H](CO)NC(=O)[C@H](CCCCN)NC(=O)[C@H](CCCNC(=N)N)NC(=O)[C@H](Cc1ccccc1)NC(=O)[C@H](Cc1ccccc1)NC(=O)[C@H](CC(=O)O)NC(=O)CNC(=O)[C@H](CC(C)C)NC(=O)[C@@H](N)CC(C)C)[C@@H](C)CC)[C@@H](C)CC)C(C)C)[C@@H](C)CC)C(C)C)C(=O)N[C@@H](CCCNC(=N)N)C(=O)N[C@H](C(=O)N[C@@H](CCC(=O)O)C(=O)N[C@@H](CO)C(=O)N[C@H](C=O)CS)[C@@H](C)O,1,-0.8020705,2
CC[C@H](C)[C@H](NC(=O)[C@H](C)NC(=O)[C@@H](NC(=O)[C@H](CCC(N)=O)NC(=O)[C@@H]1CCCN1C(=O)[C@H](Cc1ccccc1)NC(=O)[C@@H](NC(O)C(CC1CNCN1)NC(=O)[C@H](Cc1ccccc1)NC(=O)[C@H](CCCC[NH3+])NC(=O)[C@H](CC(N)=O)NC(=O)[C@H](Cc1ccccc1)NC(=O)[C@H](CC(=O)O)NC(=O)[C@H](CCC(N)=O)NC(=O)[C@@H](NC(=O)[C@H](Cc1ccc(O)cc1)NC(=O)[C@@H](NC(=O)CNC(=O)[C@@H](N)CC(C)C)[C@@H](C)O)[C@@H](C)O)[C@@H](C)O)[C@@H](C)O)C(=O)NCC(=O)N[C@H](C(=O)NCC(=O)N[C@@H](C)C(=O)N1CCC[C@H]1C=O)C(C)C,1,3.7794704,2
CSCC[C@H](NC(=O)[C@H](CC(N)=O)NC(=O)[C@H](CCCNC(N)=[NH2+])NC(=O)[C@H](CCC(N)=O)NC(=O)[C@H](Cc1c[nH]c2ccccc12)NC(=O)[C@H](CCC(N)=O)NC(=O)[C@@H](N)Cc1ccccc1)C(=O)N[C@@H](CCCNC(N)=[NH2+])C(=O)N[C@@H](CCCC[NH3+])C(=O)N[C@H](C(=O)N[C@@H](CCCNC(N)=[NH2+])C(=O)NCC(=O)N1CCC[C@H]1C(=O)N1CCC[C@H]1C(=O)N[C@H](C(=O)N[C@H](C=O)CO)C(C)C)C(C)C,1,6.144168,2
C[C@H](N)C(=O)N[C@@H](CS)C(=O)N[C@@H](CCCNC(N)=[NH2+])C(=O)NCC(=O)N[C@@H](CO)C(=O)NCC(=O)N[C@@H](CCCNC(N)=[NH2+])C(=O)NCC(=O)N[C@@H](CS)C(=O)NCC(=O)N[C@@H](CCCNC(N)=[NH2+])C(=O)NCC(=O)N[C@@H](CO)C(=O)NCC(=O)N[C@@H](CCCNC(N)=[NH2+])C(=O)N[C@@H](CS)C(=O)NCC=O,1,6.3270035,2
CC[C@H](C)[C@H](NC(=O)[C@H](CCCCN)NC(=O)[C@H](CCCCN)NC(=O)[C@H](C)NC(=O)[C@H](CC(C)C)NC(=O)[C@H](CCCCN)NC(=O)[C@H](C)NC(=O)[C@H](CC(C)C)NC(=O)[C@H](CCCCN)NC(=O)[C@H](C)NC(=O)[C@H](CC(C)C)NC(=O)[C@H](CCCCN)NC(=O)[C@H](C)NC(=O)[C@H](CC(C)C)NC(=O)[C@H](CCCCN)NC(=O)[C@H](C)NC(=O)[C@H](CC(C)C)NC(=O)[C@H](CCCCN)NC(=O)[C@H](C)NC(=O)[C@H](CC(C)C)NC(=O)[C@H](C)NC(=O)[C@H](CC(C)C)NC(=O)[C@H](C)NC(=O)[C@H](CC(C)C)NC(=O)[C@H](C)NC(=O)[C@H](CC(C)C)NC(=O)[C@H](C)NC(=O)[C@H](CC(C)C)NC(=O)[C@H](C)NC(=O)[C@H](CC(C)C)NC(=O)[C@H](C)NC(=O)[C@H](CC(C)C)NC(=O)[C@H](C)NC(=O)[C@@H](N)CC(C)C)C(=O)N[C@H](C=O)CCCCN,1,6.960786,2
CC(C)C[C@H](NC(=O)[C@H](C)NC(=O)[C@H](CC(C)C)NC(=O)[C@H](CC(C)C)NC(=O)[C@@H](NC(=O)[C@H](C)NC(=O)[C@@H]1CCCN1C(=O)[C@H](CC(C)C)NC(=O)[C@H](CC(C)C)NC(=O)[C@H](C)NC(=O)[C@@H](NC(=O)[C@H](C)NC(=O)[C@H](C)NC(=O)[C@H](CCCC[NH3+])NC(=O)[C@H](Cc1ccccc1)NC(=O)[C@H](CCCNC(N)=[NH2+])NC(=O)[C@@H](N)Cc1c[nH]c2ccccc12)C(C)C)C(C)C)C(=O)N[C@@H](CC(C)C)C(=O)N[C@@H](C)C(=O)N1CCC[C@H]1C=O,1,7.0825763,2
CC(C)C[C@H](NC(=O)[C@H](C)NC(=O)[C@H](CC(C)C)NC(=O)[C@H](CCCC[NH3+])NC(=O)[C@H](CC(C)C)NC(=O)[C@H](CCCC[NH3+])NC(=O)[C@H](CC(C)C)NC(=O)[C@H](C)NC(=O)[C@@H](N)CCCC[NH3+])C(=O)N[C@@H](C)C(=O)N[C@@H](CC(C)C)C(=O)N[C@@H](CC(C)C)C(=O)N[C@@H](C)C(=O)N[C@@H](CCCC[NH3+])C(=O)N[C@@H](CC(C)C)C(=O)N[C@@H](CCCC[NH3+])C(=O)N[C@@H](CC(C)C)C(=O)N[C@@H](C)C=O,1,11.153626,2
CC[C@H](C)[C@H](NC(=O)[C@H](CC(C)C)NC(=O)[C@H](CC(=O)O)NC(=O)[C@H](CCCNC(N)=[NH2+])NC(=O)[C@H](Cc1ccc(O)cc1)NC(=O)[C@H](C)NC(=O)[C@@H](NC(=O)[C@@H](N)CCSC)[C@@H](C)CC)C(=O)N[C@H](C=O)CO,1,7.9854965,2
CC(C)C[C@@H](NC(=O)[C@H](NC(=O)[C@H]1CCCN1C(=O)[C@H](N)C(C)C)[C@@H](C)O)C(=O)N[C@@H](C=O)CCCC[NH3+],1,5.9470778,2
CC(C)C[C@H](NC(=O)[C@H](C)NC(=O)[C@H](CCCC[NH3+])NC(=O)[C@H](CC(C)C)NC(=O)[C@H](C)NC(=O)[C@H](CC(C)C)NC(=O)[C@H](CCCC[NH3+])NC(=O)[C@H](CC(C)C)NC(=O)[C@H](C)NC(=O)[C@H](CC(C)C)NC(=O)[C@@H](N)CCCC[NH3+])C(=O)N[C@@H](CCC(N)=O)C(=O)N[C@@H](C)C(=O)N[C@@H](C)C(=O)N[C@@H](CC(C)C)C(=O)N[C@@H](CCC(N)=O)C(=O)N[C@@H](CC(C)C)C(=O)N[C@@H](C)C=O,1,11.114991,2
CC[C@H](C)[C@H](NC(=O)[C@H](CCCC[NH3+])NC(=O)[C@@H](NC(=O)[C@H](CCC(N)=O)NC(=O)[C@@H](N)CCCNC(N)=[NH2+])[C@@H](C)CC)C(=O)N[C@@H](Cc1c[nH]c2ccccc12)C(=O)N[C@@H](Cc1ccccc1)C(=O)N[C@@H](CCC(N)=O)C(=O)N[C@@H](CC(N)=O)C(=O)N[C@@H](CCCNC(N)=[NH2+])C(=O)N[C@@H](CCCNC(N)=[NH2+])C(=O)N[C@@H](C)C(=O)N[C@@H](CCCC[NH3+])C(=O)N[C@@H](Cc1c[nH]c2ccccc12)C(=O)N[C@@H](CCCC[NH3+])C(=O)N[C@H](C=O)CCCC[NH3+],1,11.039092,2
NC(=[NH2+])NCCC[C@@H](C=O)NC(=O)[C@H](CCCNC(N)=[NH2+])NC(=O)[C@H](CCCNC(N)=[NH2+])NC(=O)[C@H](CCC(N)=O)NC(=O)[C@H](CCCNC(N)=[NH2+])NC(=O)[C@H](CCCNC(N)=[NH2+])NC(=O)[C@H](CCCC[NH3+])NC(=O)[C@H](CCCC[NH3+])NC(=O)[C@H](CCCNC(N)=[NH2+])NC(=O)CNC(=O)[C@H](Cc1ccc(O)cc1)NC(=O)[C@H](CCCC[NH3+])NC(=O)[C@@H](N)CS,1,9.565352,2
CC(C)C[C@H](NC(=O)CNC(=O)[C@H](CO)NC(=O)[C@H](C)NC(=O)CNC(=O)[C@H](CO)NC(=O)[C@@H]1CCCN1C(=O)[C@H](C)NC(=O)[C@H](CC(C)C)NC(=O)[C@H](CC(C)C)NC(=O)[C@H](C)NC(=O)[C@H](CC(C)C)NC(=O)[C@H](CC(C)C)NC(=O)[C@@H](NC(=O)[C@H](C)NC(=O)[C@@H]1CCCN1C(=O)[C@H](CC(C)C)NC(=O)[C@H](CC(C)C)NC(=O)[C@H](C)NC(=O)[C@@H](NC(=O)[C@H](C)NC(=O)[C@H](C)N)C(C)C)C(C)C)C(=O)N[C@@H](CC(=O)O)C(=O)N[C@@H](CCCC[NH3+])C(=O)N[C@@H](CCCNC(N)=[NH2+])C(=O)N[C@@H](CC(=O)O)C(=O)N[C@@H](Cc1ccc(O)cc1)C(=O)N[C@H](C(N)=O)C(C)C,1,-1.6732075,2
CC[C@H](C)[C@H](NC(=O)[C@H](CCCNC(N)=[NH2+])NC(=O)[C@H](Cc1ccccc1)NC(=O)[C@@H](NC(=O)[C@@H](NC(=O)[C@@H](N)CCSC)[C@@H](C)CC)[C@@H](C)CC)C(=O)N[C@@H](C)C(=O)N[C@@H](C)C(=O)N[C@@H](CO)C(=O)NC(CC1CNCN1)C(O)N[C@@H](CCCC[NH3+])C(=O)N[C@H](C=O)CCCC[NH3+],1,9.834592,2
CC(=O)NC(CC1CNCN1)C(O)NC(CC1CNCN1)C(O)NC(CC1CNCN1)C(O)NC(CC1CNCN1)C(O)NC(CC1CNCN1)C(O)NC(CC1CNCN1)C(O)NC(CC1CNCN1)C(O)NC(CC1CNCN1)C(O)N[C@@H](CCCNC(N)=[NH2+])C(=O)N[C@@H](CCCNC(N)=[NH2+])C(=O)N[C@@H](CCCNC(N)=[NH2+])C(=O)N[C@@H](CCCNC(N)=[NH2+])C(=O)N[C@@H](CCCNC(N)=[NH2+])C(=O)N[C@@H](CCCNC(N)=[NH2+])C(=O)N[C@@H](CCCNC(N)=[NH2+])C(=O)N[C@@H](CCCNC(N)=[NH2+])C(=O)N[C@@H](CCCNC(N)=[NH2+])C(=O)N[C@@H](CCCNC(N)=[NH2+])C(=O)N[C@@H](CCCNC(N)=[NH2+])C(=O)N[C@@H](CCCNC(N)=[NH2+])C(=O)N[C@@H](CCCNC(N)=[NH2+])C(=O)N[C@@H](CCCNC(N)=[NH2+])C(=O)N[C@@H](CCCNC(N)=[NH2+])C(N)=O,1,0.90907466,2
CC[C@H](C)[C@H](NC(=O)[C@H](CCCC[NH3+])NC(=O)[C@@H](NC(=O)[C@H](CCC(N)=O)NC(=O)[C@@H]([NH3+])CCCNC(N)=[NH2+])[C@@H](C)CC)C(=O)N[C@@H](Cc1c[nH]c2ccccc12)C(=O)N[C@@H](Cc1ccccc1)C(=O)N[C@@H](CCC(N)=O)C(=O)N[C@@H](CC(N)=O)C(=O)N[C@@H](CCCNC(N)=[NH2+])C(=O)N[C@@H](CCCNC(N)=[NH2+])C(=O)N[C@@H](CCSC)C(=O)N[C@@H](CCCC[NH3+])C(=O)N[C@@H](Cc1c[nH]c2ccccc12)C(=O)N[C@@H](CCCC[NH3+])C(=O)N[C@@H](CCCC[NH3+])C(=O)O,1,7.2188125,2
NC(=[NH2+])NCCC[C@H](NC(=O)[C@H](Cc1c[nH]c2ccccc12)NC(=O)[C@H](CCCNC(N)=[NH2+])NC(=O)[C@@H](N)CS)C(=O)N[C@H](Cc1c[nH]c2ccccc12)C(=O)N[C@@H](CCCC[NH3+])C(=O)N[C@@H](CS)C(=O)N[C@@H](CS)C(=O)N[C@@H](CCCC[NH3+])C(=O)N[C@H](C=O)CCCC[NH3+],1,6.086256,2
CC[C@H](C)[C@H](NC(=O)[C@H](CCCC[NH3+])NC(=O)[C@@H](NC(=O)[C@H](CCC(N)=O)NC(=O)[C@@H](N)CCCNC(N)=[NH2+])[C@@H](C)CC)C(=O)N[C@@H](Cc1ccccc1)C(=O)N[C@@H](Cc1ccccc1)C(=O)N[C@@H](CCC(N)=O)C(=O)N[C@@H](CC(N)=O)C(=O)N[C@@H](CCCNC(N)=[NH2+])C(=O)N[C@@H](CCCNC(N)=[NH2+])C(=O)N[C@@H](CCSC)C(=O)N[C@@H](CCCC[NH3+])C(=O)N[C@@H](Cc1c[nH]c2ccccc12)C(=O)N[C@@H](CCCC[NH3+])C(=O)N[C@H](C=O)CCCC[NH3+],1,11.801282,2
CC[C@H](C)[C@H](NC(=O)[C@H](CCCC[NH3+])NC(=O)[C@@H](NC(=O)[C@H](CCC(N)=O)NC(=O)[C@@H](N)CCCNC(N)=[NH2+])[C@@H](C)CC)C(=O)N[C@H](C=O)Cc1c[nH]c2ccccc12,1,6.7096195,2
NC(=[NH2+])NCCC[C@H](NC(=O)[C@@H](N)CS)C(=O)N[C@H](Cc1c[nH]c2ccccc12)C(=O)N[C@@H](CCCNC(N)=[NH2+])C(=O)N[C@@H](Cc1c[nH]c2ccccc12)C(=O)N[C@@H](CCCC[NH3+])C(=O)N[C@@H](CS)C(=O)N[C@@H](CS)C(=O)N[C@@H](CCCC[NH3+])C(=O)N[C@H](C=O)CCCC[NH3+],1,6.4440827,2
CC[C@H](C)[C@H](NC(=O)[C@H](CCCC[NH3+])NC(=O)[C@@H](NC(=O)[C@H](CCC(N)=O)NC(=O)[C@@H]([NH3+])CCCNC(N)=[NH2+])[C@@H](C)CC)C(=O)N[C@@H](Cc1c[nH]c2ccccc12)C(=O)N[C@@H](Cc1ccccc1)C(=O)N[C@@H](CCC(N)=O)C(=O)N[C@@H](CC(N)=O)C(=O)N[C@@H](CCCNC(N)=[NH2+])C(=O)N[C@@H](CCCNC(N)=[NH2+])C(=O)N[C@@H](CCSC)C(=O)N[C@@H](CCCC[NH3+])C(=O)N[C@@H](Cc1c[nH]c2ccccc12)C(=O)N[C@@H](CCCC[NH3+])C(=O)N[C@@H](CCCC[NH3+])C(=O)O,1,7.2188125,2
CC(C)C[C@@H](C=O)NC(=O)[C@@H](NC(=O)[C@@H](NC(=O)[C@H](CC(C)C)NC(=O)[C@@H](NC(=O)[C@H](CCCC[NH3+])NC(=O)[C@H](C)NC(=O)[C@H](CC(C)C)NC(=O)[C@H](CCCC[NH3+])NC(=O)[C@@H](NC(=O)[C@H](CC(C)C)NC(=O)[C@H](C)NC(=O)[C@@H](NC(=O)[C@H](C)NC(=O)[C@H](CC(C)C)NC(=O)[C@@H](NC(=O)[C@H](CCCC[NH3+])NC(=O)[C@@H](N)CC(C)C)[C@@H](C)O)[C@@H](C)O)[C@@H](C)O)[C@@H](C)O)[C@@H](C)O)[C@@H](C)O,1,5.886921,2
CC(=O)NCC(=O)N[C@@H](CCCNC(N)=[NH2+])C(=O)NCC(=O)N[C@@H](CC(=O)O)C(=O)NCC(=O)N1CCC[C@H]1C(=O)N[C@@H](CCCNC(N)=[NH2+])C(=O)N[C@@H](CCCNC(N)=[NH2+])C(=O)N[C@@H](CCCC[NH3+])C(=O)N[C@@H](CCCC[NH3+])C(=O)N[C@@H](CCCC[NH3+])C(=O)N[C@@H](CCCC[NH3+])C(=O)NCC(=O)N1CCC[C@H]1C(=O)N[C@@H](CCCNC(N)=[NH2+])C(=O)N[C@@H](CCCNC(N)=[NH2+])C(=O)N[C@@H](CCCC[NH3+])C(=O)N[C@@H](CCCC[NH3+])C(=O)N[C@@H](CCCC[NH3+])C(=O)N[C@@H](CCCC[NH3+])C(=O)NCC(=O)N1CCC[C@H]1C(=O)N[C@@H](CCCNC(N)=[NH2+])C(=O)N[C@H](C=O)CCCNC(N)=[NH2+],1,13.335425,2
N=C(N)NCCC[C@@H](C=O)NC(=O)[C@H](CCCNC(=N)N)NC(=O)[C@H](CCCNC(=N)N)NC(=O)[C@H](CCCNC(=N)N)NC(=O)[C@H](CCCNC(=N)N)NC(=O)[C@H](CCCNC(=N)N)NC(=O)[C@H](CCCNC(=N)N)NC(=O)[C@H](CCCNC(=N)N)NC(=O)[C@H](CCCNC(=N)N)NC(=O)[C@H](CCCNC(=N)N)NC(=O)[C@H](CCCNC(=N)N)NC(=O)[C@H](CCCNC(=N)N)NC(=O)[C@H](CCCNC(=N)N)NC(=O)[C@H](CCCNC(=N)N)NC(=O)[C@H](CCCNC(=N)N)NC(=O)[C@H](Cc1c[nH]cn1)NC(=O)[C@H](Cc1c[nH]cn1)NC(=O)[C@H](Cc1c[nH]cn1)NC(=O)[C@H](Cc1c[nH]cn1)NC(=O)[C@H](Cc1c[nH]cn1)NC(=O)[C@H](Cc1c[nH]cn1)NC(=O)[C@H](Cc1c[nH]cn1)NC(=O)[C@H](Cc1c[nH]cn1)NC(=O)[C@H](Cc1c[nH]cn1)NC(=O)[C@H](Cc1c[nH]cn1)NC(=O)[C@H](Cc1c[nH]cn1)NC(=O)[C@H](Cc1c[nH]cn1)NC(=O)[C@H](Cc1c[nH]cn1)NC(=O)[C@H](Cc1c[nH]cn1)NC(=O)[C@H](Cc1c[nH]cn1)NC(=O)[C@H](Cc1c[nH]cn1)NC(=O)[C@H](Cc1c[nH]cn1)NC(=O)[C@H](Cc1c[nH]cn1)NC(=O)[C@H](Cc1c[nH]cn1)NC(=O)[C@@H](N)Cc1c[nH]cn1,1,5.6761713,2
CC(C)C[C@H](NC(=O)[C@H](C)NC(=O)[C@@H](NC(=O)[C@@H](NC(=O)[C@H](CCCC[NH3+])NC(=O)[C@H](CC(C)C)NC(=O)[C@@H](N)CC(C)C)[C@@H](C)O)[C@@H](C)O)C(=O)N[C@@H](CC(C)C)C(=O)N[C@@H](CCCC[NH3+])C(=O)N[C@H](C(=O)N[C@H](C(=O)N[C@@H](C)C(=O)N[C@@H](CC(C)C)C(=O)N[C@@H](CC(C)C)C(=O)N[C@@H](CCCC[NH3+])C(=O)N[C@H](C(=O)N[C@H](C(=O)N[C@@H](C)C=O)[C@@H](C)O)[C@@H](C)O)[C@@H](C)O)[C@@H](C)O,1,5.093788,2
NC(=[NH2+])NCCC[C@H](NC(=O)CNC(=O)[C@@H](N)CCCC[NH3+])C(=O)N[C@@H](CCCC[NH3+])C(=O)N[C@@H](CCCC[NH3+])C(=O)N[C@@H](CCCNC(N)=[NH2+])C(=O)N[C@@H](CCCNC(N)=[NH2+])C(=O)N[C@@H](CCC(N)=O)C(=O)N[C@@H](CCCNC(N)=[NH2+])C(=O)N[C@@H](CCCNC(N)=[NH2+])C(=O)N[C@@H](CCCNC(N)=[NH2+])C(=O)N1CCC[C@H]1C(=O)N1CCC[C@H]1C(=O)N[C@H](C=O)CCC(N)=O,1,13.000565,2
NCC(=O)N[C@@H](CCCNC(N)=[NH2+])C(=O)N[C@@H](CCCC[NH3+])C(=O)N[C@@H](CCCC[NH3+])C(=O)N[C@@H](CCCNC(N)=[NH2+])C(=O)N[C@@H](CCCNC(N)=[NH2+])C(=O)N[C@@H](CCC(N)=O)C(=O)N[C@@H](CCCNC(N)=[NH2+])C(=O)N[C@@H](CCCNC(N)=[NH2+])C(=O)N[C@@H](CCCNC(N)=[NH2+])C(=O)N1CCC[C@H]1C(=O)N[C@@H](Cc1c[nH]c2ccccc12)C(=O)N[C@H](C=O)CCC(N)=O,1,10.465636,2
CC[C@H](C)[C@@H](C=O)NC(=O)[C@H](CC(C)C)NC(=O)[C@H](Cc1ccc(O)cc1)NC(=O)[C@@H](NC(=O)[C@H](Cc1ccccc1)NC(=O)[C@@H]1CCCN1)C(C)C,1,2.1349835,2
N[C@@H](CCCC[NH3+])C(=O)N[C@@H](CCCC[NH3+])C(=O)N[C@@H](CCCC[NH3+])C(=O)N[C@@H](CCCC[NH3+])C(=O)N[C@@H](CCCC[NH3+])C(=O)N[C@@H](CCCC[NH3+])C(=O)N[C@@H](CCCC[NH3+])C(=O)N[C@@H](CCCC[NH3+])C(=O)N[C@H](C=O)CCCC[NH3+],1,12.314387,2
CC(=O)N[C@@H](CCCC[NH3+])C(=O)N[C@@H](CCC(=O)O)C(=O)N[C@H](C(=O)N[C@@H](Cc1c[nH]c2ccccc12)C(=O)N[C@@H](Cc1c[nH]c2ccccc12)C(=O)N[C@@H](CCC(=O)O)C(=O)N[C@H](C(=O)N[C@@H](Cc1c[nH]c2ccccc12)C(=O)N[C@@H](Cc1c[nH]c2ccccc12)C(=O)N[C@H](C(=O)N[C@@H](CCC(=O)O)C(=O)N[C@@H](Cc1c[nH]c2ccccc12)C(=O)N[C@@H](CO)C(=O)N[C@@H](CCC(N)=O)C(=O)N1CCC[C@H]1C(=O)N[C@@H](CCCC[NH3+])C(=O)N[C@@H](CCCC[NH3+])C(=O)N[C@@H](CCCC[NH3+])C(=O)N[C@@H](CCCNC(N)=[NH2+])C(=O)N[C@@H](CCCC[NH3+])C(=O)N[C@H](C(N)=O)C(C)C)[C@@H](C)O)[C@@H](C)O)[C@@H](C)O,1,-5.0414033,2
NC(=[NH2+])NCCC[C@@H](C=O)NC(=O)[C@H](CCCNC(N)=[NH2+])NC(=O)[C@H](CCCNC(N)=[NH2+])NC(=O)[C@H](CCCNC(N)=[NH2+])NC(=O)[C@H](CCCNC(N)=[NH2+])NC(=O)[C@H](CCCNC(N)=[NH2+])NC(=O)[C@H](CCCNC(N)=[NH2+])NC(=O)[C@H](CCCNC(N)=[NH2+])NC(=O)[C@@H](N)CCCNC(N)=[NH2+],1,12.248605,2
CC[C@H](C)[C@H](NC(=O)[C@H](CCCC[NH3+])NC(=O)[C@@H](NC(=O)[C@H](CCC(N)=O)NC(=O)[C@H](CCCNC(N)=[NH2+])NC(=O)[C@@H](N)CS)[C@@H](C)CC)C(=O)N[C@@H](Cc1c[nH]c2ccccc12)C(=O)N[C@@H](Cc1ccccc1)C(=O)N1CCC[C@H]1C(=O)N[C@@H](CC(N)=O)C(=O)N[C@@H](CCCNC(N)=[NH2+])C(=O)N[C@@H](CCCNC(N)=[NH2+])C(=O)N[C@@H](CCSC)C(=O)N[C@@H](CCCC[NH3+])C(=O)N[C@@H](Cc1c[nH]c2ccccc12)C(=O)N[C@@H](CCCC[NH3+])C(=O)N[C@@H](CCCC[NH3+])C(=O)N[C@H](C=O)CS,1,4.6108294,2
NCC(=O)N[C@@H](CCCNC(N)=[NH2+])C(=O)N[C@@H](CCCC[NH3+])C(=O)N[C@@H](CCCC[NH3+])C(=O)N[C@@H](CCCNC(N)=[NH2+])C(=O)N[C@@H](CCCNC(N)=[NH2+])C(=O)N[C@@H](CCC(N)=O)C(=O)N[C@@H](CCCNC(N)=[NH2+])C(=O)N[C@@H](CCCNC(N)=[NH2+])C(=O)N[C@@H](CCCNC(N)=[NH2+])C(=O)N1CCC[C@H]1C(=O)N1CCC[C@H]1C(=O)N[C@H](C=O)CCC(N)=O,1,12.390824,2
CC(C)C[C@H](NC(=O)CN)C(=O)N[C@@H](Cc1c[nH]c2ccccc12)C(=O)N[C@@H](CCCNC(N)=[NH2+])C(=O)N[C@@H](C)C(=O)N[C@@H](CC(C)C)C(=O)N[C@@H](Cc1c[nH]c2ccccc12)C(=O)N[C@@H](CCCNC(N)=[NH2+])C(=O)N[C@@H](C)C(=O)N[C@@H](CC(C)C)C(=O)N[C@@H](Cc1c[nH]c2ccccc12)C(=O)N[C@@H](CCCNC(N)=[NH2+])C(=O)N[C@@H](CO)C(=O)N[C@@H](CC(C)C)C(=O)N[C@@H](Cc1c[nH]c2ccccc12)C(=O)N[C@@H](CCCC[NH3+])C(=O)N[C@@H](CCCC[NH3+])C(=O)N[C@@H](CCCC[NH3+])C(=O)N[C@@H](CCCNC(N)=[NH2+])C(=O)N[C@@H](CCCC[NH3+])C(=O)N[C@H](C=O)C(C)C,1,9.962409,2
NC(=[NH2+])NCCC[C@H](NC(=O)[C@H](CCCNC(N)=[NH2+])NC(=O)[C@H](CCCNC(N)=[NH2+])NC(=O)[C@H](CCCNC(N)=[NH2+])NC(=O)[C@H](CCCNC(N)=[NH2+])NC(=O)[C@H](CCCNC(N)=[NH2+])NC(=O)[C@@H](N)CCCNC(N)=[NH2+])C(=O)N[C@H](C=O)Cc1c[nH]c2ccccc12,1,10.13021,2
CC[C@H](C)[C@H](NC(=O)[C@H](CCCNC(N)=[NH2+])NC(=O)[C@H](CCCNC(N)=[NH2+])NC(=O)[C@H](CCCNC(N)=[NH2+])NC(=O)[C@H](CC(C)C)NC(=O)[C@@H](NC(=O)[C@@H](NC(=O)[C@H](CC(C)C)NC(=O)[C@@H](N)CC(C)C)[C@@H](C)CC)[C@@H](C)CC)C(=O)N[C@@H](CCCNC(N)=[NH2+])C(=O)N[C@@H](CCCC[NH3+])C(=O)N[C@@H](CCC(N)=O)C(=O)N[C@@H](C)C(=O)NC(CC1CNCN1)C(O)N[C@@H](C)C(=O)NC(CC1CNCN1)C(O)N[C@@H](CO)C(=O)N[C@@H](C)C=O,1,9.024819,2
CC(C)[C@@H](C=O)NC(=O)[C@H](CCCC[NH3+])NC(=O)[C@H](CCCNC(N)=[NH2+])NC(=O)[C@H](CCCC[NH3+])NC(=O)[C@H](CO)NC(=O)[C@H](CCCC[NH3+])NC(=O)[C@H](CCCC[NH3+])NC(=O)[C@H](Cc1ccccc1)NC(=O)[C@H](CCCNC(N)=[NH2+])NC(=O)[C@@H](N)Cc1c[nH]c2ccccc12,1,5.2298827,2
CC(C)C[C@H](NC(=O)[C@H](C)NC(=O)[C@H](CC(C)C)NC(=O)[C@H](CCCC[NH3+])NC(=O)[C@H](CC(C)C)NC(=O)[C@H](CCCC[NH3+])NC(=O)[C@H](CC(C)C)NC(=O)[C@H](C)NC(=O)[C@@H](N)CCCC[NH3+])C(=O)N[C@@H](C)C(=O)N[C@@H](CC(C)C)C(=O)N[C@@H](CC(C)C)C(=O)N[C@@H](C)C(=O)N[C@@H](CCCC[NH3+])C(=O)N[C@@H](CC(C)C)C(=O)N[C@@H](CCCC[NH3+])C(=O)N[C@@H](CC(C)C)C(=O)N[C@@H](C)C(N)=O,1,3.756167,2
CC[C@H](C)[C@H](NC(=O)[C@H](CCCC[NH3+])NC(=O)[C@@H](NC(=O)[C@H](CCC(N)=O)NC(=O)[C@@H](N)CCCNC(N)=[NH2+])[C@@H](C)CC)C(=O)N[C@@H](C)C(=O)N[C@@H](Cc1ccccc1)C(=O)N[C@@H](CCC(N)=O)C(=O)N[C@@H](CC(N)=O)C(=O)N[C@@H](CCCNC(N)=[NH2+])C(=O)N[C@@H](CCCNC(N)=[NH2+])C(=O)N[C@@H](CCSC)C(=O)N[C@@H](CCCC[NH3+])C(=O)N[C@@H](Cc1c[nH]c2ccccc12)C(=O)N[C@@H](CCCC[NH3+])C(=O)N[C@H](C=O)CCCC[NH3+],1,12.152064,2
CC(C)C[C@H](NC(=O)CNC(=O)[C@H](CCCC[NH3+])NC(=O)[C@H](CC(C)C)NC(=O)CNC(=O)[C@H](CC(C)C)NC(=O)[C@H](CCCC[NH3+])NC(=O)[C@H](CC(C)C)NC(=O)CNC(=O)[C@H](CC(C)C)NC(=O)[C@@H](N)CCCC[NH3+])C(=O)N[C@@H](CCCC[NH3+])C(=O)NCC(=O)NCC(=O)N[C@@H](CC(C)C)C(=O)N[C@@H](CCCC[NH3+])C(=O)N[C@@H](CC(C)C)C(=O)NCC=O,1,7.6322885,2
C[C@H](N)C(=O)N[C@@H](CS)C(=O)N[C@@H](CO)C(=O)NCC(=O)N[C@@H](CO)C(=O)NCC(=O)N[C@@H](CO)C(=O)NCC(=O)N[C@@H](CS)C(=O)NCC(=O)N[C@@H](CO)C(=O)NCC(=O)N[C@@H](CO)C(=O)NCC(=O)N[C@@H](CO)C(=O)N[C@@H](CS)C(=O)NCC(=O)N[C@@H](CCCNC(N)=[NH2+])C(=O)N[C@@H](CCCNC(N)=[NH2+])C(=O)N[C@@H](CCCNC(N)=[NH2+])C(=O)N[C@@H](CCCNC(N)=[NH2+])C(=O)N[C@@H](CCCNC(N)=[NH2+])C(=O)N[C@@H](CCCNC(N)=[NH2+])C(=O)N[C@@H](CCCNC(N)=[NH2+])C(=O)N[C@H](C=O)CCCNC(N)=[NH2+],1,9.0529175,2
CC[C@H](C)[C@H](NC(=O)[C@H](CCCNC(N)=[NH2+])NC(=O)[C@H](C)NC(O)C(N)CC1CNCN1)C(=O)N[C@@H](CCCC[NH3+])C(=O)N1CCC[C@H]1C(=O)N[C@H](C(=O)N[C@@H](Cc1ccccc1)C(=O)N[C@@H](CCCNC(N)=[NH2+])C(=O)N[C@@H](CCCNC(N)=[NH2+])C(=O)N[C@@H](CC(C)C)C(=O)N[C@@H](CCCC[NH3+])C(=O)N[C@@H](Cc1c[nH]c2ccccc12)C(=O)N[C@@H](CCCC[NH3+])C(=O)N[C@@H](Cc1ccc(O)cc1)C(=O)N[C@@H](CCCC[NH3+])C(=O)NCC(=O)N[C@@H](CCCC[NH3+])C(=O)N[C@@H](Cc1ccccc1)C(=O)N[C@H](C=O)Cc1c[nH]c2ccccc12)[C@@H](C)O,1,7.4827857,2
CC(C)[C@@H](C=O)NC(=O)[C@H](CCCC[NH3+])NC(=O)[C@H](CCCNC(N)=[NH2+])NC(=O)[C@H](CCCC[NH3+])NC(=O)[C@H](CCCC[NH3+])NC(=O)[C@H](CCCC[NH3+])NC(=O)[C@@H]1CCCN1C(=O)[C@H](CCC(N)=O)NC(=O)[C@H](CO)NC(=O)[C@H](Cc1c[nH]c2ccccc12)NC(=O)[C@H](CCC(=O)O)NC(=O)[C@@H](NC(=O)[C@H](Cc1c[nH]c2ccccc12)NC(=O)[C@H](Cc1c[nH]c2ccccc12)NC(=O)[C@@H](NC(=O)[C@H](CCC(=O)O)NC(=O)[C@H](Cc1c[nH]c2ccccc12)NC(=O)[C@H](Cc1c[nH]c2ccccc12)NC(=O)[C@@H](NC(=O)[C@H](CCC(=O)O)NC(=O)[C@@H](N)CCCC[NH3+])[C@@H](C)O)[C@@H](C)O)[C@@H](C)O,1,2.977738,2
CC(C)C[C@H](NC(=O)[C@H](C)NC(=O)[C@H](CCCC[NH3+])NC(=O)[C@H](CC(C)C)NC(=O)[C@H](C)NC(=O)[C@H](CC(C)C)NC(=O)[C@@H](N)CCCC[NH3+])C(=O)N[C@@H](CCCC[NH3+])C(=O)N[C@@H](C)C(=O)N[C@@H](C)C(=O)N[C@@H](CC(C)C)C(=O)N[C@@H](CCCC[NH3+])C(=O)N[C@@H](CC(C)C)C(=O)N[C@@H](C)C=O,1,11.070742,2
CSCC[C@H](NC(=O)[C@H](CC(C)C)NC(=O)CNC(=O)[C@H](Cc1ccccc1)NC(=O)[C@H](Cc1ccccc1)NC(=O)[C@H](CCC(N)=O)NC(=O)[C@H](CCC(N)=O)NC(=O)[C@H](CC(C)C)NC(=O)[C@H](CC(C)C)NC(=O)[C@H](CCCC[NH3+])NC(=O)[C@H](Cc1c[nH]c2ccccc12)NC(=O)[C@@H](NC(=O)[C@H](CCCC[NH3+])NC(=O)[C@H](CCCNC(N)=[NH2+])NC(=O)[C@H](CCCC[NH3+])NC(=O)[C@H](CCCC[NH3+])NC(=O)[C@H](CCCC[NH3+])NC(=O)[C@@H]1CCCN1)C(C)C)C(N)=O,1,-4.3843603,2
CC[C@H](C)[C@H](NC(=O)[C@H](C)NC(=O)[C@H](Cc1ccccc1)NC(=O)[C@@H](NC(=O)[C@@H](NC(=O)[C@@H](N)CCSC)[C@@H](C)CC)[C@@H](C)CC)C(=O)N[C@@H](C)C(=O)N[C@@H](C)C(=O)N[C@@H](CO)C(=O)NC(CC1CNCN1)C(O)N[C@@H](CCCC[NH3+])C(=O)N[C@H](C=O)CCCC[NH3+],1,9.201013,2
CC[C@H](C)[C@H](NC(=O)[C@H](CCCNC(N)=[NH2+])NC(=O)[C@H](Cc1ccc(O)cc1)NC(O)C(N)CC1CNCN1)C(=O)N[C@@H](CCCC[NH3+])C(=O)N1CCC[C@H]1C(=O)N[C@H](C(=O)N[C@@H](Cc1ccccc1)C(=O)N[C@@H](CCCNC(N)=[NH2+])C(=O)N[C@@H](CCCNC(N)=[NH2+])C(=O)N[C@@H](CC(C)C)C(=O)N[C@@H](CCCC[NH3+])C(=O)N[C@@H](Cc1c[nH]c2ccccc12)C(=O)N[C@@H](CCCC[NH3+])C(=O)N[C@@H](Cc1ccc(O)cc1)C(=O)N[C@@H](CCCC[NH3+])C(=O)NCC(=O)N[C@@H](CCCC[NH3+])C(=O)N[C@@H](Cc1ccccc1)C(=O)N[C@@H](C)C=O)[C@@H](C)O,1,6.6878233,2
NC(=[NH2+])NCCC[C@H](NC(=O)[C@H](CCCNC(N)=[NH2+])NC(=O)[C@H](CCCNC(N)=[NH2+])NC(=O)[C@H](CCC(N)=O)NC(=O)[C@H](CCCNC(N)=[NH2+])NC(=O)[C@H](CCCNC(N)=[NH2+])NC(=O)[C@H](CCCC[NH3+])NC(=O)[C@H](CCCC[NH3+])NC(=O)[C@H](CCCNC(N)=[NH2+])NC(=O)CNC(=O)[C@@H](N)Cc1ccc(O)cc1)C(N)=O,1,0.41907513,2
CCC[C@H](NC(=O)[C@H](CS)NC(=O)[C@@H](NC(=O)CNC(=O)CN)C(C)C)C(=O)N[C@@H](CCCCN)C(=O)N[C@H](C(=O)N[C@@H](CC(C)C)C(=O)N[C@@H](C)C(=O)N[C@@H](CCCCN)C(=O)N[C@H]1C[SH]2[SH]3C[C@@H](C(=O)NCC(=O)N[C@@H](CO)C(=O)NCC(=O)N[C@@H](CO)C(=O)N[C@H](C=O)CC(=O)O)NC(=O)[C@H](Cc4ccc(O)cc4)NC(=O)CNC(=O)[C@H](CC(N)=O)NC(=O)CNC(=O)[C@H](CCCNC(=N)N)NC(=O)[C@@H]4CSS32C[C@H](NC(=O)[C@H](CC(=O)O)NC(=O)[C@H](CO)NC(=O)[C@H](CC(=O)O)NC(=O)[C@H](CCCNC(=N)N)NC(=O)[C@H](CCCNC(=N)N)NC1=O)C(=O)N1CCC[C@H]1C(=O)NCC(=O)N[C@@H](C)C(=O)N[C@@H](CS)C(=O)N[C@@H]([C@@H](C)CC)C(=O)N4)[C@@H](C)CC,1,1.5793115,2
CC[C@H](C)[C@H](NC(=O)[C@H](CCCC[NH3+])NC(=O)[C@@H](NC(=O)[C@H](CCC(N)=O)NC(=O)[C@@H]([NH3+])CCCNC(N)=[NH2+])[C@@H](C)CC)C(=O)N[C@@H](Cc1c[nH]c2ccccc12)C(=O)N[C@@H](Cc1ccccc1)C(=O)N[C@@H](CCC(N)=O)C(=O)N[C@@H](CC(N)=O)C(=O)N[C@@H](CCCNC(N)=[NH2+])C(=O)N[C@@H](CCCNC(N)=[NH2+])C(=O)N[C@@H](CCSC)C(=O)N[C@@H](CCCC[NH3+])C(=O)N[C@@H](Cc1c[nH]c2ccccc12)C(=O)N[C@@H](CCCC[NH3+])C(=O)N[C@@H](CCCC[NH3+])C(=O)O,1,7.2188125,2
CC[C@H](C)[C@H](NC(=O)[C@H](CCCC[NH3+])NC(=O)[C@@H](NC(=O)[C@H](CCC(N)=O)NC(=O)[C@@H]([NH3+])CCCNC(N)=[NH2+])[C@@H](C)CC)C(=O)N[C@@H](Cc1c[nH]c2ccccc12)C(=O)N[C@@H](Cc1ccccc1)C(=O)N[C@@H](CCC(N)=O)C(=O)N[C@@H](CC(N)=O)C(=O)N[C@@H](CCCNC(N)=[NH2+])C(=O)N[C@@H](CCCNC(N)=[NH2+])C(=O)N[C@@H](CCSC)C(=O)N[C@@H](CCCC[NH3+])C(=O)N[C@@H](Cc1c[nH]c2ccccc12)C(=O)N[C@@H](CCCC[NH3+])C(=O)N[C@@H](CCCC[NH3+])C(=O)O,1,7.2188125,2
NC(=[NH2+])NCCC[C@@H](C=O)NC(=O)[C@H](CCCNC(N)=[NH2+])NC(=O)[C@H](CCCNC(N)=[NH2+])NC(=O)[C@H](CCC(N)=O)NC(=O)[C@H](CCCNC(N)=[NH2+])NC(=O)[C@H](CCCNC(N)=[NH2+])NC(=O)[C@H](CCCC[NH3+])NC(=O)[C@H](CCCC[NH3+])NC(=O)[C@H](CCCNC(N)=[NH2+])NC(=O)CNC(=O)[C@@H](N)Cc1ccc(O)cc1,1,9.89953,2
NC(=[NH2+])NCCC[C@@H](N)C(=O)N[C@H](CCCNC(N)=[NH2+])C(=O)N[C@H](CCCNC(N)=[NH2+])C(=O)N[C@H](CCCNC(N)=[NH2+])C(=O)N[C@H](CCCNC(N)=[NH2+])C(=O)N[C@H](CCCNC(N)=[NH2+])C(=O)N[C@H](CCCNC(N)=[NH2+])C(=O)N[C@@H](C=O)CCCNC(N)=[NH2+],1,13.159854,2
CC[C@H](C)[C@H](NC(=O)[C@@H](NC(=O)[C@H](CO)NC(=O)[C@H](C)NC(=O)[C@@H](NC(=O)[C@H](CCCC[NH3+])NC(=O)[C@H](CCCC[NH3+])NC(=O)[C@@H](NC(=O)[C@@H](NC(=O)[C@H](CCCC[NH3+])NC(=O)[C@H](Cc1ccccc1)NC(=O)[C@H](CC(C)C)NC(=O)CN)C(C)C)[C@@H](C)CC)C(C)C)C(C)C)C(=O)NCC(=O)NCC(=O)N[C@@H](CC(C)C)C(N)=O,0,-5.0913734,2
CC(C)[C@H](NC(=O)[C@H](CCCNC(N)=[NH2+])NC(=O)[C@H](CS)NC(=O)[C@H](C)NC(=O)[C@@H]1CCCN1C(O)C(CC1CNCN1)NC(=O)[C@H](CO)NC(=O)[C@H](CS)NC(=O)[C@H](CS)NC(=O)CN)C(=O)NC(CC1CNCN1)C(O)N[C@@H](Cc1ccc(O)cc1)C(=O)N1CCC[C@H]1C(=O)NC(CC1CNCN1)C(O)N[C@H](C(=O)N[C@@H](CS)C(=O)N[C@@H](Cc1ccc(O)cc1)C(N)=O)C(C)C,0,-7.6536627,2
CSCC[C@H](NC(=O)[C@H](C)NC(C)=O)C(=O)N[C@H](C(=O)N[C@@H](CO)C(=O)N[C@H](C=O)CO)C(C)C,0,1.3546402,2
CSCC[C@H](NC(=O)CNC(=O)[C@H](Cc1ccccc1)NC(=O)CN)C(=O)N[C@@H](C)C(=O)N[C@@H](CC(C)C)C(=O)NC(CCC[NH3+])C(O)N[C@@H](CC(C)C)C(=O)N[C@@H](CC(C)C)C(=O)NC(CCC[NH3+])C(O)NC(CCC[NH3+])C(O)N[C@H](C(=O)N[C@@H](CC(C)C)C(N)=O)C(C)C,0,-5.772463,2
CC[C@H](C)[C@H](NC(=O)CNC(=O)[C@H](CCCC[NH3+])NC(=O)[C@@H](NC(=O)[C@H](CC(C)C)NC(=O)[C@H](CO)NC(=O)CNC(=O)[C@H](CC(C)C)NC(=O)CNC(=O)[C@H](C)NC(=O)[C@H](CCCC[NH3+])NC(=O)[C@H](Cc1ccccc1)NC(=O)[C@@H](NC(=O)[C@H](CC(=O)O)NC(=O)[C@H](CCCC[NH3+])NC(=O)[C@H](CC(C)C)NC(=O)CN)[C@@H](C)CC)C(C)C)C(=O)N[C@@H](C)C(=O)N[C@@H](C)C(=O)NC(CC1CNCN1)C(O)N[C@H](C(=O)N[C@@H](C)C(=O)N[C@@H](CC(N)=O)C(N)=O)C(C)C,0,-5.688306,2
CC(C)[C@H](N)C(=O)NCC(=O)N[C@@H](CCC(=O)O)C(=O)N[C@@H](C)C(=O)N[C@@H](CS)C(=O)N[C@@H](CS)C(=O)N[C@@H](CCCC[NH3+])C(=O)N[C@@H](CC(N)=O)C(=O)NCC(=O)N[C@@H](CCCC[NH3+])C(=O)N[C@@H](CCCNC(N)=[NH2+])C(=O)NCC(=O)N[C@@H](CS)C(=O)NCC(=O)N[C@@H](CCCNC(N)=[NH2+])C(=O)N[C@@H](Cc1c[nH]c2ccccc12)C(=O)N[C@@H](CS)C(=O)N[C@@H](CCCNC(N)=[NH2+])C(=O)N[C@@H](CC(=O)O)C(=O)NC(CC1CNCN1)C(O)N[C@@H](CO)C(=O)N[C@@H](CCCNC(N)=[NH2+])C(=O)N[C@@H](CS)C(=O)N[C@@H](CS)C(N)=O,0,-5.9104605,2
CC[C@H](C)[C@H](NC(=O)[C@H](Cc1ccccc1)NC(=O)[C@H](CO)NC(=O)[C@H](CCCC[NH3+])NC(=O)[C@H](Cc1c[nH]c2ccccc12)NC(=O)[C@@H](N)CCCC[NH3+])C(=O)N[C@@H](CCCC[NH3+])C(=O)N[C@@H](CCCC[NH3+])C(=O)N[C@@H](CC(C)C)C(=O)N[C@H](C(=O)N[C@@H](CO)C(=O)N[C@@H](CCCC[NH3+])C(=O)N[C@@H](Cc1ccccc1)C(=O)N[C@@H](CC(C)C)C(=O)NC(CC1CNCN1)C(O)N[C@@H](CO)C(=O)N[C@@H](C)C(=O)N[C@@H](CC(=O)O)C(=O)N[C@@H](CCCC[NH3+])C(=O)N[C@@H](Cc1ccccc1)C(N)=O)[C@@H](C)O,0,-5.0022364,2
CC[C@H](C)[C@H](NC(=O)[C@H](CC(C)C)NC(=O)[C@H](CCCC[NH3+])NC(=O)CNC(=O)[C@H](CC(C)C)NC(=O)[C@@H](NC(=O)[C@H](CCCC[NH3+])NC(=O)[C@H](CCCC[NH3+])NC(=O)[C@H](Cc1c[nH]c2ccccc12)NC(=O)[C@H](CCCC[NH3+])NC(=O)CN)[C@@H](C)CC)C(=O)N[C@@H](CCCNC(N)=[NH2+])C(N)=O,0,-4.480949,2
CC[C@H](C)[C@H](NC(=O)[C@H](CO)NC(=O)[C@H](C)NC(=O)[C@@H](NC(=O)[C@H](CCCC[NH3+])NC(=O)[C@H](CCCC[NH3+])NC(=O)[C@H](Cc1c[nH]c2ccccc12)NC(=O)[C@@H](NC(=O)[C@@H](N)CC(N)=O)[C@@H](C)CC)[C@@H](C)CC)C(=O)N[C@@H](C)C(=O)N[C@@H](CCCC[NH3+])C(=O)N[C@@H](CCC(=O)O)C(=O)N[C@H](C(=O)N[C@@H](CC(C)C)C(=O)N[C@@H](CCCC[NH3+])C(=O)N[C@@H](C)C(=O)N[C@@H](CC(C)C)C(N)=O)C(C)C,0,-4.2495008,2
CC[C@H](C)[C@H](NC(=O)[C@H](CCCC[NH3+])NC(=O)CNC(=O)[C@H](CC(C)C)NC(=O)[C@H](CO)NC(=O)[C@H](CCCC[NH3+])NC(=O)[C@H](CCCC[NH3+])NC(=O)[C@H](Cc1c[nH]c2ccccc12)NC(=O)[C@H](CO)NC(=O)[C@@H](N)C(C)C)C(=O)N[C@H](C(=O)N[C@@H](CCCC[NH3+])C(=O)N[C@H](C(=O)N[C@H](C(=O)N[C@@H](CCCC[NH3+])C(N)=O)C(C)C)C(C)C)[C@@H](C)CC,0,-6.621807,2
CSCC[C@H](N)C(=O)N[C@@H](CS)C(=O)N1CCC[C@H]1C(=O)N1CCC[C@H]1C(=O)N[C@@H](CC(C)C)C(=O)N[C@@H](CS)C(=O)N[C@@H](C)C(=O)N1CCC[C@H]1C(=O)N[C@@H](CO)C(=O)N[C@@H](CS)C(=O)N[C@H](C(=O)N[C@@H](CC(N)=O)C(=O)N[C@@H](CS)C(N)=O)[C@@H](C)O,0,-6.848323,2
CC[C@H](C)[C@H](N)C(=O)N[C@@H](CC(C)C)C(=O)N1CCC[C@H]1C(=O)N[C@@H](Cc1c[nH]c2ccccc12)C(=O)N[C@@H](CCCC[NH3+])C(=O)N[C@@H](C)C(=O)N1CCC[C@H]1C(=O)N[C@@H](C)C(=O)N[C@@H](C)C(=O)N1CCC[C@H]1C(=O)N[C@@H](C)C(=O)N[C@@H](CCCNC(N)=[NH2+])C(=O)N[C@@H](CCCNC(N)=[NH2+])C(N)=O,0,-1.34904,2
CC[C@H](C)[C@H](NC(=O)[C@H](CO)NC(=O)[C@@H](NC(=O)[C@H](CS)NC(=O)[C@H](CCCC[NH3+])NC(=O)CNC(=O)[C@H](CCCNC(N)=[NH2+])NC(=O)[C@H](CO)NC(=O)[C@H](CS)NC(=O)[C@H](CCSC)NC(=O)[C@H](CC(C)C)NC(=O)CNC(=O)[C@H](CCSC)NC(=O)[C@H](CS)NC(=O)[C@H](CS)NC(=O)[C@@H](NC(O)C1CC(O)CN1C(O)C1CC(O)CN1C(=O)[C@H](CS)NC(=O)[C@H](CCCNC(N)=[NH2+])NC(=O)[C@H](CO)NC(=O)[C@H](CC(=O)O)NC(=O)[C@H](CCCNC(N)=[NH2+])NC(=O)CNC(=O)[C@H](CO)NC(=O)[C@H](CS)NC(=O)[C@@H](N)CO)C(C)C)C(C)C)C(=O)N[C@@H](Cc1ccc(O)cc1)C(=O)NCC(=O)N[C@H](C=O)CCC(=O)O,0,0.24311405,2
CC[C@H](C)[C@H](NC(=O)CN)C(=O)NCC(=O)N[C@@H](CO)C(=O)N[C@@H](C)C(=O)N[C@H](C(=O)N[C@@H](CC(C)C)C(=O)N[C@@H](CO)C(=O)N[C@@H](C)C(=O)NCC(=O)N[C@@H](CCCC[NH3+])C(=O)N[C@@H](CO)C(=O)N[C@@H](C)C(=O)N[C@@H](CC(C)C)C(=O)N[C@@H](CCCC[NH3+])C(=O)NCC(=O)N[C@@H](CC(C)C)C(=O)N[C@@H](C)C(=O)N[C@@H](CCCC[NH3+])C(=O)NCC(=O)N[C@@H](CC(C)C)C(=O)N[C@@H](C)C(=O)N[C@@H](CCC(=O)O)C(=O)NC(CC1CNCN1)C(O)N[C@@H](Cc1ccccc1)C(=O)N[C@@H](C)C(=O)N[C@@H](CC(N)=O)C(N)=O)[C@@H](C)CC,0,-4.692561,2
CC[C@H](C)[C@H](N)C(=O)N[C@@H](CC(C)C)C(=O)NCC(=O)N[C@@H](CCCC[NH3+])C(=O)N[C@@H](CC(C)C)C(=O)N[C@@H](CC(C)C)C(=O)N[C@@H](CCCC[NH3+])C(=O)N[C@H](C(=O)N[C@@H](C)C(=O)N[C@@H](C)C(=O)N[C@@H](CCCC[NH3+])C(=O)N[C@@H](CC(C)C)C(=O)N[C@@H](CC(C)C)C(=O)N[C@@H](CO)C(=O)N[C@@H](CC(N)=O)C(=O)N[C@@H](CC(C)C)C(N)=O)[C@@H](C)O,0,-4.6882114,2
C[C@H](NC(=O)[C@@H]1CCCN1C(O)C(CC1CNCN1)NC(=O)[C@H](CS)NC(=O)[C@H](CS)NC(=O)[C@@H](N)CCC(=O)O)C(=O)N[C@@H](CS)C(=O)NCC(=O)N[C@@H](CCCC[NH3+])C(=O)NC(CC1CNCN1)C(O)N[C@@H](Cc1ccccc1)C(=O)N[C@@H](CO)C(=O)N[C@@H](CS)C(N)=O,0,-7.6703844,2
C[C@H](NC(=O)[C@H](C)NC(=O)[C@H](CCCC[NH3+])NC(=O)[C@H](C)NC(=O)[C@H](Cc1ccccc1)NC(=O)[C@H](Cc1c[nH]c2ccccc12)NC(=O)[C@H](CCCC[NH3+])NC(=O)[C@H](Cc1ccccc1)NC(=O)[C@H](CCCC[NH3+])NC(=O)[C@H](CCCC[NH3+])NC(=O)[C@H](C)NC(=O)[C@H](Cc1ccccc1)NC(=O)[C@@H](N)CCCC[NH3+])C(=O)N[C@@H](Cc1ccccc1)C(=O)N[C@@H](CCCC[NH3+])C(=O)N[C@@H](Cc1ccccc1)C(=O)N[C@@H](Cc1ccccc1)C(=O)N[C@@H](CCCC[NH3+])C(=O)N[C@@H](CCCC[NH3+])C(N)=O,0,-3.8202977,2
CC(C)C[C@H](NC(=O)[C@H](CCCC[NH3+])NC(=O)[C@@H](N)CCCC[NH3+])C(=O)N[C@@H](Cc1ccccc1)C(=O)N[C@@H](CCCC[NH3+])C(=O)N[C@@H](CCCC[NH3+])C(=O)N[C@H](CC(C)C)C(=O)N[C@H](CC(C)C)C(=O)N[C@H](CCCC[NH3+])C(=O)N[C@H](Cc1ccc(O)cc1)C(=O)N[C@H](CC(C)C)C(N)=O,0,-3.2489955,2
CC[C@H](C)[C@H](NC(=O)[C@H](Cc1ccccc1)NC(=O)[C@H](CCCC[NH3+])NC(=O)[C@H](C)NC(=O)[C@@H](NC(=O)[C@H](CO)NC(=O)[C@H](CCCC[NH3+])NC(=O)[C@H](CCSC)NC(=O)[C@H](C)NC(=O)[C@H](CCCC[NH3+])NC(=O)[C@H](Cc1ccccc1)NC(=O)[C@H](Cc1c[nH]c2ccccc12)NC(=O)CNC(=O)[C@H](CCCC[NH3+])NC(=O)[C@@H](N)CCCNC(N)=[NH2+])[C@@H](C)CC)C(=O)N[C@@H](C)C(=O)N[C@@H](CCCC[NH3+])C(=O)N[C@@H](CCC(=O)O)C(=O)N[C@@H](CCCC[NH3+])C(=O)N[C@@H](CC(C)C)C(=O)N[C@@H](CCCC[NH3+])C(=O)N[C@@H](CCC(=O)O)C(=O)NC(CC1CNCN1)C(O)N[C@@H](CC(C)C)C(N)=O,0,-3.1915898,2
C[C@H](NC(=O)[C@H](C)NC(=O)[C@H](Cc1ccccc1)NC(=O)[C@H](C)NC(=O)[C@H](C)NC(=O)[C@H](Cc1c[nH]c2ccccc12)NC(=O)[C@H](C)NC(=O)[C@H](C)NC(=O)[C@H](Cc1ccccc1)NC(=O)[C@H](C)NC(=O)[C@H](C)NC(=O)[C@H](CCCC[NH3+])NC(=O)[C@H](CCCC[NH3+])NC(=O)[C@H](CCCC[NH3+])NC(=O)[C@H](CCCC[NH3+])NC(=O)[C@H](CCCC[NH3+])NC(=O)[C@@H](N)CCCC[NH3+])C(N)=O,0,-2.5558374,2
CC(C)C[C@@H](NC(=O)[C@@H](C)NC(=O)[C@H]1CCCN1C(=O)[C@@H](CC(C)C)NC(=O)[C@@H](Cc1c[nH]c2ccccc12)NC(O)C(CC1CNCN1)NC(=O)[C@@H](CCCC[NH3+])NC(=O)[C@@H](CC(C)C)NC(=O)[C@@H](C)NC(=O)[C@@H](CCCC[NH3+])NC(=O)[C@@H](C)NC(=O)[C@@H](CC(C)C)NC(=O)[C@@H](C)NC(=O)[C@@H](CCCC[NH3+])NC(=O)[C@H](N)CCCC[NH3+])C(=O)NC(CC1CNCN1)C(O)N[C@H](CCCC[NH3+])C(=O)N[C@H](CC(C)C)C(=O)N[C@H](C)C(=O)N[C@H](CCCC[NH3+])C(=O)N[C@H](C)C(=O)N[C@H](CC(C)C)C(=O)N[C@H](C)C(=O)N[C@H](CCCC[NH3+])C(=O)N[C@H](CCCC[NH3+])C(N)=O,0,-3.3908978,2
CC[C@H](C)[C@H](NC(=O)CN)C(=O)NCC(=O)N[C@@H](C)C(=O)N[C@H](C(=O)N[C@@H](CC(C)C)C(=O)N[C@@H](CCCC[NH3+])C(=O)N[C@H](C(=O)N[C@@H](CC(C)C)C(=O)N[C@@H](C)C(=O)N[C@@H](CC(C)C)C(=O)N[C@H](C(=O)N[C@@H](CO)C(=O)N[C@@H](Cc1c[nH]c2ccccc12)C(=O)N[C@H](C(=O)N[C@@H](CCCC[NH3+])C(=O)N[C@@H](CCCNC(N)=[NH2+])C(=O)N[C@@H](CCCC[NH3+])C(=O)N[C@@H](CCCNC(N)=[NH2+])C(N)=O)[C@@H](C)CC)[C@@H](C)CC)C(C)C)C(C)C,0,-4.741543,2
CC[C@H](C)[C@H](NC(=O)[C@H](CCCC[NH3+])NC(=O)[C@H](CCCC[NH3+])NC(=O)[C@H](C)NC(=O)[C@@H](NC(=O)CNC(=O)[C@H](CCCNC(N)=[NH2+])NC(=O)[C@H](CC(C)C)NC(=O)[C@@H](NC(=O)[C@@H](N)CCCC[NH3+])[C@@H](C)CC)C(C)C)C(=O)N[C@@H](CCSC)C(=O)N[C@@H](CCCNC(N)=[NH2+])C(=O)N[C@H](C(=O)N[C@@H](Cc1ccccc1)C(=O)N[C@@H](CC(C)C)C(=O)N[C@@H](CCCNC(N)=[NH2+])C(=O)N[C@@H](CCCNC(N)=[NH2+])C(=O)N[C@H](C(=O)N[C@@H](CO)C(=O)N[C@@H](CCCC[NH3+])C(=O)N[C@@H](CC(=O)O)C(=O)N[C@H](C(=O)N[C@@H](CC(C)C)C(=O)N[C@H](C(=O)NCC(=O)N[C@@H](CCCC[NH3+])C(=O)N[C@@H](CCCC[NH3+])C(N)=O)[C@@H](C)O)[C@@H](C)CC)[C@@H](C)CC)[C@@H](C)O,0,-2.9473395,2
CC[C@H](C)[C@H](NC(=O)[C@H](C)NC(O)C(CC1CNCN1)NC(=O)[C@@H]1CCCN1C(=O)[C@@H](NC(=O)[C@H](CC(C)C)NC(=O)[C@H](CO)NC(=O)[C@H](CC(C)C)NC(=O)[C@@H](N)Cc1ccccc1)[C@@H](C)CC)C(=O)N[C@@H](CC(N)=O)C(=O)N[C@@H](C)C(=O)N[C@H](C(=O)N[C@@H](CO)C(=O)N[C@H](C(=O)N[C@@H](CC(C)C)C(=O)N[C@H](C(=O)NC(CC1CNCN1)C(O)NC(CC1CNCN1)C(O)N[C@@H](CO)C(N)=O)C(C)C)[C@@H](C)O)C(C)C,0,-5.985919,2
CC(C)C[C@H](NC(=O)[C@H](CCCC[NH3+])NC(=O)[C@H](Cc1ccc(O)cc1)NC(=O)CNC(=O)[C@H](CS)NC(=O)[C@H](CS)NC(=O)[C@@H](NC(=O)CNC(=O)[C@@H](N)CC(N)=O)C(C)C)C(=O)N[C@@H](CS)C(=O)NC(CC1CNCN1)C(O)N1CC(O)CC1C(O)N[C@H](C=O)CS,0,-5.141609,2
CC[C@H](C)[C@H](N)C(=O)N[C@@H](Cc1c[nH]c2ccccc12)C(=O)N[C@@H](CC(C)C)C(=O)N[C@H](C(=O)N[C@@H](C)C(=O)N[C@@H](CC(C)C)C(=O)N[C@@H](CCCC[NH3+])C(=O)N[C@@H](Cc1ccccc1)C(=O)N[C@@H](CC(C)C)C(=O)NCC(=O)N[C@@H](CCCC[NH3+])C(=O)NC(CC1CNCN1)C(O)N[C@@H](C)C(=O)N[C@@H](C)C(=O)N[C@@H](CCCC[NH3+])C(=O)NC(CC1CNCN1)C(O)N[C@@H](CC(C)C)C(=O)N[C@@H](C)C(=O)N[C@@H](CCCC[NH3+])C(=O)N[C@@H](CCC(N)=O)C(=O)N[C@@H](CCC(N)=O)C(=O)N[C@@H](CC(C)C)C(=O)N[C@@H](CO)C(=O)N[C@@H](CCCC[NH3+])C(=O)N[C@@H](CC(C)C)C(N)=O)[C@@H](C)O,0,-4.924272,2
CCCC(CO)NC(=O)[C@@H]1CCCN1C(=O)[C@@H](NC(=O)[C@@H](NC(=O)[C@H](CC(=O)O)NC(C)=O)[C@@H](C)CC)C(C)C,0,-3.2167563,2
CC(C)C[C@H](NC(=O)[C@H](CC(C)C)NC(=O)[C@H](CCCC[NH3+])NC(=O)[C@H](CCCC[NH3+])NC(=O)[C@H](CC(C)C)NC(=O)[C@H](CC(C)C)NC(=O)[C@H](CCCC[NH3+])NC(=O)[C@H](CC(C)C)NC(=O)[C@@H]1CCCN1C(=O)[C@H](CCCC[NH3+])NC(=O)[C@H](CCCC[NH3+])NC(=O)[C@H](CC(C)C)NC(=O)[C@H](CC(C)C)NC(=O)[C@H](CCCC[NH3+])NC(=O)[C@H](CCCC[NH3+])NC(=O)[C@H](Cc1c[nH]c2ccccc12)NC(=O)[C@@H](N)CCCC[NH3+])C(N)=O,0,-4.0868707,2
N=C(N)NCCC[C@H](NC(=O)[C@@H]1CCCN1C(=O)[C@@H]1CSSC[C@H](N)C(=O)N[C@@H](Cc2ccc(O)cc2)C(=O)N[C@@H](Cc2ccccc2)C(=O)N[C@@H](CCC(N)=O)C(=O)N[C@@H](CC(N)=O)C(=O)N1)C(=O)NCC(N)=O,0,-4.123749,2
CC[C@H](C)[C@@H](NC(=O)[C@@H](C)NC(=O)[C@@H](CCCC[NH3+])NC(=O)[C@@H](CC(C)C)NC(=O)[C@@H](CC(C)C)NC(=O)[C@H](NC(O)C(CC1CNCN1)NC(=O)[C@@H](CC(C)C)NC(=O)[C@H](NC(=O)[C@H](NC(=O)[C@@H](CCCC[NH3+])NC(=O)[C@@H](CCCC[NH3+])NC(=O)[C@@H](CC(C)C)NC(=O)[C@@H](CO)NC(=O)[C@@H](CCCC[NH3+])NC(=O)[C@@H](Cc1ccccc1)NC(=O)[C@H](NC(=O)[C@@H](CCCC[NH3+])NC(=O)[C@@H](CC(C)C)NC(=O)[C@@H](Cc1ccccc1)NC(=O)[C@@H](CO)NC(=O)[C@@H](CCCC[NH3+])NC(=O)[C@@H](Cc1c[nH]c2ccccc12)NC(=O)[C@@H](CCCC[NH3+])NC(C)=O)[C@@H](C)O)[C@@H](C)O)C(C)C)[C@@H](C)O)C(=O)N[C@H](CO)C(=O)N[C@@H](CO)C(N)=O,0,-5.496764,2
C[C@@H]1NC(=O)[C@@H]2CSSC[C@H](NC(=O)C[NH3+])C(=O)N[C@@H](CSSC[C@@H](C(N)=O)NC(=O)[C@H](CCCNC(N)=[NH2+])NC(=O)[C@H](Cc3c[nH]c4ccccc34)NC1=O)C(=O)N[C@@H](CO)C(=O)N[C@@H](CC(=O)O)C(=O)N1CCC[C@H]1C(=O)N[C@@H](CCCNC(N)=[NH2+])C(=O)N2,0,-2.8346367,2
CC(C)C[C@@H]1NC(=O)[C@@H](Cc2c[nH]c3ccccc23)NC(=O)[C@H](CCCC[NH3+])NC(O)C(CO)N(C)C(=O)[C@H](CC(N)=O)NC(=O)[C@@H](CCC(=O)O)NC(=O)[C@H](CO)NC(O)C(CC2CNC3CCCCC23)N(C)C1=O,0,-6.8670673,2
CC[C@H](C)[C@H](NC(O)C(CC1CNCN1)NC(=O)[C@H](CCCC[NH3+])NC(=O)[C@H](CC(C)C)NC(=O)[C@H](CC(C)C)NC(=O)[C@H](CO)NC(=O)[C@H](CCSC)NC(=O)[C@H](Cc1c[nH]c2ccccc12)NC(=O)[C@H](CCCC[NH3+])NC(=O)CN)C(=O)N[C@@H](CC(C)C)C(=O)N[C@@H](CCCC[NH3+])C(N)=O,0,-6.028304,2
CSCC[C@H](NC(=O)[C@H](CCC(=O)O)NC(=O)[C@H](CC(=O)O)NC(C)=O)C(=O)N[C@@H](CCC(=O)O)C(=O)NC(CC1CCC2CCCCC2C1)C(O)N[C@H](C=O)CS,0,-2.9646444,2
CC(C)C[C@H]1NC(=O)CNC(=O)[C@@H](CC(N)=O)NC(=O)[C@H](CCCNC(N)=[NH2+])NC(=O)[C@H]([C@@H](C)O)NC(=O)[C@H](CS)NC(=O)[C@H](C(C)C)NC(=O)[C@@H]2CCCN2C(=O)[C@H](Cc2c[nH]c3ccccc23)NC(=O)[C@H](CO)NC(=O)[C@H](CS)NC(=O)[C@H](CO)NC(=O)[C@H](CS)NC(=O)CNC(=O)[C@@H]2CCCN2C(=O)[C@H]([C@@H](C)O)NC(=O)[C@H](Cc2ccc(O)cc2)NC(=O)[C@H](CS)NC(=O)[C@H](CO)NC(=O)CNC(=O)[C@H](Cc2ccccc2)NC(=O)[C@H](C)NC(=O)[C@H](CS)NC(=O)[C@H]([C@@H](C)O)NC(=O)[C@H](CCC(=O)O)NC(=O)CNC(=O)[C@H](CS)NC(=O)[C@H](C(C)C)NC(=O)[C@@H]2CCCN2C1=O,0,-7.310376,2
CC(C)[C@@H]1NC(=O)[C@H](CCCC[NH3+])NC(=O)[C@H](C)NC(=O)[C@@H]2CCCN2C(=O)[C@@H](Cc2ccc(O)cc2)NC(=O)[C@H](C(C)C)NC(=O)[C@@H](CCCC[NH3+])NC(=O)[C@H](C)NC(=O)[C@H](CCCC[NH3+])NC(=O)[C@H](C(C)C)NC(=O)[C@H]2CCCN2C(=O)[C@@H](Cc2ccc(O)cc2)NC(=O)[C@H](C)NC(=O)[C@H](CCCC[NH3+])NC1=O,0,-4.5534954,2
CC[C@H](C)[C@H](NC(=O)CNC(=O)[C@H](C)NC(=O)[C@H](CS)NC(=O)[C@H](C)NC(=O)[C@H](C)NC(=O)[C@H](CCCNC(N)=[NH2+])NC(=O)[C@H](CO)NC(=O)[C@H](CS)NC(=O)[C@H](CS)NC(=O)CN)C(=O)NC(CC1CNCN1)C(O)N[C@@H](CCC(N)=O)C(=O)N[C@@H](CCC(=O)O)C(=O)N[C@@H](CC(C)C)C(=O)N[C@@H](CS)C(N)=O,0,-6.174535,2
CC(C)C[C@H](NC(=O)[C@H](CCCNC(N)=[NH2+])NC(=O)[C@H](CCCC[NH3+])NC(=O)[C@H](CCCC[NH3+])NC(=O)[C@H](CC(C)C)NC(=O)[C@H](CC(N)=O)NC(=O)[C@H](C)NC(=O)[C@H](Cc1ccccc1)NC(=O)[C@H](CCCNC(N)=[NH2+])NC(=O)[C@H](CCCNC(N)=[NH2+])NC(=O)[C@H](CCCC[NH3+])NC(=O)[C@H](Cc1ccccc1)NC(=O)[C@H](CO)NC(=O)[C@H](C)NC(=O)CNC(=O)[C@H](Cc1ccccc1)NC(=O)[C@H](CCCC[NH3+])NC(=O)[C@H](CCCC[NH3+])NC(=O)[C@H](Cc1ccccc1)NC(=O)[C@H](Cc1ccc(O)cc1)NC(=O)[C@H](CCC(=O)O)NC(=O)[C@H](CCCC[NH3+])NC(=O)[C@H](CCCNC(N)=[NH2+])NC(=O)[C@H](CCCC[NH3+])NC(=O)CNC(=O)[C@H](Cc1ccccc1)NC(=O)[C@H](Cc1ccccc1)NC(=O)CN)C(N)=O,0,-2.105429,2
CC[C@H](C)[C@H](NC(=O)[C@@H](N)CCCC[NH3+])C(=O)N[C@@H](CCCC[NH3+])C(=O)N[C@H](C(=O)N1CCC[C@H]1C(=O)N[C@@H](Cc1c[nH]c2ccccc12)C(=O)NCC(=O)N[C@@H](CCCC[NH3+])C(=O)N[C@H](C(=O)N[C@@H](CCCC[NH3+])C(=O)N[C@@H](CC(=O)O)C(=O)N[C@@H](Cc1ccccc1)C(=O)N[C@@H](CC(C)C)C(=O)N[C@H](C(=O)NCC(=O)NCC(=O)N[C@@H](CCSC)C(=O)N[C@@H](CCCC[NH3+])C(=O)N[C@@H](C)C(=O)N[C@H](C(N)=O)C(C)C)C(C)C)C(C)C)[C@@H](C)CC,0,-4.292921,2
CC[C@H](C)[C@H](NC(=O)[C@H](Cc1ccccc1)NC(=O)[C@@H]1CCCN1C(=O)[C@H](C)NC(=O)[C@@H](NC(=O)[C@@H](N)CC(C)C)[C@@H](C)CC)C(=O)N[C@@H](CCCNC(N)=[NH2+])C(=O)N[C@@H](CC(=O)O)C(=O)N[C@@H](Cc1ccc(O)cc1)C(=O)N[C@@H](CS)C(=O)N[C@@H](CS)C(=O)N1CCC[C@H]1C(=O)N[C@@H](CCCNC(N)=[NH2+])C(=O)NCC(=O)N1CCC[C@H]1C(=O)N[C@@H](CS)C(=O)N[C@@H](CCSC)C(=O)N[C@H](C(=O)N[C@@H](Cc1c[nH]c2ccccc12)C(=O)N[C@@H](CS)C(N)=O)C(C)C,0,-4.9121165,2
C[C@H](NC(=O)[C@H](C)NC(=O)[C@H](C)NC(=O)[C@H](Cc1ccccc1)NC(=O)[C@H](C)NC(=O)[C@H](C)NC(=O)[C@H](Cc1c[nH]c2ccccc12)NC(=O)[C@H](C)NC(=O)[C@H](C)NC(=O)[C@H](Cc1ccccc1)NC(=O)[C@H](C)NC(=O)[C@H](C)NC(=O)[C@H](C)NC(=O)[C@H](C)NC(=O)[C@H](C)NC(=O)[C@H](Cc1ccccc1)NC(=O)[C@H](C)NC(=O)[C@H](C)NC(=O)[C@H](C)NC(=O)[C@H](CCCC[NH3+])NC(=O)[C@H](CCCC[NH3+])NC(=O)[C@H](CCCC[NH3+])NC(=O)[C@H](CCCC[NH3+])NC(=O)[C@H](CCCC[NH3+])NC(=O)[C@@H](N)CCCC[NH3+])C(N)=O,0,-1.4589237,2
CC(C)C[C@H](NC(=O)[C@H](C)NC(=O)[C@H](CC(C)C)NC(=O)[C@H](C)NC(=O)[C@@H](N)Cc1c[nH]c2ccccc12)C(N)=O,0,-5.4072876,2
CC[C@H](C)[C@H](NC(=O)[C@H](CC(C)C)NC(=O)[C@H](CO)NC(=O)[C@@H](NC(=O)[C@@H](NC(=O)[C@H](CC(C)C)NC(=O)CN)C(C)C)[C@@H](C)O)C(=O)N[C@@H](CCCC[NH3+])C(=O)NCC(=O)N[C@@H](C)C(=O)NCC(=O)N[C@@H](CCCC[NH3+])C(=O)N[C@@H](CC(C)C)C(=O)N[C@@H](CC(C)C)C(=O)NCC(=O)NCC(=O)N[C@@H](CC(C)C)C(=O)N[C@@H](Cc1ccccc1)C(=O)NCC(=O)N[C@@H](CO)C(=O)N[C@H](C(=O)N[C@H](C(=O)NCC(N)=O)[C@@H](C)O)C(C)C,0,-4.2928905,2
CC[C@H](C)[C@H](NC(=O)[C@@H](NC(=O)[C@@H]1CCCN1C(=O)[C@H](CC(C)C)NC(=O)[C@@H](N)Cc1ccccc1)[C@@H](C)CC)C(=O)N[C@H](C(=O)N[C@@H](CC(N)=O)C(=O)N[C@@H](CC(C)C)C(=O)N[C@@H](CC(C)C)C(=O)NCC(=O)N[C@@H](CCCC[NH3+])C(=O)N[C@@H](CC(C)C)C(=O)N[C@@H](CC(C)C)C(N)=O)[C@@H](C)O,0,-5.197146,2
CC[C@H](C)[C@H](NC(=O)[C@@H]1CCCN1C(=O)[C@H](CC(C)C)NC(=O)[C@@H](N)Cc1ccccc1)C(=O)N[C@H](C(=O)NCC(=O)N[C@@H](CCCC[NH3+])C(=O)N[C@@H](CC(C)C)C(=O)N[C@@H](CC(C)C)C(=O)N[C@@H](CO)C(=O)NCC(=O)N[C@@H](CC(C)C)C(=O)N[C@@H](CC(C)C)C(N)=O)C(C)C,0,-5.6370754,2
C[C@H](NC(O)C(CC1CNCN1)NC(=O)[C@H](Cc1ccc(O)cc1)NC(=O)[C@H](CCC(=O)O)NC(=O)[C@H](Cc1c[nH]c2ccccc12)NC(=O)[C@@H](N)CC(=O)O)C(=O)NC(CC1CNCN1)C(O)N1CCC[C@H]1C(=O)N[C@@H](CCCC[NH3+])C(=O)N1CC(O)CC1C(O)N[C@@H](CC(N)=O)C(=O)N[C@@H](CO)C(=O)N[C@H](Cc1ccccc1)C(=O)N[C@@H](Cc1c[nH]c2ccccc12)C(=O)N[C@H](C=O)[C@@H](C)O,0,0.48856288,2
CC[C@H](C)[C@H](NC(=O)[C@H](CC(=O)O)NC(=O)[C@H](CCSC)NC(=O)[C@@H](NC(=O)[C@@H](NC(=O)[C@H](CCC(=O)O)NC(=O)[C@H](Cc1ccc(O)cc1)NC(=O)[C@H](Cc1ccccc1)NC(=O)[C@H](CCCCN)NC(=O)[C@H](CCC(N)=O)NC(=O)[C@H](CCC(N)=O)NC(=O)[C@H](CC(C)C)NC(=O)[C@H](CC(=O)O)NC(=O)[C@H](CCCCN)NC(=O)[C@@H](NC(=O)[C@H](CCC(N)=O)NC(=O)[C@H](CC(N)=O)NC(=O)[C@H](Cc1ccc(O)cc1)NC(=O)[C@H](Cc1c[nH]c2ccccc12)NC(=O)[C@H](CCC(=O)O)NC(=O)CNC(=O)[C@H](CC(C)C)NC(=O)[C@@H](NC(=O)[C@@H](NC(=O)[C@H](CC(N)=O)NC(=O)CNC(=O)[C@H](Cc1c[nH]cn1)NC(=O)[C@H](CC(N)=O)NC(=O)[C@@H](N)Cc1c[nH]c2ccccc12)[C@@H](C)CC)[C@@H](C)O)[C@@H](C)O)[C@@H](C)CC)[C@@H](C)CC)C(=O)N[C@@H](CCC(=O)O)C(=O)N[C@@H](CCC(N)=O)C(=O)N[C@@H](CC(N)=O)C(=O)N[C@@H](CC(N)=O)C(=O)N[C@H](C(=O)N[C@@H](CCC(N)=O)C(=O)O)C(C)C,0,-3.1334496,2
CC[C@H](C)[C@@H]1NC(=O)[C@H](C)NC(=O)[C@H](CO)NC(=O)[C@H](CO)NC(=O)[C@H]([C@@H](C)CC)NC(=O)[C@H](CS)NC(=O)[C@@H]2CCCN2C(=O)[C@H]([C@@H](C)CC)NC(=O)[C@H](Cc2c[nH]c3ccccc23)NC(=O)[C@H](C(C)C)NC(=O)[C@H](CS)NC(=O)[C@H](CO)NC(=O)[C@H](CCC(=O)O)NC(=O)CNC(=O)[C@H](CS)NC(=O)[C@H]2CCCN2C(=O)[C@H]([C@@H](C)CC)NC(=O)CNC(=O)[C@H](CC(N)=O)NC(=O)[C@H](CCCNC(N)=[NH2+])NC(=O)[C@H](Cc2ccc(O)cc2)NC(=O)[C@H](CS)NC(=O)[C@H](C(C)C)NC(=O)[C@H](CCCC[NH3+])NC(=O)[C@H](CO)NC(=O)[C@H](CCCC[NH3+])NC(=O)[C@H](CS)NC(=O)[C@H](CO)NC(=O)[C@H](CS)NC(=O)CNC1=O,0,-7.5491395,2
CSCC[C@@H](C=O)NC(=O)[C@H](CC(C)C)NC(=O)CNC(=O)[C@@H](NC(=O)[C@H](Cc1ccccc1)NC(=O)[C@H](CCC(N)=O)NC(=O)[C@H](CC(=O)O)NC(=O)[C@H](CO)NC(=O)[C@H](CCCCN)NC(=O)[C@@H]1CCCN1C(=O)[C@@H](NC(=O)[C@@H](N)CC(=O)O)C(C)C)C(C)C,0,3.1678028,2
CC[C@H](C)[C@H](NC(=O)[C@H](CCC(N)=O)NC(=O)[C@@H]1CCCN1C(=O)[C@H](CC(N)=O)NC(O)C(CC1CNCN1)NC(=O)[C@@H](NC(=O)[C@@H](NC(=O)[C@H](CS)NC(=O)[C@@H](NC(=O)[C@@H]1CCCN1C(=O)[C@H](CC(N)=O)NC(=O)[C@H](CO)NC(=O)[C@H](CS)NC(=O)[C@@H](N)CS)C(C)C)[C@@H](C)O)C(C)C)C(=O)N[C@@H](CS)C(N)=O,0,-7.5458164,2
CC(=O)N[C@@H](CC(=O)O)C(=O)N[C@@H](CCC(=O)O)C(=O)N[C@@H](Cc1ccccc1)C(=O)N[C@@H](CCC(=O)O)C(=O)NC(CC1CCCCC1)C(O)N[C@H](C=O)CS,0,-3.8629467,2
CC(C)C[C@H](NC(=O)[C@H](CCCC[NH3+])NC(=O)[C@H](CC(C)C)NC(=O)[C@H](CCCC[NH3+])NC(=O)[C@H](CC(C)C)NC(=O)[C@H](C)NC(=O)[C@H](CCCC[NH3+])NC(=O)[C@H](C)NC(=O)[C@H](CC(C)C)NC(=O)[C@H](CC(C)C)NC(=O)[C@H](CCCC[NH3+])NC(=O)[C@H](C)NC(=O)[C@@H](N)Cc1ccccc1)C(N)=O,0,-4.382513,2
CC(C)C[C@H](NC(=O)[C@H](CC(N)=O)NC(=O)[C@H](CO)NC(O)C(CC1CNCN1)NC(=O)[C@H](CCC(=O)O)NC(=O)[C@H](CC(C)C)NC(O)C(CC1CNCN1)NC(=O)[C@H](CS)NC(=O)[C@@H](NC(=O)[C@@H]1CCCN1C(=O)[C@H](CC(N)=O)NC(=O)[C@H](CO)NC(=O)[C@H](CS)NC(=O)[C@H](CS)NC(=O)CNC(=O)[C@@H]1CCCN1C(=O)[C@H](CC(=O)O)NC(=O)[C@@H](N)CCCNC(N)=[NH2+])C(C)C)C(=O)N[C@@H](CS)C(N)=O,0,-7.4853263,2
C[C@H](NC(=O)[C@H](CS)NC(=O)[C@H](CCCNC(N)=[NH2+])NC(=O)[C@@H]1CCCN1C(=O)[C@H](CC(=O)O)NC(=O)[C@H](CO)NC(=O)[C@H](CS)NC(=O)[C@H](CS)NC(=O)CN)C(=O)N[C@H](C(=O)N[C@@H](CCCNC(N)=[NH2+])C(=O)N[C@@H](CS)C(N)=O)[C@@H](C)O,0,-6.5110292,2
CC(C)C[C@@H](NC(=O)[C@@H](C)NC(=O)[C@@H](CC(C)C)NC(=O)[C@@H](CCCC[NH3+])NC(=O)[C@@H](CCCC[NH3+])NC(=O)[C@@H](CC(C)C)NC(=O)[C@@H](C)NC(=O)[C@H]1CCCN1C(=O)[C@@H](CC(C)C)NC(=O)[C@@H](Cc1c[nH]c2ccccc12)NC(=O)[C@@H](CCCC[NH3+])NC(=O)[C@@H](CCCC[NH3+])NC(=O)[C@@H](CC(C)C)NC(=O)[C@@H](C)NC(=O)[C@@H](CC(C)C)NC(=O)[C@@H](CC(C)C)NC(=O)[C@@H](C)NC(=O)[C@@H](CC(C)C)NC(=O)[C@@H](CCCC[NH3+])NC(=O)[C@H](N)CCCC[NH3+])C(=O)N[C@H](CC(C)C)C(=O)N[C@H](C)C(=O)N[C@H](CC(C)C)C(=O)N[C@H](CCCC[NH3+])C(=O)N[C@H](CCCC[NH3+])C(N)=O,0,-2.8896875,2
C[C@@H]1NC(=O)[C@@H]2CSSC[C@H](NC(=O)[C@@H](NC(=O)CN)CSSC[C@@H](C(=O)O)NC(=O)[C@H](CCCNC(N)=[NH2+])NC(=O)[C@H](Cc3c[nH]c4ccccc34)NC1=O)C(=O)N[C@@H](CO)C(=O)N[C@@H](CC(=O)O)C(=O)N[C@@H](CCCCN)C(=O)N[C@@H](CCCNC(N)=[NH2+])C(=O)N2,0,-2.0472746,2
CC[C@H](C)[C@H](NC(=O)[C@@H](NC(=O)[C@@H]1CCCN1C(=O)[C@@H](NC(=O)[C@@H](NC(O)C(CC1CNCN1)NC(=O)[C@@H]1CCCN1C(=O)[C@H](CC(C)C)NC(=O)[C@H](CC(C)C)NC(O)C(CC1CNCN1)NC(=O)[C@H](CCCC[NH3+])NC(=O)[C@H](C)NC(=O)[C@@H](NC(=O)[C@H](CO)NC(=O)CNC(=O)[C@H](CC(C)C)NC(=O)[C@@H](NC(=O)[C@H](CO)NC(=O)[C@H](Cc1ccccc1)NC(=O)[C@H](CC(C)C)NC(=O)CN)C(C)C)C(C)C)C(C)C)C(C)C)C(C)C)C(=O)N[C@@H](C)C(=O)N[C@@H](CCC(=O)O)C(=O)N[C@@H](CCCC[NH3+])C(=O)N[C@@H](CC(C)C)C(N)=O,0,-5.2674084,2
CC[C@H](C)[C@H](NC(=O)CNC(=O)[C@H](CO)NC(=O)[C@H](CC(C)C)NC(=O)[C@H](C)NC(=O)[C@H](CCCNC(N)=[NH2+])NC(=O)CNC(=O)[C@@H](NC(=O)[C@H](CC(C)C)NC(=O)[C@@H]1CCCN1C(=O)[C@H](CC(C)C)NC(=O)[C@@H](N)Cc1ccccc1)[C@@H](C)CC)C(=O)N[C@@H](CC(C)C)C(N)=O,0,-4.3342576,2
CC(C)C[C@H](NC(=O)[C@H](CCCC[NH3+])NC(=O)[C@H](CCCC[NH3+])NC(=O)[C@H](CC(C)C)NC(=O)[C@H](C)NC(=O)[C@H](CCCC[NH3+])NC(=O)[C@H](CC(C)C)NC(=O)[C@H](C)NC(=O)[C@H](CC(C)C)NC(=O)[C@H](C)NC(=O)[C@@H](N)C(C)C)C(N)=O,0,-3.4351683,2
C[C@H](NC(=O)[C@@H]1CCCN1C(=O)[C@H](CC(N)=O)NC(=O)[C@H](CCCNC(N)=[NH2+])NC(=O)[C@H](CS)NC(=O)[C@H](CS)NC(=O)CNC(=O)[C@@H](N)CC(N)=O)C(=O)N[C@@H](CS)C(=O)N[C@@H](CCC(=O)O)C(=O)N[C@@H](CO)C(=O)NC(CC1CNCN1)C(O)N[C@@H](CCCNC(N)=[NH2+])C(=O)N[C@@H](CS)C(N)=O,0,-5.946212,2
C[C@H](NC(=O)[C@H](CS)NC(=O)[C@H](CC(=O)O)NC(=O)[C@@H]1CCCN1C(=O)[C@H](CCCNC(N)=[NH2+])NC(=O)[C@H](CO)NC(=O)[C@H](CS)NC(=O)[C@H](CS)NC(=O)CN)C(=O)N[C@@H](Cc1c[nH]c2ccccc12)C(=O)N[C@@H](CCCNC(N)=[NH2+])C(=O)N[C@@H](CS)C(N)=O,0,-6.592864,2
CC(C)C[C@H]1NC(=O)CNC(=O)[C@H](CC(N)=O)NC(=O)[C@@H](CCCNC(N)=[NH2+])NC(=O)[C@H]([C@@H](C)O)NC(=O)[C@H](CS)NC(=O)[C@H](CCCC[NH3+])NC(=O)[C@@H]2CCCN2C(=O)[C@H](Cc2c[nH]c3ccccc23)NC(=O)[C@H](CO)NC(=O)[C@H](CS)NC(=O)[C@H]([C@@H](C)O)NC(=O)[C@H](CS)NC(=O)CNC(=O)[C@@H]2CCCN2C(=O)[C@H]([C@@H](C)O)NC(=O)[C@H](CC(N)=O)NC(=O)[C@H](CS)NC(=O)[C@H]([C@@H](C)O)NC(=O)CNC(=O)CNC(=O)[C@H](C(C)C)NC(=O)[C@H](CS)NC(=O)[C@H]([C@@H](C)O)NC(=O)[C@H](CCC(=O)O)NC(=O)CNC(=O)[C@H](CS)NC(=O)[C@H](C(C)C)NC(=O)[C@@H]2CCCN2C1=O,0,-8.026674,2
CC(C)C[C@H](NC(=O)[C@H](Cc1ccc(O)cc1)NC(=O)[C@@H]1CCCN1C(=O)[C@@H](N)Cc1c[nH]c2ccccc12)C(=O)N1CCC[C@H]1C(=O)N[C@@H](Cc1c[nH]c2ccccc12)C(=O)N[C@@H](CCCNC(N)=[NH2+])C(=O)N[C@@H](CCCNC(N)=[NH2+])C(N)=O,0,-4.839258,2
CC[C@H](C)[C@H](NC(=O)[C@H](C)NC(=O)[C@H](CO)NC(=O)CNC(=O)[C@@H]1CCCN1C(=O)CN)C(=O)N[C@@H](CS)C(=O)N[C@@H](CC(N)=O)C(=O)N[C@@H](CCSC)C(=O)N[C@@H](C)C(=O)N[C@@H](CS)C(=O)N[C@@H](CCCNC(N)=[NH2+])C(=O)N[C@@H](CC(C)C)C(=O)N[C@@H](CCC(=O)O)C(=O)NC(CC1CNCN1)C(O)NCC(=O)NC(CC1CNCN1)C(O)N[C@@H](CC(C)C)C(=O)N[C@@H](Cc1ccc(O)cc1)C(=O)N1CCC[C@H]1C(=O)N[C@@H](Cc1ccccc1)C(=O)N[C@@H](CS)C(=O)N[C@@H](CC(N)=O)C(=O)N[C@@H](CS)C(=O)N[C@@H](CC(=O)O)C(N)=O,0,-6.6291466,2
CC(C)C[C@H](NC(=O)[C@H](C)NC(=O)[C@H](CC(C)C)NC(=O)[C@H](C)NC(=O)[C@H](CCCC[NH3+])NC(=O)[C@H](CCCC[NH3+])NC(=O)[C@H](C)NC(=O)[C@H](CC(C)C)NC(=O)[C@H](CCCC[NH3+])NC(=O)[C@H](C)NC(=O)[C@H](CC(C)C)NC(=O)[C@H](CCCC[NH3+])NC(=O)[C@H](CCCC[NH3+])NC(=O)[C@H](C)NC(=O)[C@@H](N)Cc1ccccc1)C(N)=O,0,-4.0508394,2
CC[C@H](C)[C@H](NC(=O)[C@@H](N)Cc1ccccc1)C(=O)N[C@H](C(=O)N[C@H](C(=O)NC(CC1CNCN1)C(N)O)C(C)C)[C@@H](C)O,0,-3.772833,2
CC[C@H](C)[C@H](NC(=O)[C@H](CC(=O)O)NC(=O)[C@H](Cc1ccccc1)NC(=O)[C@H](CC(C)C)NC(=O)CN)C(=O)N[C@H](C(=O)N[C@@H](CCCC[NH3+])C(=O)N[C@@H](CCCC[NH3+])C(=O)N[C@H](C(=O)N[C@H](C(=O)NCC(=O)N[C@@H](C)C(=O)N[C@@H](CC(C)C)C(=O)NCC(=O)N[C@@H](CO)C(=O)N[C@@H](CC(C)C)C(N)=O)C(C)C)C(C)C)C(C)C,0,-5.9034457,2
CC[C@H](C)[C@@H]1NC(=O)[C@H](CC(C)C)NC(=O)[C@H](C)NC(=O)[C@H]([C@@H](C)O)NC(=O)[C@H](C(C)C)NC(=O)[C@H]([C@@H](C)O)NC(=O)[C@H](CS)NC(=O)[C@@H]2CCCN2C(=O)[C@H]([C@@H](C)CC)NC(=O)[C@H](Cc2c[nH]c3ccccc23)NC(=O)[C@H](C(C)C)NC(=O)[C@H](CS)NC(=O)[C@H](CO)NC(=O)[C@H](CCC(=O)O)NC(=O)[C@H](C)NC(=O)[C@H](CS)NC(=O)[C@@H]2CCCN2C(=O)[C@@H]([C@@H](C)CC)NC(=O)CNC(=O)[C@H](CC(N)=O)NC(=O)[C@@H](Cc2ccc(O)cc2)NC(=O)[C@H](CS)NC(=O)[C@H](C(C)C)NC(=O)[C@H](CCCC[NH3+])NC(=O)[C@H](CC(N)=O)NC(=O)[C@H](CO)NC(=O)[C@H](CS)NC(=O)CNC(=O)[C@H](CS)NC(=O)CNC1=O,0,-7.3874493,2
CC(C)C[C@H](NC(=O)[C@H](CCCC[NH3+])NC(=O)[C@H](CCCC[NH3+])NC(=O)[C@H](Cc1c[nH]c2ccccc12)NC(=O)[C@@H](N)CCCC[NH3+])C(=O)N[C@@H](CC(C)C)C(=O)N[C@@H](CCCC[NH3+])C(=O)N[C@@H](CCCC[NH3+])C(=O)N1CCC[C@H]1C(=O)N[C@@H](CC(C)C)C(=O)N[C@@H](CC(C)C)C(=O)N[C@@H](CCCC[NH3+])C(=O)N[C@@H](CCCC[NH3+])C(N)=O,0,-3.1375628,2
CC[C@H](C)[C@H](NC(=O)[C@H](CO)NC(=O)[C@H](CCCC[NH3+])NC(=O)[C@H](CC(C)C)NC(=O)[C@H](CCCC[NH3+])NC(=O)[C@@H](N)CC(C)C)C(=O)N[C@H](C(=O)N[C@@H](CO)C(=O)N[C@@H](Cc1c[nH]c2ccccc12)C(=O)N[C@@H](C)C(=O)N[C@@H](CCCC[NH3+])C(=O)N[C@@H](CC(C)C)C(=O)N[C@H](C(=O)N[C@@H](CC(C)C)C(N)=O)C(C)C)C(C)C,0,-5.98231,2
CC[C@H](C)[C@@H]1NC(=O)[C@H](CS)NC(=O)[C@@H]2CCCN2C(=O)[C@H]([C@@H](C)CC)NC(=O)[C@H](Cc2c[nH]c3ccccc23)NC(=O)[C@H](C(C)C)NC(=O)[C@H](CS)NC(=O)[C@H](CO)NC(=O)[C@H](CCC(=O)O)NC(=O)[C@@H](CS)NC(=O)[C@H]2CCCN2C(=O)[C@H](CC(C)C)NC(=O)[C@@H]([C@@H](C)O)NC(=O)CNC(=O)[C@H](CC(N)=O)NC(=O)[C@H](CCCC[NH3+])NC(=O)[C@H](Cc2ccc(O)cc2)NC(=O)[C@H](CS)NC(=O)[C@H](C(C)C)NC(=O)[C@H](CCCC[NH3+])NC(=O)[C@H](CO)NC(=O)[C@H](CCCC[NH3+])NC(=O)[C@H](CS)NC(=O)[C@H](CO)NC(=O)[C@H](CS)NC(=O)CNC(=O)[C@H](C(C)C)NC(=O)[C@H](C(C)C)NC(=O)[C@H](CO)NC(=O)[C@H](CO)NC1=O,0,-8.031783,2
CC(=O)N[C@@H](CCCNC(N)=[NH2+])C(=O)N[C@@H](CCCNC(N)=[NH2+])C(=O)N[C@@H](Cc1c[nH]c2ccccc12)C(=O)N[C@@H](Cc1c[nH]c2ccccc12)C(=O)N[C@@H](CS)C(=O)N[C@@H](CCCNC(N)=[NH2+])C(=O)N[C@H](C(N)=O)C(C)C,0,-4.813134,2
CCCC(CO)NC(=O)[C@@H]1CCCN1C(=O)[C@@H](NC(=O)[C@@H](NC(=O)[C@H](CC(=O)O)NC(=O)[C@@H](CC(=O)O)NC(C)=O)[C@@H](C)CC)C(C)C,0,-3.3352737,2
CC[C@H](C)[C@H](NC(O)C(C)(C)NC(=O)[C@H](CCCC[NH3+])NC(=O)CNC(=O)[C@H](CC(C)C)NC(O)C(C)(C)NC(=O)[C@H](CCCC[NH3+])NC(=O)[C@H](CCCC[NH3+])NC(=O)[C@H](Cc1c[nH]c2ccccc12)NC(=O)[C@H](CC(N)=O)NC(=O)[C@@H](N)C(C)C)C(=O)N[C@@H](CCCC[NH3+])C(=O)NC(C)(C)C(O)N[C@H](C(=O)N[C@@H](CCCC[NH3+])C(N)=O)C(C)C,0,-6.3443623,2
CC[C@H](C)[C@H](NC(=O)[C@H](CC(C)C)NC(=O)[C@H](CCC(=O)O)NC(=O)[C@@H](CC(=O)O)NC(C)=O)C(=O)NC(CC1CCCCC1)C(O)N[C@@H](CS)C(=O)N1CCC[C@H]1C(=O)NC(CC1CCCCC1)C(O)N[C@@H](CC(=O)O)C(=O)N[C@@H](CC(C)C)C(=O)N1CCC[C@@H]1C(=O)N[C@@H](Cc1ccc(O)cc1)C(=O)N[C@@H](CCCC[NH3+])C(N)=O,0,-3.5544255,2
CC(C)C[C@H](NC(=O)[C@H](CCCNC(N)=[NH2+])NC(=O)[C@H](CCCNC(N)=[NH2+])NC(=O)[C@H](Cc1ccc(O)cc1)NC(=O)[C@H](CC(C)C)NC(=O)[C@H](CCCNC(N)=[NH2+])NC(=O)[C@H](CCCNC(N)=[NH2+])NC(=O)[C@H](Cc1ccc(O)cc1)NC(=O)[C@H](CC(C)C)NC(=O)[C@H](CCCNC(N)=[NH2+])NC(=O)[C@H](CCCNC(N)=[NH2+])NC(=O)[C@H](Cc1ccc(O)cc1)NC(=O)[C@H](CC(C)C)NC(=O)[C@@H](N)CCCNC(N)=[NH2+])C(=O)N[C@@H](Cc1ccc(O)cc1)C(=O)N[C@@H](CCCNC(N)=[NH2+])C(=O)N[C@@H](CCCC[NH3+])C(=O)N[C@@H](CCCC[NH3+])C(=O)N[C@@H](CCCC[NH3+])C(N)=O,0,-0.09293245,2
CC[C@H](C)[C@H](NC(=O)[C@H](CCCC[NH3+])NC(=O)[C@H](CCCNC(N)=[NH2+])NC(=O)[C@H](CCCC[NH3+])NC(=O)[C@H](CC(C)C)NC(=O)[C@H](CCCNC(N)=[NH2+])NC(=O)[C@H](CCCNC(N)=[NH2+])NC(=O)[C@H](CC(C)C)NC(=O)[C@H](CCCC[NH3+])NC(=O)[C@@H](N)CCCNC(N)=[NH2+])C(=O)N[C@@H](C)C(=O)NC(CC1CNCN1)C(O)N[C@@H](CCCC[NH3+])C(=O)N[C@H](C(=O)N[C@@H](CCCC[NH3+])C(=O)N[C@@H](CCCC[NH3+])C(=O)N[C@@H](Cc1ccc(O)cc1)C(N)=O)C(C)C,0,-2.1756144,2
CC[C@H](C)[C@H](NC(=O)[C@@H](NC(=O)[C@H](CO)NC(=O)[C@H](C)NC(=O)[C@@H](NC(=O)[C@H](CCCC[NH3+])NC(=O)[C@H](CCCC[NH3+])NC(=O)[C@@H](NC(=O)[C@@H](NC(=O)[C@H](CC(=O)O)NC(=O)[C@H](Cc1ccccc1)NC(=O)[C@H](CC(C)C)NC(=O)CN)C(C)C)[C@@H](C)CC)C(C)C)C(C)C)C(=O)N[C@@H](CCCC[NH3+])C(=O)N[C@@H](CCCC[NH3+])C(=O)N[C@@H](CC(C)C)C(N)=O,0,-4.3498564,2
CC(C)C[C@H](NC(=O)[C@H](CCCNC(N)=[NH2+])NC(=O)[C@@H](N)CCCNC(N)=[NH2+])C(=O)N[C@@H](CO)C(=O)N[C@@H](Cc1ccc(O)cc1)C(=O)N[C@@H](CO)C(=O)N[C@@H](CCCNC(N)=[NH2+])C(=O)N[C@@H](CCCNC(N)=[NH2+])C(=O)N[C@@H](CCCNC(N)=[NH2+])C(=O)N[C@@H](Cc1ccccc1)C(N)=O,0,-1.3509853,2
C[C@H](NC(=O)[C@H](CCC(=O)O)NC(=O)[C@@H]1CCCN1C(O)C(CC1CNCN1)NC(=O)[C@H](CC(=O)O)NC(=O)[C@H](Cc1ccc(O)cc1)NC(=O)[C@H](CC(N)=O)NC(=O)[C@H](CS)NC(=O)[C@H](CCCNC(N)=[NH2+])NC(=O)[C@@H]1CCCN1C(=O)[C@H](CC(=O)O)NC(=O)[C@H](CO)NC(=O)[C@H](CS)NC(=O)[C@H](CS)NC(=O)CN)C(=O)N[C@@H](CS)C(N)=O,0,-7.067052,2
CSCC[C@H](NC(=O)[C@@H](NC(=O)[C@H](CCCC[NH3+])NC(=O)[C@H](CCCNC(N)=[NH2+])NC(=O)[C@H](CS)NC(=O)[C@H](CO)NC(=O)[C@H](C)NC(=O)CNC(=O)[C@H](CCCC[NH3+])NC(=O)CNC(=O)[C@H](CCCC[NH3+])NC(=O)[C@@H](N)CS)[C@@H](C)O)C(=O)N[C@@H](Cc1ccc(O)cc1)C(=O)N[C@@H](CC(=O)O)C(=O)N[C@@H](CS)C(=O)N[C@@H](CS)C(=O)N[C@@H](CCCNC(N)=[NH2+])C(=O)NCC(=O)N[C@@H](CO)C(=O)N[C@@H](CS)C(=O)N[C@@H](CCCNC(N)=[NH2+])C(=O)N[C@@H](CO)C(=O)NCC(=O)N[C@@H](CCCNC(N)=[NH2+])C(=O)N[C@@H](CS)C(N)=O,0,-4.6463413,2
CC[C@H](C)[C@H](NC(O)C(CC1CNCN1)NC(=O)[C@H](CCCC[NH3+])NC(=O)[C@H](CC(C)C)NC(=O)[C@H](CC(C)C)NC(=O)[C@H](CO)NC(=O)[C@H](CCCC[NH3+])NC(=O)[C@H](Cc1c[nH]c2ccccc12)NC(=O)[C@H](CCCC[NH3+])NC(=O)CN)C(=O)N[C@@H](CC(C)C)C(=O)N[C@@H](CCCC[NH3+])C(N)=O,0,-6.2910776,2
CC[C@H](C)[C@H](N)C(=O)N[C@@H](CC(C)C)C(=O)N1CCC[C@H]1C(=O)N[C@H](C(=O)N[C@@H](CC(C)C)C(=O)NCC(=O)N[C@@H](CC(N)=O)C(=O)N[C@@H](CC(C)C)C(=O)N[C@@H](CC(C)C)C(=O)N[C@@H](CC(N)=O)C(=O)N[C@@H](CO)C(=O)N[C@@H](CC(C)C)C(=O)N[C@@H](CC(C)C)C(N)=O)[C@@H](C)CC,0,-4.8005176,2
CC[C@H](C)[C@@H]1NC(=O)[C@H](CC(C)C)NC(=O)[C@H](Cc2ccccc2)NC(=O)[C@H](Cc2ccccc2)NC(=O)[C@H](C)NC(=O)[C@@H]2CCCN2C(=O)[C@H](C(C)C)NC(=O)[C@H](CC(C)C)NC(=O)[C@H]([C@@H](C)CC)NC1=O,0,-4.105036,2
CC[C@H](C)[C@H](NC(=O)[C@H](CCCC[NH3+])NC(=O)[C@H](CC(N)=O)NC(=O)[C@H](Cc1c[nH]c2ccccc12)NC(=O)[C@H](CC(C)C)NC(=O)CN)C(=O)N[C@@H](CCCC[NH3+])C(=O)N[C@@H](CCC(=O)O)C(=O)N[C@@H](C)C(=O)N[C@@H](C)C(=O)N[C@@H](CO)C(=O)N[C@@H](CCCC[NH3+])C(=O)N[C@@H](C)C(=O)N[C@@H](C)C(=O)NCC(=O)N[C@@H](CCCC[NH3+])C(=O)N[C@@H](C)C(=O)N[C@@H](C)C(=O)N[C@@H](CC(C)C)C(=O)NCC(=O)N[C@@H](Cc1ccccc1)C(=O)N[C@H](C(=O)N[C@@H](CC(N)=O)C(=O)N[C@@H](CCC(=O)O)C(=O)N[C@@H](CCSC)C(=O)N[C@H](C(N)=O)C(C)C)C(C)C,0,-4.021782,2
CC[C@H](C)[C@H](NC(=O)[C@H](CCCC[NH3+])NC(=O)[C@@H]1CCCN1C(=O)[C@H](CC(C)C)NC(=O)[C@H](Cc1ccccc1)NC(=O)[C@H](CC(N)=O)NC(=O)[C@H](C)NC(=O)[C@H](C)NC(=O)[C@H](CC(C)C)NC(=O)CNC(=O)[C@H](C)NC(=O)[C@H](CC(C)C)NC(=O)[C@H](CC(C)C)NC(=O)[C@@H]1CCCN1C(=O)[C@H](CC(C)C)NC(=O)[C@@H](N)Cc1ccccc1)C(=O)N[C@@H](Cc1ccccc1)C(=O)N[C@@H](CS)C(=O)N[C@@H](CCCC[NH3+])C(=O)N[C@H](C(=O)N[C@H](C(=O)N[C@@H](CCCNC(N)=[NH2+])C(=O)N[C@@H](CCCC[NH3+])C(=O)N[C@@H](CS)C(N)=O)[C@@H](C)O)[C@@H](C)CC,0,-5.1923094,2
C[C@H](NC(O)C(CC1CNCN1)NC(=O)[C@H](Cc1ccc(O)cc1)NC(=O)[C@H](CCC(=O)O)NC(=O)[C@H](Cc1c[nH]c2ccccc12)NC(=O)[C@@H](N)CC(=O)O)C(=O)NC(CC1CNCN1)C(O)N1CCC[C@H]1C(=O)N[C@@H](CCCC[NH3+])C(=O)N1CC(O)CC1C(O)N[C@@H](CC(N)=O)C(=O)N[C@@H](CO)C(=O)N[C@@H](Cc1ccccc1)C(=O)N[C@@H](Cc1c[nH]c2ccccc12)C(=O)N[C@H](C=O)[C@@H](C)O,0,0.53522164,2
CC[C@H](C)[C@H](NC(=O)CNC(=O)[C@H](CO)NC(=O)[C@@H](NC(=O)[C@H](CC(C)C)NC(=O)[C@H](CCCNC(N)=[NH2+])NC(=O)CNC(=O)[C@@H](NC(=O)[C@@H](NC(=O)[C@@H]1CCCN1C(=O)[C@H](CC(C)C)NC(=O)[C@@H](N)Cc1ccccc1)[C@@H](C)CC)C(C)C)[C@@H](C)CC)C(=O)N[C@@H](CC(C)C)C(N)=O,0,-4.491143,2
CC[C@H](C)[C@H](NC(=O)[C@H](CC(C)C)NC(=O)[C@H](CC(N)=O)NC(=O)[C@@H](NC(=O)[C@H](CC(C)C)NC(=O)[C@@H](NC(=O)[C@@H]1CCCN1C(=O)[C@H](CC(C)C)NC(=O)[C@@H](N)Cc1ccccc1)[C@@H](C)CC)[C@@H](C)CC)C(=O)NC(CC1CNCN1)C(O)N[C@@H](CCCC[NH3+])C(=O)NCC(=O)N[C@@H](CC(C)C)C(=O)N[C@@H](CC(C)C)C(N)=O,0,-4.637454,2
CC[C@H](C)[C@@H]1NC(=O)[C@H](Cc2c[nH]c[nH+]2)NC(=O)[C@H](CCC(N)=O)NC(=O)[C@H](CC(N)=O)NC(=O)[C@H](CC(N)=O)NC(=O)CNC(=O)[C@H](C)NC(=O)[C@@H]2CSSC[C@H](NC(=O)C[NH3+])C(=O)N[C@@H](CSSC[C@@H](C(N)=O)NC1=O)C(=O)N[C@@H](CO)C(=O)N[C@@H](Cc1c[nH]c[nH+]1)C(=O)N1CCC[C@H]1C(=O)N[C@@H](C)C(=O)N2,0,-5.8040223,2
CC[C@H](C)[C@H](NC(=O)CN)C(=O)NCC(=O)N[C@@H](CCCC[NH3+])C(=O)N[C@@H](Cc1ccccc1)C(=O)N[C@@H](CC(C)C)C(=O)NC(CC1CNCN1)C(O)N[C@@H](CO)C(=O)N[C@H](C)C(=O)N[C@@H](CCCC[NH3+])C(=O)N[C@@H](CCCC[NH3+])C(=O)N[C@@H](Cc1ccccc1)C(=O)N[C@H](C)C(=O)N[C@@H](CCCC[NH3+])C(=O)N[C@@H](C)C(=O)N[C@@H](Cc1ccccc1)C(=O)N[C@H](C(=O)N[C@H](C)C(=O)N[C@@H](CCC(=O)O)C(=O)N[C@H](C(=O)N[C@@H](CCSC)C(=O)N[C@@H](CC(N)=O)C(=O)N[C@@H](CO)C(N)=O)[C@@H](C)CC)C(C)C,0,-5.073246,2
CC(C)C[C@@H]1NC(=O)[C@H](CC(=O)O)NC(=O)[C@@H]2CCCN2C(=O)[C@H](Cc2c[nH]c[nH+]2)NC(=O)[C@H](CCCC[NH3+])NC(=O)[C@H](CC(N)=O)NC(=O)[C@H](CCCNC(N)=[NH2+])NC(=O)[C@@H]2CSSC[C@H](NC(=O)C[NH3+])C(=O)N[C@@H](CSSC[C@@H](C(N)=O)NC1=O)C(=O)N[C@@H](CO)C(=O)N[C@@H](CC(=O)O)C(=O)N1CCC[C@H]1C(=O)N1CCC[C@H]1C(=O)N2,0,-3.2506068,2
CC[C@H](C)[C@H](NC(=O)CN)C(=O)NCC(=O)NCC(=O)N[C@@H](C)C(=O)N[C@@H](CC(C)C)C(=O)N[C@@H](CC(C)C)C(=O)N[C@@H](CO)C(=O)N[C@@H](C)C(=O)NCC(=O)N[C@@H](CCCC[NH3+])C(=O)N[C@@H](C)C(=O)N[C@@H](C)C(=O)N[C@@H](CC(C)C)C(=O)N[C@@H](CCCC[NH3+])C(=O)NCC(=O)N[C@@H](CC(C)C)C(=O)N[C@@H](C)C(=O)N[C@@H](CCCC[NH3+])C(=O)N[C@H](C(=O)N[C@@H](CC(C)C)C(=O)N[C@H](C(N)=O)C(C)C)C(C)C,0,-3.2761889,2
CC(C)C[C@H](NC(=O)[C@@H](NC(=O)[C@H](C)NC(=O)[C@H](CS)NC(=O)[C@@H]1CCCN1C(=O)[C@@H]1CCCN1C(=O)[C@@H](NC(=O)[C@H](CO)NC(=O)[C@H](CS)NC(=O)[C@H](CS)NC(=O)CN)[C@@H](C)O)C(C)C)C(=O)N[C@@H](C)C(=O)N[C@@H](CS)C(N)=O,0,-7.279669,2
CC(=O)NCC(=O)N[C@@H](CCCC[NH3+])C(=O)N[C@@H](CCCC[NH3+])C(=O)N[C@@H](CC(C)C)C(=O)N[C@@H](CC(C)C)C(=O)N[C@@H](CCCC[NH3+])C(=O)N[C@@H](CCCC[NH3+])C(=O)N[C@@H](Cc1c[nH]c2ccccc12)C(=O)N[C@@H](CCCC[NH3+])C(=O)N[C@@H](CCCC[NH3+])C(=O)N[C@@H](CC(C)C)C(=O)N[C@@H](Cc1c[nH]c2ccccc12)C(=O)N[C@@H](CCCC[NH3+])C(=O)N[C@@H](CCCC[NH3+])C(=O)N[C@@H](Cc1c[nH]c2ccccc12)C(N)=O,0,-4.4074945,2
CC(C)C[C@H](NC(=O)[C@H](C)NC(=O)[C@H](CCCC[NH3+])NC(=O)[C@H](CCCC[NH3+])NC(=O)[C@H](CC(C)C)NC(=O)[C@H](C)NC(=O)[C@H](CCCC[NH3+])NC(=O)[C@H](CC(C)C)NC(=O)[C@H](C)NC(=O)[C@H](CC(C)C)NC(=O)[C@H](C)NC(=O)[C@@H](N)Cc1ccccc1)C(N)=O,0,-4.2176495,2
CSCC[C@@H]1NC(=O)[C@H](CCCNC(N)=[NH2+])NC(=O)[C@H](C)NC(=O)[C@H](C)NC(=O)[C@H](Cc2c[nH]c3ccccc23)NC(=O)[C@H](CCCNC(N)=[NH2+])NC(=O)[C@H](Cc2ccccc2)NC(=O)[C@H](C)NC(=O)[C@H](CCCC[NH3+])NC(=O)[C@H](CCCNC(N)=[NH2+])NC(=O)[C@H](Cc2c[nH]c3ccccc23)NC(=O)[C@H](C)NC(=O)[C@@H]2CCCN2C(=O)[C@H](C)NC(=O)[C@H](C)NC(=O)[C@H](CCCC[NH3+])NC(=O)[C@H](CCCC[NH3+])NC(=O)[C@H](CC(C)C)NC1=O,0,-3.5324545,2
CC[C@H](C)[C@H](NC(=O)[C@@H](NC(=O)CN)C(C)C)C(=O)N[C@@H](CC(=O)O)C(=O)N[C@@H](C)C(=O)N[C@@H](C)C(=O)N[C@@H](CCCC[NH3+])C(=O)N[C@@H](CCCC[NH3+])C(=O)N[C@H](C(=O)N[C@H](C(=O)N[C@@H](CC(N)=O)C(=O)N[C@H](C(=O)N[C@@H](CC(C)C)C(=O)N[C@@H](CCCC[NH3+])C(=O)N[C@@H](CC(N)=O)C(=O)N[C@@H](CC(C)C)C(=O)N1CCC[C@H]1C(N)=O)C(C)C)C(C)C)C(C)C,0,-4.8906665,2
CC[C@H](C)[C@H](NC(=O)[C@H](C)NC(=O)[C@H](C)NC(=O)[C@H](CCC(=O)O)NC(=O)[C@H](CCCC[NH3+])NC(=O)CNC(=O)[C@@H](NC(=O)[C@H](CC(N)=O)NC(=O)[C@H](CCCC[NH3+])NC(=O)[C@@H](NC(=O)[C@@H](NC(=O)[C@H](CO)NC(=O)[C@H](Cc1c[nH]c2ccccc12)NC(=O)[C@H](CC(C)C)NC(=O)CN)[C@@H](C)O)[C@@H](C)CC)C(C)C)C(=O)N[C@@H](C)C(=O)N[C@@H](C)C(=O)NCC(=O)N[C@@H](CCCC[NH3+])C(=O)N[C@@H](C)C(=O)N[C@H](C(=O)N[C@@H](CC(C)C)C(=O)NCC(=O)N[C@@H](CO)C(=O)N[C@@H](CC(C)C)C(N)=O)C(C)C,0,-4.909704,2
CC[C@H](C)[C@H](NC(=O)[C@H](CCCC[NH3+])NC(=O)[C@H](CCCC[NH3+])NC(=O)[C@H](CC(C)C)NC(=O)[C@H](CC(=O)O)NC(=O)[C@@H](NC(=O)[C@@H](N)Cc1ccccc1)C(C)C)C(=O)N[C@@H](C)C(=O)N[C@@H](CC(N)=O)C(=O)N[C@H](C(=O)N[C@H](C(=O)N[C@@H](CC(N)=O)C(=O)N[C@@H](CO)C(=O)N[C@H](C(=O)N[C@@H](Cc1ccccc1)C(=O)NCC(=O)N[C@@H](CCCC[NH3+])C(N)=O)[C@@H](C)CC)[C@@H](C)CC)[C@@H](C)CC,0,-5.4351044,2
CC[C@H](C)[C@H](N)C(=O)N[C@@H](CC(C)C)C(=O)N1CCC[C@H]1C(=O)N[C@@H](CC(C)C)C(=O)N[C@@H](CCCC[NH3+])C(=O)N[C@@H](Cc1c[nH]c2ccccc12)C(=O)N1CCC[C@H]1C(=O)N[C@@H](Cc1c[nH]c2ccccc12)C(=O)N[C@@H](Cc1c[nH]c2ccccc12)C(=O)N1CCC[C@H]1C(=O)N[C@@H](Cc1c[nH]c2ccccc12)C(=O)N[C@@H](CCCNC(N)=[NH2+])C(=O)N[C@@H](CCCNC(N)=[NH2+])C(N)=O,0,-4.625064,2
CC[C@H](C)[C@H](NC(=O)[C@H](CO)NC(=O)[C@@H]1CCCN1C(=O)[C@H](CC(C)C)NC(=O)[C@@H](NC(=O)CNC(=O)[C@H](C)NC(=O)[C@H](CC(C)C)NC(=O)[C@@H](NC(=O)[C@H](CCCC[NH3+])NC(=O)[C@H](CC(C)C)NC(=O)[C@H](C)NC(=O)[C@H](CO)NC(=O)CNC(=O)[C@@H](NC(=O)[C@@H](N)Cc1ccccc1)[C@@H](C)CC)C(C)C)C(C)C)C(=O)N[C@H](C(=O)N[C@@H](CO)C(=O)N[C@@H](Cc1c[nH]c2ccccc12)C(=O)N[C@H](C(=O)N[C@@H](CCCC[NH3+])C(=O)N[C@@H](CCC(N)=O)C(N)=O)C(C)C)C(C)C,0,-5.866714,2
CC(C)C[C@H](NC(=O)[C@H](CCC(=O)O)NC(=O)[C@@H]1CCCN1C(=O)[C@H](C)NC(=O)[C@H](CC(N)=O)NC(=O)[C@@H](NC(=O)[C@H](CO)NC(=O)[C@H](CS)NC(=O)[C@H](C)NC(=O)[C@@H]1CCCN1C(O)C(CC1CNCN1)NC(=O)[C@H](CO)NC(=O)[C@H](CS)NC(=O)[C@H](CS)NC(=O)CN)C(C)C)C(=O)N[C@@H](CS)C(N)=O,0,-7.6744623,2
CC[C@H](C)[C@H](N)C(=O)N[C@@H](CC(C)C)C(=O)N1CCC[C@H]1C(=O)N[C@H](C(=O)N[C@@H](CC(C)C)C(=O)N[C@@H](C)C(=O)N1CCC[C@H]1C(=O)N[C@@H](CC(C)C)C(=O)N[C@H](C(=O)NCC(=O)NCC(=O)N[C@@H](CC(C)C)C(=O)N[C@@H](CC(C)C)C(N)=O)[C@@H](C)CC)[C@@H](C)CC,0,-4.2883615,2
CC[C@H](C)[C@H](NC(=O)[C@H](C)NC(=O)[C@H](CCCC[NH3+])NC(=O)[C@H](CC(C)C)NC(=O)[C@H](CC(C)C)NC(=O)CNC(O)C(CC1CNCN1)NC(=O)[C@H](CC(C)C)NC(=O)[C@@H](NC(=O)[C@@H](NC(=O)[C@H](CCCC[NH3+])NC(=O)[C@H](CCCC[NH3+])NC(=O)[C@H](C)NC(=O)[C@H](CO)NC(=O)[C@H](CCCC[NH3+])NC(=O)[C@H](Cc1ccccc1)NC(=O)[C@@H](NC(=O)[C@H](CCCC[NH3+])NC(=O)[C@H](CC(C)C)NC(=O)[C@H](Cc1ccccc1)NC(=O)[C@H](CO)NC(=O)[C@H](CCCC[NH3+])NC(=O)[C@H](Cc1c[nH]c2ccccc12)NC(=O)[C@H](CCCC[NH3+])NC(C)=O)[C@@H](C)O)[C@@H](C)O)C(C)C)C(=O)N[C@@H](CO)C(=O)N[C@@H](CO)C(N)=O,0,-5.254689,2
CC[C@H](C)[C@H](NC(=O)[C@H](CCCC[NH3+])NC(=O)CNC(=O)[C@H](CC(C)C)NC(=O)[C@H](Cc1ccccc1)NC(=O)[C@H](CCCC[NH3+])NC(=O)[C@H](CO)NC(=O)[C@H](Cc1ccccc1)NC(=O)[C@H](Cc1c[nH]c2ccccc12)NC(=O)[C@H](CCC(N)=O)NC(=O)[C@@H](NC(=O)[C@@H](N)Cc1ccccc1)C(C)C)C(=O)N[C@@H](CC(C)C)C(N)=O,0,-5.443056,2
CSCC[C@H](NC(=O)CNC(=O)[C@H](CCCNC(N)=[NH2+])NC(=O)[C@H](CO)NC(=O)[C@H](CS)NC(O)C1CC(O)CN1C(=O)[C@@H](NC(=O)CNC(O)C1CC(O)CN1C(=O)[C@H](CO)NC(=O)[C@H](CCCC[NH3+])NC(=O)[C@@H](N)CS)[C@@H](C)O)C(=O)N[C@@H](CCCNC(N)=[NH2+])C(=O)N[C@@H](CC(=O)O)C(=O)N[C@@H](CS)C(=O)N[C@@H](CS)C(=O)N[C@H](C(=O)N[C@@H](CO)C(=O)N[C@@H](CS)C(=O)N[C@@H](CC(C)C)C(=O)N[C@@H](CC(C)C)C(=O)N[C@@H](Cc1ccc(O)cc1)C(=O)N[C@@H](CO)C(=O)N[C@@H](CC(N)=O)C(=O)N[C@@H](CCCC[NH3+])C(=O)N[C@@H](CS)C(=O)N[C@@H](CCCNC(N)=[NH2+])C(=O)N[C@@H](CCCNC(N)=[NH2+])C(=O)N[C@H](C=O)Cc1ccc(O)cc1)[C@@H](C)O,0,0.06325826,2
CC(C)C[C@@H]1NC(=O)[C@H](CC(C)C)NC(=O)[C@H](CCC(N)=O)NC(=O)[C@H](CCCNC(=N)N)NC(=O)[C@H](Cc2c[nH]cn2)NC(=O)[C@@H]2CSSC[C@@H](C(=O)N[C@@H](CC(C)C)C(=O)N[C@@H](CCCNC(=N)N)C(=O)N[C@@H](Cc3ccccc3)C(=O)N[C@H](C(N)=O)C(C)C)NC(=O)[C@H](CSSC[C@H](NC(=O)[C@@H](N)CCC(=O)O)C(=O)N2)NC1=O,0,-5.0940356,2
CC(=O)N[C@@H](CCCNC(N)=[NH2+])C(=O)N[C@@H](Cc1c[nH]c2ccccc12)C(=O)N[C@@H](Cc1ccc(O)cc1)C(=O)N[C@@H](CS)C(=O)NCC(N)=O,0,-5.6605206,2
CC(=O)N[C@@H](CC(C)C)C(=O)N[C@@H](CC(C)C)C(=O)N[C@@H](CCCNC(N)=[NH2+])C(=O)N[C@H](C(=O)N[C@@H](CCCC[NH3+])C(=O)N[C@@H](CCCNC(N)=[NH2+])C(N)=O)C(C)C,0,-4.3842955,2
CC(C)[C@H](NC(=O)[C@@H](NC(=O)[C@H](CS)NC(=O)CNC(=O)[C@H](CS)NC(O)C1CC(O)CN1C(O)C(CC1CNCN1)NC(=O)[C@H](CS)NC(=O)[C@H](C)NC(=O)[C@H](C)NC(=O)[C@H](CC(N)=O)NC(O)C1CC(O)CN1C(=O)[C@H](Cc1ccc(O)cc1)NC(=O)[C@H](CCCC[NH3+])NC(=O)CNC(=O)[C@H](CS)NC(=O)[C@H](CS)NC(=O)CN)[C@@H](C)O)C(=O)NCC(=O)N[C@@H](CCCNC(N)=[NH2+])C(=O)N1CC(O)CC1C(O)N1CC(O)CC1C(O)N[C@@H](Cc1ccc(O)cc1)C(=O)N[C@@H](CS)C(=O)N[C@@H](CC(=O)O)C(=O)N[C@@H](CCCNC(N)=[NH2+])C(=O)N1CC(O)CC1C(O)N[C@@H](CO)C(=O)NCC(=O)NCC=O,0,-3.167276,2
CC[C@H](C)[C@H](NC(=O)[C@@H](N)CCC(N)=O)C(=O)N1CCC[C@H]1C(=O)N[C@@H](Cc1c[nH]c2ccccc12)C(=O)N[C@@H](Cc1ccccc1)C(=O)NC(CC1CNCN1)C(O)N[C@@H](CCCNC(N)=[NH2+])C(N)=O,0,-5.134162,2
CC(C)C[C@H](NC(=O)[C@H](CC(C)C)NC(=O)[C@@H](CCCC[NH3+])NC(=O)[C@H](CC(C)C)NC(=O)[C@H](CC(C)C)NC(=O)[C@H](CCCC[NH3+])NC(=O)[C@@H](CCCC[NH3+])NC(=O)[C@@H](CC(C)C)NC(=O)[C@H](CC(C)C)NC(=O)[C@@H](CCCC[NH3+])NC(=O)[C@H](CCCC[NH3+])NC(=O)[C@H](CC(C)C)NC(=O)[C@@H](CC(C)C)NC(=O)[C@H](CCCC[NH3+])NC(=O)[C@@H](N)CC(C)C)C(N)=O,0,-3.687434,2
CC[C@H](C)[C@H](NC(=O)[C@H](CCCC[NH3+])NC(=O)[C@H](CCCC[NH3+])NC(=O)[C@H](Cc1ccccc1)NC(=O)[C@H](CC(C)C)NC(=O)[C@H](CCCC[NH3+])NC(=O)[C@@H](N)CC(C)C)C(=O)N[C@@H](CC(C)C)C(=O)N[C@@H](CCCC[NH3+])C(=O)N[C@@H](Cc1ccc(O)cc1)C(=O)N[C@@H](CC(C)C)C(N)=O,0,-4.008789,2
CC[C@H](C)[C@H](N)C(=O)N[C@@H](CC(N)=O)C(=O)N[C@@H](Cc1c[nH]c2ccccc12)C(=O)N[C@@H](CC(C)C)C(=O)N[C@@H](CCCC[NH3+])C(=O)N[C@@H](CC(C)C)C(=O)NCC(=O)N[C@@H](CCCC[NH3+])C(=O)N[C@@H](CCCC[NH3+])C(=O)N[C@H](C(=O)N[C@@H](CC(C)C)C(=O)NCC(=O)N[C@@H](C)C(=O)N[C@H](C(N)=O)[C@@H](C)CC)[C@@H](C)CC,0,-3.4970663,2
C[C@H](NC(=O)[C@H](C)NC(=O)[C@H](Cc1ccccc1)NC(=O)[C@H](C)NC(=O)[C@H](C)NC(=O)[C@H](CCCNC(N)=[NH2+])NC(=O)[C@H](CCCNC(N)=[NH2+])NC(=O)[C@@H](N)CCCNC(N)=[NH2+])C(=O)N[C@@H](Cc1c[nH]c2ccccc12)C(=O)N[C@@H](C)C(=O)N[C@@H](C)C(=O)N[C@@H](Cc1ccccc1)C(=O)N[C@@H](C)C(=O)N[C@@H](C)C(=O)N[C@@H](CCCNC(N)=[NH2+])C(=O)N[C@@H](CCCNC(N)=[NH2+])C(=O)N[C@@H](CCCNC(N)=[NH2+])C(N)=O,0,1.5543041,2
CC(C)C[C@H](NC(=O)[C@H](CC(N)=O)NC(=O)[C@H](CO)NC(O)C(CC1CNCN1)NC(=O)[C@H](CCC(=O)O)NC(=O)[C@H](C)NC(O)C(CC1CNCN1)NC(=O)[C@H](CS)NC(=O)[C@@H](NC(=O)[C@@H]1CCCN1C(=O)[C@H](CC(N)=O)NC(=O)[C@H](CO)NC(=O)[C@H](CS)NC(=O)[C@H](CS)NC(=O)CN)C(C)C)C(=O)N[C@@H](CS)C(N)=O,0,-8.291633,2
CC[C@H](C)[C@H](NC(=O)[C@@H](N)CCCNC(N)=[NH2+])C(=O)N[C@@H](CC(C)C)C(=O)N[C@@H](CCCNC(N)=[NH2+])C(=O)NCC(N)=O,0,0.45954683,2
CC[C@H](C)[C@H](NC(=O)CN)C(=O)NCC(=O)NCC(=O)N[C@@H](CCCC[NH3+])C(=O)N[C@H](C(=O)N[C@@H](CC(C)C)C(=O)NCC(=O)NCC(=O)N[C@@H](CC(C)C)C(=O)N[C@@H](CCCC[NH3+])C(=O)N[C@H](C(=O)N[C@@H](C)C(=O)N[C@@H](CC(C)C)C(=O)N[C@@H](CCCC[NH3+])C(=O)NCC(=O)N[C@@H](C)C(=O)N[C@@H](C)C(=O)N[C@@H](CCCC[NH3+])C(=O)N[C@@H](CCC(=O)O)C(=O)N[C@@H](CC(C)C)C(=O)N[C@@H](C)C(=O)N[C@@H](CO)C(=O)N[C@H](C(=O)N[C@@H](Cc1ccc(O)cc1)C(=O)N[C@@H](CC(C)C)C(=O)NC(CC1CNCN1)C(N)O)[C@@H](C)O)[C@@H](C)O)[C@@H](C)CC,0,-2.4583557,2
CC[C@H](C)[C@H](NC(=O)[C@H](CCC(N)=O)NC(=O)[C@@H]1CCCN1C(=O)[C@H](CC(N)=O)NC(O)C(CC1CNCN1)NC(=O)[C@@H](NC(=O)[C@@H](NC(=O)[C@H](CS)NC(=O)[C@@H](NC(=O)[C@@H]1CCCN1C(=O)[C@H](CC(N)=O)NC(=O)[C@H](CO)NC(=O)[C@H](CS)NC(=O)[C@H](CS)NC(=O)[C@@H]1CCCN1C(=O)[C@H](CC(=O)O)NC(O)C(N)CCCNC(N)N(C)C)C(C)C)[C@@H](C)O)C(C)C)C(=O)N[C@@H](CS)C(N)=O,0,-6.0889416,2
CC[C@H](C)[C@H](NC(=O)CN)C(=O)NCC(=O)N[C@@H](CCCC[NH3+])C(=O)N[C@@H](Cc1ccccc1)C(=O)N[C@@H](CC(C)C)C(=O)NC(CC1CNCN1)C(O)N[C@@H](CCCC[NH3+])C(=O)N[C@H](C(=O)NCC(=O)N[C@@H](CO)C(=O)N[C@@H](Cc1ccccc1)C(=O)N[C@H](C(=O)N[C@@H](CCCC[NH3+])C(=O)N[C@@H](CO)C(=O)N[C@@H](Cc1c[nH]c2ccccc12)C(=O)N[C@@H](CCCC[NH3+])C(=O)NCC(=O)N[C@@H](CCC(=O)O)C(=O)N[C@H](C(=O)N[C@@H](CCSC)C(=O)N[C@@H](CC(N)=O)C(=O)N[C@@H](CO)C(N)=O)[C@@H](C)CC)[C@@H](C)CC)C(C)C,0,-5.913436,2
CCCCC(NC(=O)[C@@H](NC(=O)[C@H](CCCC[NH3+])NC(=O)[C@@H]1CCCN1C(=O)[C@H](CC(C)C)NC(=O)[C@H](CO)NC(=O)[C@H](CCCC[NH3+])NC(=O)[C@H](CCCC[NH3+])NC(=O)[C@H](CC(C)C)NC(=O)[C@H](CO)NC(=O)[C@H](CO)NC(=O)[C@H](CC(C)C)NC(=O)[C@H](Cc1ccccc1)NC(=O)CN)C(C)C)C(O)N[C@@H](C)C(=O)NC(CC1CNCN1)C(O)NC(CCCC)C(O)N[C@@H](CCCC[NH3+])C(N)=O,0,-5.54949,2
CC(C)C[C@@H]1NC(=O)[C@H](CCCC[NH3+])NC(=O)[C@H](C(C)C)NC(=O)[C@@H]2CCCN2C(=O)[C@@H](Cc2ccc(O)cc2)NC(=O)[C@H](CC(C)C)NC(=O)[C@H](CCCC[NH3+])NC(=O)[C@H](C(C)C)NC(=O)[C@H](CCCC[NH3+])NC(=O)[C@H](CC(C)C)NC(=O)[C@H]2CCCN2C(=O)[C@@H](Cc2ccc(O)cc2)NC(=O)[C@H](C(C)C)NC(=O)[C@H](CCCC[NH3+])NC1=O,0,-4.619096,2
CC[C@H](C)[C@H](NC(=O)[C@H](CCCC[NH3+])NC(=O)[C@H](CCCC[NH3+])NC(=O)[C@H](CCC(N)=O)NC(=O)CN)C(=O)N[C@@H](CCCNC(N)=[NH2+])C(=O)N[C@H](C(=O)N[C@@H](CCCNC(N)=[NH2+])C(=O)N[C@@H](CC(C)C)C(=O)N[C@@H](CO)C(N)=O)C(C)C,0,-2.744851,2
CC[C@H](C)[C@H](NC(=O)[C@H](CCCC[NH3+])NC(=O)CNC(=O)[C@@H](NC(=O)[C@H](CC(C)C)NC(O)C(CC1CNCN1)NC(=O)[C@H](C)NC(=O)[C@H](CC(C)C)NC(=O)[C@H](CC(C)C)NC(=O)[C@H](CC(=O)O)NC(=O)[C@H](CCCC[NH3+])NC(=O)CNC(=O)[C@H](C)NC(=O)CNC(=O)[C@H](CCCC[NH3+])NC(=O)[C@H](CC(C)C)NC(=O)[C@@H](NC(=O)[C@H](CC(=O)O)NC(=O)[C@@H](NC(=O)[C@@H](NC(=O)CN)C(C)C)C(C)C)[C@@H](C)CC)C(C)C)C(=O)N[C@@H](CO)C(=O)N[C@@H](CCC(=O)O)C(=O)N[C@@H](CCCC[NH3+])C(=O)N[C@H](C(N)=O)C(C)C,0,-4.1610136,2
CC[C@H](C)[C@@H]1NC(=O)[C@H](CCCNC(=N)N)NC(=O)CNC(=O)[C@@H]2CSSC[C@@H](C(=O)N3CCC[C@H]3C(=O)N[C@@H](CCC(=O)O)C(=O)N[C@H](C(=O)N[C@H](C(=O)N[C@@H](CS)C(=O)N3CCC[C@H]3C(=O)N[C@@H](CCCCN)C(=O)N[C@@H](CC(N)=O)C(=O)O)C(C)C)C(C)C)NC(=O)[C@H]([C@@H](C)CC)NC(=O)[C@H](CS)NC(=O)[C@H](CCCNC(=N)N)NC(=O)[C@H](CO)NC(=O)[C@H](CSSC[C@H](NC(=O)[C@H](CCC(=O)O)NC(=O)[C@@H](NC(=O)[C@H](Cc3c[nH]c4ccccc34)NC(=O)[C@H](Cc3ccc(O)cc3)NC(=O)[C@H](CCC(N)=O)NC(=O)[C@@H]3CCCN3C(=O)[C@@H](NC(=O)[C@H](CC(C)C)NC(=O)[C@H](CC(=O)O)NC(=O)[C@H](CC(N)=O)NC(=O)[C@@H](N)CC(C)C)C(C)C)[C@@H](C)O)C(=O)N2)NC(=O)[C@H](Cc2c[nH]cn2)NC(=O)[C@@H]2CCCN2C(=O)CNC1=O,0,-6.163894,2
CC(C)C[C@H](NC(=O)[C@H](Cc1ccccc1)NC(=O)[C@H](C)NC(=O)CNC(=O)[C@H](Cc1c[nH]c2ccccc12)NC(=O)[C@H](CC(N)=O)NC(=O)[C@@H](N)CC(C)C)C(=O)N[C@@H](CCCC[NH3+])C(=O)NC(CC1CNCN1)C(O)N[C@@H](Cc1ccccc1)C(=O)N[C@@H](Cc1ccccc1)C(=O)N[C@@H](CCCC[NH3+])C(N)=O,0,-6.1323767,2
CC[C@H](C)[C@H](N)C(=O)N[C@@H](CC(N)=O)C(=O)N[C@@H](Cc1c[nH]c2ccccc12)C(=O)N[C@@H](CCCC[NH3+])C(=O)N[C@@H](CCCC[NH3+])C(=O)N[C@H](C(=O)N[C@@H](C)C(=O)N[C@@H](CO)C(=O)N[C@H](C(=O)NCC(=O)N[C@@H](CCCC[NH3+])C(=O)N[C@@H](CCC(=O)O)C(=O)N[C@H](C(=O)N[C@@H](CC(C)C)C(=O)N[C@@H](CCCC[NH3+])C(=O)N[C@@H](C)C(=O)N[C@@H](CC(C)C)C(N)=O)C(C)C)[C@@H](C)CC)[C@@H](C)CC,0,-5.27866,2
CC[C@H](C)[C@H](NC(=O)[C@H](CCC(=O)O)NC(=O)[C@@H]1CCCN1C(O)C(CC1CNCN1)NC(=O)[C@H](CC(=O)O)NC(=O)[C@H](Cc1ccc(O)cc1)NC(=O)[C@H](CC(N)=O)NC(=O)[C@H](CS)NC(=O)[C@H](CCCNC(N)=[NH2+])NC(=O)[C@@H]1CCCN1C(=O)[C@H](CC(=O)O)NC(=O)[C@H](CO)NC(=O)[C@H](CS)NC(=O)[C@H](CS)NC(=O)[C@H](C)N)C(=O)N[C@@H](CS)C(N)=O,0,-6.023466,2
CC[C@H](C)[C@H](NC(=O)[C@H](CCC(=O)O)NC(=O)[C@@H]1CCCN1C(O)C(CC1CNCN1)NC(=O)[C@H](CC(=O)O)NC(=O)[C@H](Cc1ccc(O)cc1)NC(=O)[C@H](C)NC(=O)[C@H](CS)NC(=O)[C@H](CCCNC(N)=[NH2+])NC(=O)[C@@H]1CCCN1C(=O)[C@H](CC(=O)O)NC(=O)[C@H](CO)NC(=O)[C@H](CS)NC(=O)[C@H](CS)NC(=O)CN)C(=O)N[C@@H](CS)C(N)=O,0,-6.6421857,2
CC[C@H](C)[C@H](NC(=O)[C@@H](NC(=O)[C@@H]1CCCN1C(=O)[C@@H](NC(=O)[C@@H](NC(=O)[C@H](CCCNC(N)=[NH2+])NC(=O)[C@@H]1CCCN1C(=O)[C@@H](NC(=O)[C@@H](NC(O)C(CC1CNCN1)NC(=O)[C@H](CCCC[NH3+])NC(=O)[C@H](C)NC(=O)[C@@H](NC(=O)[C@H](CO)NC(=O)CNC(=O)[C@H](CC(C)C)NC(=O)[C@@H](NC(=O)[C@H](CO)NC(=O)[C@H](Cc1ccccc1)NC(=O)[C@H](CC(C)C)NC(=O)CN)C(C)C)C(C)C)C(C)C)C(C)C)C(C)C)C(C)C)C(C)C)C(=O)N[C@@H](C)C(=O)N[C@@H](CCC(=O)O)C(=O)NC(CC1CNCN1)C(O)N[C@@H](CC(C)C)C(N)=O,0,-4.7663894,2
CC(C)[C@H](NC(=O)[C@H](CCCC[NH3+])NC(=O)[C@@H](NC(=O)[C@H](CCCC[NH3+])NC(=O)[C@@H](NC(=O)[C@H](CCCC[NH3+])NC(=O)[C@@H](NC(=O)[C@@H]1CCCN1C(=O)[C@H]1CCCN1C(=O)[C@@H](NC(=O)[C@H](CCCC[NH3+])NC(=O)[C@@H](NC(=O)[C@H](CCCC[NH3+])NC(=O)[C@@H](NC(=O)[C@H](CCCC[NH3+])NC(=O)[C@@H](NC(=O)[C@@H](N)CCCC[NH3+])C(C)C)C(C)C)C(C)C)C(C)C)[C@@H](C)O)C(C)C)C(C)C)C(=O)N[C@@H](CCCC[NH3+])C(N)=O,0,-4.118704,2
CC(C)C[C@H](NC(=O)[C@H](CC(C)C)NC(=O)[C@H](CCCC[NH3+])NC(=O)CNC(=O)[C@H](CC(C)C)NC(=O)[C@H](CC(C)C)NC(=O)[C@H](CO)NC(=O)[C@H](C)NC(=O)[C@H](Cc1ccccc1)NC(=O)[C@H](Cc1ccccc1)NC(=O)[C@@H]1CCCN1C(=O)[C@H](CC(C)C)NC(=O)[C@@H](N)Cc1ccccc1)C(N)=O,0,-5.3214626,2
C[C@H](NC(=O)[C@H](Cc1ccc(O)cc1)NC(=O)[C@H](CC(N)=O)NC(=O)[C@H](CCCC[NH3+])NC(=O)CNC(=O)[C@H](CS)NC(=O)[C@H](C)NC(=O)[C@@H]1CCCN1C(O)C(CC1CNCN1)NC(=O)[C@H](CS)NC(=O)[C@H](CS)NC(=O)[C@H](CCCNC(N)=[NH2+])NC(=O)CN)C(=O)N[C@@H](CS)C(N)=O,0,-6.6182637,2
CC(C)C[C@H]1NC(=O)[C@@H](C(C)C)NC(=O)[C@@H]2CCCN2C(=O)[C@@H](CC(=O)O)NC(=O)[C@@H](Cc2c[nH]c3ccccc23)NC1=O,0,-5.8669825,2
CC[C@H](C)[C@@H]1NC(=O)CNC(=O)[C@H](CCCNC(N)=[NH2+])NC(=O)[C@H](Cc2ccc(O)cc2)NC(=O)[C@@H]2CSSC[C@H](NC1=O)C(=O)N[C@@H](Cc1ccc(O)cc1)C(=O)N[C@@H](CCCNC(N)=[NH2+])C(=O)N[C@@H](CCCNC(N)=[NH2+])C(=O)N[C@H](C(=O)N[C@@H](CCCNC(N)=[NH2+])C(=O)O)CSSC[C@H](NC(=O)[C@H](Cc1c[nH]c3ccccc13)NC(=O)[C@@H]([NH3+])CCCC[NH3+])C(=O)N[C@@H](Cc1ccccc1)C(=O)N[C@@H](CCCNC(N)=[NH2+])C(=O)N[C@@H](C(C)C)C(=O)N2,0,-3.016285,2
CC[C@H](C)[C@H](NC(=O)[C@H](CO)NC(=O)[C@H](C)NC(=O)[C@@H]1CCCN1C(=O)[C@H](CC(C)C)NC(=O)CN)C(=O)N[C@@H](CO)C(=O)N[C@@H](Cc1c[nH]c2ccccc12)C(=O)N[C@H](C(=O)N[C@@H](CCCC[NH3+])C(=O)N[C@@H](CCCNC(N)=[NH2+])C(=O)N[C@@H](CCCC[NH3+])C(=O)N[C@@H](CCCNC(N)=[NH2+])C(=O)N[C@@H](CCC(N)=O)C(=O)N[C@@H](CCC(N)=O)C(N)=O)[C@@H](C)CC,0,-4.2443023,2
CC[C@H](C)[C@H](NC(=O)[C@H](CC(C)C)NC(=O)[C@@H]1CCCN1C(=O)[C@H](CC(C)C)NC(=O)[C@@H](N)C(C)C)C(=O)N[C@@H](CO)C(=O)N[C@@H](CCSC)C(=O)N[C@@H](C)C(=O)N[C@@H](CC(C)C)C(=O)NCC(=O)N[C@@H](CCCC[NH3+])C(=O)N[C@@H](CC(C)C)C(=O)N[C@@H](CC(C)C)C(N)=O,0,-3.821402,2
C[C@H](NC(=O)CNC(=O)[C@H](CS)NC(=O)[C@H](C)NC(=O)[C@@H]1CCCN1C(=O)[C@H](CC(N)=O)NC(=O)[C@H](CS)NC(=O)[C@H](CS)NC(=O)[C@@H](N)CCC(=O)O)C(=O)NC(CC1CNCN1)C(O)N[C@@H](Cc1ccc(O)cc1)C(=O)N[C@@H](CO)C(=O)N[C@@H](CS)C(N)=O,0,-7.8493586,2
CC[C@H](C)[C@H](NC(=O)[C@H](Cc1c[nH]c2ccccc12)NC(=O)[C@H](CS)NC(=O)[C@H](CS)NC(=O)[C@@H](N)CC(C)C)C(=O)NC(CC1CNCN1)C(O)N[C@@H](Cc1c[nH]c2ccccc12)C(=O)N[C@@H](CS)C(=O)NC(CC1CNCN1)C(O)N[C@@H](C)C(=O)N[C@@H](CCCNC(N)=[NH2+])C(=O)N[C@@H](CS)C(=O)N[C@H](C(=O)N[C@@H](CS)C(=O)N[C@@H](CS)C(N)=O)[C@@H](C)O,0,-8.212636,2
CC(C)C[C@@H]1NC(O)C(CCC[NH3+])NC(=O)[C@H](C(C)C)NC(=O)[C@@H]2CCCN2C(O)C(CC2CCCC3CCCCC32)NC(=O)[C@H](CC(C)C)NC(O)C(CCC[NH3+])NC(=O)[C@H](C(C)C)NC(=O)[C@@H]2CCCN2C(O)C(CC2CCCC3CCCCC32)NC1=O,0,-4.0750856,2
NC(=O)[C@H](Cc1c[nH]c2ccccc12)NC(O)C(CC1CNCN1)NC(=O)[C@H](CS)NC(=O)[C@H](CS)NC(=O)[C@H](CCC(=O)O)NC(=O)[C@H](Cc1ccccc1)NC=O,0,-6.652209,2
CC(C)C[C@H](NC(=O)[C@H](C)NC(=O)[C@H](CCCC[NH3+])NC(=O)[C@H](CCCC[NH3+])NC(=O)[C@H](C)NC(=O)CNC(=O)[C@H](CCCC[NH3+])NC(=O)[C@H](CC(C)C)NC(=O)[C@H](CC(C)C)NC(=O)[C@H](CC(=O)O)NC(=O)[C@H](CCCC[NH3+])NC(=O)[C@H](Cc1ccccc1)NC(=O)CN)C(=O)N[C@H](C(=O)N[C@@H](CCCC[NH3+])C(=O)N[C@H](C(=O)N[C@H](C(=O)N[C@@H](CC(C)C)C(=O)N[C@@H](Cc1ccccc1)C(N)=O)C(C)C)[C@@H](C)O)C(C)C,0,-5.906,2
CC[C@H](C)[C@H](NC(=O)[C@H](CC(C)C)NC(O)C(CC1CNCN1)NC(=O)CNC(=O)[C@H](CC(C)C)NC(=O)[C@@H](NC(=O)[C@H](CCCC[NH3+])NC(=O)[C@H](CO)NC(=O)[C@H](Cc1c[nH]c2ccccc12)NC(=O)[C@H](CCSC)NC(=O)CN)[C@@H](C)CC)C(=O)N[C@@H](CCCC[NH3+])C(N)=O,0,-5.738708,2
CC[C@H](C)[C@H](NC(=O)[C@H](CCCNC(N)=[NH2+])NC(=O)[C@H](CS)NC(=O)[C@H](Cc1c[nH]c2ccccc12)NC(=O)[C@H](Cc1c[nH]c2ccccc12)NC(=O)[C@H](CCCNC(N)=[NH2+])NC(=O)[C@H](CCCNC(N)=[NH2+])NC(C)=O)C(N)=O,0,-4.810801,2
CSCC[C@@H]1NC(=O)[C@H](CCCNC(N)=[NH2+])NC(=O)[C@H](Cc2c[nH]c3ccccc23)NC(=O)[C@H](C)NC(=O)[C@H](C)NC(=O)[C@H](CCCNC(N)=[NH2+])NC(=O)[C@H](Cc2ccccc2)NC(=O)[C@H](C)NC(=O)[C@H](CCCC[NH3+])NC(=O)[C@H](CCCNC(N)=[NH2+])NC(=O)[C@H](Cc2c[nH]c3ccccc23)NC(=O)[C@H](C)NC(=O)[C@H]2CCCN2C(=O)[C@@H](C)NC(=O)[C@H](C)NC(=O)[C@H](CCCC[NH3+])NC(=O)[C@H](CCCC[NH3+])NC(=O)[C@H](CC(C)C)NC1=O,0,-3.4917264,2
CC[C@H](C)[C@H]([NH3+])C(=O)N[C@H](C(=O)NCC(=O)N1CCC[C@H]1C(=O)N[C@H](C(=O)N[C@@H](CC(C)C)C(=O)NCC(=O)N[C@@H](CC(C)C)C(=O)N[C@H](C(=O)NCC(=O)N[C@@H](CO)C(=O)N[C@@H](C)C(=O)N[C@@H](CC(C)C)C(=O)NCC(=O)NCC(=O)N[C@@H](CC(C)C)C(=O)N[C@@H](CC(C)C)C(=O)N[C@@H](CCCC[NH3+])C(=O)N[C@@H](CCCC[NH3+])C(=O)N[C@H](C(=O)O)[C@@H](C)CC)C(C)C)C(C)C)[C@@H](C)CC,0,-2.1192906,2
CC[C@H](C)[C@H](NC(=O)[C@H](CCCC[NH3+])NC(=O)[C@H](Cc1ccc(O)cc1)NC(=O)CNC(O)C(CC1CNCN1)NC(O)C(CC1CNCN1)NC(=O)[C@H](CCCNC(N)=[NH2+])NC(=O)[C@H](CCCC[NH3+])NC(=O)[C@H](C)NC(O)C(CC1CNCN1)NC(=O)[C@H](CO)NC(=O)[C@@H](N)CC(=O)O)C(=O)N[C@@H](CCCC[NH3+])C(=O)N[C@@H](Cc1ccccc1)C(=O)NC(CC1CNCN1)C(O)N[C@@H](CCC(=O)O)C(=O)N[C@@H](CC(N)=O)C(=O)NC(CC1CNCN1)C(O)NC(CC1CNCN1)C(O)N[C@@H](CO)C(=O)NC(CC1CNCN1)C(O)N[C@@H](CCCNC(N)=[NH2+])C(=O)NCC(=O)N[C@@H](Cc1ccc(O)cc1)C(N)=O,0,-4.865358,2
CC[C@@H](C)[C@H]1NC(=O)[C@H]2CCCN2C(=O)[C@H](Cc2c[nH]c3ccccc23)NC(=O)[C@H](CO)NC(=O)[C@@H](CS)NC(=O)[C@H]([C@@H](C)O)NC(=O)[C@@H](CS)NC(=O)CNC(=O)[C@H](CCC(N)=O)NC(=O)[C@H]([C@@H](C)O)NC(=O)[C@H](Cc2ccc(O)cc2)NC(=O)[C@H](CS)NC(=O)[C@H]([C@@H](C)O)NC(=O)CNC(=O)[C@H](CC(C)C)NC(=O)[C@H]([C@@H](C)O)NC(=O)[C@H](CS)NC(=O)[C@H]([C@@H](C)O)NC(=O)[C@H](CCC(=O)O)NC(=O)CNC(=O)[C@H](CS)NC(=O)[C@H](C(C)C)NC(=O)[C@@H]2CCCN2C(=O)[C@H](CC(C)C)NC(=O)CNC(=O)[C@H](CC(N)=O)NC(=O)[C@H](CCCNC(N)=[NH2+])NC(=O)[C@H](CCCC[NH3+])NC(=O)[C@H](CS)NC1=O,0,-7.450371,2
CC(C)C[C@H](NC(=O)[C@H](CCC(=O)O)NC(O)C1CC(O)CN1C(O)C(CC1CNCN1)NC(=O)[C@H](CC(N)=O)NC(=O)[C@@H](NC(=O)[C@H](CO)NC(=O)[C@H](CS)NC(=O)[C@H](C)NC(=O)[C@@H]1CCCN1C(O)C(CC1CNCN1)NC(=O)[C@H](CO)NC(=O)[C@H](CS)NC(=O)[C@H](CS)NC(=O)CN)C(C)C)C(=O)N[C@H](C=O)CS,0,-4.964979,2
CC(C)C[C@H](NC(=O)[C@H](CCCC[NH3+])NC(=O)[C@H](CCCNC(N)=[NH2+])NC(=O)[C@H](Cc1ccccc1)NC(=O)[C@H](Cc1ccccc1)NC(=O)[C@H](CCCC[NH3+])NC(=O)[C@H](CCCC[NH3+])NC(=O)[C@H](Cc1ccccc1)NC(=O)[C@H](CCCNC(N)=[NH2+])NC(=O)[C@H](CCCC[NH3+])NC(=O)[C@@H](N)C(C)C)C(=O)N[C@@H](CCCC[NH3+])C(=O)N[C@@H](CCCC[NH3+])C(=O)N[C@@H](CCCC[NH3+])C(=O)N[C@H](C(N)=O)C(C)C,1,-0.22870222,3
NC(=[NH2+])NCCC[C@H](NC(=O)[C@H](CCCNC(N)=[NH2+])NC(=O)[C@H](CCCNC(N)=[NH2+])NC(=O)[C@H](CCC(N)=O)NC(=O)[C@H](CCCNC(N)=[NH2+])NC(=O)[C@H](CCCNC(N)=[NH2+])NC(=O)[C@H](CCCC[NH3+])NC(=O)[C@H](CCCC[NH3+])NC(=O)[C@@H](N)CCCNC(N)=[NH2+])C(=O)NCC(=O)NCC(=O)NCC(N)=O,1,3.401645,3
CNCCC[C@H](NC(=O)[C@H](CCCNC)NC(=O)[C@H](CCCNC)NC(=O)[C@H](CCCNC)NC(=O)[C@H](CCCNC)NC(=O)[C@H](CCCNC)NC(=O)[C@H](CCCNC)NC(O)C(C)CN)C(N)=O,1,-2.4643555,3
CC(C)C[C@H](NC(=O)[C@H](CC(C)C)NC(=O)[C@H](C)NC(=O)[C@H](C)NC(=O)[C@H](C)NC(=O)[C@H](CC(C)C)NC(=O)[C@H](CCCC[NH3+])NC(=O)[C@H](CCCC[NH3+])NC(=O)[C@H](Cc1c[nH]c2ccccc12)NC(=O)[C@H](CCCC[NH3+])NC(=O)[C@H](CCCC[NH3+])NC(=O)[C@H](CC(C)C)NC(=O)[C@H](CC(C)C)NC(=O)[C@H](C)NC(=O)[C@H](C)NC(=O)[C@H](C)NC(=O)[C@H](CC(C)C)NC(=O)[C@@H](N)CCCC[NH3+])C(N)=O,1,0.43340847,3
CC[C@H](C)[C@H](NC(=O)[C@H](CC(C)C)NC(=O)[C@@H](NC(=O)[C@H](CCCNC(N)=[NH2+])NC(=O)[C@H](Cc1ccccc1)NC(=O)[C@@H](NC(=O)[C@@H](NC(=O)[C@@H](N)CC(C)C)[C@@H](C)CC)[C@@H](C)CC)[C@@H](C)CC)C(=O)N[C@@H](CO)C(=O)NC(CC1CNCN1)C(O)NC(CC1CNCN1)C(O)NC(CO)CC1CNCN1,1,1.1405717,3
CC[C@H](C)[C@H](NC(=O)[C@H](CCCNC(N)=[NH2+])NC(=O)[C@H](CCCNC(N)=[NH2+])NC(=O)[C@H](CCCNC(N)=[NH2+])NC(=O)[C@H](CC(C)C)NC(=O)[C@@H](NC(=O)[C@@H](NC(=O)[C@H](CC(C)C)NC(=O)[C@H](C)N)[C@@H](C)CC)[C@@H](C)CC)C(=O)N[C@@H](CCCNC(N)=[NH2+])C(=O)N[C@@H](CCCC[NH3+])C(=O)N[C@@H](CCC(N)=O)C(=O)N[C@@H](C)C(=O)NC(CC1CNCN1)C(O)N[C@@H](C)C(=O)NC(CC1CNCN1)C(O)N[C@@H](CO)C(=O)N[C@H](C=O)CCCC[NH3+],1,11.364943,3
CC[C@H](C)[C@H](NC(=O)[C@H](CCCC[NH3+])NC(=O)[C@H](CCCC[NH3+])NC(=O)[C@H](C)NC(=O)[C@H](CC(C)C)NC(=O)[C@H](C)NC(=O)[C@H](C)NC(=O)[C@H](CC(C)C)NC(=O)[C@H](C)NC(=O)[C@H](CCCC[NH3+])NC(=O)[C@H](CC(C)C)NC(=O)[C@H](CC(N)=O)NC(=O)[C@@H](NC(=O)[C@H](CCCC[NH3+])NC(=O)CNC(=O)[C@H](CC(C)C)NC(=O)[C@H](CC(C)C)NC(=O)[C@H](Cc1ccc(O)cc1)NC(=O)CNC(=O)[C@H](C)N)[C@@H](C)CC)C(=O)N[C@H](C=O)CC(C)C,1,9.488002,3
C[C@H](N)C(=O)N[C@@H](CS)C(=O)N[C@@H](CCCNC(N)=[NH2+])C(=O)NCC(=O)N[C@@H](CCCNC(N)=[NH2+])C(=O)NCC(=O)N[C@@H](CCCNC(N)=[NH2+])C(=O)NCC(=O)N[C@@H](CS)C(=O)NCC(=O)N[C@@H](CO)C(=O)NCC(=O)N[C@@H](CO)C(=O)N[C@@H](CCCNC(N)=[NH2+])C(=O)N[C@@H](CO)C(=O)N[C@@H](CS)C(=O)NCC=O,1,7.126246,3
CC[C@H](C)[C@H](NC(=O)[C@H](C)NC(=O)[C@@H](NC(=O)[C@H](CCC(N)=O)NC(=O)[C@@H](N)CCCNC(N)=[NH2+])[C@@H](C)CC)C(=O)N[C@@H](Cc1c[nH]c2ccccc12)C(=O)N[C@@H](Cc1ccccc1)C(=O)N[C@@H](CCC(N)=O)C(=O)N[C@@H](CC(N)=O)C(=O)N[C@@H](CCCNC(N)=[NH2+])C(=O)N[C@@H](CCCNC(N)=[NH2+])C(=O)N[C@@H](CCSC)C(=O)N[C@@H](CCCC[NH3+])C(=O)N[C@@H](Cc1c[nH]c2ccccc12)C(=O)N[C@@H](CCCC[NH3+])C(=O)N[C@H](C=O)CCCC[NH3+],1,10.745975,3
NCC(=O)N[C@@H](CCCNC(N)=[NH2+])C(=O)N[C@@H](CCCC[NH3+])C(=O)N[C@@H](CCCC[NH3+])C(=O)N[C@@H](CCCNC(N)=[NH2+])C(=O)N[C@@H](CCCNC(N)=[NH2+])C(=O)N[C@@H](CCC(N)=O)C(=O)N[C@@H](CCCNC(N)=[NH2+])C(=O)N[C@@H](CCCNC(N)=[NH2+])C(=O)N[C@@H](CCCNC(N)=[NH2+])C(=O)N1CCC[C@H]1C(=O)N1CCC[C@H]1C(=O)N[C@@H](CCC(N)=O)C(=O)N[C@H](C=O)Cc1ccc(O)cc1,1,9.923301,3
CC(=O)N[C@@H](CCCNC(N)=[NH2+])C(=O)N[C@@H](CCCNC(N)=[NH2+])C(=O)N[C@@H](CCCNC(N)=[NH2+])C(=O)N[C@@H](CCCNC(N)=[NH2+])C(=O)N[C@@H](CCCNC(N)=[NH2+])C(=O)N[C@@H](CCCNC(N)=[NH2+])C(=O)N[C@@H](CCCNC(N)=[NH2+])C(=O)N[C@@H](CCCNC(N)=[NH2+])C(N)=O,1,1.2327496,3
NC(=[NH2+])NCCC[C@@H](N)C(=O)N[C@H](CCCNC(N)=[NH2+])C(=O)N[C@H](CCCNC(N)=[NH2+])C(=O)N[C@H](CCCNC(N)=[NH2+])C(=O)N[C@H](CCCNC(N)=[NH2+])C(=O)N[C@@H](C=O)CCCNC(N)=[NH2+],1,11.461144,3
NC(=[NH2+])NCCC[C@@H](C=O)NC(=O)[C@H](CCCNC(N)=[NH2+])NC(=O)[C@H](CCCNC(N)=[NH2+])NC(=O)[C@H](CCCNC(N)=[NH2+])NC(=O)[C@H](CCCNC(N)=[NH2+])NC(=O)[C@@H](N)CCCNC(N)=[NH2+],1,10.680075,3
CC[C@H](C)[C@H](NC(=O)[C@@H](NC(=O)[C@@H](N)Cc1c[nH]c2ccccc12)[C@@H](C)CC)C(=O)N[C@@H](Cc1ccccc1)C(=O)N[C@@H](CCCNC(N)=[NH2+])C(=O)N[C@@H](C)C(=O)N[C@@H](C)C(=O)N[C@@H](C)C(=O)N[C@@H](CO)C(=O)NC(CC1CNCN1)C(O)N[C@@H](CCCC[NH3+])C(=O)N[C@H](C=O)CCCC[NH3+],1,9.486087,3
CC(C)C[C@H](NC(=O)[C@H](CCCNC(N)=[NH2+])NC(=O)[C@H](CCC(=O)O)NC(=O)[C@H](CC(=O)O)NC(=O)[C@H](C)NC(=O)[C@@H]1CCCN1C(=O)[C@H](CS)NC(=O)[C@H](CC(N)=O)NC(=O)[C@H](CCCNC(N)=[NH2+])NC(=O)[C@H](Cc1ccccc1)NC(=O)[C@H](CCCNC(N)=[NH2+])NC(=O)[C@H](CC(=O)O)NC(=O)[C@H](CCCNC(N)=[NH2+])NC(=O)[C@H](CS)NC(=O)[C@H](C)N)C(=O)N[C@@H](CS)C(=O)NCC=O,1,4.422269,3
CC(C)C[C@H](NC(=O)[C@H](C)NC(=O)[C@H](CCCC[NH3+])NC(=O)[C@H](CC(C)C)NC(=O)[C@H](C)NC(=O)[C@H](CC(C)C)NC(=O)[C@H](CCCC[NH3+])NC(=O)[C@H](CC(C)C)NC(=O)[C@H](C)NC(=O)[C@H](CC(C)C)NC(=O)[C@@H](N)CCCC[NH3+])C(=O)N[C@@H](CCCC[NH3+])C(=O)N[C@@H](C)C(=O)N[C@@H](C)C(=O)N[C@@H](CC(C)C)C(=O)N[C@@H](CCCC[NH3+])C(=O)N[C@@H](CC(C)C)C(=O)N[C@@H](C)C(=O)NCC(=O)N[C@H](C=O)CS,1,10.128514,3
NC(=[NH2+])NCCC[C@H](NC(=O)[C@H](CCCNC(N)=[NH2+])NC(=O)[C@H](CCCNC(N)=[NH2+])NC(=O)[C@H](CCCNC(N)=[NH2+])NC(=O)[C@H](CCCNC(N)=[NH2+])NC(=O)[C@H](CCCNC(N)=[NH2+])NC(=O)[C@H](CCCNC(N)=[NH2+])NC(=O)[C@@H](N)CCCNC(N)=[NH2+])C(=O)NCC(=O)N[C@@H](CS)C(N)=O,1,4.1870975,3
CC[C@H](C)[C@H](NC(=O)[C@H](CCCC[NH3+])NC(=O)[C@H](CCCC[NH3+])NC(=O)[C@H](C)NC(=O)[C@H](CC(C)C)NC(=O)[C@H](C)NC(=O)[C@H](C)NC(=O)[C@H](CC(C)C)NC(=O)[C@H](C)NC(=O)[C@H](CCCC[NH3+])NC(=O)[C@H](CC(C)C)NC(=O)[C@H](CC(N)=O)NC(=O)[C@@H](NC(=O)[C@H](CCCC[NH3+])NC(=O)CNC(=O)[C@H](CC(C)C)NC(=O)[C@H](CC(C)C)NC(=O)[C@H](Cc1ccc(O)cc1)NC(=O)CNC(=O)[C@H](C)NC(=O)[C@H](CO)NC(=O)[C@H](CC(N)=O)NC(=O)[C@@H](N)CC(C)C)[C@@H](C)CC)C(=O)N[C@H](C=O)CC(C)C,1,8.057054,3
CC(=O)N[C@@H](CS)C(=O)N[C@@H](Cc1c[nH]c2ccccc12)C(=O)N[C@@H](CCCC[NH3+])C(=O)N[C@@H](CCCC[NH3+])C(=O)N[C@@H](CCCC[NH3+])C(=O)N[C@@H](CCCC[NH3+])C(=O)N[C@@H](CCCC[NH3+])C(=O)N[C@@H](CCCC[NH3+])C(=O)N[C@@H](CCCC[NH3+])C(=O)N[C@@H](CCCC[NH3+])C(=O)N[C@@H](CCCC[NH3+])C(=O)N[C@@H](CCCC[NH3+])C(=O)N[C@@H](CCCC[NH3+])C(=O)N[C@@H](CCCC[NH3+])C(=O)N[C@@H](CCCC[NH3+])C(=O)N[C@@H](CCCC[NH3+])C(=O)N[C@@H](CCCC[NH3+])C(=O)N[C@@H](CCCC[NH3+])C(=O)N[C@@H](CCCC[NH3+])C(=O)N[C@H](C=O)CCCC[NH3+],1,10.800107,3
CC[C@H](C)[C@H](NC(=O)[C@H](CCCC[NH3+])NC(=O)[C@@H](NC(=O)[C@H](CCC(N)=O)NC(=O)[C@@H]([NH3+])CCCNC(N)=[NH2+])[C@@H](C)CC)C(=O)N[C@@H](Cc1c[nH]c2ccccc12)C(=O)N[C@@H](Cc1ccccc1)C(=O)N[C@@H](CCC(N)=O)C(=O)N[C@@H](CC(N)=O)C(=O)N[C@@H](CCCNC(N)=[NH2+])C(=O)N[C@@H](CCCNC(N)=[NH2+])C(=O)N[C@@H](CCSC)C(=O)N[C@@H](CCCC[NH3+])C(=O)N[C@@H](Cc1c[nH]c2ccccc12)C(=O)N[C@@H](CCCC[NH3+])C(=O)N[C@@H](CCCC[NH3+])C(=O)O,1,6.4482503,3
C[C@H](N)C(=O)N[C@@H](CS)C(=O)N[C@@H](CCCNC(N)=[NH2+])C(=O)N[C@@H](CCCNC(N)=[NH2+])C(=O)N[C@@H](CO)C(=O)N[C@@H](CCCNC(N)=[NH2+])C(=O)N[C@@H](CCCNC(N)=[NH2+])C(=O)NCC(=O)N[C@@H](CS)C(=O)NCC(=O)N[C@@H](CCCNC(N)=[NH2+])C(=O)N[C@@H](CCCNC(N)=[NH2+])C(=O)N[C@@H](CO)C(=O)N[C@@H](CCCNC(N)=[NH2+])C(=O)N[C@@H](CCCNC(N)=[NH2+])C(=O)N[C@@H](CS)C(=O)NCC=O,1,9.246726,3
CC(=O)N[C@@H](CCCNC(N)=[NH2+])C(=O)N[C@@H](CC(C)C)C(=O)N[C@@H](CC(C)C)C(=O)N[C@@H](CCCNC(N)=[NH2+])C(=O)N[C@@H](CC(C)C)C(=O)N[C@@H](CC(C)C)C(=O)N[C@@H](CC(C)C)C(=O)N[C@@H](CCCNC(N)=[NH2+])C(=O)N[C@@H](CC(C)C)C(=O)N[C@@H](Cc1c[nH]c2ccccc12)C(=O)N[C@@H](CCCNC(N)=[NH2+])C(=O)N[C@@H](CCCNC(N)=[NH2+])C(=O)N[C@@H](CC(C)C)C(=O)N[C@@H](CC(C)C)C(=O)N[C@@H](CCCNC(N)=[NH2+])C(=O)N[C@@H](CC(C)C)C(=O)N[C@@H](CC(C)C)C(=O)N[C@@H](CCCNC(N)=[NH2+])C(N)=O,1,2.692898,3
C[C@H](NC(=O)[C@H](CCCC[NH3+])NC(=O)[C@H](CO)NC(=O)[C@H](CCCNC(N)=[NH2+])NC(=O)[C@H](C)NC(O)C(CC1CNCN1)NC(O)C(CC1CNCN1)NC(=O)[C@H](CCCNC(N)=[NH2+])NC(=O)[C@H](CCCNC(N)=[NH2+])NC(=O)[C@@H](N)CO)C(=O)N[C@@H](CCCC[NH3+])C(=O)N[C@@H](CCCNC(N)=[NH2+])C(=O)N[C@@H](CO)C(=O)N[C@@H](CCCNC(N)=[NH2+])C(=O)NC(CC1CNCN1)C(O)NC(CO)CC1CNCN1,1,4.301894,3
NC(=[NH2+])NCCC[C@@H](C=O)NC(=O)[C@H](CCCNC(N)=[NH2+])NC(=O)[C@H](CCCNC(N)=[NH2+])NC(=O)[C@H](CCCNC(N)=[NH2+])NC(=O)[C@H](CCCNC(N)=[NH2+])NC(=O)[C@H](CCCNC(N)=[NH2+])NC(=O)[C@H](CCCNC(N)=[NH2+])NC(=O)[C@H](CCCNC(N)=[NH2+])NC(=O)[C@H](CCCNC(N)=[NH2+])NC(=O)[C@H](CCCNC(N)=[NH2+])NC(=O)[C@@H](N)CCCNC(N)=[NH2+],1,12.652919,3
C[C@H](NC(=O)[C@H](CCC(N)=O)NC(=O)[C@@H](N)CCCNC(N)=[NH2+])C(=O)N[C@@H](CCCNC(N)=[NH2+])C(=O)N[C@@H](CCCNC(N)=[NH2+])C(=O)N[C@@H](CC(N)=O)C(=O)N[C@@H](CCCNC(N)=[NH2+])C(=O)N[C@@H](CCCNC(N)=[NH2+])C(=O)N[C@@H](CCCNC(N)=[NH2+])C(=O)N[C@H](C=O)CS,1,9.25569,3
CC[C@H](C)[C@H](NC(=O)[C@H](CCCC[NH3+])NC(=O)[C@@H](NC(=O)[C@H](CCC(N)=O)NC(=O)[C@@H]([NH3+])CCCNC(N)=[NH2+])[C@@H](C)CC)C(=O)N[C@@H](Cc1c[nH]c2ccccc12)C(=O)N[C@@H](Cc1ccccc1)C(=O)N[C@@H](CCC(N)=O)C(=O)N[C@@H](CC(N)=O)C(=O)N[C@@H](CCCNC(N)=[NH2+])C(=O)N[C@@H](CCCNC(N)=[NH2+])C(=O)N[C@@H](CCSC)C(=O)N[C@@H](CCCC[NH3+])C(=O)N[C@@H](Cc1c[nH]c2ccccc12)C(=O)N[C@@H](CCCC[NH3+])C(=O)N[C@@H](CCCC[NH3+])C(=O)O,1,6.4482503,3
NC(=[NH2+])NCCC[C@@H](NC(=O)[C@H](N)CS)C(=O)N[C@H](Cc1c[nH]c2ccccc12)C(=O)N[C@H](CCCNC(N)=[NH2+])C(=O)N[C@H](Cc1c[nH]c2ccccc12)C(=O)N[C@H](CCCC[NH3+])C(=O)N[C@H](CS)C(=O)N[C@H](CS)C(=O)N[C@H](CCCC[NH3+])C(=O)N[C@@H](C=O)CCCC[NH3+],1,6.2433133,3
NC(=[NH2+])NCCC[C@H](NC(=O)[C@H](Cc1c[nH]c2ccccc12)NC(=O)[C@@H](CCCNC(N)=[NH2+])NC(=O)[C@@H](N)CS)C(=O)N[C@@H](Cc1c[nH]c2ccccc12)C(=O)N[C@@H](CCCC[NH3+])C(=O)N[C@@H](CS)C(=O)N[C@@H](CS)C(=O)N[C@@H](CCCC[NH3+])C(=O)N[C@H](C=O)CCCC[NH3+],1,5.953723,3
CC[C@H](C)[C@H](NC(=O)[C@H](CC(C)C)NC(=O)[C@@H](N)CCCC[NH3+])C(=O)N[C@@H](CCCC[NH3+])C(=O)NCC(=O)N[C@@H](CCCNC(N)=[NH2+])C(=O)N[C@H](C(=O)N1CCC[C@H]1C(=O)N[C@H](C(=O)N[C@@H](CCCC[NH3+])C(=O)N[C@@H](Cc1ccccc1)C(=O)NCC(=O)N[C@@H](CCCC[NH3+])C(=O)N[C@@H](C)C(=O)N[C@@H](CC(=O)O)C(=O)N[C@@H](CS)C(=O)N[C@@H](CC(=O)O)C(=O)N[C@@H](CCCNC(N)=[NH2+])C(=O)N1CCC[C@H]1C(=O)N1CCC[C@H]1C(=O)N[C@@H](CCCC[NH3+])C(=O)NC(CC1CNCN1)C(O)N[C@@H](CO)C(=O)NCC(=O)N[C@H](C=O)CCCC[NH3+])[C@@H](C)CC)[C@@H](C)O,1,8.641596,3
CC[C@H](C)[C@H](NC(=O)[C@H](CCCC[NH3+])NC(=O)[C@@H](NC(=O)[C@H](CCC(N)=O)NC(=O)[C@@H]([NH3+])CCCNC(N)=[NH2+])[C@@H](C)CC)C(=O)N[C@@H](Cc1c[nH]c2ccccc12)C(=O)N[C@@H](Cc1ccccc1)C(=O)N[C@@H](CCC(N)=O)C(=O)N[C@@H](CC(N)=O)C(=O)N[C@@H](CCCNC(N)=[NH2+])C(=O)N[C@@H](CCCNC(N)=[NH2+])C(=O)N[C@@H](CCSC)C(=O)N[C@@H](CCCC[NH3+])C(=O)N[C@@H](Cc1c[nH]c2ccccc12)C(=O)N[C@@H](CCCC[NH3+])C(=O)N[C@@H](CCCC[NH3+])C(=O)O,1,6.4482503,3
C[C@H](NC(=O)[C@H](CCCNC(N)=[NH2+])NC(=O)[C@H](CCCNC(N)=[NH2+])NC(=O)[C@H](CCC(=O)O)NC(=O)[C@H](CCCNC(N)=[NH2+])NC(=O)[C@H](CCCNC(N)=[NH2+])NC(=O)[C@@H](N)CCCNC(N)=[NH2+])C(=O)N[C@@H](CCC(=O)O)C(=O)N[C@H](C=O)CCCC[NH3+],1,10.979875,3
NCC(=O)N[C@@H](CCCNC(N)=[NH2+])C(=O)N[C@@H](CCCC[NH3+])C(=O)N[C@@H](CCCC[NH3+])C(=O)N[C@@H](CCCNC(N)=[NH2+])C(=O)N[C@@H](CCCNC(N)=[NH2+])C(=O)N[C@@H](CCC(N)=O)C(=O)N[C@@H](CCCNC(N)=[NH2+])C(=O)N[C@@H](CCCNC(N)=[NH2+])C(=O)N[C@@H](CCCNC(N)=[NH2+])C(=O)N1CCC[C@H]1C(=O)N1CCC[C@H]1C(=O)N[C@H](C=O)CCC(N)=O,1,10.321258,3
NC(=[NH2+])NCCC[C@@H](C=O)NC(=O)[C@H](CCCNC(N)=[NH2+])NC(=O)[C@H](CCCNC(N)=[NH2+])NC(=O)[C@H](CCCNC(N)=[NH2+])NC(=O)[C@H](CCCNC(N)=[NH2+])NC(=O)[C@H](CCCNC(N)=[NH2+])NC(=O)[C@H](CCCNC(N)=[NH2+])NC(=O)[C@H](CCCNC(N)=[NH2+])NC(=O)[C@H](Cc1c[nH]c2ccccc12)NC(=O)[C@H](Cc1c[nH]c2ccccc12)NC(=O)[C@H](Cc1c[nH]c2ccccc12)NC(=O)[C@@H](N)Cc1c[nH]c2ccccc12,1,6.4331045,3
CC[C@H](C)[C@H](NC(=O)[C@H](CCCNC(N)=[NH2+])NC(=O)[C@@H](NC(=O)[C@H](CCC(N)=O)NC(=O)[C@@H](N)CCCNC(N)=[NH2+])[C@@H](C)CC)C(=O)N[C@@H](Cc1c[nH]c2ccccc12)C(=O)N[C@@H](Cc1ccccc1)C(=O)N[C@@H](CCC(N)=O)C(=O)N[C@@H](CC(N)=O)C(=O)N[C@@H](CCCNC(N)=[NH2+])C(=O)N[C@@H](CCCNC(N)=[NH2+])C(=O)N[C@@H](CCSC)C(=O)N[C@@H](CCCNC(N)=[NH2+])C(=O)N[C@@H](Cc1c[nH]c2ccccc12)C(=O)N[C@@H](CCCNC(N)=[NH2+])C(=O)N[C@H](C=O)CCCNC(N)=[NH2+],1,10.375562,3
CC(C)C[C@H](NC(=O)[C@H](CO)NC(=O)[C@H](CO)NC(=O)[C@H](Cc1c[nH]c2ccccc12)NC(=O)[C@H](CC(C)C)NC(=O)[C@H](CO)NC(=O)[C@@H]1CCCN1C(=O)[C@H](Cc1c[nH]c2ccccc12)NC(=O)[C@H](C)NC(=O)[C@H](CO)NC(=O)[C@H](Cc1c[nH]c2ccccc12)NC(=O)[C@H](CC(C)C)NC(=O)[C@@H](N)CCCC[NH3+])C(=O)N[C@@H](Cc1c[nH]c2ccccc12)C(=O)N[C@@H](CCCC[NH3+])C(=O)N1CCC[C@H]1C(N)=O,1,-4.787095,3
CC[C@H](C)[C@@H]1NC(=O)[C@@H]2CCCN2C(=O)[C@@H]2CCCN2C(=O)[C@H]([C@@H](C)CC)NC(=O)[C@H](CO)NC(=O)[C@H](CCCC[NH3+])NC(=O)[C@H]([C@@H](C)O)NC(=O)[C@@H]2CSSC[C@H](NC1=O)C(=O)N[C@@H](Cc1ccccc1)C(=O)N1CCC[C@H]1C(=O)N[C@@H](CC(=O)O)C(=O)NCC(=O)N[C@@H](CCCNC(N)=[NH2+])C(=O)N2,1,-2.8373816,3
CC(C)C[C@H](NC(=O)[C@@H](NC(=O)[C@H](CCCCN)NC(=O)[C@H](Cc1ccc(O)cc1)NC(=O)[C@@H](NC(=O)[C@H](Cc1ccc(O)cc1)NC(=O)[C@@H](NC(=O)[C@H](CO)NC(=O)[C@H](Cc1ccc(O)cc1)NC(=O)[C@H](CO)NC(=O)[C@H](CCC(=O)O)NC(=O)[C@H](CCCCN)NC(=O)[C@H](CCCNC(=N)N)NC(=O)[C@H](CO)NC(=O)[C@H](CCCNC(=N)N)NC1=[O+]C(CN)CC[C@@H]1NC(=O)[C@H](CCCNC(=N)N)NC(=O)[C@H](CCCCN)NC(=O)[C@H](CCCCN)NC(=O)CNC(=O)[C@H](CC(=O)O)NC(=O)[C@H](CCCCN)NC(=O)[C@H](CCCCN)NC(=O)[C@H](CCC(N)=O)NC(=O)[C@H](C)NC(=O)[C@H](CCCCN)NC(=O)[C@@H](NC(=O)[C@@H](NC(=O)[C@H](C)NC(=O)[C@H](CCCCN)NC(=O)[C@H](CCCCN)NC(=O)[C@H](CO)NC(=O)CNC(=O)[C@@H](N)CCCCN)C(C)C)[C@@H](C)O)C(C)C)C(C)C)C(C)C)C(=O)N[C@@H](CCCCN)C(=O)N[C@H](C=O)CCC(N)=O,1,6.641731,3
C[C@@H](O)[C@@H](C=O)NC(=O)[C@H](CCCNC(N)=[NH2+])NC(=O)[C@H](CCCC[NH3+])NC(=O)[C@H](CCCC[NH3+])NC(=O)[C@H](CCCNC(N)=[NH2+])NC(=O)[C@H](CCCC[NH3+])NC(=O)[C@H](CCCNC(N)=[NH2+])NC(=O)CN,1,7.1317415,3
C[C@H](NC(=O)[C@H](CCCNC(N)=[NH2+])NC(=O)[C@H](CCCNC(N)=[NH2+])NC(=O)[C@H](CCCNC(N)=[NH2+])NC(=O)[C@H](CCCNC(N)=[NH2+])NC(=O)CN)C(=O)N[C@H](C(=O)N[C@@H](C)C(=O)N[C@@H](CCCC[NH3+])C(=O)N[C@@H](Cc1ccc(O)cc1)C(=O)N[C@@H](CCCNC(N)=[NH2+])C(=O)N[C@H](C(=O)N[C@@H](C)C(=O)NC(CO)CC1CNCN1)[C@@H](C)O)[C@@H](C)O,1,3.0403924,3
CC[C@H](C)[C@H](NC(=O)[C@H](CCCC[NH3+])NC(=O)[C@H](C)NC(=O)[C@H](CCC(N)=O)NC(=O)[C@@H](N)CCCNC(N)=[NH2+])C(=O)N[C@@H](Cc1c[nH]c2ccccc12)C(=O)N[C@@H](Cc1ccccc1)C(=O)N[C@@H](CCC(N)=O)C(=O)N[C@@H](CC(N)=O)C(=O)N[C@@H](CCCNC(N)=[NH2+])C(=O)N[C@@H](CCCNC(N)=[NH2+])C(=O)N[C@@H](CCSC)C(=O)N[C@@H](CCCC[NH3+])C(=O)N[C@@H](Cc1c[nH]c2ccccc12)C(=O)N[C@@H](CCCC[NH3+])C(=O)N[C@H](C=O)CCCC[NH3+],1,10.76114,3
CC[C@H](C)[C@H](NC(=O)[C@H](CCCC[NH3+])NC(=O)[C@@H](NC(=O)[C@H](CCC(N)=O)NC(=O)[C@@H](N)CCCNC(N)=[NH2+])[C@@H](C)CC)C(=O)N[C@@H](Cc1c[nH]c2ccccc12)C(=O)N[C@@H](Cc1ccccc1)C(=O)N[C@@H](CCC(N)=O)C(=O)N[C@@H](CC(N)=O)C(=O)N[C@@H](CCCNC(N)=[NH2+])C(=O)N[C@@H](CCCNC(N)=[NH2+])C(=O)N[C@H](C=O)CCSC,1,8.813035,3
CC[C@H](C)[C@H](NC(=O)[C@@H](NC(=O)[C@@H]1CCCN1C(=O)[C@H](CCCC[NH3+])NC(=O)[C@H](CCCC[NH3+])NC(=O)[C@@H](NC(=O)[C@@H]1CCCN1C(=O)[C@H](CCCC[NH3+])NC(=O)[C@@H](NC(=O)[C@@H](NC(=O)[C@@H](NC(=O)[C@H](CCCC[NH3+])NC(=O)[C@H](CCCC[NH3+])NC(=O)CNC(=O)[C@@H]1CCCN1C(=O)[C@H](CCCC[NH3+])NC(=O)[C@H](CCCC[NH3+])NC(=O)[C@H](CC(N)=O)NC(=O)[C@@H]1CCCN1C(=O)[C@@H](NC(=O)[C@H](CCCNC(N)=[NH2+])NC(=O)[C@@H](N)CCCC[NH3+])[C@@H](C)CC)[C@@H](C)O)[C@@H](C)O)[C@@H](C)O)[C@@H](C)O)[C@@H](C)O)C(=O)N[C@@H](CCCC[NH3+])C(=O)N[C@H](C(=O)N[C@H](C(=O)N[C@@H](CCCC[NH3+])C(=O)N[C@H](C=O)CCCC[NH3+])[C@@H](C)O)[C@@H](C)O,1,6.9867873,3
NC(=[NH2+])NCCC[C@@H](N)C(=O)N[C@H](CCCNC(N)=[NH2+])C(=O)N[C@H](CCCNC(N)=[NH2+])C(=O)N[C@H](CCCNC(N)=[NH2+])C(=O)N[C@H](CCCNC(N)=[NH2+])C(=O)N[C@H](CCCNC(N)=[NH2+])C(=O)N[C@H](CCCNC(N)=[NH2+])C(=O)N[C@H](CCCNC(N)=[NH2+])C(=O)N[C@H](CCCNC(N)=[NH2+])C(=O)N[C@H](CCCNC(N)=[NH2+])C(=O)N[C@H](CCCNC(N)=[NH2+])C(=O)N[C@H](CCCNC(N)=[NH2+])C(N)=O,1,5.050268,3
C[C@@H](O)[C@H](NC(=O)[C@H](CCCNC(N)=[NH2+])NC(=O)[C@H](CCCC[NH3+])NC(=O)[C@H](CC(N)=O)NC(=O)CNC(=O)[C@@H](N)CS)C(=O)N[C@@H](CCCNC(N)=[NH2+])C(=O)NCC(=O)N[C@H](C=O)CS,1,1.7393932,3
CC(C)C[C@H](NC(=O)CN)C(=O)N[C@@H](CCCC[NH3+])C(=O)N[C@@H](CCCC[NH3+])C(=O)N[C@@H](CC(C)C)C(=O)N[C@@H](C)C(=O)N[C@@H](CCC(=O)O)C(=O)N[C@@H](CC(C)C)C(=O)N[C@@H](C)C(=O)NC(CC1CNCN1)C(O)N[C@@H](CCCC[NH3+])C(=O)N[C@@H](CC(C)C)C(=O)N[C@@H](CC(C)C)C(=O)N[C@@H](CCCC[NH3+])C(=O)N[C@@H](CC(C)C)C(=O)NCC(=O)N[C@@H](CS)C(N)=O,1,-1.3298186,3
CC[C@H](C)[C@H](NC(=O)[C@H](CCCNC(N)=[NH2+])NC(=O)[C@@H](N)CCCC[NH3+])C(=O)N1CCC[C@H]1C(=O)N[C@@H](CC(N)=O)C(=O)N[C@@H](CCCC[NH3+])C(=O)N[C@@H](CCCC[NH3+])C(=O)N1CCC[C@H]1C(=O)N[C@@H](CCCC[NH3+])C(=O)N[C@H](C=O)CCCC[NH3+],1,8.433291,3
CCC[C@@H](C=O)NC(=O)[C@H](C)NC(=O)[C@H](C)NC(=O)[C@H](Cc1c[nH]c2ccccc12)NC(=O)[C@H](CCC(=O)O)NC(=O)CNC(=O)[C@@H](NC(=O)[C@H](CC(C)C)NC(=O)[C@H](CCCNC(=N)N)NC(=O)[C@H](CCC)NC(=O)[C@@H](NC(=O)[C@H](Cc1c[nH]cn1)NC(=O)[C@@H](NC(=O)[C@@H](NC(=O)[C@H](Cc1ccccc1)NC(=O)[C@@H](NC(=O)[C@H](CCCNC(=N)N)NC(=O)[C@@H](NC(=O)[C@H](CCCNC(=N)N)NC(=O)[C@H](CCC)NC(=O)[C@H](CCC)NC(=O)CNC(=O)[C@H](CS)NC(=O)[C@H](C)NC(=O)[C@H](CCCNC(=N)N)NC(=O)[C@H](CCCNC(=N)N)NC(=O)[C@@H](NC(=O)[C@H](CCCNC(=N)N)NC(=O)[C@H](CC(C)C)NC(=O)[C@@H](NC(=O)[C@@H](NC(=O)[C@H](CC(C)C)NC(=O)[C@H](Cc1ccccc1)NC(=O)[C@H](CCCNC(=N)N)NC(=O)[C@H](CCCNC(=N)N)NC(=O)[C@@H](NC(=O)[C@@H](N)CCSC)C(C)C)C(C)C)[C@@H](C)O)[C@@H](C)CC)C(C)C)C(C)C)C(C)C)C(C)C)[C@@H](C)CC)[C@@H](C)O,1,-0.82187647,3
CC(C)C[C@H](NC(=O)[C@H](CCCC[NH3+])NC(=O)[C@H](CCCNC(N)=[NH2+])NC(=O)[C@H](Cc1ccccc1)NC(=O)[C@H](Cc1ccccc1)NC(=O)[C@H](CCCC[NH3+])NC(=O)[C@H](CCCC[NH3+])NC(=O)[C@H](Cc1ccccc1)NC(=O)[C@H](CCCNC(N)=[NH2+])NC(=O)[C@H](CCCC[NH3+])NC(=O)[C@@H](N)C(C)C)C(=O)N[C@@H](CCCC[NH3+])C(=O)N[C@@H](CCCC[NH3+])C(=O)N[C@@H](CC(C)C)C(=O)N[C@H](C(N)=O)C(C)C,1,-0.25364465,3
CC[C@H](C)[C@H](NC(=O)[C@H](CC(C)C)NC(=O)[C@@H](NC(=O)[C@H](CCCNC(N)=[NH2+])NC(=O)[C@H](Cc1ccccc1)NC(=O)[C@@H](NC(=O)[C@@H](NC(=O)[C@@H](N)CC(C)C)[C@@H](C)CC)[C@@H](C)CC)[C@@H](C)CC)C(=O)N[C@@H](CO)C(=O)NC(CC1CNCN1)C(O)N[C@@H](CCCNC(N)=[NH2+])C(=O)N[C@H](C=O)CCCNC(N)=[NH2+],1,9.426911,3
CC[C@H](C)[C@H](NC(=O)[C@H](C)NC(=O)[C@@H](NC(=O)[C@@H](N)Cc1ccc(O)cc1)[C@@H](C)O)C(=O)N[C@@H](C)C(=O)N[C@@H](Cc1c[nH]c2ccccc12)C(=O)N[C@H](C(=O)N[C@@H](CCCC[NH3+])C(=O)N[C@@H](C)C(=O)N[C@@H](Cc1ccccc1)C(=O)N[C@H](C(=O)N[C@@H](CCCNC(N)=[NH2+])C(=O)N[C@@H](CCCC[NH3+])C(=O)N[C@@H](CC(C)C)C(=O)N[C@@H](CCCNC(N)=[NH2+])C(=O)N[C@H](C=O)CCCC[NH3+])[C@@H](C)CC)C(C)C,1,8.917073,3
CCC(NC(=O)[C@H](CC(=O)O)NC(=O)CN)C(O)N[C@@H](CC(C)C)C(=O)N1CCC[C@H]1C(=O)NC(CC1CNCN1)C(O)N[C@@H](CC(C)C)C(=O)N[C@@H](CCCCN)C(=O)N[C@@H](CC(C)C)C(=O)N[C@@H](CS)C(=O)O,1,-0.09523126,3
CC[C@H](C)[C@H](NC(=O)[C@H](CS)NC(=O)[C@H](CO)NC(=O)[C@@H](NC(=O)[C@@H]1CCCN1C(=O)[C@@H]1CCCN1C(=O)CNC(=O)[C@H](CCCNC(N)=[NH2+])NC(=O)[C@@H](NC(=O)[C@H](CCCC[NH3+])NC(=O)[C@H](CCCNC(N)=[NH2+])NC(=O)[C@H](CCSC)NC(=O)[C@H](CC(N)=O)NC(=O)[C@H](CCCNC(N)=[NH2+])NC(=O)[C@H](CCC(N)=O)NC(=O)[C@H](Cc1c[nH]c2ccccc12)NC(=O)[C@@H](N)CCC(N)=O)C(C)C)C(C)C)C(=O)N[C@@H](CCCC[NH3+])C(=O)N[C@H](C=O)CCCNC(N)=[NH2+],1,6.947689,3
C[C@H](N)C(=O)N[C@@H](CS)C(=O)N[C@@H](CCCNC(N)=[NH2+])C(=O)NCC(=O)N[C@@H](CCCNC(N)=[NH2+])C(=O)NCC(=O)N[C@@H](CCCNC(N)=[NH2+])C(=O)NCC(=O)N[C@@H](CS)C(=O)N[C@@H](CCCNC(N)=[NH2+])C(=O)NCC(=O)N[C@@H](CCCNC(N)=[NH2+])C(=O)NCC(=O)N[C@@H](CCCNC(N)=[NH2+])C(=O)NCC(=O)N[C@@H](CS)C(=O)NCC=O,1,8.117595,3
CC[C@H](C)[C@H](NC(=O)[C@H](CCCC[NH3+])NC(=O)[C@H](Cc1ccccc1)NC(=O)[C@@H](NC(=O)[C@@H](NC(=O)[C@@H](N)CCSC)[C@@H](C)CC)[C@@H](C)CC)C(=O)N[C@@H](C)C(=O)N[C@@H](C)C(=O)N[C@@H](CO)C(=O)NC(CC1CNCN1)C(O)N[C@@H](CCCC[NH3+])C(=O)N[C@H](C=O)CCCC[NH3+],1,9.372416,3
CC[C@H](C)[C@H](NC(=O)[C@H](CCCNC(N)=[NH2+])NC(=O)[C@H](CCCNC(N)=[NH2+])NC(=O)[C@H](CCCNC(N)=[NH2+])NC(=O)[C@H](CC(C)C)NC(=O)[C@@H](NC(=O)[C@@H](NC(=O)[C@H](CC(C)C)NC(=O)[C@@H](N)CC(C)C)[C@@H](C)CC)[C@@H](C)CC)C(=O)N[C@@H](CCCNC(N)=[NH2+])C(=O)N[C@@H](CCCC[NH3+])C(=O)N[C@@H](CCC(N)=O)C(=O)N[C@@H](C)C(=O)NC(CC1CNCN1)C(O)N[C@H](C)C(=O)NC(CC1CNCN1)C(O)N[C@@H](CO)C(=O)N[C@H](C=O)CCCC[NH3+],1,11.433017,3
CC[C@H](C)[C@H](NC(=O)[C@H](CC(C)C)NC(=O)[C@H](CC(=O)O)NC(=O)[C@H](CCCNC(N)=[NH2+])NC(=O)[C@H](C)NC(=O)[C@@H](NC(=O)[C@@H](NC(=O)[C@@H](N)CCSC)[C@@H](C)CC)[C@@H](C)CC)C(=O)N[C@H](C=O)CO,1,7.4681377,3
CC[C@H](C)[C@H](NC(=O)[C@H](CCCC[NH3+])NC(=O)[C@H](CCCC[NH3+])NC(=O)[C@H](C)NC(=O)[C@H](CC(C)C)NC(=O)[C@H](C)NC(=O)[C@H](C)NC(=O)[C@H](CC(C)C)NC(=O)[C@H](C)NC(=O)[C@H](CCCC[NH3+])NC(=O)[C@H](CC(C)C)NC(=O)[C@H](CC(N)=O)NC(=O)[C@@H](NC(=O)[C@H](CCCC[NH3+])NC(=O)CNC(=O)[C@H](CC(C)C)NC(=O)[C@H](CC(C)C)NC(=O)[C@H](Cc1ccc(O)cc1)NC(=O)CNC(=O)[C@H](C)NC(=O)[C@H](CO)NC(=O)[C@H](CC(N)=O)NC(=O)[C@H](CC(C)C)NC(=O)[C@@H](NC(=O)[C@H](Cc1c[nH]c2ccccc12)NC(=O)CN)[C@@H](C)O)[C@@H](C)CC)C(=O)N[C@H](C=O)CC(C)C,1,7.4891367,3
CC[C@H](C)[C@H](NC(=O)CNC(=O)[C@H](CC(=O)O)NC(=O)[C@H](CO)NC(=O)[C@@H]([NH3+])Cc1c[nH]cn1)C(=O)N[C@@H](Cc1ccccc1)C(=O)N[C@H](C(=O)N[C@@H](CC(=O)O)C(=O)N[C@@H](CO)C(=O)N[C@@H](Cc1ccc(O)cc1)C(=O)N[C@@H](CO)C(=O)N[C@@H](CCCNC(N)=[NH2+])C(=O)N[C@@H](Cc1ccc(O)cc1)C(=O)N[C@@H](CCCNC(N)=[NH2+])C(=O)N[C@@H](CCCC[NH3+])C(=O)N[C@@H](CCC(N)=O)C(=O)N[C@@H](CCSC)C(=O)N[C@@H](C)C(=O)N[C@H](C(=O)N[C@@H](CCCC[NH3+])C(=O)N[C@@H](CCCC[NH3+])C(=O)N[C@@H](Cc1ccc(O)cc1)C(=O)N[C@@H](CC(C)C)C(=O)N[C@@H](C)C(=O)N[C@@H](C)C(=O)N[C@H](C(=O)N[C@@H](CC(C)C)C(=O)NCC(=O)N[C@@H](CCCC[NH3+])C(=O)N[C@@H](CCCNC(N)=[NH2+])C(=O)N[C@@H](Cc1ccc(O)cc1)C(=O)N[C@@H](CCCC[NH3+])C(=O)N[C@@H](CCC(N)=O)C(=O)N[C@@H](CCCNC(N)=[NH2+])C(=O)N[C@H](C(=O)N[C@@H](CCCC[NH3+])C(=O)N[C@@H](CC(N)=O)C(=O)N[C@@H](CCCC[NH3+])C(N)=O)C(C)C)C(C)C)C(C)C)[C@@H](C)O,1,-0.30395815,3
CC[C@H](C)[C@H](NC(=O)[C@H](CC(N)=O)NC(=O)[C@H](C)NC(=O)[C@H](CC(C)C)NC(=O)[C@H](CC(C)C)NC(=O)[C@H](CC(N)=O)NC(=O)[C@H](CO)NC(O)C(CC1CNCN1)NC(O)C(CC1CNCN1)NC(=O)[C@H](CCCNC(N)=[NH2+])NC(=O)[C@H](CC(C)C)NC(O)C(CC1CNCN1)NC(=O)[C@H](CCCNC(N)=[NH2+])NC(=O)[C@H](CC(C)C)NC(=O)[C@H](CC(C)C)NC(=O)[C@H](CC(C)C)NC(=O)CNC(=O)[C@H](CC(C)C)NC(C)=O)C(N)=O,1,-2.905891,3
NC(=[NH2+])NCCC[C@@H](N)C(=O)N[C@H](CCCNC(N)=[NH2+])C(=O)N[C@H](CCCNC(N)=[NH2+])C(=O)N[C@H](CCCNC(N)=[NH2+])C(=O)N[C@H](CCCNC(N)=[NH2+])C(=O)N[C@H](CCCNC(N)=[NH2+])C(=O)N[C@H](CCCNC(N)=[NH2+])C(=O)N[C@H](CCCNC(N)=[NH2+])C(=O)N[C@H](CCCNC(N)=[NH2+])C(=O)N[C@H](CCCNC(N)=[NH2+])C(=O)N[C@H](CCCNC(N)=[NH2+])C(=O)N[C@H](CCCNC(N)=[NH2+])C(=O)NCC(=O)N[C@@H](CS)C(N)=O,1,6.3063083,3
CC(C)[C@H](NC(=O)[C@H](CCCNC(N)=[NH2+])NC(=O)[C@H](CCCNC(N)=[NH2+])NC(=O)[C@H](CCCNC(N)=[NH2+])NC(=O)[C@H](CC(N)=O)NC(=O)[C@H](CCCNC(N)=[NH2+])NC(=O)[C@H](CCCNC(N)=[NH2+])NC(=O)[C@@H](NC(=O)[C@@H](N)CCCNC(N)=[NH2+])[C@@H](C)O)C(=O)N[C@H](C=O)CCCNC(N)=[NH2+],1,11.400615,3
CC[C@H](C)[C@H](NC(=O)[C@H](CO)NC(=O)[C@H](CCCCN)NC(=O)[C@@H](NC(=O)[C@H](CCCNC(=N)N)NC(=O)[C@H](CCC(=O)O)NC(=O)[C@H](Cc1c[nH]c2ccccc12)NC(=O)[C@H](CCSC)NC(=O)[C@H](CO)NC(=O)[C@H](C)N)C(C)C)C(=O)N[C@H](C(=O)N[C@@H](CCCCN)C(=O)N[C@@H](CO)C(=O)N[C@@H](CO)C(=O)N[C@@H](CC(C)C)C(=O)N[C@@H](C)C(=O)N[C@@H](C)C(=O)N[C@@H](C)C(=O)N[C@@H](CO)C(=O)N[C@@H](CC(N)=O)C(=O)N[C@H](C=O)[C@@H](C)CC)[C@@H](C)CC,1,3.5596898,3
C[C@H](NC(=O)[C@H](CCC(N)=O)NC(=O)[C@H](CCCC[NH3+])NC(=O)[C@H](CCC(=O)O)NC(=O)[C@H](C)NC(=O)[C@H](CCCNC(N)=[NH2+])NC(=O)[C@H](CCCNC(N)=[NH2+])NC(=O)[C@H](CCC(=O)O)NC(=O)[C@H](CCCNC(N)=[NH2+])NC(=O)[C@H](CCCNC(N)=[NH2+])NC(=O)[C@H](CCCNC(N)=[NH2+])NC(=O)[C@@H](NC(=O)[C@@H](N)CCC(N)=O)[C@@H](C)O)C(=O)N[C@@H](CCC(N)=O)C(=O)N[C@H](C=O)Cc1c[nH]c2ccccc12,1,8.726263,3
CC[C@H](C)[C@H](NC(=O)[C@H](C)NC(=O)[C@H](CC(C)C)NC(=O)[C@H](CCCC[NH3+])NC(=O)[C@H](CC(C)C)NC(=O)[C@@H](NC(=O)[C@@H](NC(=O)[C@@H](N)CCCC[NH3+])[C@@H](C)CC)[C@@H](C)O)C(=O)N[C@@H](CCCC[NH3+])C(=O)N[C@@H](C)C(=O)N[C@@H](Cc1c[nH]c2ccccc12)C(=O)N[C@@H](CCCC[NH3+])C(=O)N[C@@H](CC(C)C)C(=O)N[C@@H](C)C(=O)N[C@@H](CC(C)C)C(=O)N[C@@H](CCCC[NH3+])C(=O)N[C@@H](C)C(=O)N[C@@H](C)C(N)=O,1,1.2514436,3
NCC(=O)N[C@@H](CCCNC(N)=[NH2+])C(=O)NCC(=O)N[C@@H](CC(=O)O)C(=O)N[C@@H](CO)C(=O)N1CCC[C@H]1C(=O)N[C@@H](CCCNC(N)=[NH2+])C(=O)N[C@@H](CCCNC(N)=[NH2+])C(=O)N[C@@H](CO)C(=O)N1CCC[C@H]1C(=O)N[C@@H](CCCNC(N)=[NH2+])C(=O)N[C@H](C=O)CCCNC(N)=[NH2+],1,9.21654,3
CC[C@H](C)[C@H](NC(=O)[C@H](CC(C)C)NC(=O)[C@@H](N)CCCC[NH3+])C(=O)N[C@@H](CCCC[NH3+])C(=O)NCC(=O)N[C@@H](CCCNC(N)=[NH2+])C(=O)N[C@H](C(=O)N1CCC[C@H]1C(=O)N[C@H](C(=O)N[C@@H](CCCC[NH3+])C(=O)N[C@@H](Cc1ccccc1)C(=O)NCC(=O)N[C@@H](CCCC[NH3+])C(=O)N[C@@H](C)C(=O)N[C@@H](CCCNC(N)=[NH2+])C(=O)N[C@@H](CS)C(=O)N[C@@H](CCCNC(N)=[NH2+])C(=O)N[C@@H](CCCNC(N)=[NH2+])C(=O)N1CCC[C@H]1C(=O)N1CCC[C@H]1C(=O)N[C@@H](CCCC[NH3+])C(=O)NC(CC1CNCN1)C(O)N[C@@H](CO)C(=O)NCC(=O)N[C@H](C=O)CCCC[NH3+])[C@@H](C)CC)[C@@H](C)O,1,9.939876,3
CC[C@H](C)[C@H](NC(=O)[C@H](CCCNC(N)=[NH2+])NC(=O)[C@H](CC(C)C)NC(=O)[C@H](CCC(N)=O)NC(=O)[C@@H](N)CCCNC(N)=[NH2+])C(=O)N[C@@H](C)C(=O)NCC(=O)N[C@@H](CCCNC(N)=[NH2+])C(=O)N[C@@H](CCCNC(N)=[NH2+])C(=O)N[C@@H](CC(C)C)C(=O)N[C@@H](CCCNC(N)=[NH2+])C(=O)NCC(=O)N[C@@H](CCCNC(N)=[NH2+])C(=O)N[C@@H](CO)C(=O)N[C@H](C=O)CCCNC(N)=[NH2+],1,12.346568,3
NC(=[NH2+])NCCC[C@H](NC(=O)[C@H](CCCNC(N)=[NH2+])NC(=O)[C@H](CCCNC(N)=[NH2+])NC(=O)[C@H](CCCNC(N)=[NH2+])NC(=O)[C@H](CCCNC(N)=[NH2+])NC(=O)[C@H](CCCNC(N)=[NH2+])NC(=O)[C@H](CCCNC(N)=[NH2+])NC(=O)[C@H](CCCNC(N)=[NH2+])NC(=O)[C@@H](N)CCCNC(N)=[NH2+])C(N)=O,1,3.592627,3
CC(C)C[C@H](NC(=O)CN)C(=O)N[C@@H](Cc1c[nH]c2ccccc12)C(=O)N[C@@H](CCCNC(N)=[NH2+])C(=O)N[C@@H](C)C(=O)N[C@@H](CC(C)C)C(=O)N[C@@H](Cc1c[nH]c2ccccc12)C(=O)N[C@@H](CCCNC(N)=[NH2+])C(=O)N[C@@H](CC(C)C)C(=O)N[C@@H](CC(C)C)C(=O)N[C@@H](CCCNC(N)=[NH2+])C(=O)N[C@@H](CO)C(=O)N[C@@H](CC(C)C)C(=O)N[C@@H](Cc1c[nH]c2ccccc12)C(=O)N[C@@H](CCCNC(N)=[NH2+])C(=O)N[C@@H](CC(C)C)C(=O)N[C@@H](CC(C)C)C(=O)N[C@@H](Cc1c[nH]c2ccccc12)C(=O)N[C@@H](CCCNC(N)=[NH2+])C(=O)N[C@@H](C)C=O,1,8.409571,3
CC(C)C[C@H](NC(=O)CN)C(=O)N[C@@H](CCCC[NH3+])C(=O)N[C@@H](CCCC[NH3+])C(=O)N[C@@H](CC(C)C)C(=O)N[C@@H](C)C(=O)N[C@@H](CCC(=O)O)C(=O)N[C@@H](CC(C)C)C(=O)N[C@@H](Cc1ccccc1)C(=O)NC(CC1CNCN1)C(O)N[C@@H](CCCC[NH3+])C(=O)N[C@@H](CC(C)C)C(=O)N[C@@H](CC(C)C)C(=O)N[C@@H](CCCC[NH3+])C(=O)N[C@@H](CC(C)C)C(=O)NCC(=O)N[C@@H](CS)C(N)=O,1,-2.0429482,3
CSCC[C@H](NC(=O)[C@@H](NC(=O)[C@H](CO)NC(=O)CNC(=O)[C@H](C)NC(=O)[C@H](C)NC(=O)CNC(=O)[C@H](CC(C)C)NC(=O)[C@H](Cc1ccccc1)NC(=O)CNC(=O)[C@H](CC(C)C)NC(=O)[C@H](Cc1ccccc1)NC(=O)[C@H](CC(C)C)NC(=O)[C@H](C)NC(=O)CN)[C@@H](C)O)C(=O)NCC(=O)N[C@@H](C)C(=O)N[C@@H](Cc1c[nH]c2ccccc12)C(=O)N[C@@H](CO)C(=O)N[C@@H](CCC(N)=O)C(=O)N1CCC[C@H]1C(=O)N[C@@H](CCCC[NH3+])C(=O)N[C@@H](CO)C(=O)N[C@@H](CCCC[NH3+])C(=O)N[C@@H](CCCNC(N)=[NH2+])C(=O)N[C@@H](CCCC[NH3+])C(=O)N[C@H](C=O)C(C)C,1,6.929487,3
CC[C@H](C)[C@H](NC(=O)[C@H](C)NC(=O)[C@H](C)NC(=O)[C@@H]1CCCN1C(=O)[C@H](CCCNC(N)=[NH2+])NC(=O)[C@@H](N)CCCC[NH3+])C(=O)N[C@@H](CCCC[NH3+])C(=O)N[C@@H](CCCC[NH3+])C(=O)N[C@@H](C)C(=O)NCC(=O)N[C@@H](CCC(N)=O)C(=O)N[C@@H](C)C(=O)N[C@@H](CCCC[NH3+])C(=O)N[C@@H](CCCC[NH3+])C(=O)N[C@@H](CCCC[NH3+])C(=O)N[C@H](C=O)CCCC[NH3+],1,12.3975725,3
C[C@H](NC(=O)[C@H](CCCC[NH3+])NC(=O)[C@H](CO)NC(=O)[C@H](CCCNC(N)=[NH2+])NC(=O)[C@H](CS)NC(O)C(CC1CNCN1)NC(O)C(CC1CNCN1)NC(=O)[C@H](CCCNC(N)=[NH2+])NC(=O)[C@H](CCCNC(N)=[NH2+])NC(=O)CN)C(=O)N[C@@H](CCCC[NH3+])C(=O)N[C@@H](CCCNC(N)=[NH2+])C(=O)N[C@@H](CO)C(=O)N[C@@H](CCCNC(N)=[NH2+])C(=O)NC(CC1CNCN1)C(O)NC(CO)CC1CNCN1,1,3.239081,3
C[C@H](N)C(=O)N[C@@H](CS)C(=O)N[C@@H](CO)C(=O)NCC(=O)N[C@@H](CO)C(=O)NCC(=O)N[C@@H](CO)C(=O)NCC(=O)N[C@@H](CS)C(=O)NCC(=O)N[C@@H](CO)C(=O)NCC(=O)N[C@@H](CO)C(=O)NCC(=O)N[C@@H](CO)C(=O)N[C@@H](CS)C(=O)NCC=O,1,3.438323,3
NC(=[NH2+])NCCC[C@@H](C=O)NC(=O)[C@H](CCCNC(N)=[NH2+])NC(=O)[C@H](CCCNC(N)=[NH2+])NC(=O)[C@H](CCCNC(N)=[NH2+])NC(=O)[C@H](CCCNC(N)=[NH2+])NC(=O)[C@H](CCCNC(N)=[NH2+])NC(=O)[C@H](CCCNC(N)=[NH2+])NC(=O)[C@@H](N)CCCNC(N)=[NH2+],1,11.815997,3
NCC(=O)N[C@@H](CCCC[NH3+])C(=O)NC(CC1CNCN1)C(O)N[C@@H](CCCNC(N)=[NH2+])C(=O)NC(CC1CNCN1)C(O)N[C@@H](CCC(=O)O)C(=O)N[C@@H](CCCNC(N)=[NH2+])C(=O)NCC(=O)NC(CC1CNCN1)C(O)NC(CC1CNCN1)C(O)N[C@@H](CCCNC(N)=[NH2+])C(=O)N[C@@H](CC(=O)O)C(=O)N[C@@H](CCCNC(N)=[NH2+])C(=O)N[C@@H](CCCNC(N)=[NH2+])C(=O)N[C@@H](CCC(=O)O)C(=O)N[C@H](C=O)CCCNC(N)=[NH2+],1,8.207949,3
NC(=[NH2+])NCCC[C@@H](C=O)NC(=O)[C@H](CCCNC(N)=[NH2+])NC(=O)[C@H](CCCNC(N)=[NH2+])NC(=O)[C@H](CCCNC(N)=[NH2+])NC(=O)[C@H](CCCNC(N)=[NH2+])NC(=O)[C@H](CCCNC(N)=[NH2+])NC(=O)[C@H](CCCNC(N)=[NH2+])NC(=O)[C@H](CCCNC(N)=[NH2+])NC(=O)[C@@H](N)Cc1c[nH]c2ccccc12,1,9.370424,3
CC[C@H](C)[C@H](NC(=O)[C@H](CCCC[NH3+])NC(=O)[C@H](CC(C)C)NC(=O)[C@@H](NC(=O)[C@H](CO)NC(=O)[C@H](CCCC[NH3+])NC(=O)[C@H](Cc1c[nH]c2ccccc12)NC(=O)[C@@H](NC(=O)[C@H](CCCC[NH3+])NC(=O)[C@H](C)NC(=O)[C@@H](NC(=O)[C@H](CO)NC(=O)[C@H](CCCC[NH3+])NC(=O)[C@H](C)NC(=O)[C@H](C)NC(=O)[C@@H](NC(=O)[C@@H](N)CCCC[NH3+])[C@@H](C)CC)[C@@H](C)CC)[C@@H](C)CC)[C@@H](C)CC)C(=O)N[C@@H](C)C(N)=O,1,-2.2592506,3
CC[C@H](C)[C@H](NC(=O)[C@H](CCCC[NH3+])NC(=O)[C@@H](NC(=O)[C@H](CCC(N)=O)NC(=O)[C@@H]([NH3+])CCCNC(N)=[NH2+])[C@@H](C)CC)C(=O)N[C@@H](Cc1c[nH]c2ccccc12)C(=O)N[C@@H](Cc1ccccc1)C(=O)N[C@@H](CCC(N)=O)C(=O)N[C@@H](CC(N)=O)C(=O)N[C@@H](CCCNC(N)=[NH2+])C(=O)N[C@@H](CCCNC(N)=[NH2+])C(=O)N[C@@H](CCSC)C(=O)N[C@@H](CCCC[NH3+])C(=O)N[C@@H](Cc1c[nH]c2ccccc12)C(=O)N[C@@H](CCCC[NH3+])C(=O)N[C@@H](CCCC[NH3+])C(=O)O,1,6.4482503,3
CC(C)[C@@H](N)C(=O)N[C@H](CS)C(=O)N[C@@H](C(=O)N[C@@H](C=O)CCCNC(N)=[NH2+])C(C)C,1,3.7163928,3
CC(C)C[C@@H](C=O)NC(=O)[C@H](CCC(=O)O)NC(=O)[C@@H](NC(=O)[C@H](CC(C)C)NC(=O)[C@@H](NC(=O)[C@H](CCCC[NH3+])NC(=O)[C@@H](NC(=O)[C@H](CC(C)C)NC(=O)[C@H](CCC(=O)O)NC(=O)[C@H](CCCC[NH3+])NC(=O)[C@H](CC(C)C)NC(=O)[C@@H](NC(=O)[C@H](CCC(=O)O)NC(=O)[C@@H](NC(=O)[C@H](CC(C)C)NC(=O)[C@@H](NC(=O)[C@H](CCCC[NH3+])NC(=O)[C@@H](N)CC(C)C)[C@@H](C)O)[C@@H](C)O)[C@@H](C)O)[C@@H](C)O)[C@@H](C)O)[C@@H](C)O,1,3.7153127,3
CC(C)C[C@H](NC(=O)CNC(=O)[C@H](C)NC(=O)[C@H](CCCNC(=N)N)NC(=O)[C@H](CO)NC(=O)[C@H](CO)NC(=O)[C@H](CCCNC(=N)N)NC(=O)[C@@H](NC(=O)[C@H](CCCCN)NC(=O)[C@H](C)NC(=O)[C@H](CCCCN)NC(=O)[C@H](C)NC(=O)[C@H](CCCNC(=N)N)NC(=O)[C@H](C)NC(=O)[C@H](CCCCN)NC(=O)CNC(=O)CNC(=O)[C@H](CCC(N)=O)NC(=O)[C@H](CCCCN)NC(=O)CNC(=O)[C@H](CCCNC(=N)N)NC(=O)CNC(=O)[C@@H](N)CO)[C@@H](C)O)C(=O)N[C@@H](CCC(N)=O)C(=O)N[C@@H](Cc1ccccc1)C(=O)N1CCC[C@H]1C(=O)N[C@H](C(=O)NCC(=O)N[C@@H](CCCNC(=N)N)C(=O)N[C@H](C(=O)N[C@@H](Cc1c[nH]cn1)C(=O)N[C@@H](CCCNC(=N)N)C(=O)N[C@@H](CC(C)C)C(=O)N[C@@H](CC(C)C)C(=O)N[C@@H](CCCNC(=N)N)C(=O)N[C@@H](CCCCN)C(=O)NCC=O)C(C)C)C(C)C,1,5.98885,3
CC[C@H](C)[C@H](NC(=O)[C@H](CCCC[NH3+])NC(=O)[C@@H](NC(=O)[C@H](CCC(N)=O)NC(=O)[C@@H]([NH3+])CCCNC(N)=[NH2+])[C@@H](C)CC)C(=O)N[C@@H](Cc1c[nH]c2ccccc12)C(=O)N[C@@H](Cc1ccccc1)C(=O)N[C@@H](CCC(N)=O)C(=O)N[C@@H](CC(N)=O)C(=O)N[C@@H](CCCNC(N)=[NH2+])C(=O)N[C@@H](CCCNC(N)=[NH2+])C(=O)N[C@@H](CCSC)C(=O)N[C@@H](CCCC[NH3+])C(=O)N[C@@H](Cc1c[nH]c2ccccc12)C(=O)N[C@@H](CCCC[NH3+])C(=O)N[C@@H](CCCC[NH3+])C(=O)O,1,6.4482503,3
NC(=[NH2+])NCCC[C@@H](N)C(=O)N[C@@H](CCCNC(N)=[NH2+])C(=O)N[C@H](CCCNC(N)=[NH2+])C(=O)NCC(=O)N[C@H](CCCNC(N)=[NH2+])C(=O)N[C@@H](CCCC[NH3+])C(=O)N[C@H](CCCC[NH3+])C(=O)N[C@@H](CCCNC(N)=[NH2+])C(=O)N[C@@H](C=O)CCCNC(N)=[NH2+],1,11.958571,3
CC[C@H](C)[C@H](NC(=O)[C@H](CCCC[NH3+])NC(=O)[C@@H](NC(=O)[C@H](CCC(N)=O)NC(=O)[C@@H](N)CCCNC(N)=[NH2+])[C@@H](C)CC)C(=O)N[C@@H](Cc1c[nH]c2ccccc12)C(=O)N[C@@H](Cc1ccccc1)C(=O)N[C@@H](CCC(N)=O)C(=O)N[C@H](C=O)CC(N)=O,1,5.11258,3
C[C@H](NC(=O)[C@H](C)NC(=O)[C@H](CO)NC(=O)[C@H](CCCNC(N)=[NH2+])NC(=O)[C@H](CS)NC(O)C(CC1CNCN1)NC(O)C(CC1CNCN1)NC(=O)[C@H](CCCNC(N)=[NH2+])NC(=O)[C@H](CCCNC(N)=[NH2+])NC(=O)[C@@H](N)CO)C(=O)N[C@@H](CCCC[NH3+])C(=O)N[C@@H](CCCNC(N)=[NH2+])C(=O)N[C@@H](CO)C(=O)N[C@@H](CCCNC(N)=[NH2+])C(=O)NC(CC1CNCN1)C(O)NC(CO)CC1CNCN1,1,3.6884992,3
NC(=[NH2+])NCCC[C@H](NC(=O)[C@H](Cc1ccccc1)NC(=O)[C@H](CCCC[NH3+])NC(=O)[C@H](CCCC[NH3+])NC(=O)[C@@H](N)Cc1ccccc1)C(=O)N[C@@H](CCCC[NH3+])C(=O)N[C@H](C=O)Cc1ccccc1,1,5.64095,3
CCC[C@@H]1NC(=O)[C@@H]2CS34SC[C@H](NC(=O)[C@H]([C@@H](C)CC)NC(=O)[C@H](CS)NC(=O)[C@H](C)NC(=O)CNC1=O)C(=O)N[C@@H](CCCNC(=N)N)C(=O)NCC(=O)N[C@@H](CC(N)=O)C(=O)NCC(=O)N[C@@H](Cc1ccc(O)cc1)C(=O)N[C@H](C(=O)NCC(=O)N[C@@H](CO)C(=O)NCC(=O)N[C@@H](CO)C(=O)N[C@H](C=O)CC(=O)O)C[SH]3[SH]4C[C@H](NC(=O)[C@H](CCCCN)NC(=O)[C@H](CCCCN)NC(=O)[C@H](CC(C)C)NC(=O)[C@@H](NC(=O)[C@H](C)NC(=O)[C@H](CCC)NC(=O)[C@H](CS)NC(=O)[C@@H](NC(=O)CNC(=O)CN)C(C)C)[C@@H](C)CC)C(=O)N[C@@H](CCCNC(=N)N)C(=O)N[C@@H](CCCNC(=N)N)C(=O)N[C@@H](CC(=O)O)C(=O)N[C@@H](CO)C(=O)N[C@@H](CC(=O)O)C(=O)N2,1,0.6709374,3
C[C@H](N)C(=O)N[C@@H](CS)C(=O)N[C@@H](CO)C(=O)NCC(=O)N[C@@H](CCCNC(N)=[NH2+])C(=O)NCC(=O)N[C@@H](CCCNC(N)=[NH2+])C(=O)NCC(=O)N[C@@H](CS)C(=O)NCC(=O)N[C@@H](CO)C(=O)NCC(=O)N[C@@H](CO)C(=O)NCC(=O)N[C@@H](CO)C(=O)N[C@@H](CS)C(=O)NCC=O,1,5.5488873,3
CC[C@H](C)[C@H](NC(=O)[C@H](CC(C)C)NC(=O)[C@H](C)NC(=O)[C@H](CCCNC(N)=[NH2+])NC(=O)[C@H](Cc1ccccc1)NC(=O)[C@@H](NC(=O)[C@@H](NC(=O)[C@@H](N)CCSC)[C@@H](C)CC)[C@@H](C)CC)C(=O)N[C@@H](CO)C(=O)NC(CC1CNCN1)C(O)N[C@@H](CCCC[NH3+])C(=O)N[C@H](C=O)CCCC[NH3+],1,9.85608,3
CC(C)C[C@H](NC(=O)[C@H](CCCNC(N)=[NH2+])NC(=O)[C@H](CCCNC(N)=[NH2+])NC(=O)[C@H](CC(C)C)NC(=O)[C@H](CC(C)C)NC(=O)[C@H](CCCNC(N)=[NH2+])NC(=O)[C@@H](N)CCCNC(N)=[NH2+])C(=O)N[C@@H](CCCNC(N)=[NH2+])C(=O)N[C@H](C=O)CCCNC(N)=[NH2+],1,12.179069,3
CC[C@H](C)[C@H](NC(=O)[C@H](CCCNC(N)=[NH2+])NC(=O)[C@@H](N)CCCC[NH3+])C(=O)N1CCC[C@H]1C(=O)N[C@@H](CC(N)=O)C(=O)N[C@@H](CCCC[NH3+])C(=O)N[C@@H](CCCC[NH3+])C(=O)N1CCC[C@H]1C(=O)NCC(=O)N[C@@H](CCCC[NH3+])C(=O)N[C@H](C=O)CCCC[NH3+],1,8.456269,3
CC[C@H](C)[C@H](NC(=O)[C@H](CCCC[NH3+])NC(=O)[C@@H](NC(=O)[C@H](CCC(N)=O)NC(=O)[C@@H](N)CCCNC(N)=[NH2+])[C@@H](C)CC)C(=O)N[C@@H](Cc1c[nH]c2ccccc12)C(=O)N[C@@H](Cc1ccccc1)C(=O)N1CCC[C@H]1C(=O)N[C@@H](CC(N)=O)C(=O)N[C@@H](CCCNC(N)=[NH2+])C(=O)N[C@@H](CCCNC(N)=[NH2+])C(=O)N[C@@H](CCSC)C(=O)N[C@@H](CCCC[NH3+])C(=O)N[C@@H](Cc1c[nH]c2ccccc12)C(=O)N[C@@H](CCCC[NH3+])C(=O)N[C@H](C=O)CCCC[NH3+],1,9.805832,3
CC[C@H](C)[C@H](NC(=O)[C@H](CCCNC(N)=[NH2+])NC(=O)[C@@H](NC(=O)[C@@H](N)CCCNC(N)=[NH2+])C(C)C)C(=O)N[C@@H](CC(C)C)C(=O)N[C@@H](C)C(=O)N[C@@H](CCCNC(N)=[NH2+])C(=O)N[C@@H](Cc1ccccc1)C(=O)N[C@@H](CC(C)C)C(=O)N[C@@H](CCCNC(N)=[NH2+])C(=O)N[C@H](C(=O)N[C@@H](CCCNC(N)=[NH2+])C(=O)N[C@H](C=O)C(C)C)[C@@H](C)O,1,10.824184,3
CC[C@H](C)[C@H](NC(=O)[C@H](CCCCN)NC(=O)[C@H](CCCCN)NC(=O)[C@H](C)NC(=O)[C@H](CC(C)C)NC(=O)[C@H](C)NC(=O)[C@H](C)NC(=O)[C@H](CC(C)C)NC(=O)[C@H](C)NC(=O)[C@H](CCCCN)NC(=O)[C@H](CC(C)C)NC(=O)[C@H](CC(N)=O)NC(=O)[C@@H](NC(=O)[C@H](CCCCN)NC(=O)CNC(=O)[C@H](CC(C)C)NC(=O)[C@H](CC(C)C)NC(=O)[C@H](Cc1ccc(O)cc1)NC(=O)CNC(=O)[C@H](C)N)[C@@H](C)O)C(=O)N[C@H](C=O)CC(C)C,1,9.44518,3
NC(=[NH2+])NCCC[C@H](NC(=O)CNC(=O)[C@H](CCCNC(N)=[NH2+])NC(=O)[C@@H](N)CCCNC(N)=[NH2+])C(=O)N[C@@H](CCCNC(N)=[NH2+])C(=O)NCC=O,1,5.851923,3
CC[C@H](C)[C@H](NC(=O)[C@H](CCCNC(N)=[NH2+])NC(=O)[C@H](CC(C)C)NC(=O)[C@@H](NC(=O)[C@@H](NC(=O)[C@H](CC(C)C)NC(=O)[C@H](Cc1ccccc1)NC(=O)[C@H](CCCNC(N)=[NH2+])NC(=O)[C@H](CCCNC(N)=[NH2+])NC(=O)[C@@H](N)C(C)C)C(C)C)[C@@H](C)O)C(=O)N[C@@H](CCCNC(N)=[NH2+])C(=O)N[C@@H](CCCNC(N)=[NH2+])C(=O)N[C@@H](C)C=O,1,8.258308,3
CCC[C@H](NC(=O)[C@@H](NC(=O)[C@H](CC(C)C)NC(=O)[C@H](CC(N)=O)NC(=O)[C@H](CCCNC(=N)N)NC(=O)[C@H](CC(C)C)NC(=O)[C@H](Cc1ccccc1)NC(=O)[C@H](CC(=O)O)NC(=O)[C@H](CCCCN)NC(=O)[C@@H](NC(=O)[C@H](CCCNC(=N)N)NC(=O)[C@H](CCC(N)=O)NC(=O)[C@@H](NC(=O)[C@@H](NC(=O)[C@H](CCCNC(=N)N)NC(=O)[C@H](CCCCN)NC(=O)[C@H](Cc1ccccc1)NC(=O)[C@H](CCC(=O)O)NC(=O)[C@H](CCCCN)NC(=O)CNC(=O)[C@@H](NC(=O)[C@H](CCCCN)NC(=O)[C@H](CCC(=O)O)NC(=O)[C@H](CCCCN)NC(=O)[C@H](CO)NC(=O)[C@H](CCCCN)NC(=O)[C@H](CCCNC(=N)N)NC(=O)[C@H](Cc1ccccc1)NC(=O)[C@H](Cc1ccccc1)NC(=O)[C@H](CC(=O)O)NC(=O)CNC(=O)[C@H](CC(C)C)NC(=O)[C@@H](N)CC(C)C)[C@@H](C)CC)[C@@H](C)CC)C(C)C)[C@@H](C)CC)C(C)C)C(=O)N[C@@H](CCCNC(=N)N)C(=O)N[C@H](C(=O)N[C@@H](CCC(=O)O)C(=O)N[C@@H](CO)C(=O)N[C@H](C=O)CS)[C@@H](C)O,1,-0.095913514,3
CC[C@H](C)[C@H](NC(=O)[C@H](C)NC(=O)[C@@H](NC(=O)[C@H](CCC(N)=O)NC(=O)[C@@H]1CCCN1C(=O)[C@H](Cc1ccccc1)NC(=O)[C@@H](NC(O)C(CC1CNCN1)NC(=O)[C@H](Cc1ccccc1)NC(=O)[C@H](CCCC[NH3+])NC(=O)[C@H](CC(N)=O)NC(=O)[C@H](Cc1ccccc1)NC(=O)[C@H](CC(=O)O)NC(=O)[C@H](CCC(N)=O)NC(=O)[C@@H](NC(=O)[C@H](Cc1ccc(O)cc1)NC(=O)[C@@H](NC(=O)CNC(=O)[C@@H](N)CC(C)C)[C@@H](C)O)[C@@H](C)O)[C@@H](C)O)[C@@H](C)O)C(=O)NCC(=O)N[C@H](C(=O)NCC(=O)N[C@@H](C)C(=O)N1CCC[C@H]1C=O)C(C)C,1,3.0421436,3
CSCC[C@H](NC(=O)[C@H](CC(N)=O)NC(=O)[C@H](CCCNC(N)=[NH2+])NC(=O)[C@H](CCC(N)=O)NC(=O)[C@H](Cc1c[nH]c2ccccc12)NC(=O)[C@H](CCC(N)=O)NC(=O)[C@@H](N)Cc1ccccc1)C(=O)N[C@@H](CCCNC(N)=[NH2+])C(=O)N[C@@H](CCCC[NH3+])C(=O)N[C@H](C(=O)N[C@@H](CCCNC(N)=[NH2+])C(=O)NCC(=O)N1CCC[C@H]1C(=O)N1CCC[C@H]1C(=O)N[C@H](C(=O)N[C@H](C=O)CO)C(C)C)C(C)C,1,6.3549166,3
C[C@H](N)C(=O)N[C@@H](CS)C(=O)N[C@@H](CCCNC(N)=[NH2+])C(=O)NCC(=O)N[C@@H](CO)C(=O)NCC(=O)N[C@@H](CCCNC(N)=[NH2+])C(=O)NCC(=O)N[C@@H](CS)C(=O)NCC(=O)N[C@@H](CCCNC(N)=[NH2+])C(=O)NCC(=O)N[C@@H](CO)C(=O)NCC(=O)N[C@@H](CCCNC(N)=[NH2+])C(=O)N[C@@H](CS)C(=O)NCC=O,1,7.0373287,3
CC[C@H](C)[C@H](NC(=O)[C@H](CCCCN)NC(=O)[C@H](CCCCN)NC(=O)[C@H](C)NC(=O)[C@H](CC(C)C)NC(=O)[C@H](CCCCN)NC(=O)[C@H](C)NC(=O)[C@H](CC(C)C)NC(=O)[C@H](CCCCN)NC(=O)[C@H](C)NC(=O)[C@H](CC(C)C)NC(=O)[C@H](CCCCN)NC(=O)[C@H](C)NC(=O)[C@H](CC(C)C)NC(=O)[C@H](CCCCN)NC(=O)[C@H](C)NC(=O)[C@H](CC(C)C)NC(=O)[C@H](CCCCN)NC(=O)[C@H](C)NC(=O)[C@H](CC(C)C)NC(=O)[C@H](C)NC(=O)[C@H](CC(C)C)NC(=O)[C@H](C)NC(=O)[C@H](CC(C)C)NC(=O)[C@H](C)NC(=O)[C@H](CC(C)C)NC(=O)[C@H](C)NC(=O)[C@H](CC(C)C)NC(=O)[C@H](C)NC(=O)[C@H](CC(C)C)NC(=O)[C@H](C)NC(=O)[C@H](CC(C)C)NC(=O)[C@H](C)NC(=O)[C@@H](N)CC(C)C)C(=O)N[C@H](C=O)CCCCN,1,12.124019,3
CC(C)C[C@H](NC(=O)[C@H](C)NC(=O)[C@H](CC(C)C)NC(=O)[C@H](CC(C)C)NC(=O)[C@@H](NC(=O)[C@H](C)NC(=O)[C@@H]1CCCN1C(=O)[C@H](CC(C)C)NC(=O)[C@H](CC(C)C)NC(=O)[C@H](C)NC(=O)[C@@H](NC(=O)[C@H](C)NC(=O)[C@H](C)NC(=O)[C@H](CCCC[NH3+])NC(=O)[C@H](Cc1ccccc1)NC(=O)[C@H](CCCNC(N)=[NH2+])NC(=O)[C@@H](N)Cc1c[nH]c2ccccc12)C(C)C)C(C)C)C(=O)N[C@@H](CC(C)C)C(=O)N[C@@H](C)C(=O)N1CCC[C@H]1C=O,1,6.4785995,3
CC(C)C[C@H](NC(=O)[C@H](C)NC(=O)[C@H](CC(C)C)NC(=O)[C@H](CCCC[NH3+])NC(=O)[C@H](CC(C)C)NC(=O)[C@H](CCCC[NH3+])NC(=O)[C@H](CC(C)C)NC(=O)[C@H](C)NC(=O)[C@@H](N)CCCC[NH3+])C(=O)N[C@@H](C)C(=O)N[C@@H](CC(C)C)C(=O)N[C@@H](CC(C)C)C(=O)N[C@@H](C)C(=O)N[C@@H](CCCC[NH3+])C(=O)N[C@@H](CC(C)C)C(=O)N[C@@H](CCCC[NH3+])C(=O)N[C@@H](CC(C)C)C(=O)N[C@@H](C)C=O,1,10.5902605,3
CC[C@H](C)[C@H](NC(=O)[C@H](CC(C)C)NC(=O)[C@H](CC(=O)O)NC(=O)[C@H](CCCNC(N)=[NH2+])NC(=O)[C@H](Cc1ccc(O)cc1)NC(=O)[C@H](C)NC(=O)[C@@H](NC(=O)[C@@H](N)CCSC)[C@@H](C)CC)C(=O)N[C@H](C=O)CO,1,6.681324,3
CC(C)C[C@@H](NC(=O)[C@H](NC(=O)[C@H]1CCCN1C(=O)[C@H](N)C(C)C)[C@@H](C)O)C(=O)N[C@@H](C=O)CCCC[NH3+],1,4.9399977,3
CC(C)C[C@H](NC(=O)[C@H](C)NC(=O)[C@H](CCCC[NH3+])NC(=O)[C@H](CC(C)C)NC(=O)[C@H](C)NC(=O)[C@H](CC(C)C)NC(=O)[C@H](CCCC[NH3+])NC(=O)[C@H](CC(C)C)NC(=O)[C@H](C)NC(=O)[C@H](CC(C)C)NC(=O)[C@@H](N)CCCC[NH3+])C(=O)N[C@@H](CCC(N)=O)C(=O)N[C@@H](C)C(=O)N[C@@H](C)C(=O)N[C@@H](CC(C)C)C(=O)N[C@@H](CCC(N)=O)C(=O)N[C@@H](CC(C)C)C(=O)N[C@@H](C)C=O,1,10.588056,3
CC[C@H](C)[C@H](NC(=O)[C@H](CCCC[NH3+])NC(=O)[C@@H](NC(=O)[C@H](CCC(N)=O)NC(=O)[C@@H](N)CCCNC(N)=[NH2+])[C@@H](C)CC)C(=O)N[C@@H](Cc1c[nH]c2ccccc12)C(=O)N[C@@H](Cc1ccccc1)C(=O)N[C@@H](CCC(N)=O)C(=O)N[C@@H](CC(N)=O)C(=O)N[C@@H](CCCNC(N)=[NH2+])C(=O)N[C@@H](CCCNC(N)=[NH2+])C(=O)N[C@@H](C)C(=O)N[C@@H](CCCC[NH3+])C(=O)N[C@@H](Cc1c[nH]c2ccccc12)C(=O)N[C@@H](CCCC[NH3+])C(=O)N[C@H](C=O)CCCC[NH3+],1,10.620814,3
NC(=[NH2+])NCCC[C@@H](C=O)NC(=O)[C@H](CCCNC(N)=[NH2+])NC(=O)[C@H](CCCNC(N)=[NH2+])NC(=O)[C@H](CCC(N)=O)NC(=O)[C@H](CCCNC(N)=[NH2+])NC(=O)[C@H](CCCNC(N)=[NH2+])NC(=O)[C@H](CCCC[NH3+])NC(=O)[C@H](CCCC[NH3+])NC(=O)[C@H](CCCNC(N)=[NH2+])NC(=O)CNC(=O)[C@H](Cc1ccc(O)cc1)NC(=O)[C@H](CCCC[NH3+])NC(=O)[C@@H](N)CS,1,9.919995,3
CC(C)C[C@H](NC(=O)CNC(=O)[C@H](CO)NC(=O)[C@H](C)NC(=O)CNC(=O)[C@H](CO)NC(=O)[C@@H]1CCCN1C(=O)[C@H](C)NC(=O)[C@H](CC(C)C)NC(=O)[C@H](CC(C)C)NC(=O)[C@H](C)NC(=O)[C@H](CC(C)C)NC(=O)[C@H](CC(C)C)NC(=O)[C@@H](NC(=O)[C@H](C)NC(=O)[C@@H]1CCCN1C(=O)[C@H](CC(C)C)NC(=O)[C@H](CC(C)C)NC(=O)[C@H](C)NC(=O)[C@@H](NC(=O)[C@H](C)NC(=O)[C@H](C)N)C(C)C)C(C)C)C(=O)N[C@@H](CC(=O)O)C(=O)N[C@@H](CCCC[NH3+])C(=O)N[C@@H](CCCNC(N)=[NH2+])C(=O)N[C@@H](CC(=O)O)C(=O)N[C@@H](Cc1ccc(O)cc1)C(=O)N[C@H](C(N)=O)C(C)C,1,1.1344512,3
CC[C@H](C)[C@H](NC(=O)[C@H](CCCNC(N)=[NH2+])NC(=O)[C@H](Cc1ccccc1)NC(=O)[C@@H](NC(=O)[C@@H](NC(=O)[C@@H](N)CCSC)[C@@H](C)CC)[C@@H](C)CC)C(=O)N[C@@H](C)C(=O)N[C@@H](C)C(=O)N[C@@H](CO)C(=O)NC(CC1CNCN1)C(O)N[C@@H](CCCC[NH3+])C(=O)N[C@H](C=O)CCCC[NH3+],1,9.945219,3
CC(=O)NC(CC1CNCN1)C(O)NC(CC1CNCN1)C(O)NC(CC1CNCN1)C(O)NC(CC1CNCN1)C(O)NC(CC1CNCN1)C(O)NC(CC1CNCN1)C(O)NC(CC1CNCN1)C(O)NC(CC1CNCN1)C(O)N[C@@H](CCCNC(N)=[NH2+])C(=O)N[C@@H](CCCNC(N)=[NH2+])C(=O)N[C@@H](CCCNC(N)=[NH2+])C(=O)N[C@@H](CCCNC(N)=[NH2+])C(=O)N[C@@H](CCCNC(N)=[NH2+])C(=O)N[C@@H](CCCNC(N)=[NH2+])C(=O)N[C@@H](CCCNC(N)=[NH2+])C(=O)N[C@@H](CCCNC(N)=[NH2+])C(=O)N[C@@H](CCCNC(N)=[NH2+])C(=O)N[C@@H](CCCNC(N)=[NH2+])C(=O)N[C@@H](CCCNC(N)=[NH2+])C(=O)N[C@@H](CCCNC(N)=[NH2+])C(=O)N[C@@H](CCCNC(N)=[NH2+])C(=O)N[C@@H](CCCNC(N)=[NH2+])C(=O)N[C@@H](CCCNC(N)=[NH2+])C(N)=O,1,4.9921684,3
CC[C@H](C)[C@H](NC(=O)[C@H](CCCC[NH3+])NC(=O)[C@@H](NC(=O)[C@H](CCC(N)=O)NC(=O)[C@@H]([NH3+])CCCNC(N)=[NH2+])[C@@H](C)CC)C(=O)N[C@@H](Cc1c[nH]c2ccccc12)C(=O)N[C@@H](Cc1ccccc1)C(=O)N[C@@H](CCC(N)=O)C(=O)N[C@@H](CC(N)=O)C(=O)N[C@@H](CCCNC(N)=[NH2+])C(=O)N[C@@H](CCCNC(N)=[NH2+])C(=O)N[C@@H](CCSC)C(=O)N[C@@H](CCCC[NH3+])C(=O)N[C@@H](Cc1c[nH]c2ccccc12)C(=O)N[C@@H](CCCC[NH3+])C(=O)N[C@@H](CCCC[NH3+])C(=O)O,1,6.4482503,3
NC(=[NH2+])NCCC[C@H](NC(=O)[C@H](Cc1c[nH]c2ccccc12)NC(=O)[C@H](CCCNC(N)=[NH2+])NC(=O)[C@@H](N)CS)C(=O)N[C@H](Cc1c[nH]c2ccccc12)C(=O)N[C@@H](CCCC[NH3+])C(=O)N[C@@H](CS)C(=O)N[C@@H](CS)C(=O)N[C@@H](CCCC[NH3+])C(=O)N[C@H](C=O)CCCC[NH3+],1,5.908515,3
CC[C@H](C)[C@H](NC(=O)[C@H](CCCC[NH3+])NC(=O)[C@@H](NC(=O)[C@H](CCC(N)=O)NC(=O)[C@@H](N)CCCNC(N)=[NH2+])[C@@H](C)CC)C(=O)N[C@@H](Cc1ccccc1)C(=O)N[C@@H](Cc1ccccc1)C(=O)N[C@@H](CCC(N)=O)C(=O)N[C@@H](CC(N)=O)C(=O)N[C@@H](CCCNC(N)=[NH2+])C(=O)N[C@@H](CCCNC(N)=[NH2+])C(=O)N[C@@H](CCSC)C(=O)N[C@@H](CCCC[NH3+])C(=O)N[C@@H](Cc1c[nH]c2ccccc12)C(=O)N[C@@H](CCCC[NH3+])C(=O)N[C@H](C=O)CCCC[NH3+],1,10.883809,3
CC[C@H](C)[C@H](NC(=O)[C@H](CCCC[NH3+])NC(=O)[C@@H](NC(=O)[C@H](CCC(N)=O)NC(=O)[C@@H](N)CCCNC(N)=[NH2+])[C@@H](C)CC)C(=O)N[C@H](C=O)Cc1c[nH]c2ccccc12,1,5.4457345,3
NC(=[NH2+])NCCC[C@H](NC(=O)[C@@H](N)CS)C(=O)N[C@H](Cc1c[nH]c2ccccc12)C(=O)N[C@@H](CCCNC(N)=[NH2+])C(=O)N[C@@H](Cc1c[nH]c2ccccc12)C(=O)N[C@@H](CCCC[NH3+])C(=O)N[C@@H](CS)C(=O)N[C@@H](CS)C(=O)N[C@@H](CCCC[NH3+])C(=O)N[C@H](C=O)CCCC[NH3+],1,6.228434,3
CC[C@H](C)[C@H](NC(=O)[C@H](CCCC[NH3+])NC(=O)[C@@H](NC(=O)[C@H](CCC(N)=O)NC(=O)[C@@H]([NH3+])CCCNC(N)=[NH2+])[C@@H](C)CC)C(=O)N[C@@H](Cc1c[nH]c2ccccc12)C(=O)N[C@@H](Cc1ccccc1)C(=O)N[C@@H](CCC(N)=O)C(=O)N[C@@H](CC(N)=O)C(=O)N[C@@H](CCCNC(N)=[NH2+])C(=O)N[C@@H](CCCNC(N)=[NH2+])C(=O)N[C@@H](CCSC)C(=O)N[C@@H](CCCC[NH3+])C(=O)N[C@@H](Cc1c[nH]c2ccccc12)C(=O)N[C@@H](CCCC[NH3+])C(=O)N[C@@H](CCCC[NH3+])C(=O)O,1,6.4482503,3
CC(C)C[C@@H](C=O)NC(=O)[C@@H](NC(=O)[C@@H](NC(=O)[C@H](CC(C)C)NC(=O)[C@@H](NC(=O)[C@H](CCCC[NH3+])NC(=O)[C@H](C)NC(=O)[C@H](CC(C)C)NC(=O)[C@H](CCCC[NH3+])NC(=O)[C@@H](NC(=O)[C@H](CC(C)C)NC(=O)[C@H](C)NC(=O)[C@@H](NC(=O)[C@H](C)NC(=O)[C@H](CC(C)C)NC(=O)[C@@H](NC(=O)[C@H](CCCC[NH3+])NC(=O)[C@@H](N)CC(C)C)[C@@H](C)O)[C@@H](C)O)[C@@H](C)O)[C@@H](C)O)[C@@H](C)O)[C@@H](C)O,1,5.817137,3
CC(=O)NCC(=O)N[C@@H](CCCNC(N)=[NH2+])C(=O)NCC(=O)N[C@@H](CC(=O)O)C(=O)NCC(=O)N1CCC[C@H]1C(=O)N[C@@H](CCCNC(N)=[NH2+])C(=O)N[C@@H](CCCNC(N)=[NH2+])C(=O)N[C@@H](CCCC[NH3+])C(=O)N[C@@H](CCCC[NH3+])C(=O)N[C@@H](CCCC[NH3+])C(=O)N[C@@H](CCCC[NH3+])C(=O)NCC(=O)N1CCC[C@H]1C(=O)N[C@@H](CCCNC(N)=[NH2+])C(=O)N[C@@H](CCCNC(N)=[NH2+])C(=O)N[C@@H](CCCC[NH3+])C(=O)N[C@@H](CCCC[NH3+])C(=O)N[C@@H](CCCC[NH3+])C(=O)N[C@@H](CCCC[NH3+])C(=O)NCC(=O)N1CCC[C@H]1C(=O)N[C@@H](CCCNC(N)=[NH2+])C(=O)N[C@H](C=O)CCCNC(N)=[NH2+],1,11.562899,3
N=C(N)NCCC[C@@H](C=O)NC(=O)[C@H](CCCNC(=N)N)NC(=O)[C@H](CCCNC(=N)N)NC(=O)[C@H](CCCNC(=N)N)NC(=O)[C@H](CCCNC(=N)N)NC(=O)[C@H](CCCNC(=N)N)NC(=O)[C@H](CCCNC(=N)N)NC(=O)[C@H](CCCNC(=N)N)NC(=O)[C@H](CCCNC(=N)N)NC(=O)[C@H](CCCNC(=N)N)NC(=O)[C@H](CCCNC(=N)N)NC(=O)[C@H](CCCNC(=N)N)NC(=O)[C@H](CCCNC(=N)N)NC(=O)[C@H](CCCNC(=N)N)NC(=O)[C@H](CCCNC(=N)N)NC(=O)[C@H](Cc1c[nH]cn1)NC(=O)[C@H](Cc1c[nH]cn1)NC(=O)[C@H](Cc1c[nH]cn1)NC(=O)[C@H](Cc1c[nH]cn1)NC(=O)[C@H](Cc1c[nH]cn1)NC(=O)[C@H](Cc1c[nH]cn1)NC(=O)[C@H](Cc1c[nH]cn1)NC(=O)[C@H](Cc1c[nH]cn1)NC(=O)[C@H](Cc1c[nH]cn1)NC(=O)[C@H](Cc1c[nH]cn1)NC(=O)[C@H](Cc1c[nH]cn1)NC(=O)[C@H](Cc1c[nH]cn1)NC(=O)[C@H](Cc1c[nH]cn1)NC(=O)[C@H](Cc1c[nH]cn1)NC(=O)[C@H](Cc1c[nH]cn1)NC(=O)[C@H](Cc1c[nH]cn1)NC(=O)[C@H](Cc1c[nH]cn1)NC(=O)[C@H](Cc1c[nH]cn1)NC(=O)[C@H](Cc1c[nH]cn1)NC(=O)[C@@H](N)Cc1c[nH]cn1,1,7.060753,3
CC(C)C[C@H](NC(=O)[C@H](C)NC(=O)[C@@H](NC(=O)[C@@H](NC(=O)[C@H](CCCC[NH3+])NC(=O)[C@H](CC(C)C)NC(=O)[C@@H](N)CC(C)C)[C@@H](C)O)[C@@H](C)O)C(=O)N[C@@H](CC(C)C)C(=O)N[C@@H](CCCC[NH3+])C(=O)N[C@H](C(=O)N[C@H](C(=O)N[C@@H](C)C(=O)N[C@@H](CC(C)C)C(=O)N[C@@H](CC(C)C)C(=O)N[C@@H](CCCC[NH3+])C(=O)N[C@H](C(=O)N[C@H](C(=O)N[C@@H](C)C=O)[C@@H](C)O)[C@@H](C)O)[C@@H](C)O)[C@@H](C)O,1,4.1521997,3
NC(=[NH2+])NCCC[C@H](NC(=O)CNC(=O)[C@@H](N)CCCC[NH3+])C(=O)N[C@@H](CCCC[NH3+])C(=O)N[C@@H](CCCC[NH3+])C(=O)N[C@@H](CCCNC(N)=[NH2+])C(=O)N[C@@H](CCCNC(N)=[NH2+])C(=O)N[C@@H](CCC(N)=O)C(=O)N[C@@H](CCCNC(N)=[NH2+])C(=O)N[C@@H](CCCNC(N)=[NH2+])C(=O)N[C@@H](CCCNC(N)=[NH2+])C(=O)N1CCC[C@H]1C(=O)N1CCC[C@H]1C(=O)N[C@H](C=O)CCC(N)=O,1,10.76994,3
NCC(=O)N[C@@H](CCCNC(N)=[NH2+])C(=O)N[C@@H](CCCC[NH3+])C(=O)N[C@@H](CCCC[NH3+])C(=O)N[C@@H](CCCNC(N)=[NH2+])C(=O)N[C@@H](CCCNC(N)=[NH2+])C(=O)N[C@@H](CCC(N)=O)C(=O)N[C@@H](CCCNC(N)=[NH2+])C(=O)N[C@@H](CCCNC(N)=[NH2+])C(=O)N[C@@H](CCCNC(N)=[NH2+])C(=O)N1CCC[C@H]1C(=O)N[C@@H](Cc1c[nH]c2ccccc12)C(=O)N[C@H](C=O)CCC(N)=O,1,8.97078,3
CC[C@H](C)[C@@H](C=O)NC(=O)[C@H](CC(C)C)NC(=O)[C@H](Cc1ccc(O)cc1)NC(=O)[C@@H](NC(=O)[C@H](Cc1ccccc1)NC(=O)[C@@H]1CCCN1)C(C)C,1,0.49092,3
N[C@@H](CCCC[NH3+])C(=O)N[C@@H](CCCC[NH3+])C(=O)N[C@@H](CCCC[NH3+])C(=O)N[C@@H](CCCC[NH3+])C(=O)N[C@@H](CCCC[NH3+])C(=O)N[C@@H](CCCC[NH3+])C(=O)N[C@@H](CCCC[NH3+])C(=O)N[C@@H](CCCC[NH3+])C(=O)N[C@H](C=O)CCCC[NH3+],1,10.114045,3
CC(=O)N[C@@H](CCCC[NH3+])C(=O)N[C@@H](CCC(=O)O)C(=O)N[C@H](C(=O)N[C@@H](Cc1c[nH]c2ccccc12)C(=O)N[C@@H](Cc1c[nH]c2ccccc12)C(=O)N[C@@H](CCC(=O)O)C(=O)N[C@H](C(=O)N[C@@H](Cc1c[nH]c2ccccc12)C(=O)N[C@@H](Cc1c[nH]c2ccccc12)C(=O)N[C@H](C(=O)N[C@@H](CCC(=O)O)C(=O)N[C@@H](Cc1c[nH]c2ccccc12)C(=O)N[C@@H](CO)C(=O)N[C@@H](CCC(N)=O)C(=O)N1CCC[C@H]1C(=O)N[C@@H](CCCC[NH3+])C(=O)N[C@@H](CCCC[NH3+])C(=O)N[C@@H](CCCC[NH3+])C(=O)N[C@@H](CCCNC(N)=[NH2+])C(=O)N[C@@H](CCCC[NH3+])C(=O)N[C@H](C(N)=O)C(C)C)[C@@H](C)O)[C@@H](C)O)[C@@H](C)O,1,-2.3077884,3
NC(=[NH2+])NCCC[C@@H](C=O)NC(=O)[C@H](CCCNC(N)=[NH2+])NC(=O)[C@H](CCCNC(N)=[NH2+])NC(=O)[C@H](CCCNC(N)=[NH2+])NC(=O)[C@H](CCCNC(N)=[NH2+])NC(=O)[C@H](CCCNC(N)=[NH2+])NC(=O)[C@H](CCCNC(N)=[NH2+])NC(=O)[C@H](CCCNC(N)=[NH2+])NC(=O)[C@@H](N)CCCNC(N)=[NH2+],1,12.199252,3
CC[C@H](C)[C@H](NC(=O)[C@H](CCCC[NH3+])NC(=O)[C@@H](NC(=O)[C@H](CCC(N)=O)NC(=O)[C@H](CCCNC(N)=[NH2+])NC(=O)[C@@H](N)CS)[C@@H](C)CC)C(=O)N[C@@H](Cc1c[nH]c2ccccc12)C(=O)N[C@@H](Cc1ccccc1)C(=O)N1CCC[C@H]1C(=O)N[C@@H](CC(N)=O)C(=O)N[C@@H](CCCNC(N)=[NH2+])C(=O)N[C@@H](CCCNC(N)=[NH2+])C(=O)N[C@@H](CCSC)C(=O)N[C@@H](CCCC[NH3+])C(=O)N[C@@H](Cc1c[nH]c2ccccc12)C(=O)N[C@@H](CCCC[NH3+])C(=O)N[C@@H](CCCC[NH3+])C(=O)N[C@H](C=O)CS,1,6.436055,3
NCC(=O)N[C@@H](CCCNC(N)=[NH2+])C(=O)N[C@@H](CCCC[NH3+])C(=O)N[C@@H](CCCC[NH3+])C(=O)N[C@@H](CCCNC(N)=[NH2+])C(=O)N[C@@H](CCCNC(N)=[NH2+])C(=O)N[C@@H](CCC(N)=O)C(=O)N[C@@H](CCCNC(N)=[NH2+])C(=O)N[C@@H](CCCNC(N)=[NH2+])C(=O)N[C@@H](CCCNC(N)=[NH2+])C(=O)N1CCC[C@H]1C(=O)N1CCC[C@H]1C(=O)N[C@H](C=O)CCC(N)=O,1,10.321258,3
CC(C)C[C@H](NC(=O)CN)C(=O)N[C@@H](Cc1c[nH]c2ccccc12)C(=O)N[C@@H](CCCNC(N)=[NH2+])C(=O)N[C@@H](C)C(=O)N[C@@H](CC(C)C)C(=O)N[C@@H](Cc1c[nH]c2ccccc12)C(=O)N[C@@H](CCCNC(N)=[NH2+])C(=O)N[C@@H](C)C(=O)N[C@@H](CC(C)C)C(=O)N[C@@H](Cc1c[nH]c2ccccc12)C(=O)N[C@@H](CCCNC(N)=[NH2+])C(=O)N[C@@H](CO)C(=O)N[C@@H](CC(C)C)C(=O)N[C@@H](Cc1c[nH]c2ccccc12)C(=O)N[C@@H](CCCC[NH3+])C(=O)N[C@@H](CCCC[NH3+])C(=O)N[C@@H](CCCC[NH3+])C(=O)N[C@@H](CCCNC(N)=[NH2+])C(=O)N[C@@H](CCCC[NH3+])C(=O)N[C@H](C=O)C(C)C,1,9.540441,3
NC(=[NH2+])NCCC[C@H](NC(=O)[C@H](CCCNC(N)=[NH2+])NC(=O)[C@H](CCCNC(N)=[NH2+])NC(=O)[C@H](CCCNC(N)=[NH2+])NC(=O)[C@H](CCCNC(N)=[NH2+])NC(=O)[C@H](CCCNC(N)=[NH2+])NC(=O)[C@@H](N)CCCNC(N)=[NH2+])C(=O)N[C@H](C=O)Cc1c[nH]c2ccccc12,1,9.403893,3
CC[C@H](C)[C@H](NC(=O)[C@H](CCCNC(N)=[NH2+])NC(=O)[C@H](CCCNC(N)=[NH2+])NC(=O)[C@H](CCCNC(N)=[NH2+])NC(=O)[C@H](CC(C)C)NC(=O)[C@@H](NC(=O)[C@@H](NC(=O)[C@H](CC(C)C)NC(=O)[C@@H](N)CC(C)C)[C@@H](C)CC)[C@@H](C)CC)C(=O)N[C@@H](CCCNC(N)=[NH2+])C(=O)N[C@@H](CCCC[NH3+])C(=O)N[C@@H](CCC(N)=O)C(=O)N[C@@H](C)C(=O)NC(CC1CNCN1)C(O)N[C@@H](C)C(=O)NC(CC1CNCN1)C(O)N[C@@H](CO)C(=O)N[C@@H](C)C=O,1,8.142702,3
CC(C)[C@@H](C=O)NC(=O)[C@H](CCCC[NH3+])NC(=O)[C@H](CCCNC(N)=[NH2+])NC(=O)[C@H](CCCC[NH3+])NC(=O)[C@H](CO)NC(=O)[C@H](CCCC[NH3+])NC(=O)[C@H](CCCC[NH3+])NC(=O)[C@H](Cc1ccccc1)NC(=O)[C@H](CCCNC(N)=[NH2+])NC(=O)[C@@H](N)Cc1c[nH]c2ccccc12,1,5.681283,3
CC(C)C[C@H](NC(=O)[C@H](C)NC(=O)[C@H](CC(C)C)NC(=O)[C@H](CCCC[NH3+])NC(=O)[C@H](CC(C)C)NC(=O)[C@H](CCCC[NH3+])NC(=O)[C@H](CC(C)C)NC(=O)[C@H](C)NC(=O)[C@@H](N)CCCC[NH3+])C(=O)N[C@@H](C)C(=O)N[C@@H](CC(C)C)C(=O)N[C@@H](CC(C)C)C(=O)N[C@@H](C)C(=O)N[C@@H](CCCC[NH3+])C(=O)N[C@@H](CC(C)C)C(=O)N[C@@H](CCCC[NH3+])C(=O)N[C@@H](CC(C)C)C(=O)N[C@@H](C)C(N)=O,1,3.418803,3
CC[C@H](C)[C@H](NC(=O)[C@H](CCCC[NH3+])NC(=O)[C@@H](NC(=O)[C@H](CCC(N)=O)NC(=O)[C@@H](N)CCCNC(N)=[NH2+])[C@@H](C)CC)C(=O)N[C@@H](C)C(=O)N[C@@H](Cc1ccccc1)C(=O)N[C@@H](CCC(N)=O)C(=O)N[C@@H](CC(N)=O)C(=O)N[C@@H](CCCNC(N)=[NH2+])C(=O)N[C@@H](CCCNC(N)=[NH2+])C(=O)N[C@@H](CCSC)C(=O)N[C@@H](CCCC[NH3+])C(=O)N[C@@H](Cc1c[nH]c2ccccc12)C(=O)N[C@@H](CCCC[NH3+])C(=O)N[C@H](C=O)CCCC[NH3+],1,11.407027,3
CC(C)C[C@H](NC(=O)CNC(=O)[C@H](CCCC[NH3+])NC(=O)[C@H](CC(C)C)NC(=O)CNC(=O)[C@H](CC(C)C)NC(=O)[C@H](CCCC[NH3+])NC(=O)[C@H](CC(C)C)NC(=O)CNC(=O)[C@H](CC(C)C)NC(=O)[C@@H](N)CCCC[NH3+])C(=O)N[C@@H](CCCC[NH3+])C(=O)NCC(=O)NCC(=O)N[C@@H](CC(C)C)C(=O)N[C@@H](CCCC[NH3+])C(=O)N[C@@H](CC(C)C)C(=O)NCC=O,1,6.138301,3
C[C@H](N)C(=O)N[C@@H](CS)C(=O)N[C@@H](CO)C(=O)NCC(=O)N[C@@H](CO)C(=O)NCC(=O)N[C@@H](CO)C(=O)NCC(=O)N[C@@H](CS)C(=O)NCC(=O)N[C@@H](CO)C(=O)NCC(=O)N[C@@H](CO)C(=O)NCC(=O)N[C@@H](CO)C(=O)N[C@@H](CS)C(=O)NCC(=O)N[C@@H](CCCNC(N)=[NH2+])C(=O)N[C@@H](CCCNC(N)=[NH2+])C(=O)N[C@@H](CCCNC(N)=[NH2+])C(=O)N[C@@H](CCCNC(N)=[NH2+])C(=O)N[C@@H](CCCNC(N)=[NH2+])C(=O)N[C@@H](CCCNC(N)=[NH2+])C(=O)N[C@@H](CCCNC(N)=[NH2+])C(=O)N[C@H](C=O)CCCNC(N)=[NH2+],1,10.007214,3
CC[C@H](C)[C@H](NC(=O)[C@H](CCCNC(N)=[NH2+])NC(=O)[C@H](C)NC(O)C(N)CC1CNCN1)C(=O)N[C@@H](CCCC[NH3+])C(=O)N1CCC[C@H]1C(=O)N[C@H](C(=O)N[C@@H](Cc1ccccc1)C(=O)N[C@@H](CCCNC(N)=[NH2+])C(=O)N[C@@H](CCCNC(N)=[NH2+])C(=O)N[C@@H](CC(C)C)C(=O)N[C@@H](CCCC[NH3+])C(=O)N[C@@H](Cc1c[nH]c2ccccc12)C(=O)N[C@@H](CCCC[NH3+])C(=O)N[C@@H](Cc1ccc(O)cc1)C(=O)N[C@@H](CCCC[NH3+])C(=O)NCC(=O)N[C@@H](CCCC[NH3+])C(=O)N[C@@H](Cc1ccccc1)C(=O)N[C@H](C=O)Cc1c[nH]c2ccccc12)[C@@H](C)O,1,6.55439,3
CC(C)[C@@H](C=O)NC(=O)[C@H](CCCC[NH3+])NC(=O)[C@H](CCCNC(N)=[NH2+])NC(=O)[C@H](CCCC[NH3+])NC(=O)[C@H](CCCC[NH3+])NC(=O)[C@H](CCCC[NH3+])NC(=O)[C@@H]1CCCN1C(=O)[C@H](CCC(N)=O)NC(=O)[C@H](CO)NC(=O)[C@H](Cc1c[nH]c2ccccc12)NC(=O)[C@H](CCC(=O)O)NC(=O)[C@@H](NC(=O)[C@H](Cc1c[nH]c2ccccc12)NC(=O)[C@H](Cc1c[nH]c2ccccc12)NC(=O)[C@@H](NC(=O)[C@H](CCC(=O)O)NC(=O)[C@H](Cc1c[nH]c2ccccc12)NC(=O)[C@H](Cc1c[nH]c2ccccc12)NC(=O)[C@@H](NC(=O)[C@H](CCC(=O)O)NC(=O)[C@@H](N)CCCC[NH3+])[C@@H](C)O)[C@@H](C)O)[C@@H](C)O,1,2.2604506,3
CC(C)C[C@H](NC(=O)[C@H](C)NC(=O)[C@H](CCCC[NH3+])NC(=O)[C@H](CC(C)C)NC(=O)[C@H](C)NC(=O)[C@H](CC(C)C)NC(=O)[C@@H](N)CCCC[NH3+])C(=O)N[C@@H](CCCC[NH3+])C(=O)N[C@@H](C)C(=O)N[C@@H](C)C(=O)N[C@@H](CC(C)C)C(=O)N[C@@H](CCCC[NH3+])C(=O)N[C@@H](CC(C)C)C(=O)N[C@@H](C)C=O,1,10.582199,3
CSCC[C@H](NC(=O)[C@H](CC(C)C)NC(=O)CNC(=O)[C@H](Cc1ccccc1)NC(=O)[C@H](Cc1ccccc1)NC(=O)[C@H](CCC(N)=O)NC(=O)[C@H](CCC(N)=O)NC(=O)[C@H](CC(C)C)NC(=O)[C@H](CC(C)C)NC(=O)[C@H](CCCC[NH3+])NC(=O)[C@H](Cc1c[nH]c2ccccc12)NC(=O)[C@@H](NC(=O)[C@H](CCCC[NH3+])NC(=O)[C@H](CCCNC(N)=[NH2+])NC(=O)[C@H](CCCC[NH3+])NC(=O)[C@H](CCCC[NH3+])NC(=O)[C@H](CCCC[NH3+])NC(=O)[C@@H]1CCCN1)C(C)C)C(N)=O,1,-3.3726065,3
CC[C@H](C)[C@H](NC(=O)[C@H](C)NC(=O)[C@H](Cc1ccccc1)NC(=O)[C@@H](NC(=O)[C@@H](NC(=O)[C@@H](N)CCSC)[C@@H](C)CC)[C@@H](C)CC)C(=O)N[C@@H](C)C(=O)N[C@@H](C)C(=O)N[C@@H](CO)C(=O)NC(CC1CNCN1)C(O)N[C@@H](CCCC[NH3+])C(=O)N[C@H](C=O)CCCC[NH3+],1,9.366864,3
CC[C@H](C)[C@H](NC(=O)[C@H](CCCNC(N)=[NH2+])NC(=O)[C@H](Cc1ccc(O)cc1)NC(O)C(N)CC1CNCN1)C(=O)N[C@@H](CCCC[NH3+])C(=O)N1CCC[C@H]1C(=O)N[C@H](C(=O)N[C@@H](Cc1ccccc1)C(=O)N[C@@H](CCCNC(N)=[NH2+])C(=O)N[C@@H](CCCNC(N)=[NH2+])C(=O)N[C@@H](CC(C)C)C(=O)N[C@@H](CCCC[NH3+])C(=O)N[C@@H](Cc1c[nH]c2ccccc12)C(=O)N[C@@H](CCCC[NH3+])C(=O)N[C@@H](Cc1ccc(O)cc1)C(=O)N[C@@H](CCCC[NH3+])C(=O)NCC(=O)N[C@@H](CCCC[NH3+])C(=O)N[C@@H](Cc1ccccc1)C(=O)N[C@@H](C)C=O)[C@@H](C)O,1,6.5353637,3
NC(=[NH2+])NCCC[C@H](NC(=O)[C@H](CCCNC(N)=[NH2+])NC(=O)[C@H](CCCNC(N)=[NH2+])NC(=O)[C@H](CCC(N)=O)NC(=O)[C@H](CCCNC(N)=[NH2+])NC(=O)[C@H](CCCNC(N)=[NH2+])NC(=O)[C@H](CCCC[NH3+])NC(=O)[C@H](CCCC[NH3+])NC(=O)[C@H](CCCNC(N)=[NH2+])NC(=O)CNC(=O)[C@@H](N)Cc1ccc(O)cc1)C(N)=O,1,0.8802085,3
CCC[C@H](NC(=O)[C@H](CS)NC(=O)[C@@H](NC(=O)CNC(=O)CN)C(C)C)C(=O)N[C@@H](CCCCN)C(=O)N[C@H](C(=O)N[C@@H](CC(C)C)C(=O)N[C@@H](C)C(=O)N[C@@H](CCCCN)C(=O)N[C@H]1C[SH]2[SH]3C[C@@H](C(=O)NCC(=O)N[C@@H](CO)C(=O)NCC(=O)N[C@@H](CO)C(=O)N[C@H](C=O)CC(=O)O)NC(=O)[C@H](Cc4ccc(O)cc4)NC(=O)CNC(=O)[C@H](CC(N)=O)NC(=O)CNC(=O)[C@H](CCCNC(=N)N)NC(=O)[C@@H]4CSS32C[C@H](NC(=O)[C@H](CC(=O)O)NC(=O)[C@H](CO)NC(=O)[C@H](CC(=O)O)NC(=O)[C@H](CCCNC(=N)N)NC(=O)[C@H](CCCNC(=N)N)NC1=O)C(=O)N1CCC[C@H]1C(=O)NCC(=O)N[C@@H](C)C(=O)N[C@@H](CS)C(=O)N[C@@H]([C@@H](C)CC)C(=O)N4)[C@@H](C)CC,1,-0.34922963,3
CC[C@H](C)[C@H](NC(=O)[C@H](CCCC[NH3+])NC(=O)[C@@H](NC(=O)[C@H](CCC(N)=O)NC(=O)[C@@H]([NH3+])CCCNC(N)=[NH2+])[C@@H](C)CC)C(=O)N[C@@H](Cc1c[nH]c2ccccc12)C(=O)N[C@@H](Cc1ccccc1)C(=O)N[C@@H](CCC(N)=O)C(=O)N[C@@H](CC(N)=O)C(=O)N[C@@H](CCCNC(N)=[NH2+])C(=O)N[C@@H](CCCNC(N)=[NH2+])C(=O)N[C@@H](CCSC)C(=O)N[C@@H](CCCC[NH3+])C(=O)N[C@@H](Cc1c[nH]c2ccccc12)C(=O)N[C@@H](CCCC[NH3+])C(=O)N[C@@H](CCCC[NH3+])C(=O)O,1,6.4482503,3
CC[C@H](C)[C@H](NC(=O)[C@H](CCCC[NH3+])NC(=O)[C@@H](NC(=O)[C@H](CCC(N)=O)NC(=O)[C@@H]([NH3+])CCCNC(N)=[NH2+])[C@@H](C)CC)C(=O)N[C@@H](Cc1c[nH]c2ccccc12)C(=O)N[C@@H](Cc1ccccc1)C(=O)N[C@@H](CCC(N)=O)C(=O)N[C@@H](CC(N)=O)C(=O)N[C@@H](CCCNC(N)=[NH2+])C(=O)N[C@@H](CCCNC(N)=[NH2+])C(=O)N[C@@H](CCSC)C(=O)N[C@@H](CCCC[NH3+])C(=O)N[C@@H](Cc1c[nH]c2ccccc12)C(=O)N[C@@H](CCCC[NH3+])C(=O)N[C@@H](CCCC[NH3+])C(=O)O,1,6.4482503,3
NC(=[NH2+])NCCC[C@@H](C=O)NC(=O)[C@H](CCCNC(N)=[NH2+])NC(=O)[C@H](CCCNC(N)=[NH2+])NC(=O)[C@H](CCC(N)=O)NC(=O)[C@H](CCCNC(N)=[NH2+])NC(=O)[C@H](CCCNC(N)=[NH2+])NC(=O)[C@H](CCCC[NH3+])NC(=O)[C@H](CCCC[NH3+])NC(=O)[C@H](CCCNC(N)=[NH2+])NC(=O)CNC(=O)[C@@H](N)Cc1ccc(O)cc1,1,9.843013,3
NC(=[NH2+])NCCC[C@@H](N)C(=O)N[C@H](CCCNC(N)=[NH2+])C(=O)N[C@H](CCCNC(N)=[NH2+])C(=O)N[C@H](CCCNC(N)=[NH2+])C(=O)N[C@H](CCCNC(N)=[NH2+])C(=O)N[C@H](CCCNC(N)=[NH2+])C(=O)N[C@H](CCCNC(N)=[NH2+])C(=O)N[C@@H](C=O)CCCNC(N)=[NH2+],1,12.34077,3
CC[C@H](C)[C@H](NC(=O)[C@@H](NC(=O)[C@H](CO)NC(=O)[C@H](C)NC(=O)[C@@H](NC(=O)[C@H](CCCC[NH3+])NC(=O)[C@H](CCCC[NH3+])NC(=O)[C@@H](NC(=O)[C@@H](NC(=O)[C@H](CCCC[NH3+])NC(=O)[C@H](Cc1ccccc1)NC(=O)[C@H](CC(C)C)NC(=O)CN)C(C)C)[C@@H](C)CC)C(C)C)C(C)C)C(=O)NCC(=O)NCC(=O)N[C@@H](CC(C)C)C(N)=O,0,-5.512035,3
CC(C)[C@H](NC(=O)[C@H](CCCNC(N)=[NH2+])NC(=O)[C@H](CS)NC(=O)[C@H](C)NC(=O)[C@@H]1CCCN1C(O)C(CC1CNCN1)NC(=O)[C@H](CO)NC(=O)[C@H](CS)NC(=O)[C@H](CS)NC(=O)CN)C(=O)NC(CC1CNCN1)C(O)N[C@@H](Cc1ccc(O)cc1)C(=O)N1CCC[C@H]1C(=O)NC(CC1CNCN1)C(O)N[C@H](C(=O)N[C@@H](CS)C(=O)N[C@@H](Cc1ccc(O)cc1)C(N)=O)C(C)C,0,-5.741358,3
CSCC[C@H](NC(=O)[C@H](C)NC(C)=O)C(=O)N[C@H](C(=O)N[C@@H](CO)C(=O)N[C@H](C=O)CO)C(C)C,0,0.6924053,3
CSCC[C@H](NC(=O)CNC(=O)[C@H](Cc1ccccc1)NC(=O)CN)C(=O)N[C@@H](C)C(=O)N[C@@H](CC(C)C)C(=O)NC(CCC[NH3+])C(O)N[C@@H](CC(C)C)C(=O)N[C@@H](CC(C)C)C(=O)NC(CCC[NH3+])C(O)NC(CCC[NH3+])C(O)N[C@H](C(=O)N[C@@H](CC(C)C)C(N)=O)C(C)C,0,-4.9893246,3
CC[C@H](C)[C@H](NC(=O)CNC(=O)[C@H](CCCC[NH3+])NC(=O)[C@@H](NC(=O)[C@H](CC(C)C)NC(=O)[C@H](CO)NC(=O)CNC(=O)[C@H](CC(C)C)NC(=O)CNC(=O)[C@H](C)NC(=O)[C@H](CCCC[NH3+])NC(=O)[C@H](Cc1ccccc1)NC(=O)[C@@H](NC(=O)[C@H](CC(=O)O)NC(=O)[C@H](CCCC[NH3+])NC(=O)[C@H](CC(C)C)NC(=O)CN)[C@@H](C)CC)C(C)C)C(=O)N[C@@H](C)C(=O)N[C@@H](C)C(=O)NC(CC1CNCN1)C(O)N[C@H](C(=O)N[C@@H](C)C(=O)N[C@@H](CC(N)=O)C(N)=O)C(C)C,0,-5.255673,3
CC(C)[C@H](N)C(=O)NCC(=O)N[C@@H](CCC(=O)O)C(=O)N[C@@H](C)C(=O)N[C@@H](CS)C(=O)N[C@@H](CS)C(=O)N[C@@H](CCCC[NH3+])C(=O)N[C@@H](CC(N)=O)C(=O)NCC(=O)N[C@@H](CCCC[NH3+])C(=O)N[C@@H](CCCNC(N)=[NH2+])C(=O)NCC(=O)N[C@@H](CS)C(=O)NCC(=O)N[C@@H](CCCNC(N)=[NH2+])C(=O)N[C@@H](Cc1c[nH]c2ccccc12)C(=O)N[C@@H](CS)C(=O)N[C@@H](CCCNC(N)=[NH2+])C(=O)N[C@@H](CC(=O)O)C(=O)NC(CC1CNCN1)C(O)N[C@@H](CO)C(=O)N[C@@H](CCCNC(N)=[NH2+])C(=O)N[C@@H](CS)C(=O)N[C@@H](CS)C(N)=O,0,-2.1501195,3
CC[C@H](C)[C@H](NC(=O)[C@H](Cc1ccccc1)NC(=O)[C@H](CO)NC(=O)[C@H](CCCC[NH3+])NC(=O)[C@H](Cc1c[nH]c2ccccc12)NC(=O)[C@@H](N)CCCC[NH3+])C(=O)N[C@@H](CCCC[NH3+])C(=O)N[C@@H](CCCC[NH3+])C(=O)N[C@@H](CC(C)C)C(=O)N[C@H](C(=O)N[C@@H](CO)C(=O)N[C@@H](CCCC[NH3+])C(=O)N[C@@H](Cc1ccccc1)C(=O)N[C@@H](CC(C)C)C(=O)NC(CC1CNCN1)C(O)N[C@@H](CO)C(=O)N[C@@H](C)C(=O)N[C@@H](CC(=O)O)C(=O)N[C@@H](CCCC[NH3+])C(=O)N[C@@H](Cc1ccccc1)C(N)=O)[C@@H](C)O,0,-4.6626673,3
CC[C@H](C)[C@H](NC(=O)[C@H](CC(C)C)NC(=O)[C@H](CCCC[NH3+])NC(=O)CNC(=O)[C@H](CC(C)C)NC(=O)[C@@H](NC(=O)[C@H](CCCC[NH3+])NC(=O)[C@H](CCCC[NH3+])NC(=O)[C@H](Cc1c[nH]c2ccccc12)NC(=O)[C@H](CCCC[NH3+])NC(=O)CN)[C@@H](C)CC)C(=O)N[C@@H](CCCNC(N)=[NH2+])C(N)=O,0,-4.3322926,3
CC[C@H](C)[C@H](NC(=O)[C@H](CO)NC(=O)[C@H](C)NC(=O)[C@@H](NC(=O)[C@H](CCCC[NH3+])NC(=O)[C@H](CCCC[NH3+])NC(=O)[C@H](Cc1c[nH]c2ccccc12)NC(=O)[C@@H](NC(=O)[C@@H](N)CC(N)=O)[C@@H](C)CC)[C@@H](C)CC)C(=O)N[C@@H](C)C(=O)N[C@@H](CCCC[NH3+])C(=O)N[C@@H](CCC(=O)O)C(=O)N[C@H](C(=O)N[C@@H](CC(C)C)C(=O)N[C@@H](CCCC[NH3+])C(=O)N[C@@H](C)C(=O)N[C@@H](CC(C)C)C(N)=O)C(C)C,0,-3.7132812,3
CC[C@H](C)[C@H](NC(=O)[C@H](CCCC[NH3+])NC(=O)CNC(=O)[C@H](CC(C)C)NC(=O)[C@H](CO)NC(=O)[C@H](CCCC[NH3+])NC(=O)[C@H](CCCC[NH3+])NC(=O)[C@H](Cc1c[nH]c2ccccc12)NC(=O)[C@H](CO)NC(=O)[C@@H](N)C(C)C)C(=O)N[C@H](C(=O)N[C@@H](CCCC[NH3+])C(=O)N[C@H](C(=O)N[C@H](C(=O)N[C@@H](CCCC[NH3+])C(N)=O)C(C)C)C(C)C)[C@@H](C)CC,0,-5.9790864,3
CSCC[C@H](N)C(=O)N[C@@H](CS)C(=O)N1CCC[C@H]1C(=O)N1CCC[C@H]1C(=O)N[C@@H](CC(C)C)C(=O)N[C@@H](CS)C(=O)N[C@@H](C)C(=O)N1CCC[C@H]1C(=O)N[C@@H](CO)C(=O)N[C@@H](CS)C(=O)N[C@H](C(=O)N[C@@H](CC(N)=O)C(=O)N[C@@H](CS)C(N)=O)[C@@H](C)O,0,-5.4941645,3
CC[C@H](C)[C@H](N)C(=O)N[C@@H](CC(C)C)C(=O)N1CCC[C@H]1C(=O)N[C@@H](Cc1c[nH]c2ccccc12)C(=O)N[C@@H](CCCC[NH3+])C(=O)N[C@@H](C)C(=O)N1CCC[C@H]1C(=O)N[C@@H](C)C(=O)N[C@@H](C)C(=O)N1CCC[C@H]1C(=O)N[C@@H](C)C(=O)N[C@@H](CCCNC(N)=[NH2+])C(=O)N[C@@H](CCCNC(N)=[NH2+])C(N)=O,0,0.18302487,3
CC[C@H](C)[C@H](NC(=O)[C@H](CO)NC(=O)[C@@H](NC(=O)[C@H](CS)NC(=O)[C@H](CCCC[NH3+])NC(=O)CNC(=O)[C@H](CCCNC(N)=[NH2+])NC(=O)[C@H](CO)NC(=O)[C@H](CS)NC(=O)[C@H](CCSC)NC(=O)[C@H](CC(C)C)NC(=O)CNC(=O)[C@H](CCSC)NC(=O)[C@H](CS)NC(=O)[C@H](CS)NC(=O)[C@@H](NC(O)C1CC(O)CN1C(O)C1CC(O)CN1C(=O)[C@H](CS)NC(=O)[C@H](CCCNC(N)=[NH2+])NC(=O)[C@H](CO)NC(=O)[C@H](CC(=O)O)NC(=O)[C@H](CCCNC(N)=[NH2+])NC(=O)CNC(=O)[C@H](CO)NC(=O)[C@H](CS)NC(=O)[C@@H](N)CO)C(C)C)C(C)C)C(=O)N[C@@H](Cc1ccc(O)cc1)C(=O)NCC(=O)N[C@H](C=O)CCC(=O)O,0,-1.0335565,3
CC[C@H](C)[C@H](NC(=O)CN)C(=O)NCC(=O)N[C@@H](CO)C(=O)N[C@@H](C)C(=O)N[C@H](C(=O)N[C@@H](CC(C)C)C(=O)N[C@@H](CO)C(=O)N[C@@H](C)C(=O)NCC(=O)N[C@@H](CCCC[NH3+])C(=O)N[C@@H](CO)C(=O)N[C@@H](C)C(=O)N[C@@H](CC(C)C)C(=O)N[C@@H](CCCC[NH3+])C(=O)NCC(=O)N[C@@H](CC(C)C)C(=O)N[C@@H](C)C(=O)N[C@@H](CCCC[NH3+])C(=O)NCC(=O)N[C@@H](CC(C)C)C(=O)N[C@@H](C)C(=O)N[C@@H](CCC(=O)O)C(=O)NC(CC1CNCN1)C(O)N[C@@H](Cc1ccccc1)C(=O)N[C@@H](C)C(=O)N[C@@H](CC(N)=O)C(N)=O)[C@@H](C)CC,0,-3.644307,3
CC[C@H](C)[C@H](N)C(=O)N[C@@H](CC(C)C)C(=O)NCC(=O)N[C@@H](CCCC[NH3+])C(=O)N[C@@H](CC(C)C)C(=O)N[C@@H](CC(C)C)C(=O)N[C@@H](CCCC[NH3+])C(=O)N[C@H](C(=O)N[C@@H](C)C(=O)N[C@@H](C)C(=O)N[C@@H](CCCC[NH3+])C(=O)N[C@@H](CC(C)C)C(=O)N[C@@H](CC(C)C)C(=O)N[C@@H](CO)C(=O)N[C@@H](CC(N)=O)C(=O)N[C@@H](CC(C)C)C(N)=O)[C@@H](C)O,0,-3.9884555,3
C[C@H](NC(=O)[C@@H]1CCCN1C(O)C(CC1CNCN1)NC(=O)[C@H](CS)NC(=O)[C@H](CS)NC(=O)[C@@H](N)CCC(=O)O)C(=O)N[C@@H](CS)C(=O)NCC(=O)N[C@@H](CCCC[NH3+])C(=O)NC(CC1CNCN1)C(O)N[C@@H](Cc1ccccc1)C(=O)N[C@@H](CO)C(=O)N[C@@H](CS)C(N)=O,0,-6.1089344,3
C[C@H](NC(=O)[C@H](C)NC(=O)[C@H](CCCC[NH3+])NC(=O)[C@H](C)NC(=O)[C@H](Cc1ccccc1)NC(=O)[C@H](Cc1c[nH]c2ccccc12)NC(=O)[C@H](CCCC[NH3+])NC(=O)[C@H](Cc1ccccc1)NC(=O)[C@H](CCCC[NH3+])NC(=O)[C@H](CCCC[NH3+])NC(=O)[C@H](C)NC(=O)[C@H](Cc1ccccc1)NC(=O)[C@@H](N)CCCC[NH3+])C(=O)N[C@@H](Cc1ccccc1)C(=O)N[C@@H](CCCC[NH3+])C(=O)N[C@@H](Cc1ccccc1)C(=O)N[C@@H](Cc1ccccc1)C(=O)N[C@@H](CCCC[NH3+])C(=O)N[C@@H](CCCC[NH3+])C(N)=O,0,-3.1959608,3
CC(C)C[C@H](NC(=O)[C@H](CCCC[NH3+])NC(=O)[C@@H](N)CCCC[NH3+])C(=O)N[C@@H](Cc1ccccc1)C(=O)N[C@@H](CCCC[NH3+])C(=O)N[C@@H](CCCC[NH3+])C(=O)N[C@H](CC(C)C)C(=O)N[C@H](CC(C)C)C(=O)N[C@H](CCCC[NH3+])C(=O)N[C@H](Cc1ccc(O)cc1)C(=O)N[C@H](CC(C)C)C(N)=O,0,-3.4945576,3
CC[C@H](C)[C@H](NC(=O)[C@H](Cc1ccccc1)NC(=O)[C@H](CCCC[NH3+])NC(=O)[C@H](C)NC(=O)[C@@H](NC(=O)[C@H](CO)NC(=O)[C@H](CCCC[NH3+])NC(=O)[C@H](CCSC)NC(=O)[C@H](C)NC(=O)[C@H](CCCC[NH3+])NC(=O)[C@H](Cc1ccccc1)NC(=O)[C@H](Cc1c[nH]c2ccccc12)NC(=O)CNC(=O)[C@H](CCCC[NH3+])NC(=O)[C@@H](N)CCCNC(N)=[NH2+])[C@@H](C)CC)C(=O)N[C@@H](C)C(=O)N[C@@H](CCCC[NH3+])C(=O)N[C@@H](CCC(=O)O)C(=O)N[C@@H](CCCC[NH3+])C(=O)N[C@@H](CC(C)C)C(=O)N[C@@H](CCCC[NH3+])C(=O)N[C@@H](CCC(=O)O)C(=O)NC(CC1CNCN1)C(O)N[C@@H](CC(C)C)C(N)=O,0,-2.9320672,3
C[C@H](NC(=O)[C@H](C)NC(=O)[C@H](Cc1ccccc1)NC(=O)[C@H](C)NC(=O)[C@H](C)NC(=O)[C@H](Cc1c[nH]c2ccccc12)NC(=O)[C@H](C)NC(=O)[C@H](C)NC(=O)[C@H](Cc1ccccc1)NC(=O)[C@H](C)NC(=O)[C@H](C)NC(=O)[C@H](CCCC[NH3+])NC(=O)[C@H](CCCC[NH3+])NC(=O)[C@H](CCCC[NH3+])NC(=O)[C@H](CCCC[NH3+])NC(=O)[C@H](CCCC[NH3+])NC(=O)[C@@H](N)CCCC[NH3+])C(N)=O,0,-1.7705677,3
CC(C)C[C@@H](NC(=O)[C@@H](C)NC(=O)[C@H]1CCCN1C(=O)[C@@H](CC(C)C)NC(=O)[C@@H](Cc1c[nH]c2ccccc12)NC(O)C(CC1CNCN1)NC(=O)[C@@H](CCCC[NH3+])NC(=O)[C@@H](CC(C)C)NC(=O)[C@@H](C)NC(=O)[C@@H](CCCC[NH3+])NC(=O)[C@@H](C)NC(=O)[C@@H](CC(C)C)NC(=O)[C@@H](C)NC(=O)[C@@H](CCCC[NH3+])NC(=O)[C@H](N)CCCC[NH3+])C(=O)NC(CC1CNCN1)C(O)N[C@H](CCCC[NH3+])C(=O)N[C@H](CC(C)C)C(=O)N[C@H](C)C(=O)N[C@H](CCCC[NH3+])C(=O)N[C@H](C)C(=O)N[C@H](CC(C)C)C(=O)N[C@H](C)C(=O)N[C@H](CCCC[NH3+])C(=O)N[C@H](CCCC[NH3+])C(N)=O,0,-2.2371511,3
CC[C@H](C)[C@H](NC(=O)CN)C(=O)NCC(=O)N[C@@H](C)C(=O)N[C@H](C(=O)N[C@@H](CC(C)C)C(=O)N[C@@H](CCCC[NH3+])C(=O)N[C@H](C(=O)N[C@@H](CC(C)C)C(=O)N[C@@H](C)C(=O)N[C@@H](CC(C)C)C(=O)N[C@H](C(=O)N[C@@H](CO)C(=O)N[C@@H](Cc1c[nH]c2ccccc12)C(=O)N[C@H](C(=O)N[C@@H](CCCC[NH3+])C(=O)N[C@@H](CCCNC(N)=[NH2+])C(=O)N[C@@H](CCCC[NH3+])C(=O)N[C@@H](CCCNC(N)=[NH2+])C(N)=O)[C@@H](C)CC)[C@@H](C)CC)C(C)C)C(C)C,0,-3.7140095,3
CC[C@H](C)[C@H](NC(=O)[C@H](CCCC[NH3+])NC(=O)[C@H](CCCC[NH3+])NC(=O)[C@H](C)NC(=O)[C@@H](NC(=O)CNC(=O)[C@H](CCCNC(N)=[NH2+])NC(=O)[C@H](CC(C)C)NC(=O)[C@@H](NC(=O)[C@@H](N)CCCC[NH3+])[C@@H](C)CC)C(C)C)C(=O)N[C@@H](CCSC)C(=O)N[C@@H](CCCNC(N)=[NH2+])C(=O)N[C@H](C(=O)N[C@@H](Cc1ccccc1)C(=O)N[C@@H](CC(C)C)C(=O)N[C@@H](CCCNC(N)=[NH2+])C(=O)N[C@@H](CCCNC(N)=[NH2+])C(=O)N[C@H](C(=O)N[C@@H](CO)C(=O)N[C@@H](CCCC[NH3+])C(=O)N[C@@H](CC(=O)O)C(=O)N[C@H](C(=O)N[C@@H](CC(C)C)C(=O)N[C@H](C(=O)NCC(=O)N[C@@H](CCCC[NH3+])C(=O)N[C@@H](CCCC[NH3+])C(N)=O)[C@@H](C)O)[C@@H](C)CC)[C@@H](C)CC)[C@@H](C)O,0,-1.6144758,3
CC[C@H](C)[C@H](NC(=O)[C@H](C)NC(O)C(CC1CNCN1)NC(=O)[C@@H]1CCCN1C(=O)[C@@H](NC(=O)[C@H](CC(C)C)NC(=O)[C@H](CO)NC(=O)[C@H](CC(C)C)NC(=O)[C@@H](N)Cc1ccccc1)[C@@H](C)CC)C(=O)N[C@@H](CC(N)=O)C(=O)N[C@@H](C)C(=O)N[C@H](C(=O)N[C@@H](CO)C(=O)N[C@H](C(=O)N[C@@H](CC(C)C)C(=O)N[C@H](C(=O)NC(CC1CNCN1)C(O)NC(CC1CNCN1)C(O)N[C@@H](CO)C(N)=O)C(C)C)[C@@H](C)O)C(C)C,0,-4.632862,3
CC(C)C[C@H](NC(=O)[C@H](CCCC[NH3+])NC(=O)[C@H](Cc1ccc(O)cc1)NC(=O)CNC(=O)[C@H](CS)NC(=O)[C@H](CS)NC(=O)[C@@H](NC(=O)CNC(=O)[C@@H](N)CC(N)=O)C(C)C)C(=O)N[C@@H](CS)C(=O)NC(CC1CNCN1)C(O)N1CC(O)CC1C(O)N[C@H](C=O)CS,0,-3.4111843,3
CC[C@H](C)[C@H](N)C(=O)N[C@@H](Cc1c[nH]c2ccccc12)C(=O)N[C@@H](CC(C)C)C(=O)N[C@H](C(=O)N[C@@H](C)C(=O)N[C@@H](CC(C)C)C(=O)N[C@@H](CCCC[NH3+])C(=O)N[C@@H](Cc1ccccc1)C(=O)N[C@@H](CC(C)C)C(=O)NCC(=O)N[C@@H](CCCC[NH3+])C(=O)NC(CC1CNCN1)C(O)N[C@@H](C)C(=O)N[C@@H](C)C(=O)N[C@@H](CCCC[NH3+])C(=O)NC(CC1CNCN1)C(O)N[C@@H](CC(C)C)C(=O)N[C@@H](C)C(=O)N[C@@H](CCCC[NH3+])C(=O)N[C@@H](CCC(N)=O)C(=O)N[C@@H](CCC(N)=O)C(=O)N[C@@H](CC(C)C)C(=O)N[C@@H](CO)C(=O)N[C@@H](CCCC[NH3+])C(=O)N[C@@H](CC(C)C)C(N)=O)[C@@H](C)O,0,-2.130505,3
CCCC(CO)NC(=O)[C@@H]1CCCN1C(=O)[C@@H](NC(=O)[C@@H](NC(=O)[C@H](CC(=O)O)NC(C)=O)[C@@H](C)CC)C(C)C,0,-4.112379,3
CC(C)C[C@H](NC(=O)[C@H](CC(C)C)NC(=O)[C@H](CCCC[NH3+])NC(=O)[C@H](CCCC[NH3+])NC(=O)[C@H](CC(C)C)NC(=O)[C@H](CC(C)C)NC(=O)[C@H](CCCC[NH3+])NC(=O)[C@H](CC(C)C)NC(=O)[C@@H]1CCCN1C(=O)[C@H](CCCC[NH3+])NC(=O)[C@H](CCCC[NH3+])NC(=O)[C@H](CC(C)C)NC(=O)[C@H](CC(C)C)NC(=O)[C@H](CCCC[NH3+])NC(=O)[C@H](CCCC[NH3+])NC(=O)[C@H](Cc1c[nH]c2ccccc12)NC(=O)[C@@H](N)CCCC[NH3+])C(N)=O,0,-3.6583407,3
N=C(N)NCCC[C@H](NC(=O)[C@@H]1CCCN1C(=O)[C@@H]1CSSC[C@H](N)C(=O)N[C@@H](Cc2ccc(O)cc2)C(=O)N[C@@H](Cc2ccccc2)C(=O)N[C@@H](CCC(N)=O)C(=O)N[C@@H](CC(N)=O)C(=O)N1)C(=O)NCC(N)=O,0,-4.5091925,3
CC[C@H](C)[C@@H](NC(=O)[C@@H](C)NC(=O)[C@@H](CCCC[NH3+])NC(=O)[C@@H](CC(C)C)NC(=O)[C@@H](CC(C)C)NC(=O)[C@H](NC(O)C(CC1CNCN1)NC(=O)[C@@H](CC(C)C)NC(=O)[C@H](NC(=O)[C@H](NC(=O)[C@@H](CCCC[NH3+])NC(=O)[C@@H](CCCC[NH3+])NC(=O)[C@@H](CC(C)C)NC(=O)[C@@H](CO)NC(=O)[C@@H](CCCC[NH3+])NC(=O)[C@@H](Cc1ccccc1)NC(=O)[C@H](NC(=O)[C@@H](CCCC[NH3+])NC(=O)[C@@H](CC(C)C)NC(=O)[C@@H](Cc1ccccc1)NC(=O)[C@@H](CO)NC(=O)[C@@H](CCCC[NH3+])NC(=O)[C@@H](Cc1c[nH]c2ccccc12)NC(=O)[C@@H](CCCC[NH3+])NC(C)=O)[C@@H](C)O)[C@@H](C)O)C(C)C)[C@@H](C)O)C(=O)N[C@H](CO)C(=O)N[C@@H](CO)C(N)=O,0,-4.8843145,3
C[C@@H]1NC(=O)[C@@H]2CSSC[C@H](NC(=O)C[NH3+])C(=O)N[C@@H](CSSC[C@@H](C(N)=O)NC(=O)[C@H](CCCNC(N)=[NH2+])NC(=O)[C@H](Cc3c[nH]c4ccccc34)NC1=O)C(=O)N[C@@H](CO)C(=O)N[C@@H](CC(=O)O)C(=O)N1CCC[C@H]1C(=O)N[C@@H](CCCNC(N)=[NH2+])C(=O)N2,0,-4.367395,3
CC(C)C[C@@H]1NC(=O)[C@@H](Cc2c[nH]c3ccccc23)NC(=O)[C@H](CCCC[NH3+])NC(O)C(CO)N(C)C(=O)[C@H](CC(N)=O)NC(=O)[C@@H](CCC(=O)O)NC(=O)[C@H](CO)NC(O)C(CC2CNC3CCCCC23)N(C)C1=O,0,-6.3441024,3
CC[C@H](C)[C@H](NC(O)C(CC1CNCN1)NC(=O)[C@H](CCCC[NH3+])NC(=O)[C@H](CC(C)C)NC(=O)[C@H](CC(C)C)NC(=O)[C@H](CO)NC(=O)[C@H](CCSC)NC(=O)[C@H](Cc1c[nH]c2ccccc12)NC(=O)[C@H](CCCC[NH3+])NC(=O)CN)C(=O)N[C@@H](CC(C)C)C(=O)N[C@@H](CCCC[NH3+])C(N)=O,0,-5.2095957,3
CSCC[C@H](NC(=O)[C@H](CCC(=O)O)NC(=O)[C@H](CC(=O)O)NC(C)=O)C(=O)N[C@@H](CCC(=O)O)C(=O)NC(CC1CCC2CCCCC2C1)C(O)N[C@H](C=O)CS,0,-2.0024412,3
CC(C)C[C@H]1NC(=O)CNC(=O)[C@@H](CC(N)=O)NC(=O)[C@H](CCCNC(N)=[NH2+])NC(=O)[C@H]([C@@H](C)O)NC(=O)[C@H](CS)NC(=O)[C@H](C(C)C)NC(=O)[C@@H]2CCCN2C(=O)[C@H](Cc2c[nH]c3ccccc23)NC(=O)[C@H](CO)NC(=O)[C@H](CS)NC(=O)[C@H](CO)NC(=O)[C@H](CS)NC(=O)CNC(=O)[C@@H]2CCCN2C(=O)[C@H]([C@@H](C)O)NC(=O)[C@H](Cc2ccc(O)cc2)NC(=O)[C@H](CS)NC(=O)[C@H](CO)NC(=O)CNC(=O)[C@H](Cc2ccccc2)NC(=O)[C@H](C)NC(=O)[C@H](CS)NC(=O)[C@H]([C@@H](C)O)NC(=O)[C@H](CCC(=O)O)NC(=O)CNC(=O)[C@H](CS)NC(=O)[C@H](C(C)C)NC(=O)[C@@H]2CCCN2C1=O,0,-6.7749815,3
CC(C)[C@@H]1NC(=O)[C@H](CCCC[NH3+])NC(=O)[C@H](C)NC(=O)[C@@H]2CCCN2C(=O)[C@@H](Cc2ccc(O)cc2)NC(=O)[C@H](C(C)C)NC(=O)[C@@H](CCCC[NH3+])NC(=O)[C@H](C)NC(=O)[C@H](CCCC[NH3+])NC(=O)[C@H](C(C)C)NC(=O)[C@H]2CCCN2C(=O)[C@@H](Cc2ccc(O)cc2)NC(=O)[C@H](C)NC(=O)[C@H](CCCC[NH3+])NC1=O,0,-5.2006063,3
CC[C@H](C)[C@H](NC(=O)CNC(=O)[C@H](C)NC(=O)[C@H](CS)NC(=O)[C@H](C)NC(=O)[C@H](C)NC(=O)[C@H](CCCNC(N)=[NH2+])NC(=O)[C@H](CO)NC(=O)[C@H](CS)NC(=O)[C@H](CS)NC(=O)CN)C(=O)NC(CC1CNCN1)C(O)N[C@@H](CCC(N)=O)C(=O)N[C@@H](CCC(=O)O)C(=O)N[C@@H](CC(C)C)C(=O)N[C@@H](CS)C(N)=O,0,-5.1352963,3
CC(C)C[C@H](NC(=O)[C@H](CCCNC(N)=[NH2+])NC(=O)[C@H](CCCC[NH3+])NC(=O)[C@H](CCCC[NH3+])NC(=O)[C@H](CC(C)C)NC(=O)[C@H](CC(N)=O)NC(=O)[C@H](C)NC(=O)[C@H](Cc1ccccc1)NC(=O)[C@H](CCCNC(N)=[NH2+])NC(=O)[C@H](CCCNC(N)=[NH2+])NC(=O)[C@H](CCCC[NH3+])NC(=O)[C@H](Cc1ccccc1)NC(=O)[C@H](CO)NC(=O)[C@H](C)NC(=O)CNC(=O)[C@H](Cc1ccccc1)NC(=O)[C@H](CCCC[NH3+])NC(=O)[C@H](CCCC[NH3+])NC(=O)[C@H](Cc1ccccc1)NC(=O)[C@H](Cc1ccc(O)cc1)NC(=O)[C@H](CCC(=O)O)NC(=O)[C@H](CCCC[NH3+])NC(=O)[C@H](CCCNC(N)=[NH2+])NC(=O)[C@H](CCCC[NH3+])NC(=O)CNC(=O)[C@H](Cc1ccccc1)NC(=O)[C@H](Cc1ccccc1)NC(=O)CN)C(N)=O,0,-1.5817783,3
CC[C@H](C)[C@H](NC(=O)[C@@H](N)CCCC[NH3+])C(=O)N[C@@H](CCCC[NH3+])C(=O)N[C@H](C(=O)N1CCC[C@H]1C(=O)N[C@@H](Cc1c[nH]c2ccccc12)C(=O)NCC(=O)N[C@@H](CCCC[NH3+])C(=O)N[C@H](C(=O)N[C@@H](CCCC[NH3+])C(=O)N[C@@H](CC(=O)O)C(=O)N[C@@H](Cc1ccccc1)C(=O)N[C@@H](CC(C)C)C(=O)N[C@H](C(=O)NCC(=O)NCC(=O)N[C@@H](CCSC)C(=O)N[C@@H](CCCC[NH3+])C(=O)N[C@@H](C)C(=O)N[C@H](C(N)=O)C(C)C)C(C)C)C(C)C)[C@@H](C)CC,0,-4.320928,3
CC[C@H](C)[C@H](NC(=O)[C@H](Cc1ccccc1)NC(=O)[C@@H]1CCCN1C(=O)[C@H](C)NC(=O)[C@@H](NC(=O)[C@@H](N)CC(C)C)[C@@H](C)CC)C(=O)N[C@@H](CCCNC(N)=[NH2+])C(=O)N[C@@H](CC(=O)O)C(=O)N[C@@H](Cc1ccc(O)cc1)C(=O)N[C@@H](CS)C(=O)N[C@@H](CS)C(=O)N1CCC[C@H]1C(=O)N[C@@H](CCCNC(N)=[NH2+])C(=O)NCC(=O)N1CCC[C@H]1C(=O)N[C@@H](CS)C(=O)N[C@@H](CCSC)C(=O)N[C@H](C(=O)N[C@@H](Cc1c[nH]c2ccccc12)C(=O)N[C@@H](CS)C(N)=O)C(C)C,0,-3.7909126,3
C[C@H](NC(=O)[C@H](C)NC(=O)[C@H](C)NC(=O)[C@H](Cc1ccccc1)NC(=O)[C@H](C)NC(=O)[C@H](C)NC(=O)[C@H](Cc1c[nH]c2ccccc12)NC(=O)[C@H](C)NC(=O)[C@H](C)NC(=O)[C@H](Cc1ccccc1)NC(=O)[C@H](C)NC(=O)[C@H](C)NC(=O)[C@H](C)NC(=O)[C@H](C)NC(=O)[C@H](C)NC(=O)[C@H](Cc1ccccc1)NC(=O)[C@H](C)NC(=O)[C@H](C)NC(=O)[C@H](C)NC(=O)[C@H](CCCC[NH3+])NC(=O)[C@H](CCCC[NH3+])NC(=O)[C@H](CCCC[NH3+])NC(=O)[C@H](CCCC[NH3+])NC(=O)[C@H](CCCC[NH3+])NC(=O)[C@@H](N)CCCC[NH3+])C(N)=O,0,-0.4373072,3
CC(C)C[C@H](NC(=O)[C@H](C)NC(=O)[C@H](CC(C)C)NC(=O)[C@H](C)NC(=O)[C@@H](N)Cc1c[nH]c2ccccc12)C(N)=O,0,-5.053548,3
CC[C@H](C)[C@H](NC(=O)[C@H](CC(C)C)NC(=O)[C@H](CO)NC(=O)[C@@H](NC(=O)[C@@H](NC(=O)[C@H](CC(C)C)NC(=O)CN)C(C)C)[C@@H](C)O)C(=O)N[C@@H](CCCC[NH3+])C(=O)NCC(=O)N[C@@H](C)C(=O)NCC(=O)N[C@@H](CCCC[NH3+])C(=O)N[C@@H](CC(C)C)C(=O)N[C@@H](CC(C)C)C(=O)NCC(=O)NCC(=O)N[C@@H](CC(C)C)C(=O)N[C@@H](Cc1ccccc1)C(=O)NCC(=O)N[C@@H](CO)C(=O)N[C@H](C(=O)N[C@H](C(=O)NCC(N)=O)[C@@H](C)O)C(C)C,0,-4.131737,3
CC[C@H](C)[C@H](NC(=O)[C@@H](NC(=O)[C@@H]1CCCN1C(=O)[C@H](CC(C)C)NC(=O)[C@@H](N)Cc1ccccc1)[C@@H](C)CC)C(=O)N[C@H](C(=O)N[C@@H](CC(N)=O)C(=O)N[C@@H](CC(C)C)C(=O)N[C@@H](CC(C)C)C(=O)NCC(=O)N[C@@H](CCCC[NH3+])C(=O)N[C@@H](CC(C)C)C(=O)N[C@@H](CC(C)C)C(N)=O)[C@@H](C)O,0,-4.8797293,3
CC[C@H](C)[C@H](NC(=O)[C@@H]1CCCN1C(=O)[C@H](CC(C)C)NC(=O)[C@@H](N)Cc1ccccc1)C(=O)N[C@H](C(=O)NCC(=O)N[C@@H](CCCC[NH3+])C(=O)N[C@@H](CC(C)C)C(=O)N[C@@H](CC(C)C)C(=O)N[C@@H](CO)C(=O)NCC(=O)N[C@@H](CC(C)C)C(=O)N[C@@H](CC(C)C)C(N)=O)C(C)C,0,-4.997941,3
C[C@H](NC(O)C(CC1CNCN1)NC(=O)[C@H](Cc1ccc(O)cc1)NC(=O)[C@H](CCC(=O)O)NC(=O)[C@H](Cc1c[nH]c2ccccc12)NC(=O)[C@@H](N)CC(=O)O)C(=O)NC(CC1CNCN1)C(O)N1CCC[C@H]1C(=O)N[C@@H](CCCC[NH3+])C(=O)N1CC(O)CC1C(O)N[C@@H](CC(N)=O)C(=O)N[C@@H](CO)C(=O)N[C@H](Cc1ccccc1)C(=O)N[C@@H](Cc1c[nH]c2ccccc12)C(=O)N[C@H](C=O)[C@@H](C)O,0,-0.058525052,3
CC[C@H](C)[C@H](NC(=O)[C@H](CC(=O)O)NC(=O)[C@H](CCSC)NC(=O)[C@@H](NC(=O)[C@@H](NC(=O)[C@H](CCC(=O)O)NC(=O)[C@H](Cc1ccc(O)cc1)NC(=O)[C@H](Cc1ccccc1)NC(=O)[C@H](CCCCN)NC(=O)[C@H](CCC(N)=O)NC(=O)[C@H](CCC(N)=O)NC(=O)[C@H](CC(C)C)NC(=O)[C@H](CC(=O)O)NC(=O)[C@H](CCCCN)NC(=O)[C@@H](NC(=O)[C@H](CCC(N)=O)NC(=O)[C@H](CC(N)=O)NC(=O)[C@H](Cc1ccc(O)cc1)NC(=O)[C@H](Cc1c[nH]c2ccccc12)NC(=O)[C@H](CCC(=O)O)NC(=O)CNC(=O)[C@H](CC(C)C)NC(=O)[C@@H](NC(=O)[C@@H](NC(=O)[C@H](CC(N)=O)NC(=O)CNC(=O)[C@H](Cc1c[nH]cn1)NC(=O)[C@H](CC(N)=O)NC(=O)[C@@H](N)Cc1c[nH]c2ccccc12)[C@@H](C)CC)[C@@H](C)O)[C@@H](C)O)[C@@H](C)CC)[C@@H](C)CC)C(=O)N[C@@H](CCC(=O)O)C(=O)N[C@@H](CCC(N)=O)C(=O)N[C@@H](CC(N)=O)C(=O)N[C@@H](CC(N)=O)C(=O)N[C@H](C(=O)N[C@@H](CCC(N)=O)C(=O)O)C(C)C,0,-3.7905035,3
CC[C@H](C)[C@@H]1NC(=O)[C@H](C)NC(=O)[C@H](CO)NC(=O)[C@H](CO)NC(=O)[C@H]([C@@H](C)CC)NC(=O)[C@H](CS)NC(=O)[C@@H]2CCCN2C(=O)[C@H]([C@@H](C)CC)NC(=O)[C@H](Cc2c[nH]c3ccccc23)NC(=O)[C@H](C(C)C)NC(=O)[C@H](CS)NC(=O)[C@H](CO)NC(=O)[C@H](CCC(=O)O)NC(=O)CNC(=O)[C@H](CS)NC(=O)[C@H]2CCCN2C(=O)[C@H]([C@@H](C)CC)NC(=O)CNC(=O)[C@H](CC(N)=O)NC(=O)[C@H](CCCNC(N)=[NH2+])NC(=O)[C@H](Cc2ccc(O)cc2)NC(=O)[C@H](CS)NC(=O)[C@H](C(C)C)NC(=O)[C@H](CCCC[NH3+])NC(=O)[C@H](CO)NC(=O)[C@H](CCCC[NH3+])NC(=O)[C@H](CS)NC(=O)[C@H](CO)NC(=O)[C@H](CS)NC(=O)CNC1=O,0,-7.515883,3
CSCC[C@@H](C=O)NC(=O)[C@H](CC(C)C)NC(=O)CNC(=O)[C@@H](NC(=O)[C@H](Cc1ccccc1)NC(=O)[C@H](CCC(N)=O)NC(=O)[C@H](CC(=O)O)NC(=O)[C@H](CO)NC(=O)[C@H](CCCCN)NC(=O)[C@@H]1CCCN1C(=O)[C@@H](NC(=O)[C@@H](N)CC(=O)O)C(C)C)C(C)C,0,1.2432871,3
CC[C@H](C)[C@H](NC(=O)[C@H](CCC(N)=O)NC(=O)[C@@H]1CCCN1C(=O)[C@H](CC(N)=O)NC(O)C(CC1CNCN1)NC(=O)[C@@H](NC(=O)[C@@H](NC(=O)[C@H](CS)NC(=O)[C@@H](NC(=O)[C@@H]1CCCN1C(=O)[C@H](CC(N)=O)NC(=O)[C@H](CO)NC(=O)[C@H](CS)NC(=O)[C@@H](N)CS)C(C)C)[C@@H](C)O)C(C)C)C(=O)N[C@@H](CS)C(N)=O,0,-6.6003075,3
CC(=O)N[C@@H](CC(=O)O)C(=O)N[C@@H](CCC(=O)O)C(=O)N[C@@H](Cc1ccccc1)C(=O)N[C@@H](CCC(=O)O)C(=O)NC(CC1CCCCC1)C(O)N[C@H](C=O)CS,0,-2.0593226,3
CC(C)C[C@H](NC(=O)[C@H](CCCC[NH3+])NC(=O)[C@H](CC(C)C)NC(=O)[C@H](CCCC[NH3+])NC(=O)[C@H](CC(C)C)NC(=O)[C@H](C)NC(=O)[C@H](CCCC[NH3+])NC(=O)[C@H](C)NC(=O)[C@H](CC(C)C)NC(=O)[C@H](CC(C)C)NC(=O)[C@H](CCCC[NH3+])NC(=O)[C@H](C)NC(=O)[C@@H](N)Cc1ccccc1)C(N)=O,0,-3.9332013,3
CC(C)C[C@H](NC(=O)[C@H](CC(N)=O)NC(=O)[C@H](CO)NC(O)C(CC1CNCN1)NC(=O)[C@H](CCC(=O)O)NC(=O)[C@H](CC(C)C)NC(O)C(CC1CNCN1)NC(=O)[C@H](CS)NC(=O)[C@@H](NC(=O)[C@@H]1CCCN1C(=O)[C@H](CC(N)=O)NC(=O)[C@H](CO)NC(=O)[C@H](CS)NC(=O)[C@H](CS)NC(=O)CNC(=O)[C@@H]1CCCN1C(=O)[C@H](CC(=O)O)NC(=O)[C@@H](N)CCCNC(N)=[NH2+])C(C)C)C(=O)N[C@@H](CS)C(N)=O,0,-5.856702,3
C[C@H](NC(=O)[C@H](CS)NC(=O)[C@H](CCCNC(N)=[NH2+])NC(=O)[C@@H]1CCCN1C(=O)[C@H](CC(=O)O)NC(=O)[C@H](CO)NC(=O)[C@H](CS)NC(=O)[C@H](CS)NC(=O)CN)C(=O)N[C@H](C(=O)N[C@@H](CCCNC(N)=[NH2+])C(=O)N[C@@H](CS)C(N)=O)[C@@H](C)O,0,-5.913319,3
CC(C)C[C@@H](NC(=O)[C@@H](C)NC(=O)[C@@H](CC(C)C)NC(=O)[C@@H](CCCC[NH3+])NC(=O)[C@@H](CCCC[NH3+])NC(=O)[C@@H](CC(C)C)NC(=O)[C@@H](C)NC(=O)[C@H]1CCCN1C(=O)[C@@H](CC(C)C)NC(=O)[C@@H](Cc1c[nH]c2ccccc12)NC(=O)[C@@H](CCCC[NH3+])NC(=O)[C@@H](CCCC[NH3+])NC(=O)[C@@H](CC(C)C)NC(=O)[C@@H](C)NC(=O)[C@@H](CC(C)C)NC(=O)[C@@H](CC(C)C)NC(=O)[C@@H](C)NC(=O)[C@@H](CC(C)C)NC(=O)[C@@H](CCCC[NH3+])NC(=O)[C@H](N)CCCC[NH3+])C(=O)N[C@H](CC(C)C)C(=O)N[C@H](C)C(=O)N[C@H](CC(C)C)C(=O)N[C@H](CCCC[NH3+])C(=O)N[C@H](CCCC[NH3+])C(N)=O,0,-2.2871149,3
C[C@@H]1NC(=O)[C@@H]2CSSC[C@H](NC(=O)[C@@H](NC(=O)CN)CSSC[C@@H](C(=O)O)NC(=O)[C@H](CCCNC(N)=[NH2+])NC(=O)[C@H](Cc3c[nH]c4ccccc34)NC1=O)C(=O)N[C@@H](CO)C(=O)N[C@@H](CC(=O)O)C(=O)N[C@@H](CCCCN)C(=O)N[C@@H](CCCNC(N)=[NH2+])C(=O)N2,0,-3.3823228,3
CC[C@H](C)[C@H](NC(=O)[C@@H](NC(=O)[C@@H]1CCCN1C(=O)[C@@H](NC(=O)[C@@H](NC(O)C(CC1CNCN1)NC(=O)[C@@H]1CCCN1C(=O)[C@H](CC(C)C)NC(=O)[C@H](CC(C)C)NC(O)C(CC1CNCN1)NC(=O)[C@H](CCCC[NH3+])NC(=O)[C@H](C)NC(=O)[C@@H](NC(=O)[C@H](CO)NC(=O)CNC(=O)[C@H](CC(C)C)NC(=O)[C@@H](NC(=O)[C@H](CO)NC(=O)[C@H](Cc1ccccc1)NC(=O)[C@H](CC(C)C)NC(=O)CN)C(C)C)C(C)C)C(C)C)C(C)C)C(C)C)C(=O)N[C@@H](C)C(=O)N[C@@H](CCC(=O)O)C(=O)N[C@@H](CCCC[NH3+])C(=O)N[C@@H](CC(C)C)C(N)=O,0,-4.7599897,3
CC[C@H](C)[C@H](NC(=O)CNC(=O)[C@H](CO)NC(=O)[C@H](CC(C)C)NC(=O)[C@H](C)NC(=O)[C@H](CCCNC(N)=[NH2+])NC(=O)CNC(=O)[C@@H](NC(=O)[C@H](CC(C)C)NC(=O)[C@@H]1CCCN1C(=O)[C@H](CC(C)C)NC(=O)[C@@H](N)Cc1ccccc1)[C@@H](C)CC)C(=O)N[C@@H](CC(C)C)C(N)=O,0,-4.480066,3
CC(C)C[C@H](NC(=O)[C@H](CCCC[NH3+])NC(=O)[C@H](CCCC[NH3+])NC(=O)[C@H](CC(C)C)NC(=O)[C@H](C)NC(=O)[C@H](CCCC[NH3+])NC(=O)[C@H](CC(C)C)NC(=O)[C@H](C)NC(=O)[C@H](CC(C)C)NC(=O)[C@H](C)NC(=O)[C@@H](N)C(C)C)C(N)=O,0,-3.4338424,3
C[C@H](NC(=O)[C@@H]1CCCN1C(=O)[C@H](CC(N)=O)NC(=O)[C@H](CCCNC(N)=[NH2+])NC(=O)[C@H](CS)NC(=O)[C@H](CS)NC(=O)CNC(=O)[C@@H](N)CC(N)=O)C(=O)N[C@@H](CS)C(=O)N[C@@H](CCC(=O)O)C(=O)N[C@@H](CO)C(=O)NC(CC1CNCN1)C(O)N[C@@H](CCCNC(N)=[NH2+])C(=O)N[C@@H](CS)C(N)=O,0,-4.553308,3
C[C@H](NC(=O)[C@H](CS)NC(=O)[C@H](CC(=O)O)NC(=O)[C@@H]1CCCN1C(=O)[C@H](CCCNC(N)=[NH2+])NC(=O)[C@H](CO)NC(=O)[C@H](CS)NC(=O)[C@H](CS)NC(=O)CN)C(=O)N[C@@H](Cc1c[nH]c2ccccc12)C(=O)N[C@@H](CCCNC(N)=[NH2+])C(=O)N[C@@H](CS)C(N)=O,0,-5.490204,3
CC(C)C[C@H]1NC(=O)CNC(=O)[C@H](CC(N)=O)NC(=O)[C@@H](CCCNC(N)=[NH2+])NC(=O)[C@H]([C@@H](C)O)NC(=O)[C@H](CS)NC(=O)[C@H](CCCC[NH3+])NC(=O)[C@@H]2CCCN2C(=O)[C@H](Cc2c[nH]c3ccccc23)NC(=O)[C@H](CO)NC(=O)[C@H](CS)NC(=O)[C@H]([C@@H](C)O)NC(=O)[C@H](CS)NC(=O)CNC(=O)[C@@H]2CCCN2C(=O)[C@H]([C@@H](C)O)NC(=O)[C@H](CC(N)=O)NC(=O)[C@H](CS)NC(=O)[C@H]([C@@H](C)O)NC(=O)CNC(=O)CNC(=O)[C@H](C(C)C)NC(=O)[C@H](CS)NC(=O)[C@H]([C@@H](C)O)NC(=O)[C@H](CCC(=O)O)NC(=O)CNC(=O)[C@H](CS)NC(=O)[C@H](C(C)C)NC(=O)[C@@H]2CCCN2C1=O,0,-7.7427197,3
CC(C)C[C@H](NC(=O)[C@H](Cc1ccc(O)cc1)NC(=O)[C@@H]1CCCN1C(=O)[C@@H](N)Cc1c[nH]c2ccccc12)C(=O)N1CCC[C@H]1C(=O)N[C@@H](Cc1c[nH]c2ccccc12)C(=O)N[C@@H](CCCNC(N)=[NH2+])C(=O)N[C@@H](CCCNC(N)=[NH2+])C(N)=O,0,-3.5808866,3
CC[C@H](C)[C@H](NC(=O)[C@H](C)NC(=O)[C@H](CO)NC(=O)CNC(=O)[C@@H]1CCCN1C(=O)CN)C(=O)N[C@@H](CS)C(=O)N[C@@H](CC(N)=O)C(=O)N[C@@H](CCSC)C(=O)N[C@@H](C)C(=O)N[C@@H](CS)C(=O)N[C@@H](CCCNC(N)=[NH2+])C(=O)N[C@@H](CC(C)C)C(=O)N[C@@H](CCC(=O)O)C(=O)NC(CC1CNCN1)C(O)NCC(=O)NC(CC1CNCN1)C(O)N[C@@H](CC(C)C)C(=O)N[C@@H](Cc1ccc(O)cc1)C(=O)N1CCC[C@H]1C(=O)N[C@@H](Cc1ccccc1)C(=O)N[C@@H](CS)C(=O)N[C@@H](CC(N)=O)C(=O)N[C@@H](CS)C(=O)N[C@@H](CC(=O)O)C(N)=O,0,-5.2727437,3
CC(C)C[C@H](NC(=O)[C@H](C)NC(=O)[C@H](CC(C)C)NC(=O)[C@H](C)NC(=O)[C@H](CCCC[NH3+])NC(=O)[C@H](CCCC[NH3+])NC(=O)[C@H](C)NC(=O)[C@H](CC(C)C)NC(=O)[C@H](CCCC[NH3+])NC(=O)[C@H](C)NC(=O)[C@H](CC(C)C)NC(=O)[C@H](CCCC[NH3+])NC(=O)[C@H](CCCC[NH3+])NC(=O)[C@H](C)NC(=O)[C@@H](N)Cc1ccccc1)C(N)=O,0,-3.2375655,3
CC[C@H](C)[C@H](NC(=O)[C@@H](N)Cc1ccccc1)C(=O)N[C@H](C(=O)N[C@H](C(=O)NC(CC1CNCN1)C(N)O)C(C)C)[C@@H](C)O,0,-3.248364,3
CC[C@H](C)[C@H](NC(=O)[C@H](CC(=O)O)NC(=O)[C@H](Cc1ccccc1)NC(=O)[C@H](CC(C)C)NC(=O)CN)C(=O)N[C@H](C(=O)N[C@@H](CCCC[NH3+])C(=O)N[C@@H](CCCC[NH3+])C(=O)N[C@H](C(=O)N[C@H](C(=O)NCC(=O)N[C@@H](C)C(=O)N[C@@H](CC(C)C)C(=O)NCC(=O)N[C@@H](CO)C(=O)N[C@@H](CC(C)C)C(N)=O)C(C)C)C(C)C)C(C)C,0,-5.666465,3
CC[C@H](C)[C@@H]1NC(=O)[C@H](CC(C)C)NC(=O)[C@H](C)NC(=O)[C@H]([C@@H](C)O)NC(=O)[C@H](C(C)C)NC(=O)[C@H]([C@@H](C)O)NC(=O)[C@H](CS)NC(=O)[C@@H]2CCCN2C(=O)[C@H]([C@@H](C)CC)NC(=O)[C@H](Cc2c[nH]c3ccccc23)NC(=O)[C@H](C(C)C)NC(=O)[C@H](CS)NC(=O)[C@H](CO)NC(=O)[C@H](CCC(=O)O)NC(=O)[C@H](C)NC(=O)[C@H](CS)NC(=O)[C@@H]2CCCN2C(=O)[C@@H]([C@@H](C)CC)NC(=O)CNC(=O)[C@H](CC(N)=O)NC(=O)[C@@H](Cc2ccc(O)cc2)NC(=O)[C@H](CS)NC(=O)[C@H](C(C)C)NC(=O)[C@H](CCCC[NH3+])NC(=O)[C@H](CC(N)=O)NC(=O)[C@H](CO)NC(=O)[C@H](CS)NC(=O)CNC(=O)[C@H](CS)NC(=O)CNC1=O,0,-8.021783,3
CC(C)C[C@H](NC(=O)[C@H](CCCC[NH3+])NC(=O)[C@H](CCCC[NH3+])NC(=O)[C@H](Cc1c[nH]c2ccccc12)NC(=O)[C@@H](N)CCCC[NH3+])C(=O)N[C@@H](CC(C)C)C(=O)N[C@@H](CCCC[NH3+])C(=O)N[C@@H](CCCC[NH3+])C(=O)N1CCC[C@H]1C(=O)N[C@@H](CC(C)C)C(=O)N[C@@H](CC(C)C)C(=O)N[C@@H](CCCC[NH3+])C(=O)N[C@@H](CCCC[NH3+])C(N)=O,0,-3.0168808,3
CC[C@H](C)[C@H](NC(=O)[C@H](CO)NC(=O)[C@H](CCCC[NH3+])NC(=O)[C@H](CC(C)C)NC(=O)[C@H](CCCC[NH3+])NC(=O)[C@@H](N)CC(C)C)C(=O)N[C@H](C(=O)N[C@@H](CO)C(=O)N[C@@H](Cc1c[nH]c2ccccc12)C(=O)N[C@@H](C)C(=O)N[C@@H](CCCC[NH3+])C(=O)N[C@@H](CC(C)C)C(=O)N[C@H](C(=O)N[C@@H](CC(C)C)C(N)=O)C(C)C)C(C)C,0,-4.8177867,3
CC[C@H](C)[C@@H]1NC(=O)[C@H](CS)NC(=O)[C@@H]2CCCN2C(=O)[C@H]([C@@H](C)CC)NC(=O)[C@H](Cc2c[nH]c3ccccc23)NC(=O)[C@H](C(C)C)NC(=O)[C@H](CS)NC(=O)[C@H](CO)NC(=O)[C@H](CCC(=O)O)NC(=O)[C@@H](CS)NC(=O)[C@H]2CCCN2C(=O)[C@H](CC(C)C)NC(=O)[C@@H]([C@@H](C)O)NC(=O)CNC(=O)[C@H](CC(N)=O)NC(=O)[C@H](CCCC[NH3+])NC(=O)[C@H](Cc2ccc(O)cc2)NC(=O)[C@H](CS)NC(=O)[C@H](C(C)C)NC(=O)[C@H](CCCC[NH3+])NC(=O)[C@H](CO)NC(=O)[C@H](CCCC[NH3+])NC(=O)[C@H](CS)NC(=O)[C@H](CO)NC(=O)[C@H](CS)NC(=O)CNC(=O)[C@H](C(C)C)NC(=O)[C@H](C(C)C)NC(=O)[C@H](CO)NC(=O)[C@H](CO)NC1=O,0,-7.9062834,3
CC(=O)N[C@@H](CCCNC(N)=[NH2+])C(=O)N[C@@H](CCCNC(N)=[NH2+])C(=O)N[C@@H](Cc1c[nH]c2ccccc12)C(=O)N[C@@H](Cc1c[nH]c2ccccc12)C(=O)N[C@@H](CS)C(=O)N[C@@H](CCCNC(N)=[NH2+])C(=O)N[C@H](C(N)=O)C(C)C,0,-3.6094732,3
CCCC(CO)NC(=O)[C@@H]1CCCN1C(=O)[C@@H](NC(=O)[C@@H](NC(=O)[C@H](CC(=O)O)NC(=O)[C@@H](CC(=O)O)NC(C)=O)[C@@H](C)CC)C(C)C,0,-4.488043,3
CC[C@H](C)[C@H](NC(O)C(C)(C)NC(=O)[C@H](CCCC[NH3+])NC(=O)CNC(=O)[C@H](CC(C)C)NC(O)C(C)(C)NC(=O)[C@H](CCCC[NH3+])NC(=O)[C@H](CCCC[NH3+])NC(=O)[C@H](Cc1c[nH]c2ccccc12)NC(=O)[C@H](CC(N)=O)NC(=O)[C@@H](N)C(C)C)C(=O)N[C@@H](CCCC[NH3+])C(=O)NC(C)(C)C(O)N[C@H](C(=O)N[C@@H](CCCC[NH3+])C(N)=O)C(C)C,0,-5.350163,3
CC[C@H](C)[C@H](NC(=O)[C@H](CC(C)C)NC(=O)[C@H](CCC(=O)O)NC(=O)[C@@H](CC(=O)O)NC(C)=O)C(=O)NC(CC1CCCCC1)C(O)N[C@@H](CS)C(=O)N1CCC[C@H]1C(=O)NC(CC1CCCCC1)C(O)N[C@@H](CC(=O)O)C(=O)N[C@@H](CC(C)C)C(=O)N1CCC[C@@H]1C(=O)N[C@@H](Cc1ccc(O)cc1)C(=O)N[C@@H](CCCC[NH3+])C(N)=O,0,-4.459806,3
CC(C)C[C@H](NC(=O)[C@H](CCCNC(N)=[NH2+])NC(=O)[C@H](CCCNC(N)=[NH2+])NC(=O)[C@H](Cc1ccc(O)cc1)NC(=O)[C@H](CC(C)C)NC(=O)[C@H](CCCNC(N)=[NH2+])NC(=O)[C@H](CCCNC(N)=[NH2+])NC(=O)[C@H](Cc1ccc(O)cc1)NC(=O)[C@H](CC(C)C)NC(=O)[C@H](CCCNC(N)=[NH2+])NC(=O)[C@H](CCCNC(N)=[NH2+])NC(=O)[C@H](Cc1ccc(O)cc1)NC(=O)[C@H](CC(C)C)NC(=O)[C@@H](N)CCCNC(N)=[NH2+])C(=O)N[C@@H](Cc1ccc(O)cc1)C(=O)N[C@@H](CCCNC(N)=[NH2+])C(=O)N[C@@H](CCCC[NH3+])C(=O)N[C@@H](CCCC[NH3+])C(=O)N[C@@H](CCCC[NH3+])C(N)=O,0,2.2005093,3
CC[C@H](C)[C@H](NC(=O)[C@H](CCCC[NH3+])NC(=O)[C@H](CCCNC(N)=[NH2+])NC(=O)[C@H](CCCC[NH3+])NC(=O)[C@H](CC(C)C)NC(=O)[C@H](CCCNC(N)=[NH2+])NC(=O)[C@H](CCCNC(N)=[NH2+])NC(=O)[C@H](CC(C)C)NC(=O)[C@H](CCCC[NH3+])NC(=O)[C@@H](N)CCCNC(N)=[NH2+])C(=O)N[C@@H](C)C(=O)NC(CC1CNCN1)C(O)N[C@@H](CCCC[NH3+])C(=O)N[C@H](C(=O)N[C@@H](CCCC[NH3+])C(=O)N[C@@H](CCCC[NH3+])C(=O)N[C@@H](Cc1ccc(O)cc1)C(N)=O)C(C)C,0,-1.119149,3
CC[C@H](C)[C@H](NC(=O)[C@@H](NC(=O)[C@H](CO)NC(=O)[C@H](C)NC(=O)[C@@H](NC(=O)[C@H](CCCC[NH3+])NC(=O)[C@H](CCCC[NH3+])NC(=O)[C@@H](NC(=O)[C@@H](NC(=O)[C@H](CC(=O)O)NC(=O)[C@H](Cc1ccccc1)NC(=O)[C@H](CC(C)C)NC(=O)CN)C(C)C)[C@@H](C)CC)C(C)C)C(C)C)C(=O)N[C@@H](CCCC[NH3+])C(=O)N[C@@H](CCCC[NH3+])C(=O)N[C@@H](CC(C)C)C(N)=O,0,-5.2160006,3
CC(C)C[C@H](NC(=O)[C@H](CCCNC(N)=[NH2+])NC(=O)[C@@H](N)CCCNC(N)=[NH2+])C(=O)N[C@@H](CO)C(=O)N[C@@H](Cc1ccc(O)cc1)C(=O)N[C@@H](CO)C(=O)N[C@@H](CCCNC(N)=[NH2+])C(=O)N[C@@H](CCCNC(N)=[NH2+])C(=O)N[C@@H](CCCNC(N)=[NH2+])C(=O)N[C@@H](Cc1ccccc1)C(N)=O,0,0.37924927,3
C[C@H](NC(=O)[C@H](CCC(=O)O)NC(=O)[C@@H]1CCCN1C(O)C(CC1CNCN1)NC(=O)[C@H](CC(=O)O)NC(=O)[C@H](Cc1ccc(O)cc1)NC(=O)[C@H](CC(N)=O)NC(=O)[C@H](CS)NC(=O)[C@H](CCCNC(N)=[NH2+])NC(=O)[C@@H]1CCCN1C(=O)[C@H](CC(=O)O)NC(=O)[C@H](CO)NC(=O)[C@H](CS)NC(=O)[C@H](CS)NC(=O)CN)C(=O)N[C@@H](CS)C(N)=O,0,-6.312712,3
CSCC[C@H](NC(=O)[C@@H](NC(=O)[C@H](CCCC[NH3+])NC(=O)[C@H](CCCNC(N)=[NH2+])NC(=O)[C@H](CS)NC(=O)[C@H](CO)NC(=O)[C@H](C)NC(=O)CNC(=O)[C@H](CCCC[NH3+])NC(=O)CNC(=O)[C@H](CCCC[NH3+])NC(=O)[C@@H](N)CS)[C@@H](C)O)C(=O)N[C@@H](Cc1ccc(O)cc1)C(=O)N[C@@H](CC(=O)O)C(=O)N[C@@H](CS)C(=O)N[C@@H](CS)C(=O)N[C@@H](CCCNC(N)=[NH2+])C(=O)NCC(=O)N[C@@H](CO)C(=O)N[C@@H](CS)C(=O)N[C@@H](CCCNC(N)=[NH2+])C(=O)N[C@@H](CO)C(=O)NCC(=O)N[C@@H](CCCNC(N)=[NH2+])C(=O)N[C@@H](CS)C(N)=O,0,-2.7963989,3
CC[C@H](C)[C@H](NC(O)C(CC1CNCN1)NC(=O)[C@H](CCCC[NH3+])NC(=O)[C@H](CC(C)C)NC(=O)[C@H](CC(C)C)NC(=O)[C@H](CO)NC(=O)[C@H](CCCC[NH3+])NC(=O)[C@H](Cc1c[nH]c2ccccc12)NC(=O)[C@H](CCCC[NH3+])NC(=O)CN)C(=O)N[C@@H](CC(C)C)C(=O)N[C@@H](CCCC[NH3+])C(N)=O,0,-5.2233086,3
CC[C@H](C)[C@H](N)C(=O)N[C@@H](CC(C)C)C(=O)N1CCC[C@H]1C(=O)N[C@H](C(=O)N[C@@H](CC(C)C)C(=O)NCC(=O)N[C@@H](CC(N)=O)C(=O)N[C@@H](CC(C)C)C(=O)N[C@@H](CC(C)C)C(=O)N[C@@H](CC(N)=O)C(=O)N[C@@H](CO)C(=O)N[C@@H](CC(C)C)C(=O)N[C@@H](CC(C)C)C(N)=O)[C@@H](C)CC,0,-4.1870823,3
CC[C@H](C)[C@@H]1NC(=O)[C@H](CC(C)C)NC(=O)[C@H](Cc2ccccc2)NC(=O)[C@H](Cc2ccccc2)NC(=O)[C@H](C)NC(=O)[C@@H]2CCCN2C(=O)[C@H](C(C)C)NC(=O)[C@H](CC(C)C)NC(=O)[C@H]([C@@H](C)CC)NC1=O,0,-4.9053392,3
CC[C@H](C)[C@H](NC(=O)[C@H](CCCC[NH3+])NC(=O)[C@H](CC(N)=O)NC(=O)[C@H](Cc1c[nH]c2ccccc12)NC(=O)[C@H](CC(C)C)NC(=O)CN)C(=O)N[C@@H](CCCC[NH3+])C(=O)N[C@@H](CCC(=O)O)C(=O)N[C@@H](C)C(=O)N[C@@H](C)C(=O)N[C@@H](CO)C(=O)N[C@@H](CCCC[NH3+])C(=O)N[C@@H](C)C(=O)N[C@@H](C)C(=O)NCC(=O)N[C@@H](CCCC[NH3+])C(=O)N[C@@H](C)C(=O)N[C@@H](C)C(=O)N[C@@H](CC(C)C)C(=O)NCC(=O)N[C@@H](Cc1ccccc1)C(=O)N[C@H](C(=O)N[C@@H](CC(N)=O)C(=O)N[C@@H](CCC(=O)O)C(=O)N[C@@H](CCSC)C(=O)N[C@H](C(N)=O)C(C)C)C(C)C,0,-3.3216913,3
CC[C@H](C)[C@H](NC(=O)[C@H](CCCC[NH3+])NC(=O)[C@@H]1CCCN1C(=O)[C@H](CC(C)C)NC(=O)[C@H](Cc1ccccc1)NC(=O)[C@H](CC(N)=O)NC(=O)[C@H](C)NC(=O)[C@H](C)NC(=O)[C@H](CC(C)C)NC(=O)CNC(=O)[C@H](C)NC(=O)[C@H](CC(C)C)NC(=O)[C@H](CC(C)C)NC(=O)[C@@H]1CCCN1C(=O)[C@H](CC(C)C)NC(=O)[C@@H](N)Cc1ccccc1)C(=O)N[C@@H](Cc1ccccc1)C(=O)N[C@@H](CS)C(=O)N[C@@H](CCCC[NH3+])C(=O)N[C@H](C(=O)N[C@H](C(=O)N[C@@H](CCCNC(N)=[NH2+])C(=O)N[C@@H](CCCC[NH3+])C(=O)N[C@@H](CS)C(N)=O)[C@@H](C)O)[C@@H](C)CC,0,-3.7052174,3
C[C@H](NC(O)C(CC1CNCN1)NC(=O)[C@H](Cc1ccc(O)cc1)NC(=O)[C@H](CCC(=O)O)NC(=O)[C@H](Cc1c[nH]c2ccccc12)NC(=O)[C@@H](N)CC(=O)O)C(=O)NC(CC1CNCN1)C(O)N1CCC[C@H]1C(=O)N[C@@H](CCCC[NH3+])C(=O)N1CC(O)CC1C(O)N[C@@H](CC(N)=O)C(=O)N[C@@H](CO)C(=O)N[C@@H](Cc1ccccc1)C(=O)N[C@@H](Cc1c[nH]c2ccccc12)C(=O)N[C@H](C=O)[C@@H](C)O,0,-0.06381851,3
CC[C@H](C)[C@H](NC(=O)CNC(=O)[C@H](CO)NC(=O)[C@@H](NC(=O)[C@H](CC(C)C)NC(=O)[C@H](CCCNC(N)=[NH2+])NC(=O)CNC(=O)[C@@H](NC(=O)[C@@H](NC(=O)[C@@H]1CCCN1C(=O)[C@H](CC(C)C)NC(=O)[C@@H](N)Cc1ccccc1)[C@@H](C)CC)C(C)C)[C@@H](C)CC)C(=O)N[C@@H](CC(C)C)C(N)=O,0,-4.7061853,3
CC[C@H](C)[C@H](NC(=O)[C@H](CC(C)C)NC(=O)[C@H](CC(N)=O)NC(=O)[C@@H](NC(=O)[C@H](CC(C)C)NC(=O)[C@@H](NC(=O)[C@@H]1CCCN1C(=O)[C@H](CC(C)C)NC(=O)[C@@H](N)Cc1ccccc1)[C@@H](C)CC)[C@@H](C)CC)C(=O)NC(CC1CNCN1)C(O)N[C@@H](CCCC[NH3+])C(=O)NCC(=O)N[C@@H](CC(C)C)C(=O)N[C@@H](CC(C)C)C(N)=O,0,-3.7876804,3
CC[C@H](C)[C@@H]1NC(=O)[C@H](Cc2c[nH]c[nH+]2)NC(=O)[C@H](CCC(N)=O)NC(=O)[C@H](CC(N)=O)NC(=O)[C@H](CC(N)=O)NC(=O)CNC(=O)[C@H](C)NC(=O)[C@@H]2CSSC[C@H](NC(=O)C[NH3+])C(=O)N[C@@H](CSSC[C@@H](C(N)=O)NC1=O)C(=O)N[C@@H](CO)C(=O)N[C@@H](Cc1c[nH]c[nH+]1)C(=O)N1CCC[C@H]1C(=O)N[C@@H](C)C(=O)N2,0,-6.0689974,3
CC[C@H](C)[C@H](NC(=O)CN)C(=O)NCC(=O)N[C@@H](CCCC[NH3+])C(=O)N[C@@H](Cc1ccccc1)C(=O)N[C@@H](CC(C)C)C(=O)NC(CC1CNCN1)C(O)N[C@@H](CO)C(=O)N[C@H](C)C(=O)N[C@@H](CCCC[NH3+])C(=O)N[C@@H](CCCC[NH3+])C(=O)N[C@@H](Cc1ccccc1)C(=O)N[C@H](C)C(=O)N[C@@H](CCCC[NH3+])C(=O)N[C@@H](C)C(=O)N[C@@H](Cc1ccccc1)C(=O)N[C@H](C(=O)N[C@H](C)C(=O)N[C@@H](CCC(=O)O)C(=O)N[C@H](C(=O)N[C@@H](CCSC)C(=O)N[C@@H](CC(N)=O)C(=O)N[C@@H](CO)C(N)=O)[C@@H](C)CC)C(C)C,0,-3.9900463,3
CC(C)C[C@@H]1NC(=O)[C@H](CC(=O)O)NC(=O)[C@@H]2CCCN2C(=O)[C@H](Cc2c[nH]c[nH+]2)NC(=O)[C@H](CCCC[NH3+])NC(=O)[C@H](CC(N)=O)NC(=O)[C@H](CCCNC(N)=[NH2+])NC(=O)[C@@H]2CSSC[C@H](NC(=O)C[NH3+])C(=O)N[C@@H](CSSC[C@@H](C(N)=O)NC1=O)C(=O)N[C@@H](CO)C(=O)N[C@@H](CC(=O)O)C(=O)N1CCC[C@H]1C(=O)N1CCC[C@H]1C(=O)N2,0,-5.8474436,3
CC[C@H](C)[C@H](NC(=O)CN)C(=O)NCC(=O)NCC(=O)N[C@@H](C)C(=O)N[C@@H](CC(C)C)C(=O)N[C@@H](CC(C)C)C(=O)N[C@@H](CO)C(=O)N[C@@H](C)C(=O)NCC(=O)N[C@@H](CCCC[NH3+])C(=O)N[C@@H](C)C(=O)N[C@@H](C)C(=O)N[C@@H](CC(C)C)C(=O)N[C@@H](CCCC[NH3+])C(=O)NCC(=O)N[C@@H](CC(C)C)C(=O)N[C@@H](C)C(=O)N[C@@H](CCCC[NH3+])C(=O)N[C@H](C(=O)N[C@@H](CC(C)C)C(=O)N[C@H](C(N)=O)C(C)C)C(C)C,0,-2.218383,3
CC(C)C[C@H](NC(=O)[C@@H](NC(=O)[C@H](C)NC(=O)[C@H](CS)NC(=O)[C@@H]1CCCN1C(=O)[C@@H]1CCCN1C(=O)[C@@H](NC(=O)[C@H](CO)NC(=O)[C@H](CS)NC(=O)[C@H](CS)NC(=O)CN)[C@@H](C)O)C(C)C)C(=O)N[C@@H](C)C(=O)N[C@@H](CS)C(N)=O,0,-6.533189,3
CC(=O)NCC(=O)N[C@@H](CCCC[NH3+])C(=O)N[C@@H](CCCC[NH3+])C(=O)N[C@@H](CC(C)C)C(=O)N[C@@H](CC(C)C)C(=O)N[C@@H](CCCC[NH3+])C(=O)N[C@@H](CCCC[NH3+])C(=O)N[C@@H](Cc1c[nH]c2ccccc12)C(=O)N[C@@H](CCCC[NH3+])C(=O)N[C@@H](CCCC[NH3+])C(=O)N[C@@H](CC(C)C)C(=O)N[C@@H](Cc1c[nH]c2ccccc12)C(=O)N[C@@H](CCCC[NH3+])C(=O)N[C@@H](CCCC[NH3+])C(=O)N[C@@H](Cc1c[nH]c2ccccc12)C(N)=O,0,-4.247862,3
CC(C)C[C@H](NC(=O)[C@H](C)NC(=O)[C@H](CCCC[NH3+])NC(=O)[C@H](CCCC[NH3+])NC(=O)[C@H](CC(C)C)NC(=O)[C@H](C)NC(=O)[C@H](CCCC[NH3+])NC(=O)[C@H](CC(C)C)NC(=O)[C@H](C)NC(=O)[C@H](CC(C)C)NC(=O)[C@H](C)NC(=O)[C@@H](N)Cc1ccccc1)C(N)=O,0,-3.887684,3
CSCC[C@@H]1NC(=O)[C@H](CCCNC(N)=[NH2+])NC(=O)[C@H](C)NC(=O)[C@H](C)NC(=O)[C@H](Cc2c[nH]c3ccccc23)NC(=O)[C@H](CCCNC(N)=[NH2+])NC(=O)[C@H](Cc2ccccc2)NC(=O)[C@H](C)NC(=O)[C@H](CCCC[NH3+])NC(=O)[C@H](CCCNC(N)=[NH2+])NC(=O)[C@H](Cc2c[nH]c3ccccc23)NC(=O)[C@H](C)NC(=O)[C@@H]2CCCN2C(=O)[C@H](C)NC(=O)[C@H](C)NC(=O)[C@H](CCCC[NH3+])NC(=O)[C@H](CCCC[NH3+])NC(=O)[C@H](CC(C)C)NC1=O,0,-3.691182,3
CC[C@H](C)[C@H](NC(=O)[C@@H](NC(=O)CN)C(C)C)C(=O)N[C@@H](CC(=O)O)C(=O)N[C@@H](C)C(=O)N[C@@H](C)C(=O)N[C@@H](CCCC[NH3+])C(=O)N[C@@H](CCCC[NH3+])C(=O)N[C@H](C(=O)N[C@H](C(=O)N[C@@H](CC(N)=O)C(=O)N[C@H](C(=O)N[C@@H](CC(C)C)C(=O)N[C@@H](CCCC[NH3+])C(=O)N[C@@H](CC(N)=O)C(=O)N[C@@H](CC(C)C)C(=O)N1CCC[C@H]1C(N)=O)C(C)C)C(C)C)C(C)C,0,-4.9328356,3
CC[C@H](C)[C@H](NC(=O)[C@H](C)NC(=O)[C@H](C)NC(=O)[C@H](CCC(=O)O)NC(=O)[C@H](CCCC[NH3+])NC(=O)CNC(=O)[C@@H](NC(=O)[C@H](CC(N)=O)NC(=O)[C@H](CCCC[NH3+])NC(=O)[C@@H](NC(=O)[C@@H](NC(=O)[C@H](CO)NC(=O)[C@H](Cc1c[nH]c2ccccc12)NC(=O)[C@H](CC(C)C)NC(=O)CN)[C@@H](C)O)[C@@H](C)CC)C(C)C)C(=O)N[C@@H](C)C(=O)N[C@@H](C)C(=O)NCC(=O)N[C@@H](CCCC[NH3+])C(=O)N[C@@H](C)C(=O)N[C@H](C(=O)N[C@@H](CC(C)C)C(=O)NCC(=O)N[C@@H](CO)C(=O)N[C@@H](CC(C)C)C(N)=O)C(C)C,0,-4.6796026,3
CC[C@H](C)[C@H](NC(=O)[C@H](CCCC[NH3+])NC(=O)[C@H](CCCC[NH3+])NC(=O)[C@H](CC(C)C)NC(=O)[C@H](CC(=O)O)NC(=O)[C@@H](NC(=O)[C@@H](N)Cc1ccccc1)C(C)C)C(=O)N[C@@H](C)C(=O)N[C@@H](CC(N)=O)C(=O)N[C@H](C(=O)N[C@H](C(=O)N[C@@H](CC(N)=O)C(=O)N[C@@H](CO)C(=O)N[C@H](C(=O)N[C@@H](Cc1ccccc1)C(=O)NCC(=O)N[C@@H](CCCC[NH3+])C(N)=O)[C@@H](C)CC)[C@@H](C)CC)[C@@H](C)CC,0,-5.203493,3
CC[C@H](C)[C@H](N)C(=O)N[C@@H](CC(C)C)C(=O)N1CCC[C@H]1C(=O)N[C@@H](CC(C)C)C(=O)N[C@@H](CCCC[NH3+])C(=O)N[C@@H](Cc1c[nH]c2ccccc12)C(=O)N1CCC[C@H]1C(=O)N[C@@H](Cc1c[nH]c2ccccc12)C(=O)N[C@@H](Cc1c[nH]c2ccccc12)C(=O)N1CCC[C@H]1C(=O)N[C@@H](Cc1c[nH]c2ccccc12)C(=O)N[C@@H](CCCNC(N)=[NH2+])C(=O)N[C@@H](CCCNC(N)=[NH2+])C(N)=O,0,-2.9084496,3
CC[C@H](C)[C@H](NC(=O)[C@H](CO)NC(=O)[C@@H]1CCCN1C(=O)[C@H](CC(C)C)NC(=O)[C@@H](NC(=O)CNC(=O)[C@H](C)NC(=O)[C@H](CC(C)C)NC(=O)[C@@H](NC(=O)[C@H](CCCC[NH3+])NC(=O)[C@H](CC(C)C)NC(=O)[C@H](C)NC(=O)[C@H](CO)NC(=O)CNC(=O)[C@@H](NC(=O)[C@@H](N)Cc1ccccc1)[C@@H](C)CC)C(C)C)C(C)C)C(=O)N[C@H](C(=O)N[C@@H](CO)C(=O)N[C@@H](Cc1c[nH]c2ccccc12)C(=O)N[C@H](C(=O)N[C@@H](CCCC[NH3+])C(=O)N[C@@H](CCC(N)=O)C(N)=O)C(C)C)C(C)C,0,-5.645616,3
CC(C)C[C@H](NC(=O)[C@H](CCC(=O)O)NC(=O)[C@@H]1CCCN1C(=O)[C@H](C)NC(=O)[C@H](CC(N)=O)NC(=O)[C@@H](NC(=O)[C@H](CO)NC(=O)[C@H](CS)NC(=O)[C@H](C)NC(=O)[C@@H]1CCCN1C(O)C(CC1CNCN1)NC(=O)[C@H](CO)NC(=O)[C@H](CS)NC(=O)[C@H](CS)NC(=O)CN)C(C)C)C(=O)N[C@@H](CS)C(N)=O,0,-7.166737,3
CC[C@H](C)[C@H](N)C(=O)N[C@@H](CC(C)C)C(=O)N1CCC[C@H]1C(=O)N[C@H](C(=O)N[C@@H](CC(C)C)C(=O)N[C@@H](C)C(=O)N1CCC[C@H]1C(=O)N[C@@H](CC(C)C)C(=O)N[C@H](C(=O)NCC(=O)NCC(=O)N[C@@H](CC(C)C)C(=O)N[C@@H](CC(C)C)C(N)=O)[C@@H](C)CC)[C@@H](C)CC,0,-3.7559576,3
CC[C@H](C)[C@H](NC(=O)[C@H](C)NC(=O)[C@H](CCCC[NH3+])NC(=O)[C@H](CC(C)C)NC(=O)[C@H](CC(C)C)NC(=O)CNC(O)C(CC1CNCN1)NC(=O)[C@H](CC(C)C)NC(=O)[C@@H](NC(=O)[C@@H](NC(=O)[C@H](CCCC[NH3+])NC(=O)[C@H](CCCC[NH3+])NC(=O)[C@H](C)NC(=O)[C@H](CO)NC(=O)[C@H](CCCC[NH3+])NC(=O)[C@H](Cc1ccccc1)NC(=O)[C@@H](NC(=O)[C@H](CCCC[NH3+])NC(=O)[C@H](CC(C)C)NC(=O)[C@H](Cc1ccccc1)NC(=O)[C@H](CO)NC(=O)[C@H](CCCC[NH3+])NC(=O)[C@H](Cc1c[nH]c2ccccc12)NC(=O)[C@H](CCCC[NH3+])NC(C)=O)[C@@H](C)O)[C@@H](C)O)C(C)C)C(=O)N[C@@H](CO)C(=O)N[C@@H](CO)C(N)=O,0,-4.478077,3
CC[C@H](C)[C@H](NC(=O)[C@H](CCCC[NH3+])NC(=O)CNC(=O)[C@H](CC(C)C)NC(=O)[C@H](Cc1ccccc1)NC(=O)[C@H](CCCC[NH3+])NC(=O)[C@H](CO)NC(=O)[C@H](Cc1ccccc1)NC(=O)[C@H](Cc1c[nH]c2ccccc12)NC(=O)[C@H](CCC(N)=O)NC(=O)[C@@H](NC(=O)[C@@H](N)Cc1ccccc1)C(C)C)C(=O)N[C@@H](CC(C)C)C(N)=O,0,-5.0900126,3
CSCC[C@H](NC(=O)CNC(=O)[C@H](CCCNC(N)=[NH2+])NC(=O)[C@H](CO)NC(=O)[C@H](CS)NC(O)C1CC(O)CN1C(=O)[C@@H](NC(=O)CNC(O)C1CC(O)CN1C(=O)[C@H](CO)NC(=O)[C@H](CCCC[NH3+])NC(=O)[C@@H](N)CS)[C@@H](C)O)C(=O)N[C@@H](CCCNC(N)=[NH2+])C(=O)N[C@@H](CC(=O)O)C(=O)N[C@@H](CS)C(=O)N[C@@H](CS)C(=O)N[C@H](C(=O)N[C@@H](CO)C(=O)N[C@@H](CS)C(=O)N[C@@H](CC(C)C)C(=O)N[C@@H](CC(C)C)C(=O)N[C@@H](Cc1ccc(O)cc1)C(=O)N[C@@H](CO)C(=O)N[C@@H](CC(N)=O)C(=O)N[C@@H](CCCC[NH3+])C(=O)N[C@@H](CS)C(=O)N[C@@H](CCCNC(N)=[NH2+])C(=O)N[C@@H](CCCNC(N)=[NH2+])C(=O)N[C@H](C=O)Cc1ccc(O)cc1)[C@@H](C)O,0,-0.58193266,3
CC(C)C[C@@H]1NC(=O)[C@H](CC(C)C)NC(=O)[C@H](CCC(N)=O)NC(=O)[C@H](CCCNC(=N)N)NC(=O)[C@H](Cc2c[nH]cn2)NC(=O)[C@@H]2CSSC[C@@H](C(=O)N[C@@H](CC(C)C)C(=O)N[C@@H](CCCNC(=N)N)C(=O)N[C@@H](Cc3ccccc3)C(=O)N[C@H](C(N)=O)C(C)C)NC(=O)[C@H](CSSC[C@H](NC(=O)[C@@H](N)CCC(=O)O)C(=O)N2)NC1=O,0,-5.3876257,3
CC(=O)N[C@@H](CCCNC(N)=[NH2+])C(=O)N[C@@H](Cc1c[nH]c2ccccc12)C(=O)N[C@@H](Cc1ccc(O)cc1)C(=O)N[C@@H](CS)C(=O)NCC(N)=O,0,-4.346629,3
CC(=O)N[C@@H](CC(C)C)C(=O)N[C@@H](CC(C)C)C(=O)N[C@@H](CCCNC(N)=[NH2+])C(=O)N[C@H](C(=O)N[C@@H](CCCC[NH3+])C(=O)N[C@@H](CCCNC(N)=[NH2+])C(N)=O)C(C)C,0,-3.768797,3
CC(C)[C@H](NC(=O)[C@@H](NC(=O)[C@H](CS)NC(=O)CNC(=O)[C@H](CS)NC(O)C1CC(O)CN1C(O)C(CC1CNCN1)NC(=O)[C@H](CS)NC(=O)[C@H](C)NC(=O)[C@H](C)NC(=O)[C@H](CC(N)=O)NC(O)C1CC(O)CN1C(=O)[C@H](Cc1ccc(O)cc1)NC(=O)[C@H](CCCC[NH3+])NC(=O)CNC(=O)[C@H](CS)NC(=O)[C@H](CS)NC(=O)CN)[C@@H](C)O)C(=O)NCC(=O)N[C@@H](CCCNC(N)=[NH2+])C(=O)N1CC(O)CC1C(O)N1CC(O)CC1C(O)N[C@@H](Cc1ccc(O)cc1)C(=O)N[C@@H](CS)C(=O)N[C@@H](CC(=O)O)C(=O)N[C@@H](CCCNC(N)=[NH2+])C(=O)N1CC(O)CC1C(O)N[C@@H](CO)C(=O)NCC(=O)NCC=O,0,-2.1034768,3
CC[C@H](C)[C@H](NC(=O)[C@@H](N)CCC(N)=O)C(=O)N1CCC[C@H]1C(=O)N[C@@H](Cc1c[nH]c2ccccc12)C(=O)N[C@@H](Cc1ccccc1)C(=O)NC(CC1CNCN1)C(O)N[C@@H](CCCNC(N)=[NH2+])C(N)=O,0,-3.9115915,3
CC(C)C[C@H](NC(=O)[C@H](CC(C)C)NC(=O)[C@@H](CCCC[NH3+])NC(=O)[C@H](CC(C)C)NC(=O)[C@H](CC(C)C)NC(=O)[C@H](CCCC[NH3+])NC(=O)[C@@H](CCCC[NH3+])NC(=O)[C@@H](CC(C)C)NC(=O)[C@H](CC(C)C)NC(=O)[C@@H](CCCC[NH3+])NC(=O)[C@H](CCCC[NH3+])NC(=O)[C@H](CC(C)C)NC(=O)[C@@H](CC(C)C)NC(=O)[C@H](CCCC[NH3+])NC(=O)[C@@H](N)CC(C)C)C(N)=O,0,-3.549507,3
CC[C@H](C)[C@H](NC(=O)[C@H](CCCC[NH3+])NC(=O)[C@H](CCCC[NH3+])NC(=O)[C@H](Cc1ccccc1)NC(=O)[C@H](CC(C)C)NC(=O)[C@H](CCCC[NH3+])NC(=O)[C@@H](N)CC(C)C)C(=O)N[C@@H](CC(C)C)C(=O)N[C@@H](CCCC[NH3+])C(=O)N[C@@H](Cc1ccc(O)cc1)C(=O)N[C@@H](CC(C)C)C(N)=O,0,-3.885028,3
CC[C@H](C)[C@H](N)C(=O)N[C@@H](CC(N)=O)C(=O)N[C@@H](Cc1c[nH]c2ccccc12)C(=O)N[C@@H](CC(C)C)C(=O)N[C@@H](CCCC[NH3+])C(=O)N[C@@H](CC(C)C)C(=O)NCC(=O)N[C@@H](CCCC[NH3+])C(=O)N[C@@H](CCCC[NH3+])C(=O)N[C@H](C(=O)N[C@@H](CC(C)C)C(=O)NCC(=O)N[C@@H](C)C(=O)N[C@H](C(N)=O)[C@@H](C)CC)[C@@H](C)CC,0,-3.0410898,3
C[C@H](NC(=O)[C@H](C)NC(=O)[C@H](Cc1ccccc1)NC(=O)[C@H](C)NC(=O)[C@H](C)NC(=O)[C@H](CCCNC(N)=[NH2+])NC(=O)[C@H](CCCNC(N)=[NH2+])NC(=O)[C@@H](N)CCCNC(N)=[NH2+])C(=O)N[C@@H](Cc1c[nH]c2ccccc12)C(=O)N[C@@H](C)C(=O)N[C@@H](C)C(=O)N[C@@H](Cc1ccccc1)C(=O)N[C@@H](C)C(=O)N[C@@H](C)C(=O)N[C@@H](CCCNC(N)=[NH2+])C(=O)N[C@@H](CCCNC(N)=[NH2+])C(=O)N[C@@H](CCCNC(N)=[NH2+])C(N)=O,0,3.7706647,3
CC(C)C[C@H](NC(=O)[C@H](CC(N)=O)NC(=O)[C@H](CO)NC(O)C(CC1CNCN1)NC(=O)[C@H](CCC(=O)O)NC(=O)[C@H](C)NC(O)C(CC1CNCN1)NC(=O)[C@H](CS)NC(=O)[C@@H](NC(=O)[C@@H]1CCCN1C(=O)[C@H](CC(N)=O)NC(=O)[C@H](CO)NC(=O)[C@H](CS)NC(=O)[C@H](CS)NC(=O)CN)C(C)C)C(=O)N[C@@H](CS)C(N)=O,0,-6.7217054,3
CC[C@H](C)[C@H](NC(=O)[C@@H](N)CCCNC(N)=[NH2+])C(=O)N[C@@H](CC(C)C)C(=O)N[C@@H](CCCNC(N)=[NH2+])C(=O)NCC(N)=O,0,0.064362586,3
CC[C@H](C)[C@H](NC(=O)CN)C(=O)NCC(=O)NCC(=O)N[C@@H](CCCC[NH3+])C(=O)N[C@H](C(=O)N[C@@H](CC(C)C)C(=O)NCC(=O)NCC(=O)N[C@@H](CC(C)C)C(=O)N[C@@H](CCCC[NH3+])C(=O)N[C@H](C(=O)N[C@@H](C)C(=O)N[C@@H](CC(C)C)C(=O)N[C@@H](CCCC[NH3+])C(=O)NCC(=O)N[C@@H](C)C(=O)N[C@@H](C)C(=O)N[C@@H](CCCC[NH3+])C(=O)N[C@@H](CCC(=O)O)C(=O)N[C@@H](CC(C)C)C(=O)N[C@@H](C)C(=O)N[C@@H](CO)C(=O)N[C@H](C(=O)N[C@@H](Cc1ccc(O)cc1)C(=O)N[C@@H](CC(C)C)C(=O)NC(CC1CNCN1)C(N)O)[C@@H](C)O)[C@@H](C)O)[C@@H](C)CC,0,-2.2207491,3
CC[C@H](C)[C@H](NC(=O)[C@H](CCC(N)=O)NC(=O)[C@@H]1CCCN1C(=O)[C@H](CC(N)=O)NC(O)C(CC1CNCN1)NC(=O)[C@@H](NC(=O)[C@@H](NC(=O)[C@H](CS)NC(=O)[C@@H](NC(=O)[C@@H]1CCCN1C(=O)[C@H](CC(N)=O)NC(=O)[C@H](CO)NC(=O)[C@H](CS)NC(=O)[C@H](CS)NC(=O)[C@@H]1CCCN1C(=O)[C@H](CC(=O)O)NC(O)C(N)CCCNC(N)N(C)C)C(C)C)[C@@H](C)O)C(C)C)C(=O)N[C@@H](CS)C(N)=O,0,-6.015082,3
CC[C@H](C)[C@H](NC(=O)CN)C(=O)NCC(=O)N[C@@H](CCCC[NH3+])C(=O)N[C@@H](Cc1ccccc1)C(=O)N[C@@H](CC(C)C)C(=O)NC(CC1CNCN1)C(O)N[C@@H](CCCC[NH3+])C(=O)N[C@H](C(=O)NCC(=O)N[C@@H](CO)C(=O)N[C@@H](Cc1ccccc1)C(=O)N[C@H](C(=O)N[C@@H](CCCC[NH3+])C(=O)N[C@@H](CO)C(=O)N[C@@H](Cc1c[nH]c2ccccc12)C(=O)N[C@@H](CCCC[NH3+])C(=O)NCC(=O)N[C@@H](CCC(=O)O)C(=O)N[C@H](C(=O)N[C@@H](CCSC)C(=O)N[C@@H](CC(N)=O)C(=O)N[C@@H](CO)C(N)=O)[C@@H](C)CC)[C@@H](C)CC)C(C)C,0,-5.131095,3
CCCCC(NC(=O)[C@@H](NC(=O)[C@H](CCCC[NH3+])NC(=O)[C@@H]1CCCN1C(=O)[C@H](CC(C)C)NC(=O)[C@H](CO)NC(=O)[C@H](CCCC[NH3+])NC(=O)[C@H](CCCC[NH3+])NC(=O)[C@H](CC(C)C)NC(=O)[C@H](CO)NC(=O)[C@H](CO)NC(=O)[C@H](CC(C)C)NC(=O)[C@H](Cc1ccccc1)NC(=O)CN)C(C)C)C(O)N[C@@H](C)C(=O)NC(CC1CNCN1)C(O)NC(CCCC)C(O)N[C@@H](CCCC[NH3+])C(N)=O,0,-4.9261856,3
CC(C)C[C@@H]1NC(=O)[C@H](CCCC[NH3+])NC(=O)[C@H](C(C)C)NC(=O)[C@@H]2CCCN2C(=O)[C@@H](Cc2ccc(O)cc2)NC(=O)[C@H](CC(C)C)NC(=O)[C@H](CCCC[NH3+])NC(=O)[C@H](C(C)C)NC(=O)[C@H](CCCC[NH3+])NC(=O)[C@H](CC(C)C)NC(=O)[C@H]2CCCN2C(=O)[C@@H](Cc2ccc(O)cc2)NC(=O)[C@H](C(C)C)NC(=O)[C@H](CCCC[NH3+])NC1=O,0,-5.1829834,3
CC[C@H](C)[C@H](NC(=O)[C@H](CCCC[NH3+])NC(=O)[C@H](CCCC[NH3+])NC(=O)[C@H](CCC(N)=O)NC(=O)CN)C(=O)N[C@@H](CCCNC(N)=[NH2+])C(=O)N[C@H](C(=O)N[C@@H](CCCNC(N)=[NH2+])C(=O)N[C@@H](CC(C)C)C(=O)N[C@@H](CO)C(N)=O)C(C)C,0,-3.1393833,3
CC[C@H](C)[C@H](NC(=O)[C@H](CCCC[NH3+])NC(=O)CNC(=O)[C@@H](NC(=O)[C@H](CC(C)C)NC(O)C(CC1CNCN1)NC(=O)[C@H](C)NC(=O)[C@H](CC(C)C)NC(=O)[C@H](CC(C)C)NC(=O)[C@H](CC(=O)O)NC(=O)[C@H](CCCC[NH3+])NC(=O)CNC(=O)[C@H](C)NC(=O)CNC(=O)[C@H](CCCC[NH3+])NC(=O)[C@H](CC(C)C)NC(=O)[C@@H](NC(=O)[C@H](CC(=O)O)NC(=O)[C@@H](NC(=O)[C@@H](NC(=O)CN)C(C)C)C(C)C)[C@@H](C)CC)C(C)C)C(=O)N[C@@H](CO)C(=O)N[C@@H](CCC(=O)O)C(=O)N[C@@H](CCCC[NH3+])C(=O)N[C@H](C(N)=O)C(C)C,0,-4.200628,3
CC[C@H](C)[C@@H]1NC(=O)[C@H](CCCNC(=N)N)NC(=O)CNC(=O)[C@@H]2CSSC[C@@H](C(=O)N3CCC[C@H]3C(=O)N[C@@H](CCC(=O)O)C(=O)N[C@H](C(=O)N[C@H](C(=O)N[C@@H](CS)C(=O)N3CCC[C@H]3C(=O)N[C@@H](CCCCN)C(=O)N[C@@H](CC(N)=O)C(=O)O)C(C)C)C(C)C)NC(=O)[C@H]([C@@H](C)CC)NC(=O)[C@H](CS)NC(=O)[C@H](CCCNC(=N)N)NC(=O)[C@H](CO)NC(=O)[C@H](CSSC[C@H](NC(=O)[C@H](CCC(=O)O)NC(=O)[C@@H](NC(=O)[C@H](Cc3c[nH]c4ccccc34)NC(=O)[C@H](Cc3ccc(O)cc3)NC(=O)[C@H](CCC(N)=O)NC(=O)[C@@H]3CCCN3C(=O)[C@@H](NC(=O)[C@H](CC(C)C)NC(=O)[C@H](CC(=O)O)NC(=O)[C@H](CC(N)=O)NC(=O)[C@@H](N)CC(C)C)C(C)C)[C@@H](C)O)C(=O)N2)NC(=O)[C@H](Cc2c[nH]cn2)NC(=O)[C@@H]2CCCN2C(=O)CNC1=O,0,-6.257379,3
CC(C)C[C@H](NC(=O)[C@H](Cc1ccccc1)NC(=O)[C@H](C)NC(=O)CNC(=O)[C@H](Cc1c[nH]c2ccccc12)NC(=O)[C@H](CC(N)=O)NC(=O)[C@@H](N)CC(C)C)C(=O)N[C@@H](CCCC[NH3+])C(=O)NC(CC1CNCN1)C(O)N[C@@H](Cc1ccccc1)C(=O)N[C@@H](Cc1ccccc1)C(=O)N[C@@H](CCCC[NH3+])C(N)=O,0,-5.0136814,3
CC[C@H](C)[C@H](N)C(=O)N[C@@H](CC(N)=O)C(=O)N[C@@H](Cc1c[nH]c2ccccc12)C(=O)N[C@@H](CCCC[NH3+])C(=O)N[C@@H](CCCC[NH3+])C(=O)N[C@H](C(=O)N[C@@H](C)C(=O)N[C@@H](CO)C(=O)N[C@H](C(=O)NCC(=O)N[C@@H](CCCC[NH3+])C(=O)N[C@@H](CCC(=O)O)C(=O)N[C@H](C(=O)N[C@@H](CC(C)C)C(=O)N[C@@H](CCCC[NH3+])C(=O)N[C@@H](C)C(=O)N[C@@H](CC(C)C)C(N)=O)C(C)C)[C@@H](C)CC)[C@@H](C)CC,0,-4.876997,3
CC[C@H](C)[C@H](NC(=O)[C@H](CCC(=O)O)NC(=O)[C@@H]1CCCN1C(O)C(CC1CNCN1)NC(=O)[C@H](CC(=O)O)NC(=O)[C@H](Cc1ccc(O)cc1)NC(=O)[C@H](CC(N)=O)NC(=O)[C@H](CS)NC(=O)[C@H](CCCNC(N)=[NH2+])NC(=O)[C@@H]1CCCN1C(=O)[C@H](CC(=O)O)NC(=O)[C@H](CO)NC(=O)[C@H](CS)NC(=O)[C@H](CS)NC(=O)[C@H](C)N)C(=O)N[C@@H](CS)C(N)=O,0,-5.9480247,3
CC[C@H](C)[C@H](NC(=O)[C@H](CCC(=O)O)NC(=O)[C@@H]1CCCN1C(O)C(CC1CNCN1)NC(=O)[C@H](CC(=O)O)NC(=O)[C@H](Cc1ccc(O)cc1)NC(=O)[C@H](C)NC(=O)[C@H](CS)NC(=O)[C@H](CCCNC(N)=[NH2+])NC(=O)[C@@H]1CCCN1C(=O)[C@H](CC(=O)O)NC(=O)[C@H](CO)NC(=O)[C@H](CS)NC(=O)[C@H](CS)NC(=O)CN)C(=O)N[C@@H](CS)C(N)=O,0,-6.074727,3
CC[C@H](C)[C@H](NC(=O)[C@@H](NC(=O)[C@@H]1CCCN1C(=O)[C@@H](NC(=O)[C@@H](NC(=O)[C@H](CCCNC(N)=[NH2+])NC(=O)[C@@H]1CCCN1C(=O)[C@@H](NC(=O)[C@@H](NC(O)C(CC1CNCN1)NC(=O)[C@H](CCCC[NH3+])NC(=O)[C@H](C)NC(=O)[C@@H](NC(=O)[C@H](CO)NC(=O)CNC(=O)[C@H](CC(C)C)NC(=O)[C@@H](NC(=O)[C@H](CO)NC(=O)[C@H](Cc1ccccc1)NC(=O)[C@H](CC(C)C)NC(=O)CN)C(C)C)C(C)C)C(C)C)C(C)C)C(C)C)C(C)C)C(C)C)C(=O)N[C@@H](C)C(=O)N[C@@H](CCC(=O)O)C(=O)NC(CC1CNCN1)C(O)N[C@@H](CC(C)C)C(N)=O,0,-4.389013,3
CC(C)[C@H](NC(=O)[C@H](CCCC[NH3+])NC(=O)[C@@H](NC(=O)[C@H](CCCC[NH3+])NC(=O)[C@@H](NC(=O)[C@H](CCCC[NH3+])NC(=O)[C@@H](NC(=O)[C@@H]1CCCN1C(=O)[C@H]1CCCN1C(=O)[C@@H](NC(=O)[C@H](CCCC[NH3+])NC(=O)[C@@H](NC(=O)[C@H](CCCC[NH3+])NC(=O)[C@@H](NC(=O)[C@H](CCCC[NH3+])NC(=O)[C@@H](NC(=O)[C@@H](N)CCCC[NH3+])C(C)C)C(C)C)C(C)C)C(C)C)[C@@H](C)O)C(C)C)C(C)C)C(=O)N[C@@H](CCCC[NH3+])C(N)=O,0,-4.756647,3
CC(C)C[C@H](NC(=O)[C@H](CC(C)C)NC(=O)[C@H](CCCC[NH3+])NC(=O)CNC(=O)[C@H](CC(C)C)NC(=O)[C@H](CC(C)C)NC(=O)[C@H](CO)NC(=O)[C@H](C)NC(=O)[C@H](Cc1ccccc1)NC(=O)[C@H](Cc1ccccc1)NC(=O)[C@@H]1CCCN1C(=O)[C@H](CC(C)C)NC(=O)[C@@H](N)Cc1ccccc1)C(N)=O,0,-5.384826,3
C[C@H](NC(=O)[C@H](Cc1ccc(O)cc1)NC(=O)[C@H](CC(N)=O)NC(=O)[C@H](CCCC[NH3+])NC(=O)CNC(=O)[C@H](CS)NC(=O)[C@H](C)NC(=O)[C@@H]1CCCN1C(O)C(CC1CNCN1)NC(=O)[C@H](CS)NC(=O)[C@H](CS)NC(=O)[C@H](CCCNC(N)=[NH2+])NC(=O)CN)C(=O)N[C@@H](CS)C(N)=O,0,-5.364432,3
CC(C)C[C@H]1NC(=O)[C@@H](C(C)C)NC(=O)[C@@H]2CCCN2C(=O)[C@@H](CC(=O)O)NC(=O)[C@@H](Cc2c[nH]c3ccccc23)NC1=O,0,-5.873358,3
CC[C@H](C)[C@@H]1NC(=O)CNC(=O)[C@H](CCCNC(N)=[NH2+])NC(=O)[C@H](Cc2ccc(O)cc2)NC(=O)[C@@H]2CSSC[C@H](NC1=O)C(=O)N[C@@H](Cc1ccc(O)cc1)C(=O)N[C@@H](CCCNC(N)=[NH2+])C(=O)N[C@@H](CCCNC(N)=[NH2+])C(=O)N[C@H](C(=O)N[C@@H](CCCNC(N)=[NH2+])C(=O)O)CSSC[C@H](NC(=O)[C@H](Cc1c[nH]c3ccccc13)NC(=O)[C@@H]([NH3+])CCCC[NH3+])C(=O)N[C@@H](Cc1ccccc1)C(=O)N[C@@H](CCCNC(N)=[NH2+])C(=O)N[C@@H](C(C)C)C(=O)N2,0,-1.8148447,3
CC[C@H](C)[C@H](NC(=O)[C@H](CO)NC(=O)[C@H](C)NC(=O)[C@@H]1CCCN1C(=O)[C@H](CC(C)C)NC(=O)CN)C(=O)N[C@@H](CO)C(=O)N[C@@H](Cc1c[nH]c2ccccc12)C(=O)N[C@H](C(=O)N[C@@H](CCCC[NH3+])C(=O)N[C@@H](CCCNC(N)=[NH2+])C(=O)N[C@@H](CCCC[NH3+])C(=O)N[C@@H](CCCNC(N)=[NH2+])C(=O)N[C@@H](CCC(N)=O)C(=O)N[C@@H](CCC(N)=O)C(N)=O)[C@@H](C)CC,0,-3.4047568,3
CC[C@H](C)[C@H](NC(=O)[C@H](CC(C)C)NC(=O)[C@@H]1CCCN1C(=O)[C@H](CC(C)C)NC(=O)[C@@H](N)C(C)C)C(=O)N[C@@H](CO)C(=O)N[C@@H](CCSC)C(=O)N[C@@H](C)C(=O)N[C@@H](CC(C)C)C(=O)NCC(=O)N[C@@H](CCCC[NH3+])C(=O)N[C@@H](CC(C)C)C(=O)N[C@@H](CC(C)C)C(N)=O,0,-3.289563,3
C[C@H](NC(=O)CNC(=O)[C@H](CS)NC(=O)[C@H](C)NC(=O)[C@@H]1CCCN1C(=O)[C@H](CC(N)=O)NC(=O)[C@H](CS)NC(=O)[C@H](CS)NC(=O)[C@@H](N)CCC(=O)O)C(=O)NC(CC1CNCN1)C(O)N[C@@H](Cc1ccc(O)cc1)C(=O)N[C@@H](CO)C(=O)N[C@@H](CS)C(N)=O,0,-6.8569193,3
CC[C@H](C)[C@H](NC(=O)[C@H](Cc1c[nH]c2ccccc12)NC(=O)[C@H](CS)NC(=O)[C@H](CS)NC(=O)[C@@H](N)CC(C)C)C(=O)NC(CC1CNCN1)C(O)N[C@@H](Cc1c[nH]c2ccccc12)C(=O)N[C@@H](CS)C(=O)NC(CC1CNCN1)C(O)N[C@@H](C)C(=O)N[C@@H](CCCNC(N)=[NH2+])C(=O)N[C@@H](CS)C(=O)N[C@H](C(=O)N[C@@H](CS)C(=O)N[C@@H](CS)C(N)=O)[C@@H](C)O,0,-5.735729,3
CC(C)C[C@@H]1NC(O)C(CCC[NH3+])NC(=O)[C@H](C(C)C)NC(=O)[C@@H]2CCCN2C(O)C(CC2CCCC3CCCCC32)NC(=O)[C@H](CC(C)C)NC(O)C(CCC[NH3+])NC(=O)[C@H](C(C)C)NC(=O)[C@@H]2CCCN2C(O)C(CC2CCCC3CCCCC32)NC1=O,0,-3.8978589,3
NC(=O)[C@H](Cc1c[nH]c2ccccc12)NC(O)C(CC1CNCN1)NC(=O)[C@H](CS)NC(=O)[C@H](CS)NC(=O)[C@H](CCC(=O)O)NC(=O)[C@H](Cc1ccccc1)NC=O,0,-6.1196575,3
CC(C)C[C@H](NC(=O)[C@H](C)NC(=O)[C@H](CCCC[NH3+])NC(=O)[C@H](CCCC[NH3+])NC(=O)[C@H](C)NC(=O)CNC(=O)[C@H](CCCC[NH3+])NC(=O)[C@H](CC(C)C)NC(=O)[C@H](CC(C)C)NC(=O)[C@H](CC(=O)O)NC(=O)[C@H](CCCC[NH3+])NC(=O)[C@H](Cc1ccccc1)NC(=O)CN)C(=O)N[C@H](C(=O)N[C@@H](CCCC[NH3+])C(=O)N[C@H](C(=O)N[C@H](C(=O)N[C@@H](CC(C)C)C(=O)N[C@@H](Cc1ccccc1)C(N)=O)C(C)C)[C@@H](C)O)C(C)C,0,-5.692089,3
CC[C@H](C)[C@H](NC(=O)[C@H](CC(C)C)NC(O)C(CC1CNCN1)NC(=O)CNC(=O)[C@H](CC(C)C)NC(=O)[C@@H](NC(=O)[C@H](CCCC[NH3+])NC(=O)[C@H](CO)NC(=O)[C@H](Cc1c[nH]c2ccccc12)NC(=O)[C@H](CCSC)NC(=O)CN)[C@@H](C)CC)C(=O)N[C@@H](CCCC[NH3+])C(N)=O,0,-5.3133287,3
CC[C@H](C)[C@H](NC(=O)[C@H](CCCNC(N)=[NH2+])NC(=O)[C@H](CS)NC(=O)[C@H](Cc1c[nH]c2ccccc12)NC(=O)[C@H](Cc1c[nH]c2ccccc12)NC(=O)[C@H](CCCNC(N)=[NH2+])NC(=O)[C@H](CCCNC(N)=[NH2+])NC(C)=O)C(N)=O,0,-4.133386,3
CSCC[C@@H]1NC(=O)[C@H](CCCNC(N)=[NH2+])NC(=O)[C@H](Cc2c[nH]c3ccccc23)NC(=O)[C@H](C)NC(=O)[C@H](C)NC(=O)[C@H](CCCNC(N)=[NH2+])NC(=O)[C@H](Cc2ccccc2)NC(=O)[C@H](C)NC(=O)[C@H](CCCC[NH3+])NC(=O)[C@H](CCCNC(N)=[NH2+])NC(=O)[C@H](Cc2c[nH]c3ccccc23)NC(=O)[C@H](C)NC(=O)[C@H]2CCCN2C(=O)[C@@H](C)NC(=O)[C@H](C)NC(=O)[C@H](CCCC[NH3+])NC(=O)[C@H](CCCC[NH3+])NC(=O)[C@H](CC(C)C)NC1=O,0,-3.7842658,3
CC[C@H](C)[C@H]([NH3+])C(=O)N[C@H](C(=O)NCC(=O)N1CCC[C@H]1C(=O)N[C@H](C(=O)N[C@@H](CC(C)C)C(=O)NCC(=O)N[C@@H](CC(C)C)C(=O)N[C@H](C(=O)NCC(=O)N[C@@H](CO)C(=O)N[C@@H](C)C(=O)N[C@@H](CC(C)C)C(=O)NCC(=O)NCC(=O)N[C@@H](CC(C)C)C(=O)N[C@@H](CC(C)C)C(=O)N[C@@H](CCCC[NH3+])C(=O)N[C@@H](CCCC[NH3+])C(=O)N[C@H](C(=O)O)[C@@H](C)CC)C(C)C)C(C)C)[C@@H](C)CC,0,-1.6572115,3
CC[C@H](C)[C@H](NC(=O)[C@H](CCCC[NH3+])NC(=O)[C@H](Cc1ccc(O)cc1)NC(=O)CNC(O)C(CC1CNCN1)NC(O)C(CC1CNCN1)NC(=O)[C@H](CCCNC(N)=[NH2+])NC(=O)[C@H](CCCC[NH3+])NC(=O)[C@H](C)NC(O)C(CC1CNCN1)NC(=O)[C@H](CO)NC(=O)[C@@H](N)CC(=O)O)C(=O)N[C@@H](CCCC[NH3+])C(=O)N[C@@H](Cc1ccccc1)C(=O)NC(CC1CNCN1)C(O)N[C@@H](CCC(=O)O)C(=O)N[C@@H](CC(N)=O)C(=O)NC(CC1CNCN1)C(O)NC(CC1CNCN1)C(O)N[C@@H](CO)C(=O)NC(CC1CNCN1)C(O)N[C@@H](CCCNC(N)=[NH2+])C(=O)NCC(=O)N[C@@H](Cc1ccc(O)cc1)C(N)=O,0,-2.084661,3
CC[C@@H](C)[C@H]1NC(=O)[C@H]2CCCN2C(=O)[C@H](Cc2c[nH]c3ccccc23)NC(=O)[C@H](CO)NC(=O)[C@@H](CS)NC(=O)[C@H]([C@@H](C)O)NC(=O)[C@@H](CS)NC(=O)CNC(=O)[C@H](CCC(N)=O)NC(=O)[C@H]([C@@H](C)O)NC(=O)[C@H](Cc2ccc(O)cc2)NC(=O)[C@H](CS)NC(=O)[C@H]([C@@H](C)O)NC(=O)CNC(=O)[C@H](CC(C)C)NC(=O)[C@H]([C@@H](C)O)NC(=O)[C@H](CS)NC(=O)[C@H]([C@@H](C)O)NC(=O)[C@H](CCC(=O)O)NC(=O)CNC(=O)[C@H](CS)NC(=O)[C@H](C(C)C)NC(=O)[C@@H]2CCCN2C(=O)[C@H](CC(C)C)NC(=O)CNC(=O)[C@H](CC(N)=O)NC(=O)[C@H](CCCNC(N)=[NH2+])NC(=O)[C@H](CCCC[NH3+])NC(=O)[C@H](CS)NC1=O,0,-7.3183146,3
CC(C)C[C@H](NC(=O)[C@H](CCC(=O)O)NC(O)C1CC(O)CN1C(O)C(CC1CNCN1)NC(=O)[C@H](CC(N)=O)NC(=O)[C@@H](NC(=O)[C@H](CO)NC(=O)[C@H](CS)NC(=O)[C@H](C)NC(=O)[C@@H]1CCCN1C(O)C(CC1CNCN1)NC(=O)[C@H](CO)NC(=O)[C@H](CS)NC(=O)[C@H](CS)NC(=O)CN)C(C)C)C(=O)N[C@H](C=O)CS,0,-2.1268802,3
CC(C)C[C@H](NC(=O)[C@H](CCCC[NH3+])NC(=O)[C@H](CCCNC(N)=[NH2+])NC(=O)[C@H](Cc1ccccc1)NC(=O)[C@H](Cc1ccccc1)NC(=O)[C@H](CCCC[NH3+])NC(=O)[C@H](CCCC[NH3+])NC(=O)[C@H](Cc1ccccc1)NC(=O)[C@H](CCCNC(N)=[NH2+])NC(=O)[C@H](CCCC[NH3+])NC(=O)[C@@H](N)C(C)C)C(=O)N[C@@H](CCCC[NH3+])C(=O)N[C@@H](CCCC[NH3+])C(=O)N[C@@H](CCCC[NH3+])C(=O)N[C@H](C(N)=O)C(C)C,1,2.702351,4
NC(=[NH2+])NCCC[C@H](NC(=O)[C@H](CCCNC(N)=[NH2+])NC(=O)[C@H](CCCNC(N)=[NH2+])NC(=O)[C@H](CCC(N)=O)NC(=O)[C@H](CCCNC(N)=[NH2+])NC(=O)[C@H](CCCNC(N)=[NH2+])NC(=O)[C@H](CCCC[NH3+])NC(=O)[C@H](CCCC[NH3+])NC(=O)[C@@H](N)CCCNC(N)=[NH2+])C(=O)NCC(=O)NCC(=O)NCC(N)=O,1,8.079183,4
CNCCC[C@H](NC(=O)[C@H](CCCNC)NC(=O)[C@H](CCCNC)NC(=O)[C@H](CCCNC)NC(=O)[C@H](CCCNC)NC(=O)[C@H](CCCNC)NC(=O)[C@H](CCCNC)NC(O)C(C)CN)C(N)=O,1,-0.027278086,4
CC(C)C[C@H](NC(=O)[C@H](CC(C)C)NC(=O)[C@H](C)NC(=O)[C@H](C)NC(=O)[C@H](C)NC(=O)[C@H](CC(C)C)NC(=O)[C@H](CCCC[NH3+])NC(=O)[C@H](CCCC[NH3+])NC(=O)[C@H](Cc1c[nH]c2ccccc12)NC(=O)[C@H](CCCC[NH3+])NC(=O)[C@H](CCCC[NH3+])NC(=O)[C@H](CC(C)C)NC(=O)[C@H](CC(C)C)NC(=O)[C@H](C)NC(=O)[C@H](C)NC(=O)[C@H](C)NC(=O)[C@H](CC(C)C)NC(=O)[C@@H](N)CCCC[NH3+])C(N)=O,1,0.6808158,4
CC[C@H](C)[C@H](NC(=O)[C@H](CC(C)C)NC(=O)[C@@H](NC(=O)[C@H](CCCNC(N)=[NH2+])NC(=O)[C@H](Cc1ccccc1)NC(=O)[C@@H](NC(=O)[C@@H](NC(=O)[C@@H](N)CC(C)C)[C@@H](C)CC)[C@@H](C)CC)[C@@H](C)CC)C(=O)N[C@@H](CO)C(=O)NC(CC1CNCN1)C(O)NC(CC1CNCN1)C(O)NC(CO)CC1CNCN1,1,2.0073528,4
CC[C@H](C)[C@H](NC(=O)[C@H](CCCNC(N)=[NH2+])NC(=O)[C@H](CCCNC(N)=[NH2+])NC(=O)[C@H](CCCNC(N)=[NH2+])NC(=O)[C@H](CC(C)C)NC(=O)[C@@H](NC(=O)[C@@H](NC(=O)[C@H](CC(C)C)NC(=O)[C@H](C)N)[C@@H](C)CC)[C@@H](C)CC)C(=O)N[C@@H](CCCNC(N)=[NH2+])C(=O)N[C@@H](CCCC[NH3+])C(=O)N[C@@H](CCC(N)=O)C(=O)N[C@@H](C)C(=O)NC(CC1CNCN1)C(O)N[C@@H](C)C(=O)NC(CC1CNCN1)C(O)N[C@@H](CO)C(=O)N[C@H](C=O)CCCC[NH3+],1,11.053846,4
CC[C@H](C)[C@H](NC(=O)[C@H](CCCC[NH3+])NC(=O)[C@H](CCCC[NH3+])NC(=O)[C@H](C)NC(=O)[C@H](CC(C)C)NC(=O)[C@H](C)NC(=O)[C@H](C)NC(=O)[C@H](CC(C)C)NC(=O)[C@H](C)NC(=O)[C@H](CCCC[NH3+])NC(=O)[C@H](CC(C)C)NC(=O)[C@H](CC(N)=O)NC(=O)[C@@H](NC(=O)[C@H](CCCC[NH3+])NC(=O)CNC(=O)[C@H](CC(C)C)NC(=O)[C@H](CC(C)C)NC(=O)[C@H](Cc1ccc(O)cc1)NC(=O)CNC(=O)[C@H](C)N)[C@@H](C)CC)C(=O)N[C@H](C=O)CC(C)C,1,12.118456,4
C[C@H](N)C(=O)N[C@@H](CS)C(=O)N[C@@H](CCCNC(N)=[NH2+])C(=O)NCC(=O)N[C@@H](CCCNC(N)=[NH2+])C(=O)NCC(=O)N[C@@H](CCCNC(N)=[NH2+])C(=O)NCC(=O)N[C@@H](CS)C(=O)NCC(=O)N[C@@H](CO)C(=O)NCC(=O)N[C@@H](CO)C(=O)N[C@@H](CCCNC(N)=[NH2+])C(=O)N[C@@H](CO)C(=O)N[C@@H](CS)C(=O)NCC=O,1,8.395236,4
CC[C@H](C)[C@H](NC(=O)[C@H](C)NC(=O)[C@@H](NC(=O)[C@H](CCC(N)=O)NC(=O)[C@@H](N)CCCNC(N)=[NH2+])[C@@H](C)CC)C(=O)N[C@@H](Cc1c[nH]c2ccccc12)C(=O)N[C@@H](Cc1ccccc1)C(=O)N[C@@H](CCC(N)=O)C(=O)N[C@@H](CC(N)=O)C(=O)N[C@@H](CCCNC(N)=[NH2+])C(=O)N[C@@H](CCCNC(N)=[NH2+])C(=O)N[C@@H](CCSC)C(=O)N[C@@H](CCCC[NH3+])C(=O)N[C@@H](Cc1c[nH]c2ccccc12)C(=O)N[C@@H](CCCC[NH3+])C(=O)N[C@H](C=O)CCCC[NH3+],1,12.89293,4
NCC(=O)N[C@@H](CCCNC(N)=[NH2+])C(=O)N[C@@H](CCCC[NH3+])C(=O)N[C@@H](CCCC[NH3+])C(=O)N[C@@H](CCCNC(N)=[NH2+])C(=O)N[C@@H](CCCNC(N)=[NH2+])C(=O)N[C@@H](CCC(N)=O)C(=O)N[C@@H](CCCNC(N)=[NH2+])C(=O)N[C@@H](CCCNC(N)=[NH2+])C(=O)N[C@@H](CCCNC(N)=[NH2+])C(=O)N1CCC[C@H]1C(=O)N1CCC[C@H]1C(=O)N[C@@H](CCC(N)=O)C(=O)N[C@H](C=O)Cc1ccc(O)cc1,1,11.416567,4
CC(=O)N[C@@H](CCCNC(N)=[NH2+])C(=O)N[C@@H](CCCNC(N)=[NH2+])C(=O)N[C@@H](CCCNC(N)=[NH2+])C(=O)N[C@@H](CCCNC(N)=[NH2+])C(=O)N[C@@H](CCCNC(N)=[NH2+])C(=O)N[C@@H](CCCNC(N)=[NH2+])C(=O)N[C@@H](CCCNC(N)=[NH2+])C(=O)N[C@@H](CCCNC(N)=[NH2+])C(N)=O,1,4.852762,4
NC(=[NH2+])NCCC[C@@H](N)C(=O)N[C@H](CCCNC(N)=[NH2+])C(=O)N[C@H](CCCNC(N)=[NH2+])C(=O)N[C@H](CCCNC(N)=[NH2+])C(=O)N[C@H](CCCNC(N)=[NH2+])C(=O)N[C@@H](C=O)CCCNC(N)=[NH2+],1,13.9199295,4
NC(=[NH2+])NCCC[C@@H](C=O)NC(=O)[C@H](CCCNC(N)=[NH2+])NC(=O)[C@H](CCCNC(N)=[NH2+])NC(=O)[C@H](CCCNC(N)=[NH2+])NC(=O)[C@H](CCCNC(N)=[NH2+])NC(=O)[C@@H](N)CCCNC(N)=[NH2+],1,13.634224,4
CC[C@H](C)[C@H](NC(=O)[C@@H](NC(=O)[C@@H](N)Cc1c[nH]c2ccccc12)[C@@H](C)CC)C(=O)N[C@@H](Cc1ccccc1)C(=O)N[C@@H](CCCNC(N)=[NH2+])C(=O)N[C@@H](C)C(=O)N[C@@H](C)C(=O)N[C@@H](C)C(=O)N[C@@H](CO)C(=O)NC(CC1CNCN1)C(O)N[C@@H](CCCC[NH3+])C(=O)N[C@H](C=O)CCCC[NH3+],1,8.015343,4
CC(C)C[C@H](NC(=O)[C@H](CCCNC(N)=[NH2+])NC(=O)[C@H](CCC(=O)O)NC(=O)[C@H](CC(=O)O)NC(=O)[C@H](C)NC(=O)[C@@H]1CCCN1C(=O)[C@H](CS)NC(=O)[C@H](CC(N)=O)NC(=O)[C@H](CCCNC(N)=[NH2+])NC(=O)[C@H](Cc1ccccc1)NC(=O)[C@H](CCCNC(N)=[NH2+])NC(=O)[C@H](CC(=O)O)NC(=O)[C@H](CCCNC(N)=[NH2+])NC(=O)[C@H](CS)NC(=O)[C@H](C)N)C(=O)N[C@@H](CS)C(=O)NCC=O,1,5.401757,4
CC(C)C[C@H](NC(=O)[C@H](C)NC(=O)[C@H](CCCC[NH3+])NC(=O)[C@H](CC(C)C)NC(=O)[C@H](C)NC(=O)[C@H](CC(C)C)NC(=O)[C@H](CCCC[NH3+])NC(=O)[C@H](CC(C)C)NC(=O)[C@H](C)NC(=O)[C@H](CC(C)C)NC(=O)[C@@H](N)CCCC[NH3+])C(=O)N[C@@H](CCCC[NH3+])C(=O)N[C@@H](C)C(=O)N[C@@H](C)C(=O)N[C@@H](CC(C)C)C(=O)N[C@@H](CCCC[NH3+])C(=O)N[C@@H](CC(C)C)C(=O)N[C@@H](C)C(=O)NCC(=O)N[C@H](C=O)CS,1,9.93677,4
NC(=[NH2+])NCCC[C@H](NC(=O)[C@H](CCCNC(N)=[NH2+])NC(=O)[C@H](CCCNC(N)=[NH2+])NC(=O)[C@H](CCCNC(N)=[NH2+])NC(=O)[C@H](CCCNC(N)=[NH2+])NC(=O)[C@H](CCCNC(N)=[NH2+])NC(=O)[C@H](CCCNC(N)=[NH2+])NC(=O)[C@@H](N)CCCNC(N)=[NH2+])C(=O)NCC(=O)N[C@@H](CS)C(N)=O,1,8.814032,4
CC[C@H](C)[C@H](NC(=O)[C@H](CCCC[NH3+])NC(=O)[C@H](CCCC[NH3+])NC(=O)[C@H](C)NC(=O)[C@H](CC(C)C)NC(=O)[C@H](C)NC(=O)[C@H](C)NC(=O)[C@H](CC(C)C)NC(=O)[C@H](C)NC(=O)[C@H](CCCC[NH3+])NC(=O)[C@H](CC(C)C)NC(=O)[C@H](CC(N)=O)NC(=O)[C@@H](NC(=O)[C@H](CCCC[NH3+])NC(=O)CNC(=O)[C@H](CC(C)C)NC(=O)[C@H](CC(C)C)NC(=O)[C@H](Cc1ccc(O)cc1)NC(=O)CNC(=O)[C@H](C)NC(=O)[C@H](CO)NC(=O)[C@H](CC(N)=O)NC(=O)[C@@H](N)CC(C)C)[C@@H](C)CC)C(=O)N[C@H](C=O)CC(C)C,1,11.705335,4
CC(=O)N[C@@H](CS)C(=O)N[C@@H](Cc1c[nH]c2ccccc12)C(=O)N[C@@H](CCCC[NH3+])C(=O)N[C@@H](CCCC[NH3+])C(=O)N[C@@H](CCCC[NH3+])C(=O)N[C@@H](CCCC[NH3+])C(=O)N[C@@H](CCCC[NH3+])C(=O)N[C@@H](CCCC[NH3+])C(=O)N[C@@H](CCCC[NH3+])C(=O)N[C@@H](CCCC[NH3+])C(=O)N[C@@H](CCCC[NH3+])C(=O)N[C@@H](CCCC[NH3+])C(=O)N[C@@H](CCCC[NH3+])C(=O)N[C@@H](CCCC[NH3+])C(=O)N[C@@H](CCCC[NH3+])C(=O)N[C@@H](CCCC[NH3+])C(=O)N[C@@H](CCCC[NH3+])C(=O)N[C@@H](CCCC[NH3+])C(=O)N[C@@H](CCCC[NH3+])C(=O)N[C@H](C=O)CCCC[NH3+],1,14.288296,4
CC[C@H](C)[C@H](NC(=O)[C@H](CCCC[NH3+])NC(=O)[C@@H](NC(=O)[C@H](CCC(N)=O)NC(=O)[C@@H]([NH3+])CCCNC(N)=[NH2+])[C@@H](C)CC)C(=O)N[C@@H](Cc1c[nH]c2ccccc12)C(=O)N[C@@H](Cc1ccccc1)C(=O)N[C@@H](CCC(N)=O)C(=O)N[C@@H](CC(N)=O)C(=O)N[C@@H](CCCNC(N)=[NH2+])C(=O)N[C@@H](CCCNC(N)=[NH2+])C(=O)N[C@@H](CCSC)C(=O)N[C@@H](CCCC[NH3+])C(=O)N[C@@H](Cc1c[nH]c2ccccc12)C(=O)N[C@@H](CCCC[NH3+])C(=O)N[C@@H](CCCC[NH3+])C(=O)O,1,7.7445827,4
C[C@H](N)C(=O)N[C@@H](CS)C(=O)N[C@@H](CCCNC(N)=[NH2+])C(=O)N[C@@H](CCCNC(N)=[NH2+])C(=O)N[C@@H](CO)C(=O)N[C@@H](CCCNC(N)=[NH2+])C(=O)N[C@@H](CCCNC(N)=[NH2+])C(=O)NCC(=O)N[C@@H](CS)C(=O)NCC(=O)N[C@@H](CCCNC(N)=[NH2+])C(=O)N[C@@H](CCCNC(N)=[NH2+])C(=O)N[C@@H](CO)C(=O)N[C@@H](CCCNC(N)=[NH2+])C(=O)N[C@@H](CCCNC(N)=[NH2+])C(=O)N[C@@H](CS)C(=O)NCC=O,1,10.86517,4
CC(=O)N[C@@H](CCCNC(N)=[NH2+])C(=O)N[C@@H](CC(C)C)C(=O)N[C@@H](CC(C)C)C(=O)N[C@@H](CCCNC(N)=[NH2+])C(=O)N[C@@H](CC(C)C)C(=O)N[C@@H](CC(C)C)C(=O)N[C@@H](CC(C)C)C(=O)N[C@@H](CCCNC(N)=[NH2+])C(=O)N[C@@H](CC(C)C)C(=O)N[C@@H](Cc1c[nH]c2ccccc12)C(=O)N[C@@H](CCCNC(N)=[NH2+])C(=O)N[C@@H](CCCNC(N)=[NH2+])C(=O)N[C@@H](CC(C)C)C(=O)N[C@@H](CC(C)C)C(=O)N[C@@H](CCCNC(N)=[NH2+])C(=O)N[C@@H](CC(C)C)C(=O)N[C@@H](CC(C)C)C(=O)N[C@@H](CCCNC(N)=[NH2+])C(N)=O,1,2.5665872,4
C[C@H](NC(=O)[C@H](CCCC[NH3+])NC(=O)[C@H](CO)NC(=O)[C@H](CCCNC(N)=[NH2+])NC(=O)[C@H](C)NC(O)C(CC1CNCN1)NC(O)C(CC1CNCN1)NC(=O)[C@H](CCCNC(N)=[NH2+])NC(=O)[C@H](CCCNC(N)=[NH2+])NC(=O)[C@@H](N)CO)C(=O)N[C@@H](CCCC[NH3+])C(=O)N[C@@H](CCCNC(N)=[NH2+])C(=O)N[C@@H](CO)C(=O)N[C@@H](CCCNC(N)=[NH2+])C(=O)NC(CC1CNCN1)C(O)NC(CO)CC1CNCN1,1,5.872482,4
NC(=[NH2+])NCCC[C@@H](C=O)NC(=O)[C@H](CCCNC(N)=[NH2+])NC(=O)[C@H](CCCNC(N)=[NH2+])NC(=O)[C@H](CCCNC(N)=[NH2+])NC(=O)[C@H](CCCNC(N)=[NH2+])NC(=O)[C@H](CCCNC(N)=[NH2+])NC(=O)[C@H](CCCNC(N)=[NH2+])NC(=O)[C@H](CCCNC(N)=[NH2+])NC(=O)[C@H](CCCNC(N)=[NH2+])NC(=O)[C@H](CCCNC(N)=[NH2+])NC(=O)[C@@H](N)CCCNC(N)=[NH2+],1,15.171941,4
C[C@H](NC(=O)[C@H](CCC(N)=O)NC(=O)[C@@H](N)CCCNC(N)=[NH2+])C(=O)N[C@@H](CCCNC(N)=[NH2+])C(=O)N[C@@H](CCCNC(N)=[NH2+])C(=O)N[C@@H](CC(N)=O)C(=O)N[C@@H](CCCNC(N)=[NH2+])C(=O)N[C@@H](CCCNC(N)=[NH2+])C(=O)N[C@@H](CCCNC(N)=[NH2+])C(=O)N[C@H](C=O)CS,1,10.031163,4
CC[C@H](C)[C@H](NC(=O)[C@H](CCCC[NH3+])NC(=O)[C@@H](NC(=O)[C@H](CCC(N)=O)NC(=O)[C@@H]([NH3+])CCCNC(N)=[NH2+])[C@@H](C)CC)C(=O)N[C@@H](Cc1c[nH]c2ccccc12)C(=O)N[C@@H](Cc1ccccc1)C(=O)N[C@@H](CCC(N)=O)C(=O)N[C@@H](CC(N)=O)C(=O)N[C@@H](CCCNC(N)=[NH2+])C(=O)N[C@@H](CCCNC(N)=[NH2+])C(=O)N[C@@H](CCSC)C(=O)N[C@@H](CCCC[NH3+])C(=O)N[C@@H](Cc1c[nH]c2ccccc12)C(=O)N[C@@H](CCCC[NH3+])C(=O)N[C@@H](CCCC[NH3+])C(=O)O,1,7.7445827,4
NC(=[NH2+])NCCC[C@@H](NC(=O)[C@H](N)CS)C(=O)N[C@H](Cc1c[nH]c2ccccc12)C(=O)N[C@H](CCCNC(N)=[NH2+])C(=O)N[C@H](Cc1c[nH]c2ccccc12)C(=O)N[C@H](CCCC[NH3+])C(=O)N[C@H](CS)C(=O)N[C@H](CS)C(=O)N[C@H](CCCC[NH3+])C(=O)N[C@@H](C=O)CCCC[NH3+],1,8.820632,4
NC(=[NH2+])NCCC[C@H](NC(=O)[C@H](Cc1c[nH]c2ccccc12)NC(=O)[C@@H](CCCNC(N)=[NH2+])NC(=O)[C@@H](N)CS)C(=O)N[C@@H](Cc1c[nH]c2ccccc12)C(=O)N[C@@H](CCCC[NH3+])C(=O)N[C@@H](CS)C(=O)N[C@@H](CS)C(=O)N[C@@H](CCCC[NH3+])C(=O)N[C@H](C=O)CCCC[NH3+],1,8.324278,4
CC[C@H](C)[C@H](NC(=O)[C@H](CC(C)C)NC(=O)[C@@H](N)CCCC[NH3+])C(=O)N[C@@H](CCCC[NH3+])C(=O)NCC(=O)N[C@@H](CCCNC(N)=[NH2+])C(=O)N[C@H](C(=O)N1CCC[C@H]1C(=O)N[C@H](C(=O)N[C@@H](CCCC[NH3+])C(=O)N[C@@H](Cc1ccccc1)C(=O)NCC(=O)N[C@@H](CCCC[NH3+])C(=O)N[C@@H](C)C(=O)N[C@@H](CC(=O)O)C(=O)N[C@@H](CS)C(=O)N[C@@H](CC(=O)O)C(=O)N[C@@H](CCCNC(N)=[NH2+])C(=O)N1CCC[C@H]1C(=O)N1CCC[C@H]1C(=O)N[C@@H](CCCC[NH3+])C(=O)NC(CC1CNCN1)C(O)N[C@@H](CO)C(=O)NCC(=O)N[C@H](C=O)CCCC[NH3+])[C@@H](C)CC)[C@@H](C)O,1,8.82295,4
CC[C@H](C)[C@H](NC(=O)[C@H](CCCC[NH3+])NC(=O)[C@@H](NC(=O)[C@H](CCC(N)=O)NC(=O)[C@@H]([NH3+])CCCNC(N)=[NH2+])[C@@H](C)CC)C(=O)N[C@@H](Cc1c[nH]c2ccccc12)C(=O)N[C@@H](Cc1ccccc1)C(=O)N[C@@H](CCC(N)=O)C(=O)N[C@@H](CC(N)=O)C(=O)N[C@@H](CCCNC(N)=[NH2+])C(=O)N[C@@H](CCCNC(N)=[NH2+])C(=O)N[C@@H](CCSC)C(=O)N[C@@H](CCCC[NH3+])C(=O)N[C@@H](Cc1c[nH]c2ccccc12)C(=O)N[C@@H](CCCC[NH3+])C(=O)N[C@@H](CCCC[NH3+])C(=O)O,1,7.7445827,4
C[C@H](NC(=O)[C@H](CCCNC(N)=[NH2+])NC(=O)[C@H](CCCNC(N)=[NH2+])NC(=O)[C@H](CCC(=O)O)NC(=O)[C@H](CCCNC(N)=[NH2+])NC(=O)[C@H](CCCNC(N)=[NH2+])NC(=O)[C@@H](N)CCCNC(N)=[NH2+])C(=O)N[C@@H](CCC(=O)O)C(=O)N[C@H](C=O)CCCC[NH3+],1,14.4949255,4
NCC(=O)N[C@@H](CCCNC(N)=[NH2+])C(=O)N[C@@H](CCCC[NH3+])C(=O)N[C@@H](CCCC[NH3+])C(=O)N[C@@H](CCCNC(N)=[NH2+])C(=O)N[C@@H](CCCNC(N)=[NH2+])C(=O)N[C@@H](CCC(N)=O)C(=O)N[C@@H](CCCNC(N)=[NH2+])C(=O)N[C@@H](CCCNC(N)=[NH2+])C(=O)N[C@@H](CCCNC(N)=[NH2+])C(=O)N1CCC[C@H]1C(=O)N1CCC[C@H]1C(=O)N[C@H](C=O)CCC(N)=O,1,12.388029,4
NC(=[NH2+])NCCC[C@@H](C=O)NC(=O)[C@H](CCCNC(N)=[NH2+])NC(=O)[C@H](CCCNC(N)=[NH2+])NC(=O)[C@H](CCCNC(N)=[NH2+])NC(=O)[C@H](CCCNC(N)=[NH2+])NC(=O)[C@H](CCCNC(N)=[NH2+])NC(=O)[C@H](CCCNC(N)=[NH2+])NC(=O)[C@H](CCCNC(N)=[NH2+])NC(=O)[C@H](Cc1c[nH]c2ccccc12)NC(=O)[C@H](Cc1c[nH]c2ccccc12)NC(=O)[C@H](Cc1c[nH]c2ccccc12)NC(=O)[C@@H](N)Cc1c[nH]c2ccccc12,1,8.647837,4
CC[C@H](C)[C@H](NC(=O)[C@H](CCCNC(N)=[NH2+])NC(=O)[C@@H](NC(=O)[C@H](CCC(N)=O)NC(=O)[C@@H](N)CCCNC(N)=[NH2+])[C@@H](C)CC)C(=O)N[C@@H](Cc1c[nH]c2ccccc12)C(=O)N[C@@H](Cc1ccccc1)C(=O)N[C@@H](CCC(N)=O)C(=O)N[C@@H](CC(N)=O)C(=O)N[C@@H](CCCNC(N)=[NH2+])C(=O)N[C@@H](CCCNC(N)=[NH2+])C(=O)N[C@@H](CCSC)C(=O)N[C@@H](CCCNC(N)=[NH2+])C(=O)N[C@@H](Cc1c[nH]c2ccccc12)C(=O)N[C@@H](CCCNC(N)=[NH2+])C(=O)N[C@H](C=O)CCCNC(N)=[NH2+],1,12.814623,4
CC(C)C[C@H](NC(=O)[C@H](CO)NC(=O)[C@H](CO)NC(=O)[C@H](Cc1c[nH]c2ccccc12)NC(=O)[C@H](CC(C)C)NC(=O)[C@H](CO)NC(=O)[C@@H]1CCCN1C(=O)[C@H](Cc1c[nH]c2ccccc12)NC(=O)[C@H](C)NC(=O)[C@H](CO)NC(=O)[C@H](Cc1c[nH]c2ccccc12)NC(=O)[C@H](CC(C)C)NC(=O)[C@@H](N)CCCC[NH3+])C(=O)N[C@@H](Cc1c[nH]c2ccccc12)C(=O)N[C@@H](CCCC[NH3+])C(=O)N1CCC[C@H]1C(N)=O,1,-5.0915327,4
CC[C@H](C)[C@@H]1NC(=O)[C@@H]2CCCN2C(=O)[C@@H]2CCCN2C(=O)[C@H]([C@@H](C)CC)NC(=O)[C@H](CO)NC(=O)[C@H](CCCC[NH3+])NC(=O)[C@H]([C@@H](C)O)NC(=O)[C@@H]2CSSC[C@H](NC1=O)C(=O)N[C@@H](Cc1ccccc1)C(=O)N1CCC[C@H]1C(=O)N[C@@H](CC(=O)O)C(=O)NCC(=O)N[C@@H](CCCNC(N)=[NH2+])C(=O)N2,1,-4.465863,4
CC(C)C[C@H](NC(=O)[C@@H](NC(=O)[C@H](CCCCN)NC(=O)[C@H](Cc1ccc(O)cc1)NC(=O)[C@@H](NC(=O)[C@H](Cc1ccc(O)cc1)NC(=O)[C@@H](NC(=O)[C@H](CO)NC(=O)[C@H](Cc1ccc(O)cc1)NC(=O)[C@H](CO)NC(=O)[C@H](CCC(=O)O)NC(=O)[C@H](CCCCN)NC(=O)[C@H](CCCNC(=N)N)NC(=O)[C@H](CO)NC(=O)[C@H](CCCNC(=N)N)NC1=[O+]C(CN)CC[C@@H]1NC(=O)[C@H](CCCNC(=N)N)NC(=O)[C@H](CCCCN)NC(=O)[C@H](CCCCN)NC(=O)CNC(=O)[C@H](CC(=O)O)NC(=O)[C@H](CCCCN)NC(=O)[C@H](CCCCN)NC(=O)[C@H](CCC(N)=O)NC(=O)[C@H](C)NC(=O)[C@H](CCCCN)NC(=O)[C@@H](NC(=O)[C@@H](NC(=O)[C@H](C)NC(=O)[C@H](CCCCN)NC(=O)[C@H](CCCCN)NC(=O)[C@H](CO)NC(=O)CNC(=O)[C@@H](N)CCCCN)C(C)C)[C@@H](C)O)C(C)C)C(C)C)C(C)C)C(=O)N[C@@H](CCCCN)C(=O)N[C@H](C=O)CCC(N)=O,1,2.5091524,4
C[C@@H](O)[C@@H](C=O)NC(=O)[C@H](CCCNC(N)=[NH2+])NC(=O)[C@H](CCCC[NH3+])NC(=O)[C@H](CCCC[NH3+])NC(=O)[C@H](CCCNC(N)=[NH2+])NC(=O)[C@H](CCCC[NH3+])NC(=O)[C@H](CCCNC(N)=[NH2+])NC(=O)CN,1,9.634033,4
C[C@H](NC(=O)[C@H](CCCNC(N)=[NH2+])NC(=O)[C@H](CCCNC(N)=[NH2+])NC(=O)[C@H](CCCNC(N)=[NH2+])NC(=O)[C@H](CCCNC(N)=[NH2+])NC(=O)CN)C(=O)N[C@H](C(=O)N[C@@H](C)C(=O)N[C@@H](CCCC[NH3+])C(=O)N[C@@H](Cc1ccc(O)cc1)C(=O)N[C@@H](CCCNC(N)=[NH2+])C(=O)N[C@H](C(=O)N[C@@H](C)C(=O)NC(CO)CC1CNCN1)[C@@H](C)O)[C@@H](C)O,1,6.4864607,4
CC[C@H](C)[C@H](NC(=O)[C@H](CCCC[NH3+])NC(=O)[C@H](C)NC(=O)[C@H](CCC(N)=O)NC(=O)[C@@H](N)CCCNC(N)=[NH2+])C(=O)N[C@@H](Cc1c[nH]c2ccccc12)C(=O)N[C@@H](Cc1ccccc1)C(=O)N[C@@H](CCC(N)=O)C(=O)N[C@@H](CC(N)=O)C(=O)N[C@@H](CCCNC(N)=[NH2+])C(=O)N[C@@H](CCCNC(N)=[NH2+])C(=O)N[C@@H](CCSC)C(=O)N[C@@H](CCCC[NH3+])C(=O)N[C@@H](Cc1c[nH]c2ccccc12)C(=O)N[C@@H](CCCC[NH3+])C(=O)N[C@H](C=O)CCCC[NH3+],1,12.949665,4
CC[C@H](C)[C@H](NC(=O)[C@H](CCCC[NH3+])NC(=O)[C@@H](NC(=O)[C@H](CCC(N)=O)NC(=O)[C@@H](N)CCCNC(N)=[NH2+])[C@@H](C)CC)C(=O)N[C@@H](Cc1c[nH]c2ccccc12)C(=O)N[C@@H](Cc1ccccc1)C(=O)N[C@@H](CCC(N)=O)C(=O)N[C@@H](CC(N)=O)C(=O)N[C@@H](CCCNC(N)=[NH2+])C(=O)N[C@@H](CCCNC(N)=[NH2+])C(=O)N[C@H](C=O)CCSC,1,10.720245,4
CC[C@H](C)[C@H](NC(=O)[C@@H](NC(=O)[C@@H]1CCCN1C(=O)[C@H](CCCC[NH3+])NC(=O)[C@H](CCCC[NH3+])NC(=O)[C@@H](NC(=O)[C@@H]1CCCN1C(=O)[C@H](CCCC[NH3+])NC(=O)[C@@H](NC(=O)[C@@H](NC(=O)[C@@H](NC(=O)[C@H](CCCC[NH3+])NC(=O)[C@H](CCCC[NH3+])NC(=O)CNC(=O)[C@@H]1CCCN1C(=O)[C@H](CCCC[NH3+])NC(=O)[C@H](CCCC[NH3+])NC(=O)[C@H](CC(N)=O)NC(=O)[C@@H]1CCCN1C(=O)[C@@H](NC(=O)[C@H](CCCNC(N)=[NH2+])NC(=O)[C@@H](N)CCCC[NH3+])[C@@H](C)CC)[C@@H](C)O)[C@@H](C)O)[C@@H](C)O)[C@@H](C)O)[C@@H](C)O)C(=O)N[C@@H](CCCC[NH3+])C(=O)N[C@H](C(=O)N[C@H](C(=O)N[C@@H](CCCC[NH3+])C(=O)N[C@H](C=O)CCCC[NH3+])[C@@H](C)O)[C@@H](C)O,1,11.089101,4
NC(=[NH2+])NCCC[C@@H](N)C(=O)N[C@H](CCCNC(N)=[NH2+])C(=O)N[C@H](CCCNC(N)=[NH2+])C(=O)N[C@H](CCCNC(N)=[NH2+])C(=O)N[C@H](CCCNC(N)=[NH2+])C(=O)N[C@H](CCCNC(N)=[NH2+])C(=O)N[C@H](CCCNC(N)=[NH2+])C(=O)N[C@H](CCCNC(N)=[NH2+])C(=O)N[C@H](CCCNC(N)=[NH2+])C(=O)N[C@H](CCCNC(N)=[NH2+])C(=O)N[C@H](CCCNC(N)=[NH2+])C(=O)N[C@H](CCCNC(N)=[NH2+])C(N)=O,1,10.313984,4
C[C@@H](O)[C@H](NC(=O)[C@H](CCCNC(N)=[NH2+])NC(=O)[C@H](CCCC[NH3+])NC(=O)[C@H](CC(N)=O)NC(=O)CNC(=O)[C@@H](N)CS)C(=O)N[C@@H](CCCNC(N)=[NH2+])C(=O)NCC(=O)N[C@H](C=O)CS,1,1.1520206,4
CC(C)C[C@H](NC(=O)CN)C(=O)N[C@@H](CCCC[NH3+])C(=O)N[C@@H](CCCC[NH3+])C(=O)N[C@@H](CC(C)C)C(=O)N[C@@H](C)C(=O)N[C@@H](CCC(=O)O)C(=O)N[C@@H](CC(C)C)C(=O)N[C@@H](C)C(=O)NC(CC1CNCN1)C(O)N[C@@H](CCCC[NH3+])C(=O)N[C@@H](CC(C)C)C(=O)N[C@@H](CC(C)C)C(=O)N[C@@H](CCCC[NH3+])C(=O)N[C@@H](CC(C)C)C(=O)NCC(=O)N[C@@H](CS)C(N)=O,1,0.05564355,4
CC[C@H](C)[C@H](NC(=O)[C@H](CCCNC(N)=[NH2+])NC(=O)[C@@H](N)CCCC[NH3+])C(=O)N1CCC[C@H]1C(=O)N[C@@H](CC(N)=O)C(=O)N[C@@H](CCCC[NH3+])C(=O)N[C@@H](CCCC[NH3+])C(=O)N1CCC[C@H]1C(=O)N[C@@H](CCCC[NH3+])C(=O)N[C@H](C=O)CCCC[NH3+],1,11.711803,4
CCC[C@@H](C=O)NC(=O)[C@H](C)NC(=O)[C@H](C)NC(=O)[C@H](Cc1c[nH]c2ccccc12)NC(=O)[C@H](CCC(=O)O)NC(=O)CNC(=O)[C@@H](NC(=O)[C@H](CC(C)C)NC(=O)[C@H](CCCNC(=N)N)NC(=O)[C@H](CCC)NC(=O)[C@@H](NC(=O)[C@H](Cc1c[nH]cn1)NC(=O)[C@@H](NC(=O)[C@@H](NC(=O)[C@H](Cc1ccccc1)NC(=O)[C@@H](NC(=O)[C@H](CCCNC(=N)N)NC(=O)[C@@H](NC(=O)[C@H](CCCNC(=N)N)NC(=O)[C@H](CCC)NC(=O)[C@H](CCC)NC(=O)CNC(=O)[C@H](CS)NC(=O)[C@H](C)NC(=O)[C@H](CCCNC(=N)N)NC(=O)[C@H](CCCNC(=N)N)NC(=O)[C@@H](NC(=O)[C@H](CCCNC(=N)N)NC(=O)[C@H](CC(C)C)NC(=O)[C@@H](NC(=O)[C@@H](NC(=O)[C@H](CC(C)C)NC(=O)[C@H](Cc1ccccc1)NC(=O)[C@H](CCCNC(=N)N)NC(=O)[C@H](CCCNC(=N)N)NC(=O)[C@@H](NC(=O)[C@@H](N)CCSC)C(C)C)C(C)C)[C@@H](C)O)[C@@H](C)CC)C(C)C)C(C)C)C(C)C)C(C)C)[C@@H](C)CC)[C@@H](C)O,1,-0.04723879,4
CC(C)C[C@H](NC(=O)[C@H](CCCC[NH3+])NC(=O)[C@H](CCCNC(N)=[NH2+])NC(=O)[C@H](Cc1ccccc1)NC(=O)[C@H](Cc1ccccc1)NC(=O)[C@H](CCCC[NH3+])NC(=O)[C@H](CCCC[NH3+])NC(=O)[C@H](Cc1ccccc1)NC(=O)[C@H](CCCNC(N)=[NH2+])NC(=O)[C@H](CCCC[NH3+])NC(=O)[C@@H](N)C(C)C)C(=O)N[C@@H](CCCC[NH3+])C(=O)N[C@@H](CCCC[NH3+])C(=O)N[C@@H](CC(C)C)C(=O)N[C@H](C(N)=O)C(C)C,1,2.4485416,4
CC[C@H](C)[C@H](NC(=O)[C@H](CC(C)C)NC(=O)[C@@H](NC(=O)[C@H](CCCNC(N)=[NH2+])NC(=O)[C@H](Cc1ccccc1)NC(=O)[C@@H](NC(=O)[C@@H](NC(=O)[C@@H](N)CC(C)C)[C@@H](C)CC)[C@@H](C)CC)[C@@H](C)CC)C(=O)N[C@@H](CO)C(=O)NC(CC1CNCN1)C(O)N[C@@H](CCCNC(N)=[NH2+])C(=O)N[C@H](C=O)CCCNC(N)=[NH2+],1,7.7447815,4
CC[C@H](C)[C@H](NC(=O)[C@H](C)NC(=O)[C@@H](NC(=O)[C@@H](N)Cc1ccc(O)cc1)[C@@H](C)O)C(=O)N[C@@H](C)C(=O)N[C@@H](Cc1c[nH]c2ccccc12)C(=O)N[C@H](C(=O)N[C@@H](CCCC[NH3+])C(=O)N[C@@H](C)C(=O)N[C@@H](Cc1ccccc1)C(=O)N[C@H](C(=O)N[C@@H](CCCNC(N)=[NH2+])C(=O)N[C@@H](CCCC[NH3+])C(=O)N[C@@H](CC(C)C)C(=O)N[C@@H](CCCNC(N)=[NH2+])C(=O)N[C@H](C=O)CCCC[NH3+])[C@@H](C)CC)C(C)C,1,9.591657,4
CCC(NC(=O)[C@H](CC(=O)O)NC(=O)CN)C(O)N[C@@H](CC(C)C)C(=O)N1CCC[C@H]1C(=O)NC(CC1CNCN1)C(O)N[C@@H](CC(C)C)C(=O)N[C@@H](CCCCN)C(=O)N[C@@H](CC(C)C)C(=O)N[C@@H](CS)C(=O)O,1,-2.109714,4
CC[C@H](C)[C@H](NC(=O)[C@H](CS)NC(=O)[C@H](CO)NC(=O)[C@@H](NC(=O)[C@@H]1CCCN1C(=O)[C@@H]1CCCN1C(=O)CNC(=O)[C@H](CCCNC(N)=[NH2+])NC(=O)[C@@H](NC(=O)[C@H](CCCC[NH3+])NC(=O)[C@H](CCCNC(N)=[NH2+])NC(=O)[C@H](CCSC)NC(=O)[C@H](CC(N)=O)NC(=O)[C@H](CCCNC(N)=[NH2+])NC(=O)[C@H](CCC(N)=O)NC(=O)[C@H](Cc1c[nH]c2ccccc12)NC(=O)[C@@H](N)CCC(N)=O)C(C)C)C(C)C)C(=O)N[C@@H](CCCC[NH3+])C(=O)N[C@H](C=O)CCCNC(N)=[NH2+],1,10.059074,4
C[C@H](N)C(=O)N[C@@H](CS)C(=O)N[C@@H](CCCNC(N)=[NH2+])C(=O)NCC(=O)N[C@@H](CCCNC(N)=[NH2+])C(=O)NCC(=O)N[C@@H](CCCNC(N)=[NH2+])C(=O)NCC(=O)N[C@@H](CS)C(=O)N[C@@H](CCCNC(N)=[NH2+])C(=O)NCC(=O)N[C@@H](CCCNC(N)=[NH2+])C(=O)NCC(=O)N[C@@H](CCCNC(N)=[NH2+])C(=O)NCC(=O)N[C@@H](CS)C(=O)NCC=O,1,9.925669,4
CC[C@H](C)[C@H](NC(=O)[C@H](CCCC[NH3+])NC(=O)[C@H](Cc1ccccc1)NC(=O)[C@@H](NC(=O)[C@@H](NC(=O)[C@@H](N)CCSC)[C@@H](C)CC)[C@@H](C)CC)C(=O)N[C@@H](C)C(=O)N[C@@H](C)C(=O)N[C@@H](CO)C(=O)NC(CC1CNCN1)C(O)N[C@@H](CCCC[NH3+])C(=O)N[C@H](C=O)CCCC[NH3+],1,8.767069,4
CC[C@H](C)[C@H](NC(=O)[C@H](CCCNC(N)=[NH2+])NC(=O)[C@H](CCCNC(N)=[NH2+])NC(=O)[C@H](CCCNC(N)=[NH2+])NC(=O)[C@H](CC(C)C)NC(=O)[C@@H](NC(=O)[C@@H](NC(=O)[C@H](CC(C)C)NC(=O)[C@@H](N)CC(C)C)[C@@H](C)CC)[C@@H](C)CC)C(=O)N[C@@H](CCCNC(N)=[NH2+])C(=O)N[C@@H](CCCC[NH3+])C(=O)N[C@@H](CCC(N)=O)C(=O)N[C@@H](C)C(=O)NC(CC1CNCN1)C(O)N[C@H](C)C(=O)NC(CC1CNCN1)C(O)N[C@@H](CO)C(=O)N[C@H](C=O)CCCC[NH3+],1,10.852383,4
CC[C@H](C)[C@H](NC(=O)[C@H](CC(C)C)NC(=O)[C@H](CC(=O)O)NC(=O)[C@H](CCCNC(N)=[NH2+])NC(=O)[C@H](C)NC(=O)[C@@H](NC(=O)[C@@H](NC(=O)[C@@H](N)CCSC)[C@@H](C)CC)[C@@H](C)CC)C(=O)N[C@H](C=O)CO,1,8.527647,4
CC[C@H](C)[C@H](NC(=O)[C@H](CCCC[NH3+])NC(=O)[C@H](CCCC[NH3+])NC(=O)[C@H](C)NC(=O)[C@H](CC(C)C)NC(=O)[C@H](C)NC(=O)[C@H](C)NC(=O)[C@H](CC(C)C)NC(=O)[C@H](C)NC(=O)[C@H](CCCC[NH3+])NC(=O)[C@H](CC(C)C)NC(=O)[C@H](CC(N)=O)NC(=O)[C@@H](NC(=O)[C@H](CCCC[NH3+])NC(=O)CNC(=O)[C@H](CC(C)C)NC(=O)[C@H](CC(C)C)NC(=O)[C@H](Cc1ccc(O)cc1)NC(=O)CNC(=O)[C@H](C)NC(=O)[C@H](CO)NC(=O)[C@H](CC(N)=O)NC(=O)[C@H](CC(C)C)NC(=O)[C@@H](NC(=O)[C@H](Cc1c[nH]c2ccccc12)NC(=O)CN)[C@@H](C)O)[C@@H](C)CC)C(=O)N[C@H](C=O)CC(C)C,1,10.267451,4
CC[C@H](C)[C@H](NC(=O)CNC(=O)[C@H](CC(=O)O)NC(=O)[C@H](CO)NC(=O)[C@@H]([NH3+])Cc1c[nH]cn1)C(=O)N[C@@H](Cc1ccccc1)C(=O)N[C@H](C(=O)N[C@@H](CC(=O)O)C(=O)N[C@@H](CO)C(=O)N[C@@H](Cc1ccc(O)cc1)C(=O)N[C@@H](CO)C(=O)N[C@@H](CCCNC(N)=[NH2+])C(=O)N[C@@H](Cc1ccc(O)cc1)C(=O)N[C@@H](CCCNC(N)=[NH2+])C(=O)N[C@@H](CCCC[NH3+])C(=O)N[C@@H](CCC(N)=O)C(=O)N[C@@H](CCSC)C(=O)N[C@@H](C)C(=O)N[C@H](C(=O)N[C@@H](CCCC[NH3+])C(=O)N[C@@H](CCCC[NH3+])C(=O)N[C@@H](Cc1ccc(O)cc1)C(=O)N[C@@H](CC(C)C)C(=O)N[C@@H](C)C(=O)N[C@@H](C)C(=O)N[C@H](C(=O)N[C@@H](CC(C)C)C(=O)NCC(=O)N[C@@H](CCCC[NH3+])C(=O)N[C@@H](CCCNC(N)=[NH2+])C(=O)N[C@@H](Cc1ccc(O)cc1)C(=O)N[C@@H](CCCC[NH3+])C(=O)N[C@@H](CCC(N)=O)C(=O)N[C@@H](CCCNC(N)=[NH2+])C(=O)N[C@H](C(=O)N[C@@H](CCCC[NH3+])C(=O)N[C@@H](CC(N)=O)C(=O)N[C@@H](CCCC[NH3+])C(N)=O)C(C)C)C(C)C)C(C)C)[C@@H](C)O,1,-0.92882943,4
CC[C@H](C)[C@H](NC(=O)[C@H](CC(N)=O)NC(=O)[C@H](C)NC(=O)[C@H](CC(C)C)NC(=O)[C@H](CC(C)C)NC(=O)[C@H](CC(N)=O)NC(=O)[C@H](CO)NC(O)C(CC1CNCN1)NC(O)C(CC1CNCN1)NC(=O)[C@H](CCCNC(N)=[NH2+])NC(=O)[C@H](CC(C)C)NC(O)C(CC1CNCN1)NC(=O)[C@H](CCCNC(N)=[NH2+])NC(=O)[C@H](CC(C)C)NC(=O)[C@H](CC(C)C)NC(=O)[C@H](CC(C)C)NC(=O)CNC(=O)[C@H](CC(C)C)NC(C)=O)C(N)=O,1,-2.5680847,4
NC(=[NH2+])NCCC[C@@H](N)C(=O)N[C@H](CCCNC(N)=[NH2+])C(=O)N[C@H](CCCNC(N)=[NH2+])C(=O)N[C@H](CCCNC(N)=[NH2+])C(=O)N[C@H](CCCNC(N)=[NH2+])C(=O)N[C@H](CCCNC(N)=[NH2+])C(=O)N[C@H](CCCNC(N)=[NH2+])C(=O)N[C@H](CCCNC(N)=[NH2+])C(=O)N[C@H](CCCNC(N)=[NH2+])C(=O)N[C@H](CCCNC(N)=[NH2+])C(=O)N[C@H](CCCNC(N)=[NH2+])C(=O)N[C@H](CCCNC(N)=[NH2+])C(=O)NCC(=O)N[C@@H](CS)C(N)=O,1,11.4110775,4
CC(C)[C@H](NC(=O)[C@H](CCCNC(N)=[NH2+])NC(=O)[C@H](CCCNC(N)=[NH2+])NC(=O)[C@H](CCCNC(N)=[NH2+])NC(=O)[C@H](CC(N)=O)NC(=O)[C@H](CCCNC(N)=[NH2+])NC(=O)[C@H](CCCNC(N)=[NH2+])NC(=O)[C@@H](NC(=O)[C@@H](N)CCCNC(N)=[NH2+])[C@@H](C)O)C(=O)N[C@H](C=O)CCCNC(N)=[NH2+],1,13.763393,4
CC[C@H](C)[C@H](NC(=O)[C@H](CO)NC(=O)[C@H](CCCCN)NC(=O)[C@@H](NC(=O)[C@H](CCCNC(=N)N)NC(=O)[C@H](CCC(=O)O)NC(=O)[C@H](Cc1c[nH]c2ccccc12)NC(=O)[C@H](CCSC)NC(=O)[C@H](CO)NC(=O)[C@H](C)N)C(C)C)C(=O)N[C@H](C(=O)N[C@@H](CCCCN)C(=O)N[C@@H](CO)C(=O)N[C@@H](CO)C(=O)N[C@@H](CC(C)C)C(=O)N[C@@H](C)C(=O)N[C@@H](C)C(=O)N[C@@H](C)C(=O)N[C@@H](CO)C(=O)N[C@@H](CC(N)=O)C(=O)N[C@H](C=O)[C@@H](C)CC)[C@@H](C)CC,1,3.9407785,4
C[C@H](NC(=O)[C@H](CCC(N)=O)NC(=O)[C@H](CCCC[NH3+])NC(=O)[C@H](CCC(=O)O)NC(=O)[C@H](C)NC(=O)[C@H](CCCNC(N)=[NH2+])NC(=O)[C@H](CCCNC(N)=[NH2+])NC(=O)[C@H](CCC(=O)O)NC(=O)[C@H](CCCNC(N)=[NH2+])NC(=O)[C@H](CCCNC(N)=[NH2+])NC(=O)[C@H](CCCNC(N)=[NH2+])NC(=O)[C@@H](NC(=O)[C@@H](N)CCC(N)=O)[C@@H](C)O)C(=O)N[C@@H](CCC(N)=O)C(=O)N[C@H](C=O)Cc1c[nH]c2ccccc12,1,11.546333,4
CC[C@H](C)[C@H](NC(=O)[C@H](C)NC(=O)[C@H](CC(C)C)NC(=O)[C@H](CCCC[NH3+])NC(=O)[C@H](CC(C)C)NC(=O)[C@@H](NC(=O)[C@@H](NC(=O)[C@@H](N)CCCC[NH3+])[C@@H](C)CC)[C@@H](C)O)C(=O)N[C@@H](CCCC[NH3+])C(=O)N[C@@H](C)C(=O)N[C@@H](Cc1c[nH]c2ccccc12)C(=O)N[C@@H](CCCC[NH3+])C(=O)N[C@@H](CC(C)C)C(=O)N[C@@H](C)C(=O)N[C@@H](CC(C)C)C(=O)N[C@@H](CCCC[NH3+])C(=O)N[C@@H](C)C(=O)N[C@@H](C)C(N)=O,1,0.58807963,4
NCC(=O)N[C@@H](CCCNC(N)=[NH2+])C(=O)NCC(=O)N[C@@H](CC(=O)O)C(=O)N[C@@H](CO)C(=O)N1CCC[C@H]1C(=O)N[C@@H](CCCNC(N)=[NH2+])C(=O)N[C@@H](CCCNC(N)=[NH2+])C(=O)N[C@@H](CO)C(=O)N1CCC[C@H]1C(=O)N[C@@H](CCCNC(N)=[NH2+])C(=O)N[C@H](C=O)CCCNC(N)=[NH2+],1,10.80029,4
CC[C@H](C)[C@H](NC(=O)[C@H](CC(C)C)NC(=O)[C@@H](N)CCCC[NH3+])C(=O)N[C@@H](CCCC[NH3+])C(=O)NCC(=O)N[C@@H](CCCNC(N)=[NH2+])C(=O)N[C@H](C(=O)N1CCC[C@H]1C(=O)N[C@H](C(=O)N[C@@H](CCCC[NH3+])C(=O)N[C@@H](Cc1ccccc1)C(=O)NCC(=O)N[C@@H](CCCC[NH3+])C(=O)N[C@@H](C)C(=O)N[C@@H](CCCNC(N)=[NH2+])C(=O)N[C@@H](CS)C(=O)N[C@@H](CCCNC(N)=[NH2+])C(=O)N[C@@H](CCCNC(N)=[NH2+])C(=O)N1CCC[C@H]1C(=O)N1CCC[C@H]1C(=O)N[C@@H](CCCC[NH3+])C(=O)NC(CC1CNCN1)C(O)N[C@@H](CO)C(=O)NCC(=O)N[C@H](C=O)CCCC[NH3+])[C@@H](C)CC)[C@@H](C)O,1,10.172091,4
CC[C@H](C)[C@H](NC(=O)[C@H](CCCNC(N)=[NH2+])NC(=O)[C@H](CC(C)C)NC(=O)[C@H](CCC(N)=O)NC(=O)[C@@H](N)CCCNC(N)=[NH2+])C(=O)N[C@@H](C)C(=O)NCC(=O)N[C@@H](CCCNC(N)=[NH2+])C(=O)N[C@@H](CCCNC(N)=[NH2+])C(=O)N[C@@H](CC(C)C)C(=O)N[C@@H](CCCNC(N)=[NH2+])C(=O)NCC(=O)N[C@@H](CCCNC(N)=[NH2+])C(=O)N[C@@H](CO)C(=O)N[C@H](C=O)CCCNC(N)=[NH2+],1,14.403978,4
NC(=[NH2+])NCCC[C@H](NC(=O)[C@H](CCCNC(N)=[NH2+])NC(=O)[C@H](CCCNC(N)=[NH2+])NC(=O)[C@H](CCCNC(N)=[NH2+])NC(=O)[C@H](CCCNC(N)=[NH2+])NC(=O)[C@H](CCCNC(N)=[NH2+])NC(=O)[C@H](CCCNC(N)=[NH2+])NC(=O)[C@H](CCCNC(N)=[NH2+])NC(=O)[C@@H](N)CCCNC(N)=[NH2+])C(N)=O,1,8.008319,4
CC(C)C[C@H](NC(=O)CN)C(=O)N[C@@H](Cc1c[nH]c2ccccc12)C(=O)N[C@@H](CCCNC(N)=[NH2+])C(=O)N[C@@H](C)C(=O)N[C@@H](CC(C)C)C(=O)N[C@@H](Cc1c[nH]c2ccccc12)C(=O)N[C@@H](CCCNC(N)=[NH2+])C(=O)N[C@@H](CC(C)C)C(=O)N[C@@H](CC(C)C)C(=O)N[C@@H](CCCNC(N)=[NH2+])C(=O)N[C@@H](CO)C(=O)N[C@@H](CC(C)C)C(=O)N[C@@H](Cc1c[nH]c2ccccc12)C(=O)N[C@@H](CCCNC(N)=[NH2+])C(=O)N[C@@H](CC(C)C)C(=O)N[C@@H](CC(C)C)C(=O)N[C@@H](Cc1c[nH]c2ccccc12)C(=O)N[C@@H](CCCNC(N)=[NH2+])C(=O)N[C@@H](C)C=O,1,6.6045756,4
CC(C)C[C@H](NC(=O)CN)C(=O)N[C@@H](CCCC[NH3+])C(=O)N[C@@H](CCCC[NH3+])C(=O)N[C@@H](CC(C)C)C(=O)N[C@@H](C)C(=O)N[C@@H](CCC(=O)O)C(=O)N[C@@H](CC(C)C)C(=O)N[C@@H](Cc1ccccc1)C(=O)NC(CC1CNCN1)C(O)N[C@@H](CCCC[NH3+])C(=O)N[C@@H](CC(C)C)C(=O)N[C@@H](CC(C)C)C(=O)N[C@@H](CCCC[NH3+])C(=O)N[C@@H](CC(C)C)C(=O)NCC(=O)N[C@@H](CS)C(N)=O,1,-0.5044519,4
CSCC[C@H](NC(=O)[C@@H](NC(=O)[C@H](CO)NC(=O)CNC(=O)[C@H](C)NC(=O)[C@H](C)NC(=O)CNC(=O)[C@H](CC(C)C)NC(=O)[C@H](Cc1ccccc1)NC(=O)CNC(=O)[C@H](CC(C)C)NC(=O)[C@H](Cc1ccccc1)NC(=O)[C@H](CC(C)C)NC(=O)[C@H](C)NC(=O)CN)[C@@H](C)O)C(=O)NCC(=O)N[C@@H](C)C(=O)N[C@@H](Cc1c[nH]c2ccccc12)C(=O)N[C@@H](CO)C(=O)N[C@@H](CCC(N)=O)C(=O)N1CCC[C@H]1C(=O)N[C@@H](CCCC[NH3+])C(=O)N[C@@H](CO)C(=O)N[C@@H](CCCC[NH3+])C(=O)N[C@@H](CCCNC(N)=[NH2+])C(=O)N[C@@H](CCCC[NH3+])C(=O)N[C@H](C=O)C(C)C,1,7.986905,4
CC[C@H](C)[C@H](NC(=O)[C@H](C)NC(=O)[C@H](C)NC(=O)[C@@H]1CCCN1C(=O)[C@H](CCCNC(N)=[NH2+])NC(=O)[C@@H](N)CCCC[NH3+])C(=O)N[C@@H](CCCC[NH3+])C(=O)N[C@@H](CCCC[NH3+])C(=O)N[C@@H](C)C(=O)NCC(=O)N[C@@H](CCC(N)=O)C(=O)N[C@@H](C)C(=O)N[C@@H](CCCC[NH3+])C(=O)N[C@@H](CCCC[NH3+])C(=O)N[C@@H](CCCC[NH3+])C(=O)N[C@H](C=O)CCCC[NH3+],1,15.197432,4
C[C@H](NC(=O)[C@H](CCCC[NH3+])NC(=O)[C@H](CO)NC(=O)[C@H](CCCNC(N)=[NH2+])NC(=O)[C@H](CS)NC(O)C(CC1CNCN1)NC(O)C(CC1CNCN1)NC(=O)[C@H](CCCNC(N)=[NH2+])NC(=O)[C@H](CCCNC(N)=[NH2+])NC(=O)CN)C(=O)N[C@@H](CCCC[NH3+])C(=O)N[C@@H](CCCNC(N)=[NH2+])C(=O)N[C@@H](CO)C(=O)N[C@@H](CCCNC(N)=[NH2+])C(=O)NC(CC1CNCN1)C(O)NC(CO)CC1CNCN1,1,3.9073951,4
C[C@H](N)C(=O)N[C@@H](CS)C(=O)N[C@@H](CO)C(=O)NCC(=O)N[C@@H](CO)C(=O)NCC(=O)N[C@@H](CO)C(=O)NCC(=O)N[C@@H](CS)C(=O)NCC(=O)N[C@@H](CO)C(=O)NCC(=O)N[C@@H](CO)C(=O)NCC(=O)N[C@@H](CO)C(=O)N[C@@H](CS)C(=O)NCC=O,1,2.2730649,4
NC(=[NH2+])NCCC[C@@H](C=O)NC(=O)[C@H](CCCNC(N)=[NH2+])NC(=O)[C@H](CCCNC(N)=[NH2+])NC(=O)[C@H](CCCNC(N)=[NH2+])NC(=O)[C@H](CCCNC(N)=[NH2+])NC(=O)[C@H](CCCNC(N)=[NH2+])NC(=O)[C@H](CCCNC(N)=[NH2+])NC(=O)[C@@H](N)CCCNC(N)=[NH2+],1,14.3559265,4
NCC(=O)N[C@@H](CCCC[NH3+])C(=O)NC(CC1CNCN1)C(O)N[C@@H](CCCNC(N)=[NH2+])C(=O)NC(CC1CNCN1)C(O)N[C@@H](CCC(=O)O)C(=O)N[C@@H](CCCNC(N)=[NH2+])C(=O)NCC(=O)NC(CC1CNCN1)C(O)NC(CC1CNCN1)C(O)N[C@@H](CCCNC(N)=[NH2+])C(=O)N[C@@H](CC(=O)O)C(=O)N[C@@H](CCCNC(N)=[NH2+])C(=O)N[C@@H](CCCNC(N)=[NH2+])C(=O)N[C@@H](CCC(=O)O)C(=O)N[C@H](C=O)CCCNC(N)=[NH2+],1,7.2004957,4
NC(=[NH2+])NCCC[C@@H](C=O)NC(=O)[C@H](CCCNC(N)=[NH2+])NC(=O)[C@H](CCCNC(N)=[NH2+])NC(=O)[C@H](CCCNC(N)=[NH2+])NC(=O)[C@H](CCCNC(N)=[NH2+])NC(=O)[C@H](CCCNC(N)=[NH2+])NC(=O)[C@H](CCCNC(N)=[NH2+])NC(=O)[C@H](CCCNC(N)=[NH2+])NC(=O)[C@@H](N)Cc1c[nH]c2ccccc12,1,12.273422,4
CC[C@H](C)[C@H](NC(=O)[C@H](CCCC[NH3+])NC(=O)[C@H](CC(C)C)NC(=O)[C@@H](NC(=O)[C@H](CO)NC(=O)[C@H](CCCC[NH3+])NC(=O)[C@H](Cc1c[nH]c2ccccc12)NC(=O)[C@@H](NC(=O)[C@H](CCCC[NH3+])NC(=O)[C@H](C)NC(=O)[C@@H](NC(=O)[C@H](CO)NC(=O)[C@H](CCCC[NH3+])NC(=O)[C@H](C)NC(=O)[C@H](C)NC(=O)[C@@H](NC(=O)[C@@H](N)CCCC[NH3+])[C@@H](C)CC)[C@@H](C)CC)[C@@H](C)CC)[C@@H](C)CC)C(=O)N[C@@H](C)C(N)=O,1,-1.5108668,4
CC[C@H](C)[C@H](NC(=O)[C@H](CCCC[NH3+])NC(=O)[C@@H](NC(=O)[C@H](CCC(N)=O)NC(=O)[C@@H]([NH3+])CCCNC(N)=[NH2+])[C@@H](C)CC)C(=O)N[C@@H](Cc1c[nH]c2ccccc12)C(=O)N[C@@H](Cc1ccccc1)C(=O)N[C@@H](CCC(N)=O)C(=O)N[C@@H](CC(N)=O)C(=O)N[C@@H](CCCNC(N)=[NH2+])C(=O)N[C@@H](CCCNC(N)=[NH2+])C(=O)N[C@@H](CCSC)C(=O)N[C@@H](CCCC[NH3+])C(=O)N[C@@H](Cc1c[nH]c2ccccc12)C(=O)N[C@@H](CCCC[NH3+])C(=O)N[C@@H](CCCC[NH3+])C(=O)O,1,7.7445827,4
CC(C)[C@@H](N)C(=O)N[C@H](CS)C(=O)N[C@@H](C(=O)N[C@@H](C=O)CCCNC(N)=[NH2+])C(C)C,1,4.9713697,4
CC(C)C[C@@H](C=O)NC(=O)[C@H](CCC(=O)O)NC(=O)[C@@H](NC(=O)[C@H](CC(C)C)NC(=O)[C@@H](NC(=O)[C@H](CCCC[NH3+])NC(=O)[C@@H](NC(=O)[C@H](CC(C)C)NC(=O)[C@H](CCC(=O)O)NC(=O)[C@H](CCCC[NH3+])NC(=O)[C@H](CC(C)C)NC(=O)[C@@H](NC(=O)[C@H](CCC(=O)O)NC(=O)[C@@H](NC(=O)[C@H](CC(C)C)NC(=O)[C@@H](NC(=O)[C@H](CCCC[NH3+])NC(=O)[C@@H](N)CC(C)C)[C@@H](C)O)[C@@H](C)O)[C@@H](C)O)[C@@H](C)O)[C@@H](C)O)[C@@H](C)O,1,5.8506413,4
CC(C)C[C@H](NC(=O)CNC(=O)[C@H](C)NC(=O)[C@H](CCCNC(=N)N)NC(=O)[C@H](CO)NC(=O)[C@H](CO)NC(=O)[C@H](CCCNC(=N)N)NC(=O)[C@@H](NC(=O)[C@H](CCCCN)NC(=O)[C@H](C)NC(=O)[C@H](CCCCN)NC(=O)[C@H](C)NC(=O)[C@H](CCCNC(=N)N)NC(=O)[C@H](C)NC(=O)[C@H](CCCCN)NC(=O)CNC(=O)CNC(=O)[C@H](CCC(N)=O)NC(=O)[C@H](CCCCN)NC(=O)CNC(=O)[C@H](CCCNC(=N)N)NC(=O)CNC(=O)[C@@H](N)CO)[C@@H](C)O)C(=O)N[C@@H](CCC(N)=O)C(=O)N[C@@H](Cc1ccccc1)C(=O)N1CCC[C@H]1C(=O)N[C@H](C(=O)NCC(=O)N[C@@H](CCCNC(=N)N)C(=O)N[C@H](C(=O)N[C@@H](Cc1c[nH]cn1)C(=O)N[C@@H](CCCNC(=N)N)C(=O)N[C@@H](CC(C)C)C(=O)N[C@@H](CC(C)C)C(=O)N[C@@H](CCCNC(=N)N)C(=O)N[C@@H](CCCCN)C(=O)NCC=O)C(C)C)C(C)C,1,4.1774216,4
CC[C@H](C)[C@H](NC(=O)[C@H](CCCC[NH3+])NC(=O)[C@@H](NC(=O)[C@H](CCC(N)=O)NC(=O)[C@@H]([NH3+])CCCNC(N)=[NH2+])[C@@H](C)CC)C(=O)N[C@@H](Cc1c[nH]c2ccccc12)C(=O)N[C@@H](Cc1ccccc1)C(=O)N[C@@H](CCC(N)=O)C(=O)N[C@@H](CC(N)=O)C(=O)N[C@@H](CCCNC(N)=[NH2+])C(=O)N[C@@H](CCCNC(N)=[NH2+])C(=O)N[C@@H](CCSC)C(=O)N[C@@H](CCCC[NH3+])C(=O)N[C@@H](Cc1c[nH]c2ccccc12)C(=O)N[C@@H](CCCC[NH3+])C(=O)N[C@@H](CCCC[NH3+])C(=O)O,1,7.7445827,4
NC(=[NH2+])NCCC[C@@H](N)C(=O)N[C@@H](CCCNC(N)=[NH2+])C(=O)N[C@H](CCCNC(N)=[NH2+])C(=O)NCC(=O)N[C@H](CCCNC(N)=[NH2+])C(=O)N[C@@H](CCCC[NH3+])C(=O)N[C@H](CCCC[NH3+])C(=O)N[C@@H](CCCNC(N)=[NH2+])C(=O)N[C@@H](C=O)CCCNC(N)=[NH2+],1,14.824465,4
CC[C@H](C)[C@H](NC(=O)[C@H](CCCC[NH3+])NC(=O)[C@@H](NC(=O)[C@H](CCC(N)=O)NC(=O)[C@@H](N)CCCNC(N)=[NH2+])[C@@H](C)CC)C(=O)N[C@@H](Cc1c[nH]c2ccccc12)C(=O)N[C@@H](Cc1ccccc1)C(=O)N[C@@H](CCC(N)=O)C(=O)N[C@H](C=O)CC(N)=O,1,6.9096155,4
C[C@H](NC(=O)[C@H](C)NC(=O)[C@H](CO)NC(=O)[C@H](CCCNC(N)=[NH2+])NC(=O)[C@H](CS)NC(O)C(CC1CNCN1)NC(O)C(CC1CNCN1)NC(=O)[C@H](CCCNC(N)=[NH2+])NC(=O)[C@H](CCCNC(N)=[NH2+])NC(=O)[C@@H](N)CO)C(=O)N[C@@H](CCCC[NH3+])C(=O)N[C@@H](CCCNC(N)=[NH2+])C(=O)N[C@@H](CO)C(=O)N[C@@H](CCCNC(N)=[NH2+])C(=O)NC(CC1CNCN1)C(O)NC(CO)CC1CNCN1,1,4.3563485,4
NC(=[NH2+])NCCC[C@H](NC(=O)[C@H](Cc1ccccc1)NC(=O)[C@H](CCCC[NH3+])NC(=O)[C@H](CCCC[NH3+])NC(=O)[C@@H](N)Cc1ccccc1)C(=O)N[C@@H](CCCC[NH3+])C(=O)N[C@H](C=O)Cc1ccccc1,1,7.9207964,4
CCC[C@@H]1NC(=O)[C@@H]2CS34SC[C@H](NC(=O)[C@H]([C@@H](C)CC)NC(=O)[C@H](CS)NC(=O)[C@H](C)NC(=O)CNC1=O)C(=O)N[C@@H](CCCNC(=N)N)C(=O)NCC(=O)N[C@@H](CC(N)=O)C(=O)NCC(=O)N[C@@H](Cc1ccc(O)cc1)C(=O)N[C@H](C(=O)NCC(=O)N[C@@H](CO)C(=O)NCC(=O)N[C@@H](CO)C(=O)N[C@H](C=O)CC(=O)O)C[SH]3[SH]4C[C@H](NC(=O)[C@H](CCCCN)NC(=O)[C@H](CCCCN)NC(=O)[C@H](CC(C)C)NC(=O)[C@@H](NC(=O)[C@H](C)NC(=O)[C@H](CCC)NC(=O)[C@H](CS)NC(=O)[C@@H](NC(=O)CNC(=O)CN)C(C)C)[C@@H](C)CC)C(=O)N[C@@H](CCCNC(=N)N)C(=O)N[C@@H](CCCNC(=N)N)C(=O)N[C@@H](CC(=O)O)C(=O)N[C@@H](CO)C(=O)N[C@@H](CC(=O)O)C(=O)N2,1,4.915411,4
C[C@H](N)C(=O)N[C@@H](CS)C(=O)N[C@@H](CO)C(=O)NCC(=O)N[C@@H](CCCNC(N)=[NH2+])C(=O)NCC(=O)N[C@@H](CCCNC(N)=[NH2+])C(=O)NCC(=O)N[C@@H](CS)C(=O)NCC(=O)N[C@@H](CO)C(=O)NCC(=O)N[C@@H](CO)C(=O)NCC(=O)N[C@@H](CO)C(=O)N[C@@H](CS)C(=O)NCC=O,1,5.9637794,4
CC[C@H](C)[C@H](NC(=O)[C@H](CC(C)C)NC(=O)[C@H](C)NC(=O)[C@H](CCCNC(N)=[NH2+])NC(=O)[C@H](Cc1ccccc1)NC(=O)[C@@H](NC(=O)[C@@H](NC(=O)[C@@H](N)CCSC)[C@@H](C)CC)[C@@H](C)CC)C(=O)N[C@@H](CO)C(=O)NC(CC1CNCN1)C(O)N[C@@H](CCCC[NH3+])C(=O)N[C@H](C=O)CCCC[NH3+],1,9.742357,4
CC(C)C[C@H](NC(=O)[C@H](CCCNC(N)=[NH2+])NC(=O)[C@H](CCCNC(N)=[NH2+])NC(=O)[C@H](CC(C)C)NC(=O)[C@H](CC(C)C)NC(=O)[C@H](CCCNC(N)=[NH2+])NC(=O)[C@@H](N)CCCNC(N)=[NH2+])C(=O)N[C@@H](CCCNC(N)=[NH2+])C(=O)N[C@H](C=O)CCCNC(N)=[NH2+],1,14.118881,4
CC[C@H](C)[C@H](NC(=O)[C@H](CCCNC(N)=[NH2+])NC(=O)[C@@H](N)CCCC[NH3+])C(=O)N1CCC[C@H]1C(=O)N[C@@H](CC(N)=O)C(=O)N[C@@H](CCCC[NH3+])C(=O)N[C@@H](CCCC[NH3+])C(=O)N1CCC[C@H]1C(=O)NCC(=O)N[C@@H](CCCC[NH3+])C(=O)N[C@H](C=O)CCCC[NH3+],1,11.728995,4
CC[C@H](C)[C@H](NC(=O)[C@H](CCCC[NH3+])NC(=O)[C@@H](NC(=O)[C@H](CCC(N)=O)NC(=O)[C@@H](N)CCCNC(N)=[NH2+])[C@@H](C)CC)C(=O)N[C@@H](Cc1c[nH]c2ccccc12)C(=O)N[C@@H](Cc1ccccc1)C(=O)N1CCC[C@H]1C(=O)N[C@@H](CC(N)=O)C(=O)N[C@@H](CCCNC(N)=[NH2+])C(=O)N[C@@H](CCCNC(N)=[NH2+])C(=O)N[C@@H](CCSC)C(=O)N[C@@H](CCCC[NH3+])C(=O)N[C@@H](Cc1c[nH]c2ccccc12)C(=O)N[C@@H](CCCC[NH3+])C(=O)N[C@H](C=O)CCCC[NH3+],1,12.320493,4
CC[C@H](C)[C@H](NC(=O)[C@H](CCCNC(N)=[NH2+])NC(=O)[C@@H](NC(=O)[C@@H](N)CCCNC(N)=[NH2+])C(C)C)C(=O)N[C@@H](CC(C)C)C(=O)N[C@@H](C)C(=O)N[C@@H](CCCNC(N)=[NH2+])C(=O)N[C@@H](Cc1ccccc1)C(=O)N[C@@H](CC(C)C)C(=O)N[C@@H](CCCNC(N)=[NH2+])C(=O)N[C@H](C(=O)N[C@@H](CCCNC(N)=[NH2+])C(=O)N[C@H](C=O)C(C)C)[C@@H](C)O,1,11.340971,4
CC[C@H](C)[C@H](NC(=O)[C@H](CCCCN)NC(=O)[C@H](CCCCN)NC(=O)[C@H](C)NC(=O)[C@H](CC(C)C)NC(=O)[C@H](C)NC(=O)[C@H](C)NC(=O)[C@H](CC(C)C)NC(=O)[C@H](C)NC(=O)[C@H](CCCCN)NC(=O)[C@H](CC(C)C)NC(=O)[C@H](CC(N)=O)NC(=O)[C@@H](NC(=O)[C@H](CCCCN)NC(=O)CNC(=O)[C@H](CC(C)C)NC(=O)[C@H](CC(C)C)NC(=O)[C@H](Cc1ccc(O)cc1)NC(=O)CNC(=O)[C@H](C)N)[C@@H](C)O)C(=O)N[C@H](C=O)CC(C)C,1,9.928829,4
NC(=[NH2+])NCCC[C@H](NC(=O)CNC(=O)[C@H](CCCNC(N)=[NH2+])NC(=O)[C@@H](N)CCCNC(N)=[NH2+])C(=O)N[C@@H](CCCNC(N)=[NH2+])C(=O)NCC=O,1,8.845474,4
CC[C@H](C)[C@H](NC(=O)[C@H](CCCNC(N)=[NH2+])NC(=O)[C@H](CC(C)C)NC(=O)[C@@H](NC(=O)[C@@H](NC(=O)[C@H](CC(C)C)NC(=O)[C@H](Cc1ccccc1)NC(=O)[C@H](CCCNC(N)=[NH2+])NC(=O)[C@H](CCCNC(N)=[NH2+])NC(=O)[C@@H](N)C(C)C)C(C)C)[C@@H](C)O)C(=O)N[C@@H](CCCNC(N)=[NH2+])C(=O)N[C@@H](CCCNC(N)=[NH2+])C(=O)N[C@@H](C)C=O,1,8.598967,4
CCC[C@H](NC(=O)[C@@H](NC(=O)[C@H](CC(C)C)NC(=O)[C@H](CC(N)=O)NC(=O)[C@H](CCCNC(=N)N)NC(=O)[C@H](CC(C)C)NC(=O)[C@H](Cc1ccccc1)NC(=O)[C@H](CC(=O)O)NC(=O)[C@H](CCCCN)NC(=O)[C@@H](NC(=O)[C@H](CCCNC(=N)N)NC(=O)[C@H](CCC(N)=O)NC(=O)[C@@H](NC(=O)[C@@H](NC(=O)[C@H](CCCNC(=N)N)NC(=O)[C@H](CCCCN)NC(=O)[C@H](Cc1ccccc1)NC(=O)[C@H](CCC(=O)O)NC(=O)[C@H](CCCCN)NC(=O)CNC(=O)[C@@H](NC(=O)[C@H](CCCCN)NC(=O)[C@H](CCC(=O)O)NC(=O)[C@H](CCCCN)NC(=O)[C@H](CO)NC(=O)[C@H](CCCCN)NC(=O)[C@H](CCCNC(=N)N)NC(=O)[C@H](Cc1ccccc1)NC(=O)[C@H](Cc1ccccc1)NC(=O)[C@H](CC(=O)O)NC(=O)CNC(=O)[C@H](CC(C)C)NC(=O)[C@@H](N)CC(C)C)[C@@H](C)CC)[C@@H](C)CC)C(C)C)[C@@H](C)CC)C(C)C)C(=O)N[C@@H](CCCNC(=N)N)C(=O)N[C@H](C(=O)N[C@@H](CCC(=O)O)C(=O)N[C@@H](CO)C(=O)N[C@H](C=O)CS)[C@@H](C)O,1,-0.41700625,4
CC[C@H](C)[C@H](NC(=O)[C@H](C)NC(=O)[C@@H](NC(=O)[C@H](CCC(N)=O)NC(=O)[C@@H]1CCCN1C(=O)[C@H](Cc1ccccc1)NC(=O)[C@@H](NC(O)C(CC1CNCN1)NC(=O)[C@H](Cc1ccccc1)NC(=O)[C@H](CCCC[NH3+])NC(=O)[C@H](CC(N)=O)NC(=O)[C@H](Cc1ccccc1)NC(=O)[C@H](CC(=O)O)NC(=O)[C@H](CCC(N)=O)NC(=O)[C@@H](NC(=O)[C@H](Cc1ccc(O)cc1)NC(=O)[C@@H](NC(=O)CNC(=O)[C@@H](N)CC(C)C)[C@@H](C)O)[C@@H](C)O)[C@@H](C)O)[C@@H](C)O)C(=O)NCC(=O)N[C@H](C(=O)NCC(=O)N[C@@H](C)C(=O)N1CCC[C@H]1C=O)C(C)C,1,3.2341309,4
CSCC[C@H](NC(=O)[C@H](CC(N)=O)NC(=O)[C@H](CCCNC(N)=[NH2+])NC(=O)[C@H](CCC(N)=O)NC(=O)[C@H](Cc1c[nH]c2ccccc12)NC(=O)[C@H](CCC(N)=O)NC(=O)[C@@H](N)Cc1ccccc1)C(=O)N[C@@H](CCCNC(N)=[NH2+])C(=O)N[C@@H](CCCC[NH3+])C(=O)N[C@H](C(=O)N[C@@H](CCCNC(N)=[NH2+])C(=O)NCC(=O)N1CCC[C@H]1C(=O)N1CCC[C@H]1C(=O)N[C@H](C(=O)N[C@H](C=O)CO)C(C)C)C(C)C,1,8.193296,4
C[C@H](N)C(=O)N[C@@H](CS)C(=O)N[C@@H](CCCNC(N)=[NH2+])C(=O)NCC(=O)N[C@@H](CO)C(=O)NCC(=O)N[C@@H](CCCNC(N)=[NH2+])C(=O)NCC(=O)N[C@@H](CS)C(=O)NCC(=O)N[C@@H](CCCNC(N)=[NH2+])C(=O)NCC(=O)N[C@@H](CO)C(=O)NCC(=O)N[C@@H](CCCNC(N)=[NH2+])C(=O)N[C@@H](CS)C(=O)NCC=O,1,8.038723,4
CC[C@H](C)[C@H](NC(=O)[C@H](CCCCN)NC(=O)[C@H](CCCCN)NC(=O)[C@H](C)NC(=O)[C@H](CC(C)C)NC(=O)[C@H](CCCCN)NC(=O)[C@H](C)NC(=O)[C@H](CC(C)C)NC(=O)[C@H](CCCCN)NC(=O)[C@H](C)NC(=O)[C@H](CC(C)C)NC(=O)[C@H](CCCCN)NC(=O)[C@H](C)NC(=O)[C@H](CC(C)C)NC(=O)[C@H](CCCCN)NC(=O)[C@H](C)NC(=O)[C@H](CC(C)C)NC(=O)[C@H](CCCCN)NC(=O)[C@H](C)NC(=O)[C@H](CC(C)C)NC(=O)[C@H](C)NC(=O)[C@H](CC(C)C)NC(=O)[C@H](C)NC(=O)[C@H](CC(C)C)NC(=O)[C@H](C)NC(=O)[C@H](CC(C)C)NC(=O)[C@H](C)NC(=O)[C@H](CC(C)C)NC(=O)[C@H](C)NC(=O)[C@H](CC(C)C)NC(=O)[C@H](C)NC(=O)[C@H](CC(C)C)NC(=O)[C@H](C)NC(=O)[C@@H](N)CC(C)C)C(=O)N[C@H](C=O)CCCCN,1,5.1432447,4
CC(C)C[C@H](NC(=O)[C@H](C)NC(=O)[C@H](CC(C)C)NC(=O)[C@H](CC(C)C)NC(=O)[C@@H](NC(=O)[C@H](C)NC(=O)[C@@H]1CCCN1C(=O)[C@H](CC(C)C)NC(=O)[C@H](CC(C)C)NC(=O)[C@H](C)NC(=O)[C@@H](NC(=O)[C@H](C)NC(=O)[C@H](C)NC(=O)[C@H](CCCC[NH3+])NC(=O)[C@H](Cc1ccccc1)NC(=O)[C@H](CCCNC(N)=[NH2+])NC(=O)[C@@H](N)Cc1c[nH]c2ccccc12)C(C)C)C(C)C)C(=O)N[C@@H](CC(C)C)C(=O)N[C@@H](C)C(=O)N1CCC[C@H]1C=O,1,6.7664995,4
CC(C)C[C@H](NC(=O)[C@H](C)NC(=O)[C@H](CC(C)C)NC(=O)[C@H](CCCC[NH3+])NC(=O)[C@H](CC(C)C)NC(=O)[C@H](CCCC[NH3+])NC(=O)[C@H](CC(C)C)NC(=O)[C@H](C)NC(=O)[C@@H](N)CCCC[NH3+])C(=O)N[C@@H](C)C(=O)N[C@@H](CC(C)C)C(=O)N[C@@H](CC(C)C)C(=O)N[C@@H](C)C(=O)N[C@@H](CCCC[NH3+])C(=O)N[C@@H](CC(C)C)C(=O)N[C@@H](CCCC[NH3+])C(=O)N[C@@H](CC(C)C)C(=O)N[C@@H](C)C=O,1,9.506664,4
CC[C@H](C)[C@H](NC(=O)[C@H](CC(C)C)NC(=O)[C@H](CC(=O)O)NC(=O)[C@H](CCCNC(N)=[NH2+])NC(=O)[C@H](Cc1ccc(O)cc1)NC(=O)[C@H](C)NC(=O)[C@@H](NC(=O)[C@@H](N)CCSC)[C@@H](C)CC)C(=O)N[C@H](C=O)CO,1,7.6013894,4
CC(C)C[C@@H](NC(=O)[C@H](NC(=O)[C@H]1CCCN1C(=O)[C@H](N)C(C)C)[C@@H](C)O)C(=O)N[C@@H](C=O)CCCC[NH3+],1,4.517287,4
CC(C)C[C@H](NC(=O)[C@H](C)NC(=O)[C@H](CCCC[NH3+])NC(=O)[C@H](CC(C)C)NC(=O)[C@H](C)NC(=O)[C@H](CC(C)C)NC(=O)[C@H](CCCC[NH3+])NC(=O)[C@H](CC(C)C)NC(=O)[C@H](C)NC(=O)[C@H](CC(C)C)NC(=O)[C@@H](N)CCCC[NH3+])C(=O)N[C@@H](CCC(N)=O)C(=O)N[C@@H](C)C(=O)N[C@@H](C)C(=O)N[C@@H](CC(C)C)C(=O)N[C@@H](CCC(N)=O)C(=O)N[C@@H](CC(C)C)C(=O)N[C@@H](C)C=O,1,9.779789,4
CC[C@H](C)[C@H](NC(=O)[C@H](CCCC[NH3+])NC(=O)[C@@H](NC(=O)[C@H](CCC(N)=O)NC(=O)[C@@H](N)CCCNC(N)=[NH2+])[C@@H](C)CC)C(=O)N[C@@H](Cc1c[nH]c2ccccc12)C(=O)N[C@@H](Cc1ccccc1)C(=O)N[C@@H](CCC(N)=O)C(=O)N[C@@H](CC(N)=O)C(=O)N[C@@H](CCCNC(N)=[NH2+])C(=O)N[C@@H](CCCNC(N)=[NH2+])C(=O)N[C@@H](C)C(=O)N[C@@H](CCCC[NH3+])C(=O)N[C@@H](Cc1c[nH]c2ccccc12)C(=O)N[C@@H](CCCC[NH3+])C(=O)N[C@H](C=O)CCCC[NH3+],1,13.0246525,4
NC(=[NH2+])NCCC[C@@H](C=O)NC(=O)[C@H](CCCNC(N)=[NH2+])NC(=O)[C@H](CCCNC(N)=[NH2+])NC(=O)[C@H](CCC(N)=O)NC(=O)[C@H](CCCNC(N)=[NH2+])NC(=O)[C@H](CCCNC(N)=[NH2+])NC(=O)[C@H](CCCC[NH3+])NC(=O)[C@H](CCCC[NH3+])NC(=O)[C@H](CCCNC(N)=[NH2+])NC(=O)CNC(=O)[C@H](Cc1ccc(O)cc1)NC(=O)[C@H](CCCC[NH3+])NC(=O)[C@@H](N)CS,1,12.163064,4
CC(C)C[C@H](NC(=O)CNC(=O)[C@H](CO)NC(=O)[C@H](C)NC(=O)CNC(=O)[C@H](CO)NC(=O)[C@@H]1CCCN1C(=O)[C@H](C)NC(=O)[C@H](CC(C)C)NC(=O)[C@H](CC(C)C)NC(=O)[C@H](C)NC(=O)[C@H](CC(C)C)NC(=O)[C@H](CC(C)C)NC(=O)[C@@H](NC(=O)[C@H](C)NC(=O)[C@@H]1CCCN1C(=O)[C@H](CC(C)C)NC(=O)[C@H](CC(C)C)NC(=O)[C@H](C)NC(=O)[C@@H](NC(=O)[C@H](C)NC(=O)[C@H](C)N)C(C)C)C(C)C)C(=O)N[C@@H](CC(=O)O)C(=O)N[C@@H](CCCC[NH3+])C(=O)N[C@@H](CCCNC(N)=[NH2+])C(=O)N[C@@H](CC(=O)O)C(=O)N[C@@H](Cc1ccc(O)cc1)C(=O)N[C@H](C(N)=O)C(C)C,1,-0.3848745,4
CC[C@H](C)[C@H](NC(=O)[C@H](CCCNC(N)=[NH2+])NC(=O)[C@H](Cc1ccccc1)NC(=O)[C@@H](NC(=O)[C@@H](NC(=O)[C@@H](N)CCSC)[C@@H](C)CC)[C@@H](C)CC)C(=O)N[C@@H](C)C(=O)N[C@@H](C)C(=O)N[C@@H](CO)C(=O)NC(CC1CNCN1)C(O)N[C@@H](CCCC[NH3+])C(=O)N[C@H](C=O)CCCC[NH3+],1,9.220855,4
CC(=O)NC(CC1CNCN1)C(O)NC(CC1CNCN1)C(O)NC(CC1CNCN1)C(O)NC(CC1CNCN1)C(O)NC(CC1CNCN1)C(O)NC(CC1CNCN1)C(O)NC(CC1CNCN1)C(O)NC(CC1CNCN1)C(O)N[C@@H](CCCNC(N)=[NH2+])C(=O)N[C@@H](CCCNC(N)=[NH2+])C(=O)N[C@@H](CCCNC(N)=[NH2+])C(=O)N[C@@H](CCCNC(N)=[NH2+])C(=O)N[C@@H](CCCNC(N)=[NH2+])C(=O)N[C@@H](CCCNC(N)=[NH2+])C(=O)N[C@@H](CCCNC(N)=[NH2+])C(=O)N[C@@H](CCCNC(N)=[NH2+])C(=O)N[C@@H](CCCNC(N)=[NH2+])C(=O)N[C@@H](CCCNC(N)=[NH2+])C(=O)N[C@@H](CCCNC(N)=[NH2+])C(=O)N[C@@H](CCCNC(N)=[NH2+])C(=O)N[C@@H](CCCNC(N)=[NH2+])C(=O)N[C@@H](CCCNC(N)=[NH2+])C(=O)N[C@@H](CCCNC(N)=[NH2+])C(N)=O,1,4.102691,4
CC[C@H](C)[C@H](NC(=O)[C@H](CCCC[NH3+])NC(=O)[C@@H](NC(=O)[C@H](CCC(N)=O)NC(=O)[C@@H]([NH3+])CCCNC(N)=[NH2+])[C@@H](C)CC)C(=O)N[C@@H](Cc1c[nH]c2ccccc12)C(=O)N[C@@H](Cc1ccccc1)C(=O)N[C@@H](CCC(N)=O)C(=O)N[C@@H](CC(N)=O)C(=O)N[C@@H](CCCNC(N)=[NH2+])C(=O)N[C@@H](CCCNC(N)=[NH2+])C(=O)N[C@@H](CCSC)C(=O)N[C@@H](CCCC[NH3+])C(=O)N[C@@H](Cc1c[nH]c2ccccc12)C(=O)N[C@@H](CCCC[NH3+])C(=O)N[C@@H](CCCC[NH3+])C(=O)O,1,7.7445827,4
NC(=[NH2+])NCCC[C@H](NC(=O)[C@H](Cc1c[nH]c2ccccc12)NC(=O)[C@H](CCCNC(N)=[NH2+])NC(=O)[C@@H](N)CS)C(=O)N[C@H](Cc1c[nH]c2ccccc12)C(=O)N[C@@H](CCCC[NH3+])C(=O)N[C@@H](CS)C(=O)N[C@@H](CS)C(=O)N[C@@H](CCCC[NH3+])C(=O)N[C@H](C=O)CCCC[NH3+],1,8.297225,4
CC[C@H](C)[C@H](NC(=O)[C@H](CCCC[NH3+])NC(=O)[C@@H](NC(=O)[C@H](CCC(N)=O)NC(=O)[C@@H](N)CCCNC(N)=[NH2+])[C@@H](C)CC)C(=O)N[C@@H](Cc1ccccc1)C(=O)N[C@@H](Cc1ccccc1)C(=O)N[C@@H](CCC(N)=O)C(=O)N[C@@H](CC(N)=O)C(=O)N[C@@H](CCCNC(N)=[NH2+])C(=O)N[C@@H](CCCNC(N)=[NH2+])C(=O)N[C@@H](CCSC)C(=O)N[C@@H](CCCC[NH3+])C(=O)N[C@@H](Cc1c[nH]c2ccccc12)C(=O)N[C@@H](CCCC[NH3+])C(=O)N[C@H](C=O)CCCC[NH3+],1,13.530247,4
CC[C@H](C)[C@H](NC(=O)[C@H](CCCC[NH3+])NC(=O)[C@@H](NC(=O)[C@H](CCC(N)=O)NC(=O)[C@@H](N)CCCNC(N)=[NH2+])[C@@H](C)CC)C(=O)N[C@H](C=O)Cc1c[nH]c2ccccc12,1,6.417978,4
NC(=[NH2+])NCCC[C@H](NC(=O)[C@@H](N)CS)C(=O)N[C@H](Cc1c[nH]c2ccccc12)C(=O)N[C@@H](CCCNC(N)=[NH2+])C(=O)N[C@@H](Cc1c[nH]c2ccccc12)C(=O)N[C@@H](CCCC[NH3+])C(=O)N[C@@H](CS)C(=O)N[C@@H](CS)C(=O)N[C@@H](CCCC[NH3+])C(=O)N[C@H](C=O)CCCC[NH3+],1,8.851534,4
CC[C@H](C)[C@H](NC(=O)[C@H](CCCC[NH3+])NC(=O)[C@@H](NC(=O)[C@H](CCC(N)=O)NC(=O)[C@@H]([NH3+])CCCNC(N)=[NH2+])[C@@H](C)CC)C(=O)N[C@@H](Cc1c[nH]c2ccccc12)C(=O)N[C@@H](Cc1ccccc1)C(=O)N[C@@H](CCC(N)=O)C(=O)N[C@@H](CC(N)=O)C(=O)N[C@@H](CCCNC(N)=[NH2+])C(=O)N[C@@H](CCCNC(N)=[NH2+])C(=O)N[C@@H](CCSC)C(=O)N[C@@H](CCCC[NH3+])C(=O)N[C@@H](Cc1c[nH]c2ccccc12)C(=O)N[C@@H](CCCC[NH3+])C(=O)N[C@@H](CCCC[NH3+])C(=O)O,1,7.7445827,4
CC(C)C[C@@H](C=O)NC(=O)[C@@H](NC(=O)[C@@H](NC(=O)[C@H](CC(C)C)NC(=O)[C@@H](NC(=O)[C@H](CCCC[NH3+])NC(=O)[C@H](C)NC(=O)[C@H](CC(C)C)NC(=O)[C@H](CCCC[NH3+])NC(=O)[C@@H](NC(=O)[C@H](CC(C)C)NC(=O)[C@H](C)NC(=O)[C@@H](NC(=O)[C@H](C)NC(=O)[C@H](CC(C)C)NC(=O)[C@@H](NC(=O)[C@H](CCCC[NH3+])NC(=O)[C@@H](N)CC(C)C)[C@@H](C)O)[C@@H](C)O)[C@@H](C)O)[C@@H](C)O)[C@@H](C)O)[C@@H](C)O,1,7.0986757,4
CC(=O)NCC(=O)N[C@@H](CCCNC(N)=[NH2+])C(=O)NCC(=O)N[C@@H](CC(=O)O)C(=O)NCC(=O)N1CCC[C@H]1C(=O)N[C@@H](CCCNC(N)=[NH2+])C(=O)N[C@@H](CCCNC(N)=[NH2+])C(=O)N[C@@H](CCCC[NH3+])C(=O)N[C@@H](CCCC[NH3+])C(=O)N[C@@H](CCCC[NH3+])C(=O)N[C@@H](CCCC[NH3+])C(=O)NCC(=O)N1CCC[C@H]1C(=O)N[C@@H](CCCNC(N)=[NH2+])C(=O)N[C@@H](CCCNC(N)=[NH2+])C(=O)N[C@@H](CCCC[NH3+])C(=O)N[C@@H](CCCC[NH3+])C(=O)N[C@@H](CCCC[NH3+])C(=O)N[C@@H](CCCC[NH3+])C(=O)NCC(=O)N1CCC[C@H]1C(=O)N[C@@H](CCCNC(N)=[NH2+])C(=O)N[C@H](C=O)CCCNC(N)=[NH2+],1,13.824371,4
N=C(N)NCCC[C@@H](C=O)NC(=O)[C@H](CCCNC(=N)N)NC(=O)[C@H](CCCNC(=N)N)NC(=O)[C@H](CCCNC(=N)N)NC(=O)[C@H](CCCNC(=N)N)NC(=O)[C@H](CCCNC(=N)N)NC(=O)[C@H](CCCNC(=N)N)NC(=O)[C@H](CCCNC(=N)N)NC(=O)[C@H](CCCNC(=N)N)NC(=O)[C@H](CCCNC(=N)N)NC(=O)[C@H](CCCNC(=N)N)NC(=O)[C@H](CCCNC(=N)N)NC(=O)[C@H](CCCNC(=N)N)NC(=O)[C@H](CCCNC(=N)N)NC(=O)[C@H](CCCNC(=N)N)NC(=O)[C@H](Cc1c[nH]cn1)NC(=O)[C@H](Cc1c[nH]cn1)NC(=O)[C@H](Cc1c[nH]cn1)NC(=O)[C@H](Cc1c[nH]cn1)NC(=O)[C@H](Cc1c[nH]cn1)NC(=O)[C@H](Cc1c[nH]cn1)NC(=O)[C@H](Cc1c[nH]cn1)NC(=O)[C@H](Cc1c[nH]cn1)NC(=O)[C@H](Cc1c[nH]cn1)NC(=O)[C@H](Cc1c[nH]cn1)NC(=O)[C@H](Cc1c[nH]cn1)NC(=O)[C@H](Cc1c[nH]cn1)NC(=O)[C@H](Cc1c[nH]cn1)NC(=O)[C@H](Cc1c[nH]cn1)NC(=O)[C@H](Cc1c[nH]cn1)NC(=O)[C@H](Cc1c[nH]cn1)NC(=O)[C@H](Cc1c[nH]cn1)NC(=O)[C@H](Cc1c[nH]cn1)NC(=O)[C@H](Cc1c[nH]cn1)NC(=O)[C@@H](N)Cc1c[nH]cn1,1,7.553998,4
CC(C)C[C@H](NC(=O)[C@H](C)NC(=O)[C@@H](NC(=O)[C@@H](NC(=O)[C@H](CCCC[NH3+])NC(=O)[C@H](CC(C)C)NC(=O)[C@@H](N)CC(C)C)[C@@H](C)O)[C@@H](C)O)C(=O)N[C@@H](CC(C)C)C(=O)N[C@@H](CCCC[NH3+])C(=O)N[C@H](C(=O)N[C@H](C(=O)N[C@@H](C)C(=O)N[C@@H](CC(C)C)C(=O)N[C@@H](CC(C)C)C(=O)N[C@@H](CCCC[NH3+])C(=O)N[C@H](C(=O)N[C@H](C(=O)N[C@@H](C)C=O)[C@@H](C)O)[C@@H](C)O)[C@@H](C)O)[C@@H](C)O,1,4.0149827,4
NC(=[NH2+])NCCC[C@H](NC(=O)CNC(=O)[C@@H](N)CCCC[NH3+])C(=O)N[C@@H](CCCC[NH3+])C(=O)N[C@@H](CCCC[NH3+])C(=O)N[C@@H](CCCNC(N)=[NH2+])C(=O)N[C@@H](CCCNC(N)=[NH2+])C(=O)N[C@@H](CCC(N)=O)C(=O)N[C@@H](CCCNC(N)=[NH2+])C(=O)N[C@@H](CCCNC(N)=[NH2+])C(=O)N[C@@H](CCCNC(N)=[NH2+])C(=O)N1CCC[C@H]1C(=O)N1CCC[C@H]1C(=O)N[C@H](C=O)CCC(N)=O,1,12.797527,4
NCC(=O)N[C@@H](CCCNC(N)=[NH2+])C(=O)N[C@@H](CCCC[NH3+])C(=O)N[C@@H](CCCC[NH3+])C(=O)N[C@@H](CCCNC(N)=[NH2+])C(=O)N[C@@H](CCCNC(N)=[NH2+])C(=O)N[C@@H](CCC(N)=O)C(=O)N[C@@H](CCCNC(N)=[NH2+])C(=O)N[C@@H](CCCNC(N)=[NH2+])C(=O)N[C@@H](CCCNC(N)=[NH2+])C(=O)N1CCC[C@H]1C(=O)N[C@@H](Cc1c[nH]c2ccccc12)C(=O)N[C@H](C=O)CCC(N)=O,1,11.336723,4
CC[C@H](C)[C@@H](C=O)NC(=O)[C@H](CC(C)C)NC(=O)[C@H](Cc1ccc(O)cc1)NC(=O)[C@@H](NC(=O)[C@H](Cc1ccccc1)NC(=O)[C@@H]1CCCN1)C(C)C,1,1.6126417,4
N[C@@H](CCCC[NH3+])C(=O)N[C@@H](CCCC[NH3+])C(=O)N[C@@H](CCCC[NH3+])C(=O)N[C@@H](CCCC[NH3+])C(=O)N[C@@H](CCCC[NH3+])C(=O)N[C@@H](CCCC[NH3+])C(=O)N[C@@H](CCCC[NH3+])C(=O)N[C@@H](CCCC[NH3+])C(=O)N[C@H](C=O)CCCC[NH3+],1,14.496567,4
CC(=O)N[C@@H](CCCC[NH3+])C(=O)N[C@@H](CCC(=O)O)C(=O)N[C@H](C(=O)N[C@@H](Cc1c[nH]c2ccccc12)C(=O)N[C@@H](Cc1c[nH]c2ccccc12)C(=O)N[C@@H](CCC(=O)O)C(=O)N[C@H](C(=O)N[C@@H](Cc1c[nH]c2ccccc12)C(=O)N[C@@H](Cc1c[nH]c2ccccc12)C(=O)N[C@H](C(=O)N[C@@H](CCC(=O)O)C(=O)N[C@@H](Cc1c[nH]c2ccccc12)C(=O)N[C@@H](CO)C(=O)N[C@@H](CCC(N)=O)C(=O)N1CCC[C@H]1C(=O)N[C@@H](CCCC[NH3+])C(=O)N[C@@H](CCCC[NH3+])C(=O)N[C@@H](CCCC[NH3+])C(=O)N[C@@H](CCCNC(N)=[NH2+])C(=O)N[C@@H](CCCC[NH3+])C(=O)N[C@H](C(N)=O)C(C)C)[C@@H](C)O)[C@@H](C)O)[C@@H](C)O,1,-4.431514,4
NC(=[NH2+])NCCC[C@@H](C=O)NC(=O)[C@H](CCCNC(N)=[NH2+])NC(=O)[C@H](CCCNC(N)=[NH2+])NC(=O)[C@H](CCCNC(N)=[NH2+])NC(=O)[C@H](CCCNC(N)=[NH2+])NC(=O)[C@H](CCCNC(N)=[NH2+])NC(=O)[C@H](CCCNC(N)=[NH2+])NC(=O)[C@H](CCCNC(N)=[NH2+])NC(=O)[C@@H](N)CCCNC(N)=[NH2+],1,14.793035,4
CC[C@H](C)[C@H](NC(=O)[C@H](CCCC[NH3+])NC(=O)[C@@H](NC(=O)[C@H](CCC(N)=O)NC(=O)[C@H](CCCNC(N)=[NH2+])NC(=O)[C@@H](N)CS)[C@@H](C)CC)C(=O)N[C@@H](Cc1c[nH]c2ccccc12)C(=O)N[C@@H](Cc1ccccc1)C(=O)N1CCC[C@H]1C(=O)N[C@@H](CC(N)=O)C(=O)N[C@@H](CCCNC(N)=[NH2+])C(=O)N[C@@H](CCCNC(N)=[NH2+])C(=O)N[C@@H](CCSC)C(=O)N[C@@H](CCCC[NH3+])C(=O)N[C@@H](Cc1c[nH]c2ccccc12)C(=O)N[C@@H](CCCC[NH3+])C(=O)N[C@@H](CCCC[NH3+])C(=O)N[C@H](C=O)CS,1,7.701793,4
NCC(=O)N[C@@H](CCCNC(N)=[NH2+])C(=O)N[C@@H](CCCC[NH3+])C(=O)N[C@@H](CCCC[NH3+])C(=O)N[C@@H](CCCNC(N)=[NH2+])C(=O)N[C@@H](CCCNC(N)=[NH2+])C(=O)N[C@@H](CCC(N)=O)C(=O)N[C@@H](CCCNC(N)=[NH2+])C(=O)N[C@@H](CCCNC(N)=[NH2+])C(=O)N[C@@H](CCCNC(N)=[NH2+])C(=O)N1CCC[C@H]1C(=O)N1CCC[C@H]1C(=O)N[C@H](C=O)CCC(N)=O,1,12.388029,4
CC(C)C[C@H](NC(=O)CN)C(=O)N[C@@H](Cc1c[nH]c2ccccc12)C(=O)N[C@@H](CCCNC(N)=[NH2+])C(=O)N[C@@H](C)C(=O)N[C@@H](CC(C)C)C(=O)N[C@@H](Cc1c[nH]c2ccccc12)C(=O)N[C@@H](CCCNC(N)=[NH2+])C(=O)N[C@@H](C)C(=O)N[C@@H](CC(C)C)C(=O)N[C@@H](Cc1c[nH]c2ccccc12)C(=O)N[C@@H](CCCNC(N)=[NH2+])C(=O)N[C@@H](CO)C(=O)N[C@@H](CC(C)C)C(=O)N[C@@H](Cc1c[nH]c2ccccc12)C(=O)N[C@@H](CCCC[NH3+])C(=O)N[C@@H](CCCC[NH3+])C(=O)N[C@@H](CCCC[NH3+])C(=O)N[C@@H](CCCNC(N)=[NH2+])C(=O)N[C@@H](CCCC[NH3+])C(=O)N[C@H](C=O)C(C)C,1,9.880386,4
NC(=[NH2+])NCCC[C@H](NC(=O)[C@H](CCCNC(N)=[NH2+])NC(=O)[C@H](CCCNC(N)=[NH2+])NC(=O)[C@H](CCCNC(N)=[NH2+])NC(=O)[C@H](CCCNC(N)=[NH2+])NC(=O)[C@H](CCCNC(N)=[NH2+])NC(=O)[C@@H](N)CCCNC(N)=[NH2+])C(=O)N[C@H](C=O)Cc1c[nH]c2ccccc12,1,12.240977,4
CC[C@H](C)[C@H](NC(=O)[C@H](CCCNC(N)=[NH2+])NC(=O)[C@H](CCCNC(N)=[NH2+])NC(=O)[C@H](CCCNC(N)=[NH2+])NC(=O)[C@H](CC(C)C)NC(=O)[C@@H](NC(=O)[C@@H](NC(=O)[C@H](CC(C)C)NC(=O)[C@@H](N)CC(C)C)[C@@H](C)CC)[C@@H](C)CC)C(=O)N[C@@H](CCCNC(N)=[NH2+])C(=O)N[C@@H](CCCC[NH3+])C(=O)N[C@@H](CCC(N)=O)C(=O)N[C@@H](C)C(=O)NC(CC1CNCN1)C(O)N[C@@H](C)C(=O)NC(CC1CNCN1)C(O)N[C@@H](CO)C(=O)N[C@@H](C)C=O,1,6.7578115,4
CC(C)[C@@H](C=O)NC(=O)[C@H](CCCC[NH3+])NC(=O)[C@H](CCCNC(N)=[NH2+])NC(=O)[C@H](CCCC[NH3+])NC(=O)[C@H](CO)NC(=O)[C@H](CCCC[NH3+])NC(=O)[C@H](CCCC[NH3+])NC(=O)[C@H](Cc1ccccc1)NC(=O)[C@H](CCCNC(N)=[NH2+])NC(=O)[C@@H](N)Cc1c[nH]c2ccccc12,1,7.941061,4
CC(C)C[C@H](NC(=O)[C@H](C)NC(=O)[C@H](CC(C)C)NC(=O)[C@H](CCCC[NH3+])NC(=O)[C@H](CC(C)C)NC(=O)[C@H](CCCC[NH3+])NC(=O)[C@H](CC(C)C)NC(=O)[C@H](C)NC(=O)[C@@H](N)CCCC[NH3+])C(=O)N[C@@H](C)C(=O)N[C@@H](CC(C)C)C(=O)N[C@@H](CC(C)C)C(=O)N[C@@H](C)C(=O)N[C@@H](CCCC[NH3+])C(=O)N[C@@H](CC(C)C)C(=O)N[C@@H](CCCC[NH3+])C(=O)N[C@@H](CC(C)C)C(=O)N[C@@H](C)C(N)=O,1,2.3082008,4
CC[C@H](C)[C@H](NC(=O)[C@H](CCCC[NH3+])NC(=O)[C@@H](NC(=O)[C@H](CCC(N)=O)NC(=O)[C@@H](N)CCCNC(N)=[NH2+])[C@@H](C)CC)C(=O)N[C@@H](C)C(=O)N[C@@H](Cc1ccccc1)C(=O)N[C@@H](CCC(N)=O)C(=O)N[C@@H](CC(N)=O)C(=O)N[C@@H](CCCNC(N)=[NH2+])C(=O)N[C@@H](CCCNC(N)=[NH2+])C(=O)N[C@@H](CCSC)C(=O)N[C@@H](CCCC[NH3+])C(=O)N[C@@H](Cc1c[nH]c2ccccc12)C(=O)N[C@@H](CCCC[NH3+])C(=O)N[C@H](C=O)CCCC[NH3+],1,14.064957,4
CC(C)C[C@H](NC(=O)CNC(=O)[C@H](CCCC[NH3+])NC(=O)[C@H](CC(C)C)NC(=O)CNC(=O)[C@H](CC(C)C)NC(=O)[C@H](CCCC[NH3+])NC(=O)[C@H](CC(C)C)NC(=O)CNC(=O)[C@H](CC(C)C)NC(=O)[C@@H](N)CCCC[NH3+])C(=O)N[C@@H](CCCC[NH3+])C(=O)NCC(=O)NCC(=O)N[C@@H](CC(C)C)C(=O)N[C@@H](CCCC[NH3+])C(=O)N[C@@H](CC(C)C)C(=O)NCC=O,1,9.908192,4
C[C@H](N)C(=O)N[C@@H](CS)C(=O)N[C@@H](CO)C(=O)NCC(=O)N[C@@H](CO)C(=O)NCC(=O)N[C@@H](CO)C(=O)NCC(=O)N[C@@H](CS)C(=O)NCC(=O)N[C@@H](CO)C(=O)NCC(=O)N[C@@H](CO)C(=O)NCC(=O)N[C@@H](CO)C(=O)N[C@@H](CS)C(=O)NCC(=O)N[C@@H](CCCNC(N)=[NH2+])C(=O)N[C@@H](CCCNC(N)=[NH2+])C(=O)N[C@@H](CCCNC(N)=[NH2+])C(=O)N[C@@H](CCCNC(N)=[NH2+])C(=O)N[C@@H](CCCNC(N)=[NH2+])C(=O)N[C@@H](CCCNC(N)=[NH2+])C(=O)N[C@@H](CCCNC(N)=[NH2+])C(=O)N[C@H](C=O)CCCNC(N)=[NH2+],1,11.155657,4
CC[C@H](C)[C@H](NC(=O)[C@H](CCCNC(N)=[NH2+])NC(=O)[C@H](C)NC(O)C(N)CC1CNCN1)C(=O)N[C@@H](CCCC[NH3+])C(=O)N1CCC[C@H]1C(=O)N[C@H](C(=O)N[C@@H](Cc1ccccc1)C(=O)N[C@@H](CCCNC(N)=[NH2+])C(=O)N[C@@H](CCCNC(N)=[NH2+])C(=O)N[C@@H](CC(C)C)C(=O)N[C@@H](CCCC[NH3+])C(=O)N[C@@H](Cc1c[nH]c2ccccc12)C(=O)N[C@@H](CCCC[NH3+])C(=O)N[C@@H](Cc1ccc(O)cc1)C(=O)N[C@@H](CCCC[NH3+])C(=O)NCC(=O)N[C@@H](CCCC[NH3+])C(=O)N[C@@H](Cc1ccccc1)C(=O)N[C@H](C=O)Cc1c[nH]c2ccccc12)[C@@H](C)O,1,6.0008707,4
CC(C)[C@@H](C=O)NC(=O)[C@H](CCCC[NH3+])NC(=O)[C@H](CCCNC(N)=[NH2+])NC(=O)[C@H](CCCC[NH3+])NC(=O)[C@H](CCCC[NH3+])NC(=O)[C@H](CCCC[NH3+])NC(=O)[C@@H]1CCCN1C(=O)[C@H](CCC(N)=O)NC(=O)[C@H](CO)NC(=O)[C@H](Cc1c[nH]c2ccccc12)NC(=O)[C@H](CCC(=O)O)NC(=O)[C@@H](NC(=O)[C@H](Cc1c[nH]c2ccccc12)NC(=O)[C@H](Cc1c[nH]c2ccccc12)NC(=O)[C@@H](NC(=O)[C@H](CCC(=O)O)NC(=O)[C@H](Cc1c[nH]c2ccccc12)NC(=O)[C@H](Cc1c[nH]c2ccccc12)NC(=O)[C@@H](NC(=O)[C@H](CCC(=O)O)NC(=O)[C@@H](N)CCCC[NH3+])[C@@H](C)O)[C@@H](C)O)[C@@H](C)O,1,3.636839,4
CC(C)C[C@H](NC(=O)[C@H](C)NC(=O)[C@H](CCCC[NH3+])NC(=O)[C@H](CC(C)C)NC(=O)[C@H](C)NC(=O)[C@H](CC(C)C)NC(=O)[C@@H](N)CCCC[NH3+])C(=O)N[C@@H](CCCC[NH3+])C(=O)N[C@@H](C)C(=O)N[C@@H](C)C(=O)N[C@@H](CC(C)C)C(=O)N[C@@H](CCCC[NH3+])C(=O)N[C@@H](CC(C)C)C(=O)N[C@@H](C)C=O,1,9.142485,4
CSCC[C@H](NC(=O)[C@H](CC(C)C)NC(=O)CNC(=O)[C@H](Cc1ccccc1)NC(=O)[C@H](Cc1ccccc1)NC(=O)[C@H](CCC(N)=O)NC(=O)[C@H](CCC(N)=O)NC(=O)[C@H](CC(C)C)NC(=O)[C@H](CC(C)C)NC(=O)[C@H](CCCC[NH3+])NC(=O)[C@H](Cc1c[nH]c2ccccc12)NC(=O)[C@@H](NC(=O)[C@H](CCCC[NH3+])NC(=O)[C@H](CCCNC(N)=[NH2+])NC(=O)[C@H](CCCC[NH3+])NC(=O)[C@H](CCCC[NH3+])NC(=O)[C@H](CCCC[NH3+])NC(=O)[C@@H]1CCCN1)C(C)C)C(N)=O,1,-0.6259038,4
CC[C@H](C)[C@H](NC(=O)[C@H](C)NC(=O)[C@H](Cc1ccccc1)NC(=O)[C@@H](NC(=O)[C@@H](NC(=O)[C@@H](N)CCSC)[C@@H](C)CC)[C@@H](C)CC)C(=O)N[C@@H](C)C(=O)N[C@@H](C)C(=O)N[C@@H](CO)C(=O)NC(CC1CNCN1)C(O)N[C@@H](CCCC[NH3+])C(=O)N[C@H](C=O)CCCC[NH3+],1,8.425283,4
CC[C@H](C)[C@H](NC(=O)[C@H](CCCNC(N)=[NH2+])NC(=O)[C@H](Cc1ccc(O)cc1)NC(O)C(N)CC1CNCN1)C(=O)N[C@@H](CCCC[NH3+])C(=O)N1CCC[C@H]1C(=O)N[C@H](C(=O)N[C@@H](Cc1ccccc1)C(=O)N[C@@H](CCCNC(N)=[NH2+])C(=O)N[C@@H](CCCNC(N)=[NH2+])C(=O)N[C@@H](CC(C)C)C(=O)N[C@@H](CCCC[NH3+])C(=O)N[C@@H](Cc1c[nH]c2ccccc12)C(=O)N[C@@H](CCCC[NH3+])C(=O)N[C@@H](Cc1ccc(O)cc1)C(=O)N[C@@H](CCCC[NH3+])C(=O)NCC(=O)N[C@@H](CCCC[NH3+])C(=O)N[C@@H](Cc1ccccc1)C(=O)N[C@@H](C)C=O)[C@@H](C)O,1,4.6947904,4
NC(=[NH2+])NCCC[C@H](NC(=O)[C@H](CCCNC(N)=[NH2+])NC(=O)[C@H](CCCNC(N)=[NH2+])NC(=O)[C@H](CCC(N)=O)NC(=O)[C@H](CCCNC(N)=[NH2+])NC(=O)[C@H](CCCNC(N)=[NH2+])NC(=O)[C@H](CCCC[NH3+])NC(=O)[C@H](CCCC[NH3+])NC(=O)[C@H](CCCNC(N)=[NH2+])NC(=O)CNC(=O)[C@@H](N)Cc1ccc(O)cc1)C(N)=O,1,6.056499,4
CCC[C@H](NC(=O)[C@H](CS)NC(=O)[C@@H](NC(=O)CNC(=O)CN)C(C)C)C(=O)N[C@@H](CCCCN)C(=O)N[C@H](C(=O)N[C@@H](CC(C)C)C(=O)N[C@@H](C)C(=O)N[C@@H](CCCCN)C(=O)N[C@H]1C[SH]2[SH]3C[C@@H](C(=O)NCC(=O)N[C@@H](CO)C(=O)NCC(=O)N[C@@H](CO)C(=O)N[C@H](C=O)CC(=O)O)NC(=O)[C@H](Cc4ccc(O)cc4)NC(=O)CNC(=O)[C@H](CC(N)=O)NC(=O)CNC(=O)[C@H](CCCNC(=N)N)NC(=O)[C@@H]4CSS32C[C@H](NC(=O)[C@H](CC(=O)O)NC(=O)[C@H](CO)NC(=O)[C@H](CC(=O)O)NC(=O)[C@H](CCCNC(=N)N)NC(=O)[C@H](CCCNC(=N)N)NC1=O)C(=O)N1CCC[C@H]1C(=O)NCC(=O)N[C@@H](C)C(=O)N[C@@H](CS)C(=O)N[C@@H]([C@@H](C)CC)C(=O)N4)[C@@H](C)CC,1,3.1697097,4
CC[C@H](C)[C@H](NC(=O)[C@H](CCCC[NH3+])NC(=O)[C@@H](NC(=O)[C@H](CCC(N)=O)NC(=O)[C@@H]([NH3+])CCCNC(N)=[NH2+])[C@@H](C)CC)C(=O)N[C@@H](Cc1c[nH]c2ccccc12)C(=O)N[C@@H](Cc1ccccc1)C(=O)N[C@@H](CCC(N)=O)C(=O)N[C@@H](CC(N)=O)C(=O)N[C@@H](CCCNC(N)=[NH2+])C(=O)N[C@@H](CCCNC(N)=[NH2+])C(=O)N[C@@H](CCSC)C(=O)N[C@@H](CCCC[NH3+])C(=O)N[C@@H](Cc1c[nH]c2ccccc12)C(=O)N[C@@H](CCCC[NH3+])C(=O)N[C@@H](CCCC[NH3+])C(=O)O,1,7.7445827,4
CC[C@H](C)[C@H](NC(=O)[C@H](CCCC[NH3+])NC(=O)[C@@H](NC(=O)[C@H](CCC(N)=O)NC(=O)[C@@H]([NH3+])CCCNC(N)=[NH2+])[C@@H](C)CC)C(=O)N[C@@H](Cc1c[nH]c2ccccc12)C(=O)N[C@@H](Cc1ccccc1)C(=O)N[C@@H](CCC(N)=O)C(=O)N[C@@H](CC(N)=O)C(=O)N[C@@H](CCCNC(N)=[NH2+])C(=O)N[C@@H](CCCNC(N)=[NH2+])C(=O)N[C@@H](CCSC)C(=O)N[C@@H](CCCC[NH3+])C(=O)N[C@@H](Cc1c[nH]c2ccccc12)C(=O)N[C@@H](CCCC[NH3+])C(=O)N[C@@H](CCCC[NH3+])C(=O)O,1,7.7445827,4
NC(=[NH2+])NCCC[C@@H](C=O)NC(=O)[C@H](CCCNC(N)=[NH2+])NC(=O)[C@H](CCCNC(N)=[NH2+])NC(=O)[C@H](CCC(N)=O)NC(=O)[C@H](CCCNC(N)=[NH2+])NC(=O)[C@H](CCCNC(N)=[NH2+])NC(=O)[C@H](CCCC[NH3+])NC(=O)[C@H](CCCC[NH3+])NC(=O)[C@H](CCCNC(N)=[NH2+])NC(=O)CNC(=O)[C@@H](N)Cc1ccc(O)cc1,1,12.273849,4
NC(=[NH2+])NCCC[C@@H](N)C(=O)N[C@H](CCCNC(N)=[NH2+])C(=O)N[C@H](CCCNC(N)=[NH2+])C(=O)N[C@H](CCCNC(N)=[NH2+])C(=O)N[C@H](CCCNC(N)=[NH2+])C(=O)N[C@H](CCCNC(N)=[NH2+])C(=O)N[C@H](CCCNC(N)=[NH2+])C(=O)N[C@@H](C=O)CCCNC(N)=[NH2+],1,14.942332,4
CC[C@H](C)[C@H](NC(=O)[C@@H](NC(=O)[C@H](CO)NC(=O)[C@H](C)NC(=O)[C@@H](NC(=O)[C@H](CCCC[NH3+])NC(=O)[C@H](CCCC[NH3+])NC(=O)[C@@H](NC(=O)[C@@H](NC(=O)[C@H](CCCC[NH3+])NC(=O)[C@H](Cc1ccccc1)NC(=O)[C@H](CC(C)C)NC(=O)CN)C(C)C)[C@@H](C)CC)C(C)C)C(C)C)C(=O)NCC(=O)NCC(=O)N[C@@H](CC(C)C)C(N)=O,0,-4.935089,4
CC(C)[C@H](NC(=O)[C@H](CCCNC(N)=[NH2+])NC(=O)[C@H](CS)NC(=O)[C@H](C)NC(=O)[C@@H]1CCCN1C(O)C(CC1CNCN1)NC(=O)[C@H](CO)NC(=O)[C@H](CS)NC(=O)[C@H](CS)NC(=O)CN)C(=O)NC(CC1CNCN1)C(O)N[C@@H](Cc1ccc(O)cc1)C(=O)N1CCC[C@H]1C(=O)NC(CC1CNCN1)C(O)N[C@H](C(=O)N[C@@H](CS)C(=O)N[C@@H](Cc1ccc(O)cc1)C(N)=O)C(C)C,0,-6.1715074,4
CSCC[C@H](NC(=O)[C@H](C)NC(C)=O)C(=O)N[C@H](C(=O)N[C@@H](CO)C(=O)N[C@H](C=O)CO)C(C)C,0,1.5401372,4
CSCC[C@H](NC(=O)CNC(=O)[C@H](Cc1ccccc1)NC(=O)CN)C(=O)N[C@@H](C)C(=O)N[C@@H](CC(C)C)C(=O)NC(CCC[NH3+])C(O)N[C@@H](CC(C)C)C(=O)N[C@@H](CC(C)C)C(=O)NC(CCC[NH3+])C(O)NC(CCC[NH3+])C(O)N[C@H](C(=O)N[C@@H](CC(C)C)C(N)=O)C(C)C,0,-4.6085424,4
CC[C@H](C)[C@H](NC(=O)CNC(=O)[C@H](CCCC[NH3+])NC(=O)[C@@H](NC(=O)[C@H](CC(C)C)NC(=O)[C@H](CO)NC(=O)CNC(=O)[C@H](CC(C)C)NC(=O)CNC(=O)[C@H](C)NC(=O)[C@H](CCCC[NH3+])NC(=O)[C@H](Cc1ccccc1)NC(=O)[C@@H](NC(=O)[C@H](CC(=O)O)NC(=O)[C@H](CCCC[NH3+])NC(=O)[C@H](CC(C)C)NC(=O)CN)[C@@H](C)CC)C(C)C)C(=O)N[C@@H](C)C(=O)N[C@@H](C)C(=O)NC(CC1CNCN1)C(O)N[C@H](C(=O)N[C@@H](C)C(=O)N[C@@H](CC(N)=O)C(N)=O)C(C)C,0,-5.520843,4
CC(C)[C@H](N)C(=O)NCC(=O)N[C@@H](CCC(=O)O)C(=O)N[C@@H](C)C(=O)N[C@@H](CS)C(=O)N[C@@H](CS)C(=O)N[C@@H](CCCC[NH3+])C(=O)N[C@@H](CC(N)=O)C(=O)NCC(=O)N[C@@H](CCCC[NH3+])C(=O)N[C@@H](CCCNC(N)=[NH2+])C(=O)NCC(=O)N[C@@H](CS)C(=O)NCC(=O)N[C@@H](CCCNC(N)=[NH2+])C(=O)N[C@@H](Cc1c[nH]c2ccccc12)C(=O)N[C@@H](CS)C(=O)N[C@@H](CCCNC(N)=[NH2+])C(=O)N[C@@H](CC(=O)O)C(=O)NC(CC1CNCN1)C(O)N[C@@H](CO)C(=O)N[C@@H](CCCNC(N)=[NH2+])C(=O)N[C@@H](CS)C(=O)N[C@@H](CS)C(N)=O,0,-1.7586645,4
CC[C@H](C)[C@H](NC(=O)[C@H](Cc1ccccc1)NC(=O)[C@H](CO)NC(=O)[C@H](CCCC[NH3+])NC(=O)[C@H](Cc1c[nH]c2ccccc12)NC(=O)[C@@H](N)CCCC[NH3+])C(=O)N[C@@H](CCCC[NH3+])C(=O)N[C@@H](CCCC[NH3+])C(=O)N[C@@H](CC(C)C)C(=O)N[C@H](C(=O)N[C@@H](CO)C(=O)N[C@@H](CCCC[NH3+])C(=O)N[C@@H](Cc1ccccc1)C(=O)N[C@@H](CC(C)C)C(=O)NC(CC1CNCN1)C(O)N[C@@H](CO)C(=O)N[C@@H](C)C(=O)N[C@@H](CC(=O)O)C(=O)N[C@@H](CCCC[NH3+])C(=O)N[C@@H](Cc1ccccc1)C(N)=O)[C@@H](C)O,0,-4.563836,4
CC[C@H](C)[C@H](NC(=O)[C@H](CC(C)C)NC(=O)[C@H](CCCC[NH3+])NC(=O)CNC(=O)[C@H](CC(C)C)NC(=O)[C@@H](NC(=O)[C@H](CCCC[NH3+])NC(=O)[C@H](CCCC[NH3+])NC(=O)[C@H](Cc1c[nH]c2ccccc12)NC(=O)[C@H](CCCC[NH3+])NC(=O)CN)[C@@H](C)CC)C(=O)N[C@@H](CCCNC(N)=[NH2+])C(N)=O,0,-2.6688213,4
CC[C@H](C)[C@H](NC(=O)[C@H](CO)NC(=O)[C@H](C)NC(=O)[C@@H](NC(=O)[C@H](CCCC[NH3+])NC(=O)[C@H](CCCC[NH3+])NC(=O)[C@H](Cc1c[nH]c2ccccc12)NC(=O)[C@@H](NC(=O)[C@@H](N)CC(N)=O)[C@@H](C)CC)[C@@H](C)CC)C(=O)N[C@@H](C)C(=O)N[C@@H](CCCC[NH3+])C(=O)N[C@@H](CCC(=O)O)C(=O)N[C@H](C(=O)N[C@@H](CC(C)C)C(=O)N[C@@H](CCCC[NH3+])C(=O)N[C@@H](C)C(=O)N[C@@H](CC(C)C)C(N)=O)C(C)C,0,-3.2793694,4
CC[C@H](C)[C@H](NC(=O)[C@H](CCCC[NH3+])NC(=O)CNC(=O)[C@H](CC(C)C)NC(=O)[C@H](CO)NC(=O)[C@H](CCCC[NH3+])NC(=O)[C@H](CCCC[NH3+])NC(=O)[C@H](Cc1c[nH]c2ccccc12)NC(=O)[C@H](CO)NC(=O)[C@@H](N)C(C)C)C(=O)N[C@H](C(=O)N[C@@H](CCCC[NH3+])C(=O)N[C@H](C(=O)N[C@H](C(=O)N[C@@H](CCCC[NH3+])C(N)=O)C(C)C)C(C)C)[C@@H](C)CC,0,-5.512773,4
CSCC[C@H](N)C(=O)N[C@@H](CS)C(=O)N1CCC[C@H]1C(=O)N1CCC[C@H]1C(=O)N[C@@H](CC(C)C)C(=O)N[C@@H](CS)C(=O)N[C@@H](C)C(=O)N1CCC[C@H]1C(=O)N[C@@H](CO)C(=O)N[C@@H](CS)C(=O)N[C@H](C(=O)N[C@@H](CC(N)=O)C(=O)N[C@@H](CS)C(N)=O)[C@@H](C)O,0,-4.7595835,4
CC[C@H](C)[C@H](N)C(=O)N[C@@H](CC(C)C)C(=O)N1CCC[C@H]1C(=O)N[C@@H](Cc1c[nH]c2ccccc12)C(=O)N[C@@H](CCCC[NH3+])C(=O)N[C@@H](C)C(=O)N1CCC[C@H]1C(=O)N[C@@H](C)C(=O)N[C@@H](C)C(=O)N1CCC[C@H]1C(=O)N[C@@H](C)C(=O)N[C@@H](CCCNC(N)=[NH2+])C(=O)N[C@@H](CCCNC(N)=[NH2+])C(N)=O,0,-0.64766735,4
CC[C@H](C)[C@H](NC(=O)[C@H](CO)NC(=O)[C@@H](NC(=O)[C@H](CS)NC(=O)[C@H](CCCC[NH3+])NC(=O)CNC(=O)[C@H](CCCNC(N)=[NH2+])NC(=O)[C@H](CO)NC(=O)[C@H](CS)NC(=O)[C@H](CCSC)NC(=O)[C@H](CC(C)C)NC(=O)CNC(=O)[C@H](CCSC)NC(=O)[C@H](CS)NC(=O)[C@H](CS)NC(=O)[C@@H](NC(O)C1CC(O)CN1C(O)C1CC(O)CN1C(=O)[C@H](CS)NC(=O)[C@H](CCCNC(N)=[NH2+])NC(=O)[C@H](CO)NC(=O)[C@H](CC(=O)O)NC(=O)[C@H](CCCNC(N)=[NH2+])NC(=O)CNC(=O)[C@H](CO)NC(=O)[C@H](CS)NC(=O)[C@@H](N)CO)C(C)C)C(C)C)C(=O)N[C@@H](Cc1ccc(O)cc1)C(=O)NCC(=O)N[C@H](C=O)CCC(=O)O,0,0.33396503,4
CC[C@H](C)[C@H](NC(=O)CN)C(=O)NCC(=O)N[C@@H](CO)C(=O)N[C@@H](C)C(=O)N[C@H](C(=O)N[C@@H](CC(C)C)C(=O)N[C@@H](CO)C(=O)N[C@@H](C)C(=O)NCC(=O)N[C@@H](CCCC[NH3+])C(=O)N[C@@H](CO)C(=O)N[C@@H](C)C(=O)N[C@@H](CC(C)C)C(=O)N[C@@H](CCCC[NH3+])C(=O)NCC(=O)N[C@@H](CC(C)C)C(=O)N[C@@H](C)C(=O)N[C@@H](CCCC[NH3+])C(=O)NCC(=O)N[C@@H](CC(C)C)C(=O)N[C@@H](C)C(=O)N[C@@H](CCC(=O)O)C(=O)NC(CC1CNCN1)C(O)N[C@@H](Cc1ccccc1)C(=O)N[C@@H](C)C(=O)N[C@@H](CC(N)=O)C(N)=O)[C@@H](C)CC,0,-3.957327,4
CC[C@H](C)[C@H](N)C(=O)N[C@@H](CC(C)C)C(=O)NCC(=O)N[C@@H](CCCC[NH3+])C(=O)N[C@@H](CC(C)C)C(=O)N[C@@H](CC(C)C)C(=O)N[C@@H](CCCC[NH3+])C(=O)N[C@H](C(=O)N[C@@H](C)C(=O)N[C@@H](C)C(=O)N[C@@H](CCCC[NH3+])C(=O)N[C@@H](CC(C)C)C(=O)N[C@@H](CC(C)C)C(=O)N[C@@H](CO)C(=O)N[C@@H](CC(N)=O)C(=O)N[C@@H](CC(C)C)C(N)=O)[C@@H](C)O,0,-3.0222602,4
C[C@H](NC(=O)[C@@H]1CCCN1C(O)C(CC1CNCN1)NC(=O)[C@H](CS)NC(=O)[C@H](CS)NC(=O)[C@@H](N)CCC(=O)O)C(=O)N[C@@H](CS)C(=O)NCC(=O)N[C@@H](CCCC[NH3+])C(=O)NC(CC1CNCN1)C(O)N[C@@H](Cc1ccccc1)C(=O)N[C@@H](CO)C(=O)N[C@@H](CS)C(N)=O,0,-6.306615,4
C[C@H](NC(=O)[C@H](C)NC(=O)[C@H](CCCC[NH3+])NC(=O)[C@H](C)NC(=O)[C@H](Cc1ccccc1)NC(=O)[C@H](Cc1c[nH]c2ccccc12)NC(=O)[C@H](CCCC[NH3+])NC(=O)[C@H](Cc1ccccc1)NC(=O)[C@H](CCCC[NH3+])NC(=O)[C@H](CCCC[NH3+])NC(=O)[C@H](C)NC(=O)[C@H](Cc1ccccc1)NC(=O)[C@@H](N)CCCC[NH3+])C(=O)N[C@@H](Cc1ccccc1)C(=O)N[C@@H](CCCC[NH3+])C(=O)N[C@@H](Cc1ccccc1)C(=O)N[C@@H](Cc1ccccc1)C(=O)N[C@@H](CCCC[NH3+])C(=O)N[C@@H](CCCC[NH3+])C(N)=O,0,-0.4833552,4
CC(C)C[C@H](NC(=O)[C@H](CCCC[NH3+])NC(=O)[C@@H](N)CCCC[NH3+])C(=O)N[C@@H](Cc1ccccc1)C(=O)N[C@@H](CCCC[NH3+])C(=O)N[C@@H](CCCC[NH3+])C(=O)N[C@H](CC(C)C)C(=O)N[C@H](CC(C)C)C(=O)N[C@H](CCCC[NH3+])C(=O)N[C@H](Cc1ccc(O)cc1)C(=O)N[C@H](CC(C)C)C(N)=O,0,-0.8009551,4
CC[C@H](C)[C@H](NC(=O)[C@H](Cc1ccccc1)NC(=O)[C@H](CCCC[NH3+])NC(=O)[C@H](C)NC(=O)[C@@H](NC(=O)[C@H](CO)NC(=O)[C@H](CCCC[NH3+])NC(=O)[C@H](CCSC)NC(=O)[C@H](C)NC(=O)[C@H](CCCC[NH3+])NC(=O)[C@H](Cc1ccccc1)NC(=O)[C@H](Cc1c[nH]c2ccccc12)NC(=O)CNC(=O)[C@H](CCCC[NH3+])NC(=O)[C@@H](N)CCCNC(N)=[NH2+])[C@@H](C)CC)C(=O)N[C@@H](C)C(=O)N[C@@H](CCCC[NH3+])C(=O)N[C@@H](CCC(=O)O)C(=O)N[C@@H](CCCC[NH3+])C(=O)N[C@@H](CC(C)C)C(=O)N[C@@H](CCCC[NH3+])C(=O)N[C@@H](CCC(=O)O)C(=O)NC(CC1CNCN1)C(O)N[C@@H](CC(C)C)C(N)=O,0,-2.448807,4
C[C@H](NC(=O)[C@H](C)NC(=O)[C@H](Cc1ccccc1)NC(=O)[C@H](C)NC(=O)[C@H](C)NC(=O)[C@H](Cc1c[nH]c2ccccc12)NC(=O)[C@H](C)NC(=O)[C@H](C)NC(=O)[C@H](Cc1ccccc1)NC(=O)[C@H](C)NC(=O)[C@H](C)NC(=O)[C@H](CCCC[NH3+])NC(=O)[C@H](CCCC[NH3+])NC(=O)[C@H](CCCC[NH3+])NC(=O)[C@H](CCCC[NH3+])NC(=O)[C@H](CCCC[NH3+])NC(=O)[C@@H](N)CCCC[NH3+])C(N)=O,0,0.52104676,4
CC(C)C[C@@H](NC(=O)[C@@H](C)NC(=O)[C@H]1CCCN1C(=O)[C@@H](CC(C)C)NC(=O)[C@@H](Cc1c[nH]c2ccccc12)NC(O)C(CC1CNCN1)NC(=O)[C@@H](CCCC[NH3+])NC(=O)[C@@H](CC(C)C)NC(=O)[C@@H](C)NC(=O)[C@@H](CCCC[NH3+])NC(=O)[C@@H](C)NC(=O)[C@@H](CC(C)C)NC(=O)[C@@H](C)NC(=O)[C@@H](CCCC[NH3+])NC(=O)[C@H](N)CCCC[NH3+])C(=O)NC(CC1CNCN1)C(O)N[C@H](CCCC[NH3+])C(=O)N[C@H](CC(C)C)C(=O)N[C@H](C)C(=O)N[C@H](CCCC[NH3+])C(=O)N[C@H](C)C(=O)N[C@H](CC(C)C)C(=O)N[C@H](C)C(=O)N[C@H](CCCC[NH3+])C(=O)N[C@H](CCCC[NH3+])C(N)=O,0,-2.0052,4
CC[C@H](C)[C@H](NC(=O)CN)C(=O)NCC(=O)N[C@@H](C)C(=O)N[C@H](C(=O)N[C@@H](CC(C)C)C(=O)N[C@@H](CCCC[NH3+])C(=O)N[C@H](C(=O)N[C@@H](CC(C)C)C(=O)N[C@@H](C)C(=O)N[C@@H](CC(C)C)C(=O)N[C@H](C(=O)N[C@@H](CO)C(=O)N[C@@H](Cc1c[nH]c2ccccc12)C(=O)N[C@H](C(=O)N[C@@H](CCCC[NH3+])C(=O)N[C@@H](CCCNC(N)=[NH2+])C(=O)N[C@@H](CCCC[NH3+])C(=O)N[C@@H](CCCNC(N)=[NH2+])C(N)=O)[C@@H](C)CC)[C@@H](C)CC)C(C)C)C(C)C,0,-3.1858566,4
CC[C@H](C)[C@H](NC(=O)[C@H](CCCC[NH3+])NC(=O)[C@H](CCCC[NH3+])NC(=O)[C@H](C)NC(=O)[C@@H](NC(=O)CNC(=O)[C@H](CCCNC(N)=[NH2+])NC(=O)[C@H](CC(C)C)NC(=O)[C@@H](NC(=O)[C@@H](N)CCCC[NH3+])[C@@H](C)CC)C(C)C)C(=O)N[C@@H](CCSC)C(=O)N[C@@H](CCCNC(N)=[NH2+])C(=O)N[C@H](C(=O)N[C@@H](Cc1ccccc1)C(=O)N[C@@H](CC(C)C)C(=O)N[C@@H](CCCNC(N)=[NH2+])C(=O)N[C@@H](CCCNC(N)=[NH2+])C(=O)N[C@H](C(=O)N[C@@H](CO)C(=O)N[C@@H](CCCC[NH3+])C(=O)N[C@@H](CC(=O)O)C(=O)N[C@H](C(=O)N[C@@H](CC(C)C)C(=O)N[C@H](C(=O)NCC(=O)N[C@@H](CCCC[NH3+])C(=O)N[C@@H](CCCC[NH3+])C(N)=O)[C@@H](C)O)[C@@H](C)CC)[C@@H](C)CC)[C@@H](C)O,0,-0.6671608,4
CC[C@H](C)[C@H](NC(=O)[C@H](C)NC(O)C(CC1CNCN1)NC(=O)[C@@H]1CCCN1C(=O)[C@@H](NC(=O)[C@H](CC(C)C)NC(=O)[C@H](CO)NC(=O)[C@H](CC(C)C)NC(=O)[C@@H](N)Cc1ccccc1)[C@@H](C)CC)C(=O)N[C@@H](CC(N)=O)C(=O)N[C@@H](C)C(=O)N[C@H](C(=O)N[C@@H](CO)C(=O)N[C@H](C(=O)N[C@@H](CC(C)C)C(=O)N[C@H](C(=O)NC(CC1CNCN1)C(O)NC(CC1CNCN1)C(O)N[C@@H](CO)C(N)=O)C(C)C)[C@@H](C)O)C(C)C,0,-5.6324415,4
CC(C)C[C@H](NC(=O)[C@H](CCCC[NH3+])NC(=O)[C@H](Cc1ccc(O)cc1)NC(=O)CNC(=O)[C@H](CS)NC(=O)[C@H](CS)NC(=O)[C@@H](NC(=O)CNC(=O)[C@@H](N)CC(N)=O)C(C)C)C(=O)N[C@@H](CS)C(=O)NC(CC1CNCN1)C(O)N1CC(O)CC1C(O)N[C@H](C=O)CS,0,-6.147051,4
CC[C@H](C)[C@H](N)C(=O)N[C@@H](Cc1c[nH]c2ccccc12)C(=O)N[C@@H](CC(C)C)C(=O)N[C@H](C(=O)N[C@@H](C)C(=O)N[C@@H](CC(C)C)C(=O)N[C@@H](CCCC[NH3+])C(=O)N[C@@H](Cc1ccccc1)C(=O)N[C@@H](CC(C)C)C(=O)NCC(=O)N[C@@H](CCCC[NH3+])C(=O)NC(CC1CNCN1)C(O)N[C@@H](C)C(=O)N[C@@H](C)C(=O)N[C@@H](CCCC[NH3+])C(=O)NC(CC1CNCN1)C(O)N[C@@H](CC(C)C)C(=O)N[C@@H](C)C(=O)N[C@@H](CCCC[NH3+])C(=O)N[C@@H](CCC(N)=O)C(=O)N[C@@H](CCC(N)=O)C(=O)N[C@@H](CC(C)C)C(=O)N[C@@H](CO)C(=O)N[C@@H](CCCC[NH3+])C(=O)N[C@@H](CC(C)C)C(N)=O)[C@@H](C)O,0,-2.6982589,4
CCCC(CO)NC(=O)[C@@H]1CCCN1C(=O)[C@@H](NC(=O)[C@@H](NC(=O)[C@H](CC(=O)O)NC(C)=O)[C@@H](C)CC)C(C)C,0,-4.0155478,4
CC(C)C[C@H](NC(=O)[C@H](CC(C)C)NC(=O)[C@H](CCCC[NH3+])NC(=O)[C@H](CCCC[NH3+])NC(=O)[C@H](CC(C)C)NC(=O)[C@H](CC(C)C)NC(=O)[C@H](CCCC[NH3+])NC(=O)[C@H](CC(C)C)NC(=O)[C@@H]1CCCN1C(=O)[C@H](CCCC[NH3+])NC(=O)[C@H](CCCC[NH3+])NC(=O)[C@H](CC(C)C)NC(=O)[C@H](CC(C)C)NC(=O)[C@H](CCCC[NH3+])NC(=O)[C@H](CCCC[NH3+])NC(=O)[C@H](Cc1c[nH]c2ccccc12)NC(=O)[C@@H](N)CCCC[NH3+])C(N)=O,0,-0.954036,4
N=C(N)NCCC[C@H](NC(=O)[C@@H]1CCCN1C(=O)[C@@H]1CSSC[C@H](N)C(=O)N[C@@H](Cc2ccc(O)cc2)C(=O)N[C@@H](Cc2ccccc2)C(=O)N[C@@H](CCC(N)=O)C(=O)N[C@@H](CC(N)=O)C(=O)N1)C(=O)NCC(N)=O,0,-3.7241213,4
CC[C@H](C)[C@@H](NC(=O)[C@@H](C)NC(=O)[C@@H](CCCC[NH3+])NC(=O)[C@@H](CC(C)C)NC(=O)[C@@H](CC(C)C)NC(=O)[C@H](NC(O)C(CC1CNCN1)NC(=O)[C@@H](CC(C)C)NC(=O)[C@H](NC(=O)[C@H](NC(=O)[C@@H](CCCC[NH3+])NC(=O)[C@@H](CCCC[NH3+])NC(=O)[C@@H](CC(C)C)NC(=O)[C@@H](CO)NC(=O)[C@@H](CCCC[NH3+])NC(=O)[C@@H](Cc1ccccc1)NC(=O)[C@H](NC(=O)[C@@H](CCCC[NH3+])NC(=O)[C@@H](CC(C)C)NC(=O)[C@@H](Cc1ccccc1)NC(=O)[C@@H](CO)NC(=O)[C@@H](CCCC[NH3+])NC(=O)[C@@H](Cc1c[nH]c2ccccc12)NC(=O)[C@@H](CCCC[NH3+])NC(C)=O)[C@@H](C)O)[C@@H](C)O)C(C)C)[C@@H](C)O)C(=O)N[C@H](CO)C(=O)N[C@@H](CO)C(N)=O,0,-5.13186,4
C[C@@H]1NC(=O)[C@@H]2CSSC[C@H](NC(=O)C[NH3+])C(=O)N[C@@H](CSSC[C@@H](C(N)=O)NC(=O)[C@H](CCCNC(N)=[NH2+])NC(=O)[C@H](Cc3c[nH]c4ccccc34)NC1=O)C(=O)N[C@@H](CO)C(=O)N[C@@H](CC(=O)O)C(=O)N1CCC[C@H]1C(=O)N[C@@H](CCCNC(N)=[NH2+])C(=O)N2,0,-4.136366,4
CC(C)C[C@@H]1NC(=O)[C@@H](Cc2c[nH]c3ccccc23)NC(=O)[C@H](CCCC[NH3+])NC(O)C(CO)N(C)C(=O)[C@H](CC(N)=O)NC(=O)[C@@H](CCC(=O)O)NC(=O)[C@H](CO)NC(O)C(CC2CNC3CCCCC23)N(C)C1=O,0,-7.19493,4
CC[C@H](C)[C@H](NC(O)C(CC1CNCN1)NC(=O)[C@H](CCCC[NH3+])NC(=O)[C@H](CC(C)C)NC(=O)[C@H](CC(C)C)NC(=O)[C@H](CO)NC(=O)[C@H](CCSC)NC(=O)[C@H](Cc1c[nH]c2ccccc12)NC(=O)[C@H](CCCC[NH3+])NC(=O)CN)C(=O)N[C@@H](CC(C)C)C(=O)N[C@@H](CCCC[NH3+])C(N)=O,0,-4.68472,4
CSCC[C@H](NC(=O)[C@H](CCC(=O)O)NC(=O)[C@H](CC(=O)O)NC(C)=O)C(=O)N[C@@H](CCC(=O)O)C(=O)NC(CC1CCC2CCCCC2C1)C(O)N[C@H](C=O)CS,0,-2.354659,4
CC(C)C[C@H]1NC(=O)CNC(=O)[C@@H](CC(N)=O)NC(=O)[C@H](CCCNC(N)=[NH2+])NC(=O)[C@H]([C@@H](C)O)NC(=O)[C@H](CS)NC(=O)[C@H](C(C)C)NC(=O)[C@@H]2CCCN2C(=O)[C@H](Cc2c[nH]c3ccccc23)NC(=O)[C@H](CO)NC(=O)[C@H](CS)NC(=O)[C@H](CO)NC(=O)[C@H](CS)NC(=O)CNC(=O)[C@@H]2CCCN2C(=O)[C@H]([C@@H](C)O)NC(=O)[C@H](Cc2ccc(O)cc2)NC(=O)[C@H](CS)NC(=O)[C@H](CO)NC(=O)CNC(=O)[C@H](Cc2ccccc2)NC(=O)[C@H](C)NC(=O)[C@H](CS)NC(=O)[C@H]([C@@H](C)O)NC(=O)[C@H](CCC(=O)O)NC(=O)CNC(=O)[C@H](CS)NC(=O)[C@H](C(C)C)NC(=O)[C@@H]2CCCN2C1=O,0,-6.036174,4
CC(C)[C@@H]1NC(=O)[C@H](CCCC[NH3+])NC(=O)[C@H](C)NC(=O)[C@@H]2CCCN2C(=O)[C@@H](Cc2ccc(O)cc2)NC(=O)[C@H](C(C)C)NC(=O)[C@@H](CCCC[NH3+])NC(=O)[C@H](C)NC(=O)[C@H](CCCC[NH3+])NC(=O)[C@H](C(C)C)NC(=O)[C@H]2CCCN2C(=O)[C@@H](Cc2ccc(O)cc2)NC(=O)[C@H](C)NC(=O)[C@H](CCCC[NH3+])NC1=O,0,-4.808432,4
CC[C@H](C)[C@H](NC(=O)CNC(=O)[C@H](C)NC(=O)[C@H](CS)NC(=O)[C@H](C)NC(=O)[C@H](C)NC(=O)[C@H](CCCNC(N)=[NH2+])NC(=O)[C@H](CO)NC(=O)[C@H](CS)NC(=O)[C@H](CS)NC(=O)CN)C(=O)NC(CC1CNCN1)C(O)N[C@@H](CCC(N)=O)C(=O)N[C@@H](CCC(=O)O)C(=O)N[C@@H](CC(C)C)C(=O)N[C@@H](CS)C(N)=O,0,-4.639056,4
CC(C)C[C@H](NC(=O)[C@H](CCCNC(N)=[NH2+])NC(=O)[C@H](CCCC[NH3+])NC(=O)[C@H](CCCC[NH3+])NC(=O)[C@H](CC(C)C)NC(=O)[C@H](CC(N)=O)NC(=O)[C@H](C)NC(=O)[C@H](Cc1ccccc1)NC(=O)[C@H](CCCNC(N)=[NH2+])NC(=O)[C@H](CCCNC(N)=[NH2+])NC(=O)[C@H](CCCC[NH3+])NC(=O)[C@H](Cc1ccccc1)NC(=O)[C@H](CO)NC(=O)[C@H](C)NC(=O)CNC(=O)[C@H](Cc1ccccc1)NC(=O)[C@H](CCCC[NH3+])NC(=O)[C@H](CCCC[NH3+])NC(=O)[C@H](Cc1ccccc1)NC(=O)[C@H](Cc1ccc(O)cc1)NC(=O)[C@H](CCC(=O)O)NC(=O)[C@H](CCCC[NH3+])NC(=O)[C@H](CCCNC(N)=[NH2+])NC(=O)[C@H](CCCC[NH3+])NC(=O)CNC(=O)[C@H](Cc1ccccc1)NC(=O)[C@H](Cc1ccccc1)NC(=O)CN)C(N)=O,0,1.0069703,4
CC[C@H](C)[C@H](NC(=O)[C@@H](N)CCCC[NH3+])C(=O)N[C@@H](CCCC[NH3+])C(=O)N[C@H](C(=O)N1CCC[C@H]1C(=O)N[C@@H](Cc1c[nH]c2ccccc12)C(=O)NCC(=O)N[C@@H](CCCC[NH3+])C(=O)N[C@H](C(=O)N[C@@H](CCCC[NH3+])C(=O)N[C@@H](CC(=O)O)C(=O)N[C@@H](Cc1ccccc1)C(=O)N[C@@H](CC(C)C)C(=O)N[C@H](C(=O)NCC(=O)NCC(=O)N[C@@H](CCSC)C(=O)N[C@@H](CCCC[NH3+])C(=O)N[C@@H](C)C(=O)N[C@H](C(N)=O)C(C)C)C(C)C)C(C)C)[C@@H](C)CC,0,-2.8941803,4
CC[C@H](C)[C@H](NC(=O)[C@H](Cc1ccccc1)NC(=O)[C@@H]1CCCN1C(=O)[C@H](C)NC(=O)[C@@H](NC(=O)[C@@H](N)CC(C)C)[C@@H](C)CC)C(=O)N[C@@H](CCCNC(N)=[NH2+])C(=O)N[C@@H](CC(=O)O)C(=O)N[C@@H](Cc1ccc(O)cc1)C(=O)N[C@@H](CS)C(=O)N[C@@H](CS)C(=O)N1CCC[C@H]1C(=O)N[C@@H](CCCNC(N)=[NH2+])C(=O)NCC(=O)N1CCC[C@H]1C(=O)N[C@@H](CS)C(=O)N[C@@H](CCSC)C(=O)N[C@H](C(=O)N[C@@H](Cc1c[nH]c2ccccc12)C(=O)N[C@@H](CS)C(N)=O)C(C)C,0,-2.9445019,4
C[C@H](NC(=O)[C@H](C)NC(=O)[C@H](C)NC(=O)[C@H](Cc1ccccc1)NC(=O)[C@H](C)NC(=O)[C@H](C)NC(=O)[C@H](Cc1c[nH]c2ccccc12)NC(=O)[C@H](C)NC(=O)[C@H](C)NC(=O)[C@H](Cc1ccccc1)NC(=O)[C@H](C)NC(=O)[C@H](C)NC(=O)[C@H](C)NC(=O)[C@H](C)NC(=O)[C@H](C)NC(=O)[C@H](Cc1ccccc1)NC(=O)[C@H](C)NC(=O)[C@H](C)NC(=O)[C@H](C)NC(=O)[C@H](CCCC[NH3+])NC(=O)[C@H](CCCC[NH3+])NC(=O)[C@H](CCCC[NH3+])NC(=O)[C@H](CCCC[NH3+])NC(=O)[C@H](CCCC[NH3+])NC(=O)[C@@H](N)CCCC[NH3+])C(N)=O,0,0.61746144,4
CC(C)C[C@H](NC(=O)[C@H](C)NC(=O)[C@H](CC(C)C)NC(=O)[C@H](C)NC(=O)[C@@H](N)Cc1c[nH]c2ccccc12)C(N)=O,0,-4.9491816,4
CC[C@H](C)[C@H](NC(=O)[C@H](CC(C)C)NC(=O)[C@H](CO)NC(=O)[C@@H](NC(=O)[C@@H](NC(=O)[C@H](CC(C)C)NC(=O)CN)C(C)C)[C@@H](C)O)C(=O)N[C@@H](CCCC[NH3+])C(=O)NCC(=O)N[C@@H](C)C(=O)NCC(=O)N[C@@H](CCCC[NH3+])C(=O)N[C@@H](CC(C)C)C(=O)N[C@@H](CC(C)C)C(=O)NCC(=O)NCC(=O)N[C@@H](CC(C)C)C(=O)N[C@@H](Cc1ccccc1)C(=O)NCC(=O)N[C@@H](CO)C(=O)N[C@H](C(=O)N[C@H](C(=O)NCC(N)=O)[C@@H](C)O)C(C)C,0,-4.1712174,4
CC[C@H](C)[C@H](NC(=O)[C@@H](NC(=O)[C@@H]1CCCN1C(=O)[C@H](CC(C)C)NC(=O)[C@@H](N)Cc1ccccc1)[C@@H](C)CC)C(=O)N[C@H](C(=O)N[C@@H](CC(N)=O)C(=O)N[C@@H](CC(C)C)C(=O)N[C@@H](CC(C)C)C(=O)NCC(=O)N[C@@H](CCCC[NH3+])C(=O)N[C@@H](CC(C)C)C(=O)N[C@@H](CC(C)C)C(N)=O)[C@@H](C)O,0,-4.4436064,4
CC[C@H](C)[C@H](NC(=O)[C@@H]1CCCN1C(=O)[C@H](CC(C)C)NC(=O)[C@@H](N)Cc1ccccc1)C(=O)N[C@H](C(=O)NCC(=O)N[C@@H](CCCC[NH3+])C(=O)N[C@@H](CC(C)C)C(=O)N[C@@H](CC(C)C)C(=O)N[C@@H](CO)C(=O)NCC(=O)N[C@@H](CC(C)C)C(=O)N[C@@H](CC(C)C)C(N)=O)C(C)C,0,-4.9866486,4
C[C@H](NC(O)C(CC1CNCN1)NC(=O)[C@H](Cc1ccc(O)cc1)NC(=O)[C@H](CCC(=O)O)NC(=O)[C@H](Cc1c[nH]c2ccccc12)NC(=O)[C@@H](N)CC(=O)O)C(=O)NC(CC1CNCN1)C(O)N1CCC[C@H]1C(=O)N[C@@H](CCCC[NH3+])C(=O)N1CC(O)CC1C(O)N[C@@H](CC(N)=O)C(=O)N[C@@H](CO)C(=O)N[C@H](Cc1ccccc1)C(=O)N[C@@H](Cc1c[nH]c2ccccc12)C(=O)N[C@H](C=O)[C@@H](C)O,0,-3.1859665,4
CC[C@H](C)[C@H](NC(=O)[C@H](CC(=O)O)NC(=O)[C@H](CCSC)NC(=O)[C@@H](NC(=O)[C@@H](NC(=O)[C@H](CCC(=O)O)NC(=O)[C@H](Cc1ccc(O)cc1)NC(=O)[C@H](Cc1ccccc1)NC(=O)[C@H](CCCCN)NC(=O)[C@H](CCC(N)=O)NC(=O)[C@H](CCC(N)=O)NC(=O)[C@H](CC(C)C)NC(=O)[C@H](CC(=O)O)NC(=O)[C@H](CCCCN)NC(=O)[C@@H](NC(=O)[C@H](CCC(N)=O)NC(=O)[C@H](CC(N)=O)NC(=O)[C@H](Cc1ccc(O)cc1)NC(=O)[C@H](Cc1c[nH]c2ccccc12)NC(=O)[C@H](CCC(=O)O)NC(=O)CNC(=O)[C@H](CC(C)C)NC(=O)[C@@H](NC(=O)[C@@H](NC(=O)[C@H](CC(N)=O)NC(=O)CNC(=O)[C@H](Cc1c[nH]cn1)NC(=O)[C@H](CC(N)=O)NC(=O)[C@@H](N)Cc1c[nH]c2ccccc12)[C@@H](C)CC)[C@@H](C)O)[C@@H](C)O)[C@@H](C)CC)[C@@H](C)CC)C(=O)N[C@@H](CCC(=O)O)C(=O)N[C@@H](CCC(N)=O)C(=O)N[C@@H](CC(N)=O)C(=O)N[C@@H](CC(N)=O)C(=O)N[C@H](C(=O)N[C@@H](CCC(N)=O)C(=O)O)C(C)C,0,-2.5250044,4
CC[C@H](C)[C@@H]1NC(=O)[C@H](C)NC(=O)[C@H](CO)NC(=O)[C@H](CO)NC(=O)[C@H]([C@@H](C)CC)NC(=O)[C@H](CS)NC(=O)[C@@H]2CCCN2C(=O)[C@H]([C@@H](C)CC)NC(=O)[C@H](Cc2c[nH]c3ccccc23)NC(=O)[C@H](C(C)C)NC(=O)[C@H](CS)NC(=O)[C@H](CO)NC(=O)[C@H](CCC(=O)O)NC(=O)CNC(=O)[C@H](CS)NC(=O)[C@H]2CCCN2C(=O)[C@H]([C@@H](C)CC)NC(=O)CNC(=O)[C@H](CC(N)=O)NC(=O)[C@H](CCCNC(N)=[NH2+])NC(=O)[C@H](Cc2ccc(O)cc2)NC(=O)[C@H](CS)NC(=O)[C@H](C(C)C)NC(=O)[C@H](CCCC[NH3+])NC(=O)[C@H](CO)NC(=O)[C@H](CCCC[NH3+])NC(=O)[C@H](CS)NC(=O)[C@H](CO)NC(=O)[C@H](CS)NC(=O)CNC1=O,0,-6.5471907,4
CSCC[C@@H](C=O)NC(=O)[C@H](CC(C)C)NC(=O)CNC(=O)[C@@H](NC(=O)[C@H](Cc1ccccc1)NC(=O)[C@H](CCC(N)=O)NC(=O)[C@H](CC(=O)O)NC(=O)[C@H](CO)NC(=O)[C@H](CCCCN)NC(=O)[C@@H]1CCCN1C(=O)[C@@H](NC(=O)[C@@H](N)CC(=O)O)C(C)C)C(C)C,0,4.5807924,4
CC[C@H](C)[C@H](NC(=O)[C@H](CCC(N)=O)NC(=O)[C@@H]1CCCN1C(=O)[C@H](CC(N)=O)NC(O)C(CC1CNCN1)NC(=O)[C@@H](NC(=O)[C@@H](NC(=O)[C@H](CS)NC(=O)[C@@H](NC(=O)[C@@H]1CCCN1C(=O)[C@H](CC(N)=O)NC(=O)[C@H](CO)NC(=O)[C@H](CS)NC(=O)[C@@H](N)CS)C(C)C)[C@@H](C)O)C(C)C)C(=O)N[C@@H](CS)C(N)=O,0,-6.134371,4
CC(=O)N[C@@H](CC(=O)O)C(=O)N[C@@H](CCC(=O)O)C(=O)N[C@@H](Cc1ccccc1)C(=O)N[C@@H](CCC(=O)O)C(=O)NC(CC1CCCCC1)C(O)N[C@H](C=O)CS,0,-2.9598978,4
CC(C)C[C@H](NC(=O)[C@H](CCCC[NH3+])NC(=O)[C@H](CC(C)C)NC(=O)[C@H](CCCC[NH3+])NC(=O)[C@H](CC(C)C)NC(=O)[C@H](C)NC(=O)[C@H](CCCC[NH3+])NC(=O)[C@H](C)NC(=O)[C@H](CC(C)C)NC(=O)[C@H](CC(C)C)NC(=O)[C@H](CCCC[NH3+])NC(=O)[C@H](C)NC(=O)[C@@H](N)Cc1ccccc1)C(N)=O,0,-2.514842,4
CC(C)C[C@H](NC(=O)[C@H](CC(N)=O)NC(=O)[C@H](CO)NC(O)C(CC1CNCN1)NC(=O)[C@H](CCC(=O)O)NC(=O)[C@H](CC(C)C)NC(O)C(CC1CNCN1)NC(=O)[C@H](CS)NC(=O)[C@@H](NC(=O)[C@@H]1CCCN1C(=O)[C@H](CC(N)=O)NC(=O)[C@H](CO)NC(=O)[C@H](CS)NC(=O)[C@H](CS)NC(=O)CNC(=O)[C@@H]1CCCN1C(=O)[C@H](CC(=O)O)NC(=O)[C@@H](N)CCCNC(N)=[NH2+])C(C)C)C(=O)N[C@@H](CS)C(N)=O,0,-5.9223833,4
C[C@H](NC(=O)[C@H](CS)NC(=O)[C@H](CCCNC(N)=[NH2+])NC(=O)[C@@H]1CCCN1C(=O)[C@H](CC(=O)O)NC(=O)[C@H](CO)NC(=O)[C@H](CS)NC(=O)[C@H](CS)NC(=O)CN)C(=O)N[C@H](C(=O)N[C@@H](CCCNC(N)=[NH2+])C(=O)N[C@@H](CS)C(N)=O)[C@@H](C)O,0,-5.187392,4
CC(C)C[C@@H](NC(=O)[C@@H](C)NC(=O)[C@@H](CC(C)C)NC(=O)[C@@H](CCCC[NH3+])NC(=O)[C@@H](CCCC[NH3+])NC(=O)[C@@H](CC(C)C)NC(=O)[C@@H](C)NC(=O)[C@H]1CCCN1C(=O)[C@@H](CC(C)C)NC(=O)[C@@H](Cc1c[nH]c2ccccc12)NC(=O)[C@@H](CCCC[NH3+])NC(=O)[C@@H](CCCC[NH3+])NC(=O)[C@@H](CC(C)C)NC(=O)[C@@H](C)NC(=O)[C@@H](CC(C)C)NC(=O)[C@@H](CC(C)C)NC(=O)[C@@H](C)NC(=O)[C@@H](CC(C)C)NC(=O)[C@@H](CCCC[NH3+])NC(=O)[C@H](N)CCCC[NH3+])C(=O)N[C@H](CC(C)C)C(=O)N[C@H](C)C(=O)N[C@H](CC(C)C)C(=O)N[C@H](CCCC[NH3+])C(=O)N[C@H](CCCC[NH3+])C(N)=O,0,-0.06368667,4
C[C@@H]1NC(=O)[C@@H]2CSSC[C@H](NC(=O)[C@@H](NC(=O)CN)CSSC[C@@H](C(=O)O)NC(=O)[C@H](CCCNC(N)=[NH2+])NC(=O)[C@H](Cc3c[nH]c4ccccc34)NC1=O)C(=O)N[C@@H](CO)C(=O)N[C@@H](CC(=O)O)C(=O)N[C@@H](CCCCN)C(=O)N[C@@H](CCCNC(N)=[NH2+])C(=O)N2,0,-2.6393456,4
CC[C@H](C)[C@H](NC(=O)[C@@H](NC(=O)[C@@H]1CCCN1C(=O)[C@@H](NC(=O)[C@@H](NC(O)C(CC1CNCN1)NC(=O)[C@@H]1CCCN1C(=O)[C@H](CC(C)C)NC(=O)[C@H](CC(C)C)NC(O)C(CC1CNCN1)NC(=O)[C@H](CCCC[NH3+])NC(=O)[C@H](C)NC(=O)[C@@H](NC(=O)[C@H](CO)NC(=O)CNC(=O)[C@H](CC(C)C)NC(=O)[C@@H](NC(=O)[C@H](CO)NC(=O)[C@H](Cc1ccccc1)NC(=O)[C@H](CC(C)C)NC(=O)CN)C(C)C)C(C)C)C(C)C)C(C)C)C(C)C)C(=O)N[C@@H](C)C(=O)N[C@@H](CCC(=O)O)C(=O)N[C@@H](CCCC[NH3+])C(=O)N[C@@H](CC(C)C)C(N)=O,0,-5.817485,4
CC[C@H](C)[C@H](NC(=O)CNC(=O)[C@H](CO)NC(=O)[C@H](CC(C)C)NC(=O)[C@H](C)NC(=O)[C@H](CCCNC(N)=[NH2+])NC(=O)CNC(=O)[C@@H](NC(=O)[C@H](CC(C)C)NC(=O)[C@@H]1CCCN1C(=O)[C@H](CC(C)C)NC(=O)[C@@H](N)Cc1ccccc1)[C@@H](C)CC)C(=O)N[C@@H](CC(C)C)C(N)=O,0,-3.6960478,4
CC(C)C[C@H](NC(=O)[C@H](CCCC[NH3+])NC(=O)[C@H](CCCC[NH3+])NC(=O)[C@H](CC(C)C)NC(=O)[C@H](C)NC(=O)[C@H](CCCC[NH3+])NC(=O)[C@H](CC(C)C)NC(=O)[C@H](C)NC(=O)[C@H](CC(C)C)NC(=O)[C@H](C)NC(=O)[C@@H](N)C(C)C)C(N)=O,0,-2.5376155,4
C[C@H](NC(=O)[C@@H]1CCCN1C(=O)[C@H](CC(N)=O)NC(=O)[C@H](CCCNC(N)=[NH2+])NC(=O)[C@H](CS)NC(=O)[C@H](CS)NC(=O)CNC(=O)[C@@H](N)CC(N)=O)C(=O)N[C@@H](CS)C(=O)N[C@@H](CCC(=O)O)C(=O)N[C@@H](CO)C(=O)NC(CC1CNCN1)C(O)N[C@@H](CCCNC(N)=[NH2+])C(=O)N[C@@H](CS)C(N)=O,0,-3.7357812,4
C[C@H](NC(=O)[C@H](CS)NC(=O)[C@H](CC(=O)O)NC(=O)[C@@H]1CCCN1C(=O)[C@H](CCCNC(N)=[NH2+])NC(=O)[C@H](CO)NC(=O)[C@H](CS)NC(=O)[C@H](CS)NC(=O)CN)C(=O)N[C@@H](Cc1c[nH]c2ccccc12)C(=O)N[C@@H](CCCNC(N)=[NH2+])C(=O)N[C@@H](CS)C(N)=O,0,-4.631771,4
CC(C)C[C@H]1NC(=O)CNC(=O)[C@H](CC(N)=O)NC(=O)[C@@H](CCCNC(N)=[NH2+])NC(=O)[C@H]([C@@H](C)O)NC(=O)[C@H](CS)NC(=O)[C@H](CCCC[NH3+])NC(=O)[C@@H]2CCCN2C(=O)[C@H](Cc2c[nH]c3ccccc23)NC(=O)[C@H](CO)NC(=O)[C@H](CS)NC(=O)[C@H]([C@@H](C)O)NC(=O)[C@H](CS)NC(=O)CNC(=O)[C@@H]2CCCN2C(=O)[C@H]([C@@H](C)O)NC(=O)[C@H](CC(N)=O)NC(=O)[C@H](CS)NC(=O)[C@H]([C@@H](C)O)NC(=O)CNC(=O)CNC(=O)[C@H](C(C)C)NC(=O)[C@H](CS)NC(=O)[C@H]([C@@H](C)O)NC(=O)[C@H](CCC(=O)O)NC(=O)CNC(=O)[C@H](CS)NC(=O)[C@H](C(C)C)NC(=O)[C@@H]2CCCN2C1=O,0,-7.5456166,4
CC(C)C[C@H](NC(=O)[C@H](Cc1ccc(O)cc1)NC(=O)[C@@H]1CCCN1C(=O)[C@@H](N)Cc1c[nH]c2ccccc12)C(=O)N1CCC[C@H]1C(=O)N[C@@H](Cc1c[nH]c2ccccc12)C(=O)N[C@@H](CCCNC(N)=[NH2+])C(=O)N[C@@H](CCCNC(N)=[NH2+])C(N)=O,0,-3.8086164,4
CC[C@H](C)[C@H](NC(=O)[C@H](C)NC(=O)[C@H](CO)NC(=O)CNC(=O)[C@@H]1CCCN1C(=O)CN)C(=O)N[C@@H](CS)C(=O)N[C@@H](CC(N)=O)C(=O)N[C@@H](CCSC)C(=O)N[C@@H](C)C(=O)N[C@@H](CS)C(=O)N[C@@H](CCCNC(N)=[NH2+])C(=O)N[C@@H](CC(C)C)C(=O)N[C@@H](CCC(=O)O)C(=O)NC(CC1CNCN1)C(O)NCC(=O)NC(CC1CNCN1)C(O)N[C@@H](CC(C)C)C(=O)N[C@@H](Cc1ccc(O)cc1)C(=O)N1CCC[C@H]1C(=O)N[C@@H](Cc1ccccc1)C(=O)N[C@@H](CS)C(=O)N[C@@H](CC(N)=O)C(=O)N[C@@H](CS)C(=O)N[C@@H](CC(=O)O)C(N)=O,0,-4.6853538,4
CC(C)C[C@H](NC(=O)[C@H](C)NC(=O)[C@H](CC(C)C)NC(=O)[C@H](C)NC(=O)[C@H](CCCC[NH3+])NC(=O)[C@H](CCCC[NH3+])NC(=O)[C@H](C)NC(=O)[C@H](CC(C)C)NC(=O)[C@H](CCCC[NH3+])NC(=O)[C@H](C)NC(=O)[C@H](CC(C)C)NC(=O)[C@H](CCCC[NH3+])NC(=O)[C@H](CCCC[NH3+])NC(=O)[C@H](C)NC(=O)[C@@H](N)Cc1ccccc1)C(N)=O,0,-1.9238241,4
CC[C@H](C)[C@H](NC(=O)[C@@H](N)Cc1ccccc1)C(=O)N[C@H](C(=O)N[C@H](C(=O)NC(CC1CNCN1)C(N)O)C(C)C)[C@@H](C)O,0,-3.8449707,4
CC[C@H](C)[C@H](NC(=O)[C@H](CC(=O)O)NC(=O)[C@H](Cc1ccccc1)NC(=O)[C@H](CC(C)C)NC(=O)CN)C(=O)N[C@H](C(=O)N[C@@H](CCCC[NH3+])C(=O)N[C@@H](CCCC[NH3+])C(=O)N[C@H](C(=O)N[C@H](C(=O)NCC(=O)N[C@@H](C)C(=O)N[C@@H](CC(C)C)C(=O)NCC(=O)N[C@@H](CO)C(=O)N[C@@H](CC(C)C)C(N)=O)C(C)C)C(C)C)C(C)C,0,-5.626528,4
CC[C@H](C)[C@@H]1NC(=O)[C@H](CC(C)C)NC(=O)[C@H](C)NC(=O)[C@H]([C@@H](C)O)NC(=O)[C@H](C(C)C)NC(=O)[C@H]([C@@H](C)O)NC(=O)[C@H](CS)NC(=O)[C@@H]2CCCN2C(=O)[C@H]([C@@H](C)CC)NC(=O)[C@H](Cc2c[nH]c3ccccc23)NC(=O)[C@H](C(C)C)NC(=O)[C@H](CS)NC(=O)[C@H](CO)NC(=O)[C@H](CCC(=O)O)NC(=O)[C@H](C)NC(=O)[C@H](CS)NC(=O)[C@@H]2CCCN2C(=O)[C@@H]([C@@H](C)CC)NC(=O)CNC(=O)[C@H](CC(N)=O)NC(=O)[C@@H](Cc2ccc(O)cc2)NC(=O)[C@H](CS)NC(=O)[C@H](C(C)C)NC(=O)[C@H](CCCC[NH3+])NC(=O)[C@H](CC(N)=O)NC(=O)[C@H](CO)NC(=O)[C@H](CS)NC(=O)CNC(=O)[C@H](CS)NC(=O)CNC1=O,0,-7.2274604,4
CC(C)C[C@H](NC(=O)[C@H](CCCC[NH3+])NC(=O)[C@H](CCCC[NH3+])NC(=O)[C@H](Cc1c[nH]c2ccccc12)NC(=O)[C@@H](N)CCCC[NH3+])C(=O)N[C@@H](CC(C)C)C(=O)N[C@@H](CCCC[NH3+])C(=O)N[C@@H](CCCC[NH3+])C(=O)N1CCC[C@H]1C(=O)N[C@@H](CC(C)C)C(=O)N[C@@H](CC(C)C)C(=O)N[C@@H](CCCC[NH3+])C(=O)N[C@@H](CCCC[NH3+])C(N)=O,0,-0.908399,4
CC[C@H](C)[C@H](NC(=O)[C@H](CO)NC(=O)[C@H](CCCC[NH3+])NC(=O)[C@H](CC(C)C)NC(=O)[C@H](CCCC[NH3+])NC(=O)[C@@H](N)CC(C)C)C(=O)N[C@H](C(=O)N[C@@H](CO)C(=O)N[C@@H](Cc1c[nH]c2ccccc12)C(=O)N[C@@H](C)C(=O)N[C@@H](CCCC[NH3+])C(=O)N[C@@H](CC(C)C)C(=O)N[C@H](C(=O)N[C@@H](CC(C)C)C(N)=O)C(C)C)C(C)C,0,-4.9770722,4
CC[C@H](C)[C@@H]1NC(=O)[C@H](CS)NC(=O)[C@@H]2CCCN2C(=O)[C@H]([C@@H](C)CC)NC(=O)[C@H](Cc2c[nH]c3ccccc23)NC(=O)[C@H](C(C)C)NC(=O)[C@H](CS)NC(=O)[C@H](CO)NC(=O)[C@H](CCC(=O)O)NC(=O)[C@@H](CS)NC(=O)[C@H]2CCCN2C(=O)[C@H](CC(C)C)NC(=O)[C@@H]([C@@H](C)O)NC(=O)CNC(=O)[C@H](CC(N)=O)NC(=O)[C@H](CCCC[NH3+])NC(=O)[C@H](Cc2ccc(O)cc2)NC(=O)[C@H](CS)NC(=O)[C@H](C(C)C)NC(=O)[C@H](CCCC[NH3+])NC(=O)[C@H](CO)NC(=O)[C@H](CCCC[NH3+])NC(=O)[C@H](CS)NC(=O)[C@H](CO)NC(=O)[C@H](CS)NC(=O)CNC(=O)[C@H](C(C)C)NC(=O)[C@H](C(C)C)NC(=O)[C@H](CO)NC(=O)[C@H](CO)NC1=O,0,-7.1097784,4
CC(=O)N[C@@H](CCCNC(N)=[NH2+])C(=O)N[C@@H](CCCNC(N)=[NH2+])C(=O)N[C@@H](Cc1c[nH]c2ccccc12)C(=O)N[C@@H](Cc1c[nH]c2ccccc12)C(=O)N[C@@H](CS)C(=O)N[C@@H](CCCNC(N)=[NH2+])C(=O)N[C@H](C(N)=O)C(C)C,0,-2.7584736,4
CCCC(CO)NC(=O)[C@@H]1CCCN1C(=O)[C@@H](NC(=O)[C@@H](NC(=O)[C@H](CC(=O)O)NC(=O)[C@@H](CC(=O)O)NC(C)=O)[C@@H](C)CC)C(C)C,0,-4.4244657,4
CC[C@H](C)[C@H](NC(O)C(C)(C)NC(=O)[C@H](CCCC[NH3+])NC(=O)CNC(=O)[C@H](CC(C)C)NC(O)C(C)(C)NC(=O)[C@H](CCCC[NH3+])NC(=O)[C@H](CCCC[NH3+])NC(=O)[C@H](Cc1c[nH]c2ccccc12)NC(=O)[C@H](CC(N)=O)NC(=O)[C@@H](N)C(C)C)C(=O)N[C@@H](CCCC[NH3+])C(=O)NC(C)(C)C(O)N[C@H](C(=O)N[C@@H](CCCC[NH3+])C(N)=O)C(C)C,0,-5.210786,4
CC[C@H](C)[C@H](NC(=O)[C@H](CC(C)C)NC(=O)[C@H](CCC(=O)O)NC(=O)[C@@H](CC(=O)O)NC(C)=O)C(=O)NC(CC1CCCCC1)C(O)N[C@@H](CS)C(=O)N1CCC[C@H]1C(=O)NC(CC1CCCCC1)C(O)N[C@@H](CC(=O)O)C(=O)N[C@@H](CC(C)C)C(=O)N1CCC[C@@H]1C(=O)N[C@@H](Cc1ccc(O)cc1)C(=O)N[C@@H](CCCC[NH3+])C(N)=O,0,-4.182103,4
CC(C)C[C@H](NC(=O)[C@H](CCCNC(N)=[NH2+])NC(=O)[C@H](CCCNC(N)=[NH2+])NC(=O)[C@H](Cc1ccc(O)cc1)NC(=O)[C@H](CC(C)C)NC(=O)[C@H](CCCNC(N)=[NH2+])NC(=O)[C@H](CCCNC(N)=[NH2+])NC(=O)[C@H](Cc1ccc(O)cc1)NC(=O)[C@H](CC(C)C)NC(=O)[C@H](CCCNC(N)=[NH2+])NC(=O)[C@H](CCCNC(N)=[NH2+])NC(=O)[C@H](Cc1ccc(O)cc1)NC(=O)[C@H](CC(C)C)NC(=O)[C@@H](N)CCCNC(N)=[NH2+])C(=O)N[C@@H](Cc1ccc(O)cc1)C(=O)N[C@@H](CCCNC(N)=[NH2+])C(=O)N[C@@H](CCCC[NH3+])C(=O)N[C@@H](CCCC[NH3+])C(=O)N[C@@H](CCCC[NH3+])C(N)=O,0,5.244795,4
CC[C@H](C)[C@H](NC(=O)[C@H](CCCC[NH3+])NC(=O)[C@H](CCCNC(N)=[NH2+])NC(=O)[C@H](CCCC[NH3+])NC(=O)[C@H](CC(C)C)NC(=O)[C@H](CCCNC(N)=[NH2+])NC(=O)[C@H](CCCNC(N)=[NH2+])NC(=O)[C@H](CC(C)C)NC(=O)[C@H](CCCC[NH3+])NC(=O)[C@@H](N)CCCNC(N)=[NH2+])C(=O)N[C@@H](C)C(=O)NC(CC1CNCN1)C(O)N[C@@H](CCCC[NH3+])C(=O)N[C@H](C(=O)N[C@@H](CCCC[NH3+])C(=O)N[C@@H](CCCC[NH3+])C(=O)N[C@@H](Cc1ccc(O)cc1)C(N)=O)C(C)C,0,-0.11388182,4
CC[C@H](C)[C@H](NC(=O)[C@@H](NC(=O)[C@H](CO)NC(=O)[C@H](C)NC(=O)[C@@H](NC(=O)[C@H](CCCC[NH3+])NC(=O)[C@H](CCCC[NH3+])NC(=O)[C@@H](NC(=O)[C@@H](NC(=O)[C@H](CC(=O)O)NC(=O)[C@H](Cc1ccccc1)NC(=O)[C@H](CC(C)C)NC(=O)CN)C(C)C)[C@@H](C)CC)C(C)C)C(C)C)C(=O)N[C@@H](CCCC[NH3+])C(=O)N[C@@H](CCCC[NH3+])C(=O)N[C@@H](CC(C)C)C(N)=O,0,-4.075719,4
CC(C)C[C@H](NC(=O)[C@H](CCCNC(N)=[NH2+])NC(=O)[C@@H](N)CCCNC(N)=[NH2+])C(=O)N[C@@H](CO)C(=O)N[C@@H](Cc1ccc(O)cc1)C(=O)N[C@@H](CO)C(=O)N[C@@H](CCCNC(N)=[NH2+])C(=O)N[C@@H](CCCNC(N)=[NH2+])C(=O)N[C@@H](CCCNC(N)=[NH2+])C(=O)N[C@@H](Cc1ccccc1)C(N)=O,0,2.2839649,4
C[C@H](NC(=O)[C@H](CCC(=O)O)NC(=O)[C@@H]1CCCN1C(O)C(CC1CNCN1)NC(=O)[C@H](CC(=O)O)NC(=O)[C@H](Cc1ccc(O)cc1)NC(=O)[C@H](CC(N)=O)NC(=O)[C@H](CS)NC(=O)[C@H](CCCNC(N)=[NH2+])NC(=O)[C@@H]1CCCN1C(=O)[C@H](CC(=O)O)NC(=O)[C@H](CO)NC(=O)[C@H](CS)NC(=O)[C@H](CS)NC(=O)CN)C(=O)N[C@@H](CS)C(N)=O,0,-5.238614,4
CSCC[C@H](NC(=O)[C@@H](NC(=O)[C@H](CCCC[NH3+])NC(=O)[C@H](CCCNC(N)=[NH2+])NC(=O)[C@H](CS)NC(=O)[C@H](CO)NC(=O)[C@H](C)NC(=O)CNC(=O)[C@H](CCCC[NH3+])NC(=O)CNC(=O)[C@H](CCCC[NH3+])NC(=O)[C@@H](N)CS)[C@@H](C)O)C(=O)N[C@@H](Cc1ccc(O)cc1)C(=O)N[C@@H](CC(=O)O)C(=O)N[C@@H](CS)C(=O)N[C@@H](CS)C(=O)N[C@@H](CCCNC(N)=[NH2+])C(=O)NCC(=O)N[C@@H](CO)C(=O)N[C@@H](CS)C(=O)N[C@@H](CCCNC(N)=[NH2+])C(=O)N[C@@H](CO)C(=O)NCC(=O)N[C@@H](CCCNC(N)=[NH2+])C(=O)N[C@@H](CS)C(N)=O,0,0.1900039,4
CC[C@H](C)[C@H](NC(O)C(CC1CNCN1)NC(=O)[C@H](CCCC[NH3+])NC(=O)[C@H](CC(C)C)NC(=O)[C@H](CC(C)C)NC(=O)[C@H](CO)NC(=O)[C@H](CCCC[NH3+])NC(=O)[C@H](Cc1c[nH]c2ccccc12)NC(=O)[C@H](CCCC[NH3+])NC(=O)CN)C(=O)N[C@@H](CC(C)C)C(=O)N[C@@H](CCCC[NH3+])C(N)=O,0,-5.025017,4
CC[C@H](C)[C@H](N)C(=O)N[C@@H](CC(C)C)C(=O)N1CCC[C@H]1C(=O)N[C@H](C(=O)N[C@@H](CC(C)C)C(=O)NCC(=O)N[C@@H](CC(N)=O)C(=O)N[C@@H](CC(C)C)C(=O)N[C@@H](CC(C)C)C(=O)N[C@@H](CC(N)=O)C(=O)N[C@@H](CO)C(=O)N[C@@H](CC(C)C)C(=O)N[C@@H](CC(C)C)C(N)=O)[C@@H](C)CC,0,-3.2071254,4
CC[C@H](C)[C@@H]1NC(=O)[C@H](CC(C)C)NC(=O)[C@H](Cc2ccccc2)NC(=O)[C@H](Cc2ccccc2)NC(=O)[C@H](C)NC(=O)[C@@H]2CCCN2C(=O)[C@H](C(C)C)NC(=O)[C@H](CC(C)C)NC(=O)[C@H]([C@@H](C)CC)NC1=O,0,-4.5983377,4
CC[C@H](C)[C@H](NC(=O)[C@H](CCCC[NH3+])NC(=O)[C@H](CC(N)=O)NC(=O)[C@H](Cc1c[nH]c2ccccc12)NC(=O)[C@H](CC(C)C)NC(=O)CN)C(=O)N[C@@H](CCCC[NH3+])C(=O)N[C@@H](CCC(=O)O)C(=O)N[C@@H](C)C(=O)N[C@@H](C)C(=O)N[C@@H](CO)C(=O)N[C@@H](CCCC[NH3+])C(=O)N[C@@H](C)C(=O)N[C@@H](C)C(=O)NCC(=O)N[C@@H](CCCC[NH3+])C(=O)N[C@@H](C)C(=O)N[C@@H](C)C(=O)N[C@@H](CC(C)C)C(=O)NCC(=O)N[C@@H](Cc1ccccc1)C(=O)N[C@H](C(=O)N[C@@H](CC(N)=O)C(=O)N[C@@H](CCC(=O)O)C(=O)N[C@@H](CCSC)C(=O)N[C@H](C(N)=O)C(C)C)C(C)C,0,-2.184101,4
CC[C@H](C)[C@H](NC(=O)[C@H](CCCC[NH3+])NC(=O)[C@@H]1CCCN1C(=O)[C@H](CC(C)C)NC(=O)[C@H](Cc1ccccc1)NC(=O)[C@H](CC(N)=O)NC(=O)[C@H](C)NC(=O)[C@H](C)NC(=O)[C@H](CC(C)C)NC(=O)CNC(=O)[C@H](C)NC(=O)[C@H](CC(C)C)NC(=O)[C@H](CC(C)C)NC(=O)[C@@H]1CCCN1C(=O)[C@H](CC(C)C)NC(=O)[C@@H](N)Cc1ccccc1)C(=O)N[C@@H](Cc1ccccc1)C(=O)N[C@@H](CS)C(=O)N[C@@H](CCCC[NH3+])C(=O)N[C@H](C(=O)N[C@H](C(=O)N[C@@H](CCCNC(N)=[NH2+])C(=O)N[C@@H](CCCC[NH3+])C(=O)N[C@@H](CS)C(N)=O)[C@@H](C)O)[C@@H](C)CC,0,-2.4736252,4
C[C@H](NC(O)C(CC1CNCN1)NC(=O)[C@H](Cc1ccc(O)cc1)NC(=O)[C@H](CCC(=O)O)NC(=O)[C@H](Cc1c[nH]c2ccccc12)NC(=O)[C@@H](N)CC(=O)O)C(=O)NC(CC1CNCN1)C(O)N1CCC[C@H]1C(=O)N[C@@H](CCCC[NH3+])C(=O)N1CC(O)CC1C(O)N[C@@H](CC(N)=O)C(=O)N[C@@H](CO)C(=O)N[C@@H](Cc1ccccc1)C(=O)N[C@@H](Cc1c[nH]c2ccccc12)C(=O)N[C@H](C=O)[C@@H](C)O,0,-3.1902394,4
CC[C@H](C)[C@H](NC(=O)CNC(=O)[C@H](CO)NC(=O)[C@@H](NC(=O)[C@H](CC(C)C)NC(=O)[C@H](CCCNC(N)=[NH2+])NC(=O)CNC(=O)[C@@H](NC(=O)[C@@H](NC(=O)[C@@H]1CCCN1C(=O)[C@H](CC(C)C)NC(=O)[C@@H](N)Cc1ccccc1)[C@@H](C)CC)C(C)C)[C@@H](C)CC)C(=O)N[C@@H](CC(C)C)C(N)=O,0,-4.0606594,4
CC[C@H](C)[C@H](NC(=O)[C@H](CC(C)C)NC(=O)[C@H](CC(N)=O)NC(=O)[C@@H](NC(=O)[C@H](CC(C)C)NC(=O)[C@@H](NC(=O)[C@@H]1CCCN1C(=O)[C@H](CC(C)C)NC(=O)[C@@H](N)Cc1ccccc1)[C@@H](C)CC)[C@@H](C)CC)C(=O)NC(CC1CNCN1)C(O)N[C@@H](CCCC[NH3+])C(=O)NCC(=O)N[C@@H](CC(C)C)C(=O)N[C@@H](CC(C)C)C(N)=O,0,-3.5342789,4
CC[C@H](C)[C@@H]1NC(=O)[C@H](Cc2c[nH]c[nH+]2)NC(=O)[C@H](CCC(N)=O)NC(=O)[C@H](CC(N)=O)NC(=O)[C@H](CC(N)=O)NC(=O)CNC(=O)[C@H](C)NC(=O)[C@@H]2CSSC[C@H](NC(=O)C[NH3+])C(=O)N[C@@H](CSSC[C@@H](C(N)=O)NC1=O)C(=O)N[C@@H](CO)C(=O)N[C@@H](Cc1c[nH]c[nH+]1)C(=O)N1CCC[C@H]1C(=O)N[C@@H](C)C(=O)N2,0,-4.995967,4
CC[C@H](C)[C@H](NC(=O)CN)C(=O)NCC(=O)N[C@@H](CCCC[NH3+])C(=O)N[C@@H](Cc1ccccc1)C(=O)N[C@@H](CC(C)C)C(=O)NC(CC1CNCN1)C(O)N[C@@H](CO)C(=O)N[C@H](C)C(=O)N[C@@H](CCCC[NH3+])C(=O)N[C@@H](CCCC[NH3+])C(=O)N[C@@H](Cc1ccccc1)C(=O)N[C@H](C)C(=O)N[C@@H](CCCC[NH3+])C(=O)N[C@@H](C)C(=O)N[C@@H](Cc1ccccc1)C(=O)N[C@H](C(=O)N[C@H](C)C(=O)N[C@@H](CCC(=O)O)C(=O)N[C@H](C(=O)N[C@@H](CCSC)C(=O)N[C@@H](CC(N)=O)C(=O)N[C@@H](CO)C(N)=O)[C@@H](C)CC)C(C)C,0,-3.9753323,4
CC(C)C[C@@H]1NC(=O)[C@H](CC(=O)O)NC(=O)[C@@H]2CCCN2C(=O)[C@H](Cc2c[nH]c[nH+]2)NC(=O)[C@H](CCCC[NH3+])NC(=O)[C@H](CC(N)=O)NC(=O)[C@H](CCCNC(N)=[NH2+])NC(=O)[C@@H]2CSSC[C@H](NC(=O)C[NH3+])C(=O)N[C@@H](CSSC[C@@H](C(N)=O)NC1=O)C(=O)N[C@@H](CO)C(=O)N[C@@H](CC(=O)O)C(=O)N1CCC[C@H]1C(=O)N1CCC[C@H]1C(=O)N2,0,-5.319951,4
CC[C@H](C)[C@H](NC(=O)CN)C(=O)NCC(=O)NCC(=O)N[C@@H](C)C(=O)N[C@@H](CC(C)C)C(=O)N[C@@H](CC(C)C)C(=O)N[C@@H](CO)C(=O)N[C@@H](C)C(=O)NCC(=O)N[C@@H](CCCC[NH3+])C(=O)N[C@@H](C)C(=O)N[C@@H](C)C(=O)N[C@@H](CC(C)C)C(=O)N[C@@H](CCCC[NH3+])C(=O)NCC(=O)N[C@@H](CC(C)C)C(=O)N[C@@H](C)C(=O)N[C@@H](CCCC[NH3+])C(=O)N[C@H](C(=O)N[C@@H](CC(C)C)C(=O)N[C@H](C(N)=O)C(C)C)C(C)C,0,-2.526392,4
CC(C)C[C@H](NC(=O)[C@@H](NC(=O)[C@H](C)NC(=O)[C@H](CS)NC(=O)[C@@H]1CCCN1C(=O)[C@@H]1CCCN1C(=O)[C@@H](NC(=O)[C@H](CO)NC(=O)[C@H](CS)NC(=O)[C@H](CS)NC(=O)CN)[C@@H](C)O)C(C)C)C(=O)N[C@@H](C)C(=O)N[C@@H](CS)C(N)=O,0,-6.225275,4
CC(=O)NCC(=O)N[C@@H](CCCC[NH3+])C(=O)N[C@@H](CCCC[NH3+])C(=O)N[C@@H](CC(C)C)C(=O)N[C@@H](CC(C)C)C(=O)N[C@@H](CCCC[NH3+])C(=O)N[C@@H](CCCC[NH3+])C(=O)N[C@@H](Cc1c[nH]c2ccccc12)C(=O)N[C@@H](CCCC[NH3+])C(=O)N[C@@H](CCCC[NH3+])C(=O)N[C@@H](CC(C)C)C(=O)N[C@@H](Cc1c[nH]c2ccccc12)C(=O)N[C@@H](CCCC[NH3+])C(=O)N[C@@H](CCCC[NH3+])C(=O)N[C@@H](Cc1c[nH]c2ccccc12)C(N)=O,0,-2.9395123,4
CC(C)C[C@H](NC(=O)[C@H](C)NC(=O)[C@H](CCCC[NH3+])NC(=O)[C@H](CCCC[NH3+])NC(=O)[C@H](CC(C)C)NC(=O)[C@H](C)NC(=O)[C@H](CCCC[NH3+])NC(=O)[C@H](CC(C)C)NC(=O)[C@H](C)NC(=O)[C@H](CC(C)C)NC(=O)[C@H](C)NC(=O)[C@@H](N)Cc1ccccc1)C(N)=O,0,-2.8475893,4
CSCC[C@@H]1NC(=O)[C@H](CCCNC(N)=[NH2+])NC(=O)[C@H](C)NC(=O)[C@H](C)NC(=O)[C@H](Cc2c[nH]c3ccccc23)NC(=O)[C@H](CCCNC(N)=[NH2+])NC(=O)[C@H](Cc2ccccc2)NC(=O)[C@H](C)NC(=O)[C@H](CCCC[NH3+])NC(=O)[C@H](CCCNC(N)=[NH2+])NC(=O)[C@H](Cc2c[nH]c3ccccc23)NC(=O)[C@H](C)NC(=O)[C@@H]2CCCN2C(=O)[C@H](C)NC(=O)[C@H](C)NC(=O)[C@H](CCCC[NH3+])NC(=O)[C@H](CCCC[NH3+])NC(=O)[C@H](CC(C)C)NC1=O,0,-2.921379,4
CC[C@H](C)[C@H](NC(=O)[C@@H](NC(=O)CN)C(C)C)C(=O)N[C@@H](CC(=O)O)C(=O)N[C@@H](C)C(=O)N[C@@H](C)C(=O)N[C@@H](CCCC[NH3+])C(=O)N[C@@H](CCCC[NH3+])C(=O)N[C@H](C(=O)N[C@H](C(=O)N[C@@H](CC(N)=O)C(=O)N[C@H](C(=O)N[C@@H](CC(C)C)C(=O)N[C@@H](CCCC[NH3+])C(=O)N[C@@H](CC(N)=O)C(=O)N[C@@H](CC(C)C)C(=O)N1CCC[C@H]1C(N)=O)C(C)C)C(C)C)C(C)C,0,-4.346083,4
CC[C@H](C)[C@H](NC(=O)[C@H](C)NC(=O)[C@H](C)NC(=O)[C@H](CCC(=O)O)NC(=O)[C@H](CCCC[NH3+])NC(=O)CNC(=O)[C@@H](NC(=O)[C@H](CC(N)=O)NC(=O)[C@H](CCCC[NH3+])NC(=O)[C@@H](NC(=O)[C@@H](NC(=O)[C@H](CO)NC(=O)[C@H](Cc1c[nH]c2ccccc12)NC(=O)[C@H](CC(C)C)NC(=O)CN)[C@@H](C)O)[C@@H](C)CC)C(C)C)C(=O)N[C@@H](C)C(=O)N[C@@H](C)C(=O)NCC(=O)N[C@@H](CCCC[NH3+])C(=O)N[C@@H](C)C(=O)N[C@H](C(=O)N[C@@H](CC(C)C)C(=O)NCC(=O)N[C@@H](CO)C(=O)N[C@@H](CC(C)C)C(N)=O)C(C)C,0,-4.5754633,4
CC[C@H](C)[C@H](NC(=O)[C@H](CCCC[NH3+])NC(=O)[C@H](CCCC[NH3+])NC(=O)[C@H](CC(C)C)NC(=O)[C@H](CC(=O)O)NC(=O)[C@@H](NC(=O)[C@@H](N)Cc1ccccc1)C(C)C)C(=O)N[C@@H](C)C(=O)N[C@@H](CC(N)=O)C(=O)N[C@H](C(=O)N[C@H](C(=O)N[C@@H](CC(N)=O)C(=O)N[C@@H](CO)C(=O)N[C@H](C(=O)N[C@@H](Cc1ccccc1)C(=O)NCC(=O)N[C@@H](CCCC[NH3+])C(N)=O)[C@@H](C)CC)[C@@H](C)CC)[C@@H](C)CC,0,-3.9914207,4
CC[C@H](C)[C@H](N)C(=O)N[C@@H](CC(C)C)C(=O)N1CCC[C@H]1C(=O)N[C@@H](CC(C)C)C(=O)N[C@@H](CCCC[NH3+])C(=O)N[C@@H](Cc1c[nH]c2ccccc12)C(=O)N1CCC[C@H]1C(=O)N[C@@H](Cc1c[nH]c2ccccc12)C(=O)N[C@@H](Cc1c[nH]c2ccccc12)C(=O)N1CCC[C@H]1C(=O)N[C@@H](Cc1c[nH]c2ccccc12)C(=O)N[C@@H](CCCNC(N)=[NH2+])C(=O)N[C@@H](CCCNC(N)=[NH2+])C(N)=O,0,-3.0535934,4
CC[C@H](C)[C@H](NC(=O)[C@H](CO)NC(=O)[C@@H]1CCCN1C(=O)[C@H](CC(C)C)NC(=O)[C@@H](NC(=O)CNC(=O)[C@H](C)NC(=O)[C@H](CC(C)C)NC(=O)[C@@H](NC(=O)[C@H](CCCC[NH3+])NC(=O)[C@H](CC(C)C)NC(=O)[C@H](C)NC(=O)[C@H](CO)NC(=O)CNC(=O)[C@@H](NC(=O)[C@@H](N)Cc1ccccc1)[C@@H](C)CC)C(C)C)C(C)C)C(=O)N[C@H](C(=O)N[C@@H](CO)C(=O)N[C@@H](Cc1c[nH]c2ccccc12)C(=O)N[C@H](C(=O)N[C@@H](CCCC[NH3+])C(=O)N[C@@H](CCC(N)=O)C(N)=O)C(C)C)C(C)C,0,-6.087256,4
CC(C)C[C@H](NC(=O)[C@H](CCC(=O)O)NC(=O)[C@@H]1CCCN1C(=O)[C@H](C)NC(=O)[C@H](CC(N)=O)NC(=O)[C@@H](NC(=O)[C@H](CO)NC(=O)[C@H](CS)NC(=O)[C@H](C)NC(=O)[C@@H]1CCCN1C(O)C(CC1CNCN1)NC(=O)[C@H](CO)NC(=O)[C@H](CS)NC(=O)[C@H](CS)NC(=O)CN)C(C)C)C(=O)N[C@@H](CS)C(N)=O,0,-6.5485806,4
CC[C@H](C)[C@H](N)C(=O)N[C@@H](CC(C)C)C(=O)N1CCC[C@H]1C(=O)N[C@H](C(=O)N[C@@H](CC(C)C)C(=O)N[C@@H](C)C(=O)N1CCC[C@H]1C(=O)N[C@@H](CC(C)C)C(=O)N[C@H](C(=O)NCC(=O)NCC(=O)N[C@@H](CC(C)C)C(=O)N[C@@H](CC(C)C)C(N)=O)[C@@H](C)CC)[C@@H](C)CC,0,-3.075047,4
CC[C@H](C)[C@H](NC(=O)[C@H](C)NC(=O)[C@H](CCCC[NH3+])NC(=O)[C@H](CC(C)C)NC(=O)[C@H](CC(C)C)NC(=O)CNC(O)C(CC1CNCN1)NC(=O)[C@H](CC(C)C)NC(=O)[C@@H](NC(=O)[C@@H](NC(=O)[C@H](CCCC[NH3+])NC(=O)[C@H](CCCC[NH3+])NC(=O)[C@H](C)NC(=O)[C@H](CO)NC(=O)[C@H](CCCC[NH3+])NC(=O)[C@H](Cc1ccccc1)NC(=O)[C@@H](NC(=O)[C@H](CCCC[NH3+])NC(=O)[C@H](CC(C)C)NC(=O)[C@H](Cc1ccccc1)NC(=O)[C@H](CO)NC(=O)[C@H](CCCC[NH3+])NC(=O)[C@H](Cc1c[nH]c2ccccc12)NC(=O)[C@H](CCCC[NH3+])NC(C)=O)[C@@H](C)O)[C@@H](C)O)C(C)C)C(=O)N[C@@H](CO)C(=O)N[C@@H](CO)C(N)=O,0,-5.0297375,4
CC[C@H](C)[C@H](NC(=O)[C@H](CCCC[NH3+])NC(=O)CNC(=O)[C@H](CC(C)C)NC(=O)[C@H](Cc1ccccc1)NC(=O)[C@H](CCCC[NH3+])NC(=O)[C@H](CO)NC(=O)[C@H](Cc1ccccc1)NC(=O)[C@H](Cc1c[nH]c2ccccc12)NC(=O)[C@H](CCC(N)=O)NC(=O)[C@@H](NC(=O)[C@@H](N)Cc1ccccc1)C(C)C)C(=O)N[C@@H](CC(C)C)C(N)=O,0,-4.6189537,4
CSCC[C@H](NC(=O)CNC(=O)[C@H](CCCNC(N)=[NH2+])NC(=O)[C@H](CO)NC(=O)[C@H](CS)NC(O)C1CC(O)CN1C(=O)[C@@H](NC(=O)CNC(O)C1CC(O)CN1C(=O)[C@H](CO)NC(=O)[C@H](CCCC[NH3+])NC(=O)[C@@H](N)CS)[C@@H](C)O)C(=O)N[C@@H](CCCNC(N)=[NH2+])C(=O)N[C@@H](CC(=O)O)C(=O)N[C@@H](CS)C(=O)N[C@@H](CS)C(=O)N[C@H](C(=O)N[C@@H](CO)C(=O)N[C@@H](CS)C(=O)N[C@@H](CC(C)C)C(=O)N[C@@H](CC(C)C)C(=O)N[C@@H](Cc1ccc(O)cc1)C(=O)N[C@@H](CO)C(=O)N[C@@H](CC(N)=O)C(=O)N[C@@H](CCCC[NH3+])C(=O)N[C@@H](CS)C(=O)N[C@@H](CCCNC(N)=[NH2+])C(=O)N[C@@H](CCCNC(N)=[NH2+])C(=O)N[C@H](C=O)Cc1ccc(O)cc1)[C@@H](C)O,0,-3.9554653,4
CC(C)C[C@@H]1NC(=O)[C@H](CC(C)C)NC(=O)[C@H](CCC(N)=O)NC(=O)[C@H](CCCNC(=N)N)NC(=O)[C@H](Cc2c[nH]cn2)NC(=O)[C@@H]2CSSC[C@@H](C(=O)N[C@@H](CC(C)C)C(=O)N[C@@H](CCCNC(=N)N)C(=O)N[C@@H](Cc3ccccc3)C(=O)N[C@H](C(N)=O)C(C)C)NC(=O)[C@H](CSSC[C@H](NC(=O)[C@@H](N)CCC(=O)O)C(=O)N2)NC1=O,0,-3.8165238,4
CC(=O)N[C@@H](CCCNC(N)=[NH2+])C(=O)N[C@@H](Cc1c[nH]c2ccccc12)C(=O)N[C@@H](Cc1ccc(O)cc1)C(=O)N[C@@H](CS)C(=O)NCC(N)=O,0,-4.4861794,4
CC(=O)N[C@@H](CC(C)C)C(=O)N[C@@H](CC(C)C)C(=O)N[C@@H](CCCNC(N)=[NH2+])C(=O)N[C@H](C(=O)N[C@@H](CCCC[NH3+])C(=O)N[C@@H](CCCNC(N)=[NH2+])C(N)=O)C(C)C,0,-2.6996102,4
CC(C)[C@H](NC(=O)[C@@H](NC(=O)[C@H](CS)NC(=O)CNC(=O)[C@H](CS)NC(O)C1CC(O)CN1C(O)C(CC1CNCN1)NC(=O)[C@H](CS)NC(=O)[C@H](C)NC(=O)[C@H](C)NC(=O)[C@H](CC(N)=O)NC(O)C1CC(O)CN1C(=O)[C@H](Cc1ccc(O)cc1)NC(=O)[C@H](CCCC[NH3+])NC(=O)CNC(=O)[C@H](CS)NC(=O)[C@H](CS)NC(=O)CN)[C@@H](C)O)C(=O)NCC(=O)N[C@@H](CCCNC(N)=[NH2+])C(=O)N1CC(O)CC1C(O)N1CC(O)CC1C(O)N[C@@H](Cc1ccc(O)cc1)C(=O)N[C@@H](CS)C(=O)N[C@@H](CC(=O)O)C(=O)N[C@@H](CCCNC(N)=[NH2+])C(=O)N1CC(O)CC1C(O)N[C@@H](CO)C(=O)NCC(=O)NCC=O,0,-5.1697907,4
CC[C@H](C)[C@H](NC(=O)[C@@H](N)CCC(N)=O)C(=O)N1CCC[C@H]1C(=O)N[C@@H](Cc1c[nH]c2ccccc12)C(=O)N[C@@H](Cc1ccccc1)C(=O)NC(CC1CNCN1)C(O)N[C@@H](CCCNC(N)=[NH2+])C(N)=O,0,-4.271432,4
CC(C)C[C@H](NC(=O)[C@H](CC(C)C)NC(=O)[C@@H](CCCC[NH3+])NC(=O)[C@H](CC(C)C)NC(=O)[C@H](CC(C)C)NC(=O)[C@H](CCCC[NH3+])NC(=O)[C@@H](CCCC[NH3+])NC(=O)[C@@H](CC(C)C)NC(=O)[C@H](CC(C)C)NC(=O)[C@@H](CCCC[NH3+])NC(=O)[C@H](CCCC[NH3+])NC(=O)[C@H](CC(C)C)NC(=O)[C@@H](CC(C)C)NC(=O)[C@H](CCCC[NH3+])NC(=O)[C@@H](N)CC(C)C)C(N)=O,0,-0.4530935,4
CC[C@H](C)[C@H](NC(=O)[C@H](CCCC[NH3+])NC(=O)[C@H](CCCC[NH3+])NC(=O)[C@H](Cc1ccccc1)NC(=O)[C@H](CC(C)C)NC(=O)[C@H](CCCC[NH3+])NC(=O)[C@@H](N)CC(C)C)C(=O)N[C@@H](CC(C)C)C(=O)N[C@@H](CCCC[NH3+])C(=O)N[C@@H](Cc1ccc(O)cc1)C(=O)N[C@@H](CC(C)C)C(N)=O,0,-1.563626,4
CC[C@H](C)[C@H](N)C(=O)N[C@@H](CC(N)=O)C(=O)N[C@@H](Cc1c[nH]c2ccccc12)C(=O)N[C@@H](CC(C)C)C(=O)N[C@@H](CCCC[NH3+])C(=O)N[C@@H](CC(C)C)C(=O)NCC(=O)N[C@@H](CCCC[NH3+])C(=O)N[C@@H](CCCC[NH3+])C(=O)N[C@H](C(=O)N[C@@H](CC(C)C)C(=O)NCC(=O)N[C@@H](C)C(=O)N[C@H](C(N)=O)[C@@H](C)CC)[C@@H](C)CC,0,-1.4030956,4
C[C@H](NC(=O)[C@H](C)NC(=O)[C@H](Cc1ccccc1)NC(=O)[C@H](C)NC(=O)[C@H](C)NC(=O)[C@H](CCCNC(N)=[NH2+])NC(=O)[C@H](CCCNC(N)=[NH2+])NC(=O)[C@@H](N)CCCNC(N)=[NH2+])C(=O)N[C@@H](Cc1c[nH]c2ccccc12)C(=O)N[C@@H](C)C(=O)N[C@@H](C)C(=O)N[C@@H](Cc1ccccc1)C(=O)N[C@@H](C)C(=O)N[C@@H](C)C(=O)N[C@@H](CCCNC(N)=[NH2+])C(=O)N[C@@H](CCCNC(N)=[NH2+])C(=O)N[C@@H](CCCNC(N)=[NH2+])C(N)=O,0,4.876059,4
CC(C)C[C@H](NC(=O)[C@H](CC(N)=O)NC(=O)[C@H](CO)NC(O)C(CC1CNCN1)NC(=O)[C@H](CCC(=O)O)NC(=O)[C@H](C)NC(O)C(CC1CNCN1)NC(=O)[C@H](CS)NC(=O)[C@@H](NC(=O)[C@@H]1CCCN1C(=O)[C@H](CC(N)=O)NC(=O)[C@H](CO)NC(=O)[C@H](CS)NC(=O)[C@H](CS)NC(=O)CN)C(C)C)C(=O)N[C@@H](CS)C(N)=O,0,-6.666043,4
CC[C@H](C)[C@H](NC(=O)[C@@H](N)CCCNC(N)=[NH2+])C(=O)N[C@@H](CC(C)C)C(=O)N[C@@H](CCCNC(N)=[NH2+])C(=O)NCC(N)=O,0,1.2652127,4
CC[C@H](C)[C@H](NC(=O)CN)C(=O)NCC(=O)NCC(=O)N[C@@H](CCCC[NH3+])C(=O)N[C@H](C(=O)N[C@@H](CC(C)C)C(=O)NCC(=O)NCC(=O)N[C@@H](CC(C)C)C(=O)N[C@@H](CCCC[NH3+])C(=O)N[C@H](C(=O)N[C@@H](C)C(=O)N[C@@H](CC(C)C)C(=O)N[C@@H](CCCC[NH3+])C(=O)NCC(=O)N[C@@H](C)C(=O)N[C@@H](C)C(=O)N[C@@H](CCCC[NH3+])C(=O)N[C@@H](CCC(=O)O)C(=O)N[C@@H](CC(C)C)C(=O)N[C@@H](C)C(=O)N[C@@H](CO)C(=O)N[C@H](C(=O)N[C@@H](Cc1ccc(O)cc1)C(=O)N[C@@H](CC(C)C)C(=O)NC(CC1CNCN1)C(N)O)[C@@H](C)O)[C@@H](C)O)[C@@H](C)CC,0,-1.745895,4
CC[C@H](C)[C@H](NC(=O)[C@H](CCC(N)=O)NC(=O)[C@@H]1CCCN1C(=O)[C@H](CC(N)=O)NC(O)C(CC1CNCN1)NC(=O)[C@@H](NC(=O)[C@@H](NC(=O)[C@H](CS)NC(=O)[C@@H](NC(=O)[C@@H]1CCCN1C(=O)[C@H](CC(N)=O)NC(=O)[C@H](CO)NC(=O)[C@H](CS)NC(=O)[C@H](CS)NC(=O)[C@@H]1CCCN1C(=O)[C@H](CC(=O)O)NC(O)C(N)CCCNC(N)N(C)C)C(C)C)[C@@H](C)O)C(C)C)C(=O)N[C@@H](CS)C(N)=O,0,-5.7626824,4
CC[C@H](C)[C@H](NC(=O)CN)C(=O)NCC(=O)N[C@@H](CCCC[NH3+])C(=O)N[C@@H](Cc1ccccc1)C(=O)N[C@@H](CC(C)C)C(=O)NC(CC1CNCN1)C(O)N[C@@H](CCCC[NH3+])C(=O)N[C@H](C(=O)NCC(=O)N[C@@H](CO)C(=O)N[C@@H](Cc1ccccc1)C(=O)N[C@H](C(=O)N[C@@H](CCCC[NH3+])C(=O)N[C@@H](CO)C(=O)N[C@@H](Cc1c[nH]c2ccccc12)C(=O)N[C@@H](CCCC[NH3+])C(=O)NCC(=O)N[C@@H](CCC(=O)O)C(=O)N[C@H](C(=O)N[C@@H](CCSC)C(=O)N[C@@H](CC(N)=O)C(=O)N[C@@H](CO)C(N)=O)[C@@H](C)CC)[C@@H](C)CC)C(C)C,0,-5.280058,4
CCCCC(NC(=O)[C@@H](NC(=O)[C@H](CCCC[NH3+])NC(=O)[C@@H]1CCCN1C(=O)[C@H](CC(C)C)NC(=O)[C@H](CO)NC(=O)[C@H](CCCC[NH3+])NC(=O)[C@H](CCCC[NH3+])NC(=O)[C@H](CC(C)C)NC(=O)[C@H](CO)NC(=O)[C@H](CO)NC(=O)[C@H](CC(C)C)NC(=O)[C@H](Cc1ccccc1)NC(=O)CN)C(C)C)C(O)N[C@@H](C)C(=O)NC(CC1CNCN1)C(O)NC(CCCC)C(O)N[C@@H](CCCC[NH3+])C(N)=O,0,-4.8664837,4
CC(C)C[C@@H]1NC(=O)[C@H](CCCC[NH3+])NC(=O)[C@H](C(C)C)NC(=O)[C@@H]2CCCN2C(=O)[C@@H](Cc2ccc(O)cc2)NC(=O)[C@H](CC(C)C)NC(=O)[C@H](CCCC[NH3+])NC(=O)[C@H](C(C)C)NC(=O)[C@H](CCCC[NH3+])NC(=O)[C@H](CC(C)C)NC(=O)[C@H]2CCCN2C(=O)[C@@H](Cc2ccc(O)cc2)NC(=O)[C@H](C(C)C)NC(=O)[C@H](CCCC[NH3+])NC1=O,0,-4.701852,4
CC[C@H](C)[C@H](NC(=O)[C@H](CCCC[NH3+])NC(=O)[C@H](CCCC[NH3+])NC(=O)[C@H](CCC(N)=O)NC(=O)CN)C(=O)N[C@@H](CCCNC(N)=[NH2+])C(=O)N[C@H](C(=O)N[C@@H](CCCNC(N)=[NH2+])C(=O)N[C@@H](CC(C)C)C(=O)N[C@@H](CO)C(N)=O)C(C)C,0,-1.8317028,4
CC[C@H](C)[C@H](NC(=O)[C@H](CCCC[NH3+])NC(=O)CNC(=O)[C@@H](NC(=O)[C@H](CC(C)C)NC(O)C(CC1CNCN1)NC(=O)[C@H](C)NC(=O)[C@H](CC(C)C)NC(=O)[C@H](CC(C)C)NC(=O)[C@H](CC(=O)O)NC(=O)[C@H](CCCC[NH3+])NC(=O)CNC(=O)[C@H](C)NC(=O)CNC(=O)[C@H](CCCC[NH3+])NC(=O)[C@H](CC(C)C)NC(=O)[C@@H](NC(=O)[C@H](CC(=O)O)NC(=O)[C@@H](NC(=O)[C@@H](NC(=O)CN)C(C)C)C(C)C)[C@@H](C)CC)C(C)C)C(=O)N[C@@H](CO)C(=O)N[C@@H](CCC(=O)O)C(=O)N[C@@H](CCCC[NH3+])C(=O)N[C@H](C(N)=O)C(C)C,0,-4.5281506,4
CC[C@H](C)[C@@H]1NC(=O)[C@H](CCCNC(=N)N)NC(=O)CNC(=O)[C@@H]2CSSC[C@@H](C(=O)N3CCC[C@H]3C(=O)N[C@@H](CCC(=O)O)C(=O)N[C@H](C(=O)N[C@H](C(=O)N[C@@H](CS)C(=O)N3CCC[C@H]3C(=O)N[C@@H](CCCCN)C(=O)N[C@@H](CC(N)=O)C(=O)O)C(C)C)C(C)C)NC(=O)[C@H]([C@@H](C)CC)NC(=O)[C@H](CS)NC(=O)[C@H](CCCNC(=N)N)NC(=O)[C@H](CO)NC(=O)[C@H](CSSC[C@H](NC(=O)[C@H](CCC(=O)O)NC(=O)[C@@H](NC(=O)[C@H](Cc3c[nH]c4ccccc34)NC(=O)[C@H](Cc3ccc(O)cc3)NC(=O)[C@H](CCC(N)=O)NC(=O)[C@@H]3CCCN3C(=O)[C@@H](NC(=O)[C@H](CC(C)C)NC(=O)[C@H](CC(=O)O)NC(=O)[C@H](CC(N)=O)NC(=O)[C@@H](N)CC(C)C)C(C)C)[C@@H](C)O)C(=O)N2)NC(=O)[C@H](Cc2c[nH]cn2)NC(=O)[C@@H]2CCCN2C(=O)CNC1=O,0,-4.7686563,4
CC(C)C[C@H](NC(=O)[C@H](Cc1ccccc1)NC(=O)[C@H](C)NC(=O)CNC(=O)[C@H](Cc1c[nH]c2ccccc12)NC(=O)[C@H](CC(N)=O)NC(=O)[C@@H](N)CC(C)C)C(=O)N[C@@H](CCCC[NH3+])C(=O)NC(CC1CNCN1)C(O)N[C@@H](Cc1ccccc1)C(=O)N[C@@H](Cc1ccccc1)C(=O)N[C@@H](CCCC[NH3+])C(N)=O,0,-5.0731964,4
CC[C@H](C)[C@H](N)C(=O)N[C@@H](CC(N)=O)C(=O)N[C@@H](Cc1c[nH]c2ccccc12)C(=O)N[C@@H](CCCC[NH3+])C(=O)N[C@@H](CCCC[NH3+])C(=O)N[C@H](C(=O)N[C@@H](C)C(=O)N[C@@H](CO)C(=O)N[C@H](C(=O)NCC(=O)N[C@@H](CCCC[NH3+])C(=O)N[C@@H](CCC(=O)O)C(=O)N[C@H](C(=O)N[C@@H](CC(C)C)C(=O)N[C@@H](CCCC[NH3+])C(=O)N[C@@H](C)C(=O)N[C@@H](CC(C)C)C(N)=O)C(C)C)[C@@H](C)CC)[C@@H](C)CC,0,-4.0237207,4
CC[C@H](C)[C@H](NC(=O)[C@H](CCC(=O)O)NC(=O)[C@@H]1CCCN1C(O)C(CC1CNCN1)NC(=O)[C@H](CC(=O)O)NC(=O)[C@H](Cc1ccc(O)cc1)NC(=O)[C@H](CC(N)=O)NC(=O)[C@H](CS)NC(=O)[C@H](CCCNC(N)=[NH2+])NC(=O)[C@@H]1CCCN1C(=O)[C@H](CC(=O)O)NC(=O)[C@H](CO)NC(=O)[C@H](CS)NC(=O)[C@H](CS)NC(=O)[C@H](C)N)C(=O)N[C@@H](CS)C(N)=O,0,-5.2441373,4
CC[C@H](C)[C@H](NC(=O)[C@H](CCC(=O)O)NC(=O)[C@@H]1CCCN1C(O)C(CC1CNCN1)NC(=O)[C@H](CC(=O)O)NC(=O)[C@H](Cc1ccc(O)cc1)NC(=O)[C@H](C)NC(=O)[C@H](CS)NC(=O)[C@H](CCCNC(N)=[NH2+])NC(=O)[C@@H]1CCCN1C(=O)[C@H](CC(=O)O)NC(=O)[C@H](CO)NC(=O)[C@H](CS)NC(=O)[C@H](CS)NC(=O)CN)C(=O)N[C@@H](CS)C(N)=O,0,-5.3016686,4
CC[C@H](C)[C@H](NC(=O)[C@@H](NC(=O)[C@@H]1CCCN1C(=O)[C@@H](NC(=O)[C@@H](NC(=O)[C@H](CCCNC(N)=[NH2+])NC(=O)[C@@H]1CCCN1C(=O)[C@@H](NC(=O)[C@@H](NC(O)C(CC1CNCN1)NC(=O)[C@H](CCCC[NH3+])NC(=O)[C@H](C)NC(=O)[C@@H](NC(=O)[C@H](CO)NC(=O)CNC(=O)[C@H](CC(C)C)NC(=O)[C@@H](NC(=O)[C@H](CO)NC(=O)[C@H](Cc1ccccc1)NC(=O)[C@H](CC(C)C)NC(=O)CN)C(C)C)C(C)C)C(C)C)C(C)C)C(C)C)C(C)C)C(C)C)C(=O)N[C@@H](C)C(=O)N[C@@H](CCC(=O)O)C(=O)NC(CC1CNCN1)C(O)N[C@@H](CC(C)C)C(N)=O,0,-5.463121,4
CC(C)[C@H](NC(=O)[C@H](CCCC[NH3+])NC(=O)[C@@H](NC(=O)[C@H](CCCC[NH3+])NC(=O)[C@@H](NC(=O)[C@H](CCCC[NH3+])NC(=O)[C@@H](NC(=O)[C@@H]1CCCN1C(=O)[C@H]1CCCN1C(=O)[C@@H](NC(=O)[C@H](CCCC[NH3+])NC(=O)[C@@H](NC(=O)[C@H](CCCC[NH3+])NC(=O)[C@@H](NC(=O)[C@H](CCCC[NH3+])NC(=O)[C@@H](NC(=O)[C@@H](N)CCCC[NH3+])C(C)C)C(C)C)C(C)C)C(C)C)[C@@H](C)O)C(C)C)C(C)C)C(=O)N[C@@H](CCCC[NH3+])C(N)=O,0,-3.375824,4
CC(C)C[C@H](NC(=O)[C@H](CC(C)C)NC(=O)[C@H](CCCC[NH3+])NC(=O)CNC(=O)[C@H](CC(C)C)NC(=O)[C@H](CC(C)C)NC(=O)[C@H](CO)NC(=O)[C@H](C)NC(=O)[C@H](Cc1ccccc1)NC(=O)[C@H](Cc1ccccc1)NC(=O)[C@@H]1CCCN1C(=O)[C@H](CC(C)C)NC(=O)[C@@H](N)Cc1ccccc1)C(N)=O,0,-5.1770735,4
C[C@H](NC(=O)[C@H](Cc1ccc(O)cc1)NC(=O)[C@H](CC(N)=O)NC(=O)[C@H](CCCC[NH3+])NC(=O)CNC(=O)[C@H](CS)NC(=O)[C@H](C)NC(=O)[C@@H]1CCCN1C(O)C(CC1CNCN1)NC(=O)[C@H](CS)NC(=O)[C@H](CS)NC(=O)[C@H](CCCNC(N)=[NH2+])NC(=O)CN)C(=O)N[C@@H](CS)C(N)=O,0,-4.0363655,4
CC(C)C[C@H]1NC(=O)[C@@H](C(C)C)NC(=O)[C@@H]2CCCN2C(=O)[C@@H](CC(=O)O)NC(=O)[C@@H](Cc2c[nH]c3ccccc23)NC1=O,0,-6.4390097,4
CC[C@H](C)[C@@H]1NC(=O)CNC(=O)[C@H](CCCNC(N)=[NH2+])NC(=O)[C@H](Cc2ccc(O)cc2)NC(=O)[C@@H]2CSSC[C@H](NC1=O)C(=O)N[C@@H](Cc1ccc(O)cc1)C(=O)N[C@@H](CCCNC(N)=[NH2+])C(=O)N[C@@H](CCCNC(N)=[NH2+])C(=O)N[C@H](C(=O)N[C@@H](CCCNC(N)=[NH2+])C(=O)O)CSSC[C@H](NC(=O)[C@H](Cc1c[nH]c3ccccc13)NC(=O)[C@@H]([NH3+])CCCC[NH3+])C(=O)N[C@@H](Cc1ccccc1)C(=O)N[C@@H](CCCNC(N)=[NH2+])C(=O)N[C@@H](C(C)C)C(=O)N2,0,-1.0273191,4
CC[C@H](C)[C@H](NC(=O)[C@H](CO)NC(=O)[C@H](C)NC(=O)[C@@H]1CCCN1C(=O)[C@H](CC(C)C)NC(=O)CN)C(=O)N[C@@H](CO)C(=O)N[C@@H](Cc1c[nH]c2ccccc12)C(=O)N[C@H](C(=O)N[C@@H](CCCC[NH3+])C(=O)N[C@@H](CCCNC(N)=[NH2+])C(=O)N[C@@H](CCCC[NH3+])C(=O)N[C@@H](CCCNC(N)=[NH2+])C(=O)N[C@@H](CCC(N)=O)C(=O)N[C@@H](CCC(N)=O)C(N)=O)[C@@H](C)CC,0,-2.7518287,4
CC[C@H](C)[C@H](NC(=O)[C@H](CC(C)C)NC(=O)[C@@H]1CCCN1C(=O)[C@H](CC(C)C)NC(=O)[C@@H](N)C(C)C)C(=O)N[C@@H](CO)C(=O)N[C@@H](CCSC)C(=O)N[C@@H](C)C(=O)N[C@@H](CC(C)C)C(=O)NCC(=O)N[C@@H](CCCC[NH3+])C(=O)N[C@@H](CC(C)C)C(=O)N[C@@H](CC(C)C)C(N)=O,0,-3.0383644,4
C[C@H](NC(=O)CNC(=O)[C@H](CS)NC(=O)[C@H](C)NC(=O)[C@@H]1CCCN1C(=O)[C@H](CC(N)=O)NC(=O)[C@H](CS)NC(=O)[C@H](CS)NC(=O)[C@@H](N)CCC(=O)O)C(=O)NC(CC1CNCN1)C(O)N[C@@H](Cc1ccc(O)cc1)C(=O)N[C@@H](CO)C(=O)N[C@@H](CS)C(N)=O,0,-6.496174,4
CC[C@H](C)[C@H](NC(=O)[C@H](Cc1c[nH]c2ccccc12)NC(=O)[C@H](CS)NC(=O)[C@H](CS)NC(=O)[C@@H](N)CC(C)C)C(=O)NC(CC1CNCN1)C(O)N[C@@H](Cc1c[nH]c2ccccc12)C(=O)N[C@@H](CS)C(=O)NC(CC1CNCN1)C(O)N[C@@H](C)C(=O)N[C@@H](CCCNC(N)=[NH2+])C(=O)N[C@@H](CS)C(=O)N[C@H](C(=O)N[C@@H](CS)C(=O)N[C@@H](CS)C(N)=O)[C@@H](C)O,0,-6.15931,4
CC(C)C[C@@H]1NC(O)C(CCC[NH3+])NC(=O)[C@H](C(C)C)NC(=O)[C@@H]2CCCN2C(O)C(CC2CCCC3CCCCC32)NC(=O)[C@H](CC(C)C)NC(O)C(CCC[NH3+])NC(=O)[C@H](C(C)C)NC(=O)[C@@H]2CCCN2C(O)C(CC2CCCC3CCCCC32)NC1=O,0,-4.5968847,4
NC(=O)[C@H](Cc1c[nH]c2ccccc12)NC(O)C(CC1CNCN1)NC(=O)[C@H](CS)NC(=O)[C@H](CS)NC(=O)[C@H](CCC(=O)O)NC(=O)[C@H](Cc1ccccc1)NC=O,0,-6.1213255,4
CC(C)C[C@H](NC(=O)[C@H](C)NC(=O)[C@H](CCCC[NH3+])NC(=O)[C@H](CCCC[NH3+])NC(=O)[C@H](C)NC(=O)CNC(=O)[C@H](CCCC[NH3+])NC(=O)[C@H](CC(C)C)NC(=O)[C@H](CC(C)C)NC(=O)[C@H](CC(=O)O)NC(=O)[C@H](CCCC[NH3+])NC(=O)[C@H](Cc1ccccc1)NC(=O)CN)C(=O)N[C@H](C(=O)N[C@@H](CCCC[NH3+])C(=O)N[C@H](C(=O)N[C@H](C(=O)N[C@@H](CC(C)C)C(=O)N[C@@H](Cc1ccccc1)C(N)=O)C(C)C)[C@@H](C)O)C(C)C,0,-4.8482223,4
CC[C@H](C)[C@H](NC(=O)[C@H](CC(C)C)NC(O)C(CC1CNCN1)NC(=O)CNC(=O)[C@H](CC(C)C)NC(=O)[C@@H](NC(=O)[C@H](CCCC[NH3+])NC(=O)[C@H](CO)NC(=O)[C@H](Cc1c[nH]c2ccccc12)NC(=O)[C@H](CCSC)NC(=O)CN)[C@@H](C)CC)C(=O)N[C@@H](CCCC[NH3+])C(N)=O,0,-5.3236094,4
CC[C@H](C)[C@H](NC(=O)[C@H](CCCNC(N)=[NH2+])NC(=O)[C@H](CS)NC(=O)[C@H](Cc1c[nH]c2ccccc12)NC(=O)[C@H](Cc1c[nH]c2ccccc12)NC(=O)[C@H](CCCNC(N)=[NH2+])NC(=O)[C@H](CCCNC(N)=[NH2+])NC(C)=O)C(N)=O,0,-2.6433342,4
CSCC[C@@H]1NC(=O)[C@H](CCCNC(N)=[NH2+])NC(=O)[C@H](Cc2c[nH]c3ccccc23)NC(=O)[C@H](C)NC(=O)[C@H](C)NC(=O)[C@H](CCCNC(N)=[NH2+])NC(=O)[C@H](Cc2ccccc2)NC(=O)[C@H](C)NC(=O)[C@H](CCCC[NH3+])NC(=O)[C@H](CCCNC(N)=[NH2+])NC(=O)[C@H](Cc2c[nH]c3ccccc23)NC(=O)[C@H](C)NC(=O)[C@H]2CCCN2C(=O)[C@@H](C)NC(=O)[C@H](C)NC(=O)[C@H](CCCC[NH3+])NC(=O)[C@H](CCCC[NH3+])NC(=O)[C@H](CC(C)C)NC1=O,0,-2.8971348,4
CC[C@H](C)[C@H]([NH3+])C(=O)N[C@H](C(=O)NCC(=O)N1CCC[C@H]1C(=O)N[C@H](C(=O)N[C@@H](CC(C)C)C(=O)NCC(=O)N[C@@H](CC(C)C)C(=O)N[C@H](C(=O)NCC(=O)N[C@@H](CO)C(=O)N[C@@H](C)C(=O)N[C@@H](CC(C)C)C(=O)NCC(=O)NCC(=O)N[C@@H](CC(C)C)C(=O)N[C@@H](CC(C)C)C(=O)N[C@@H](CCCC[NH3+])C(=O)N[C@@H](CCCC[NH3+])C(=O)N[C@H](C(=O)O)[C@@H](C)CC)C(C)C)C(C)C)[C@@H](C)CC,0,-1.9648963,4
CC[C@H](C)[C@H](NC(=O)[C@H](CCCC[NH3+])NC(=O)[C@H](Cc1ccc(O)cc1)NC(=O)CNC(O)C(CC1CNCN1)NC(O)C(CC1CNCN1)NC(=O)[C@H](CCCNC(N)=[NH2+])NC(=O)[C@H](CCCC[NH3+])NC(=O)[C@H](C)NC(O)C(CC1CNCN1)NC(=O)[C@H](CO)NC(=O)[C@@H](N)CC(=O)O)C(=O)N[C@@H](CCCC[NH3+])C(=O)N[C@@H](Cc1ccccc1)C(=O)NC(CC1CNCN1)C(O)N[C@@H](CCC(=O)O)C(=O)N[C@@H](CC(N)=O)C(=O)NC(CC1CNCN1)C(O)NC(CC1CNCN1)C(O)N[C@@H](CO)C(=O)NC(CC1CNCN1)C(O)N[C@@H](CCCNC(N)=[NH2+])C(=O)NCC(=O)N[C@@H](Cc1ccc(O)cc1)C(N)=O,0,-2.9137058,4
CC[C@@H](C)[C@H]1NC(=O)[C@H]2CCCN2C(=O)[C@H](Cc2c[nH]c3ccccc23)NC(=O)[C@H](CO)NC(=O)[C@@H](CS)NC(=O)[C@H]([C@@H](C)O)NC(=O)[C@@H](CS)NC(=O)CNC(=O)[C@H](CCC(N)=O)NC(=O)[C@H]([C@@H](C)O)NC(=O)[C@H](Cc2ccc(O)cc2)NC(=O)[C@H](CS)NC(=O)[C@H]([C@@H](C)O)NC(=O)CNC(=O)[C@H](CC(C)C)NC(=O)[C@H]([C@@H](C)O)NC(=O)[C@H](CS)NC(=O)[C@H]([C@@H](C)O)NC(=O)[C@H](CCC(=O)O)NC(=O)CNC(=O)[C@H](CS)NC(=O)[C@H](C(C)C)NC(=O)[C@@H]2CCCN2C(=O)[C@H](CC(C)C)NC(=O)CNC(=O)[C@H](CC(N)=O)NC(=O)[C@H](CCCNC(N)=[NH2+])NC(=O)[C@H](CCCC[NH3+])NC(=O)[C@H](CS)NC1=O,0,-6.764402,4
CC(C)C[C@H](NC(=O)[C@H](CCC(=O)O)NC(O)C1CC(O)CN1C(O)C(CC1CNCN1)NC(=O)[C@H](CC(N)=O)NC(=O)[C@@H](NC(=O)[C@H](CO)NC(=O)[C@H](CS)NC(=O)[C@H](C)NC(=O)[C@@H]1CCCN1C(O)C(CC1CNCN1)NC(=O)[C@H](CO)NC(=O)[C@H](CS)NC(=O)[C@H](CS)NC(=O)CN)C(C)C)C(=O)N[C@H](C=O)CS,0,-6.1777253,4
