task_id,model_family,model_variant,seed,split_id,sample_id,input_value,true_target,prediction,prediction_type,threshold
cellppd,xgboost_rdkit,xgboost-rdkit,101,test,CC(C)C[C@H](NC(=O)[C@H](CCCC[NH3+])NC(=O)[C@H](CCCNC(N)=[NH2+])NC(=O)[C@H](Cc1ccccc1)NC(=O)[C@H](Cc1ccccc1)NC(=O)[C@H](CCCC[NH3+])NC(=O)[C@H](CCCC[NH3+])NC(=O)[C@H](Cc1ccccc1)NC(=O)[C@H](CCCNC(N)=[NH2+])NC(=O)[C@H](CCCC[NH3+])NC(=O)[C@@H](N)C(C)C)C(=O)N[C@@H](CCCC[NH3+])C(=O)N[C@@H](CCCC[NH3+])C(=O)N[C@@H](CCCC[NH3+])C(=O)N[C@H](C(N)=O)C(C)C,CC(C)C[C@H](NC(=O)[C@H](CCCC[NH3+])NC(=O)[C@H](CCCNC(N)=[NH2+])NC(=O)[C@H](Cc1ccccc1)NC(=O)[C@H](Cc1ccccc1)NC(=O)[C@H](CCCC[NH3+])NC(=O)[C@H](CCCC[NH3+])NC(=O)[C@H](Cc1ccccc1)NC(=O)[C@H](CCCNC(N)=[NH2+])NC(=O)[C@H](CCCC[NH3+])NC(=O)[C@@H](N)C(C)C)C(=O)N[C@@H](CCCC[NH3+])C(=O)N[C@@H](CCCC[NH3+])C(=O)N[C@@H](CCCC[NH3+])C(=O)N[C@H](C(N)=O)C(C)C,1,0.5499768853187561,probability,0.5
cellppd,xgboost_rdkit,xgboost-rdkit,101,test,NC(=[NH2+])NCCC[C@H](NC(=O)[C@H](CCCNC(N)=[NH2+])NC(=O)[C@H](CCCNC(N)=[NH2+])NC(=O)[C@H](CCC(N)=O)NC(=O)[C@H](CCCNC(N)=[NH2+])NC(=O)[C@H](CCCNC(N)=[NH2+])NC(=O)[C@H](CCCC[NH3+])NC(=O)[C@H](CCCC[NH3+])NC(=O)[C@@H](N)CCCNC(N)=[NH2+])C(=O)NCC(=O)NCC(=O)NCC(N)=O,NC(=[NH2+])NCCC[C@H](NC(=O)[C@H](CCCNC(N)=[NH2+])NC(=O)[C@H](CCCNC(N)=[NH2+])NC(=O)[C@H](CCC(N)=O)NC(=O)[C@H](CCCNC(N)=[NH2+])NC(=O)[C@H](CCCNC(N)=[NH2+])NC(=O)[C@H](CCCC[NH3+])NC(=O)[C@H](CCCC[NH3+])NC(=O)[C@@H](N)CCCNC(N)=[NH2+])C(=O)NCC(=O)NCC(=O)NCC(N)=O,1,0.9996294975280762,probability,0.5
cellppd,xgboost_rdkit,xgboost-rdkit,101,test,CNCCC[C@H](NC(=O)[C@H](CCCNC)NC(=O)[C@H](CCCNC)NC(=O)[C@H](CCCNC)NC(=O)[C@H](CCCNC)NC(=O)[C@H](CCCNC)NC(=O)[C@H](CCCNC)NC(O)C(C)CN)C(N)=O,CNCCC[C@H](NC(=O)[C@H](CCCNC)NC(=O)[C@H](CCCNC)NC(=O)[C@H](CCCNC)NC(=O)[C@H](CCCNC)NC(=O)[C@H](CCCNC)NC(=O)[C@H](CCCNC)NC(O)C(C)CN)C(N)=O,1,0.9045838117599487,probability,0.5
cellppd,xgboost_rdkit,xgboost-rdkit,101,test,CC(C)C[C@H](NC(=O)[C@H](CC(C)C)NC(=O)[C@H](C)NC(=O)[C@H](C)NC(=O)[C@H](C)NC(=O)[C@H](CC(C)C)NC(=O)[C@H](CCCC[NH3+])NC(=O)[C@H](CCCC[NH3+])NC(=O)[C@H](Cc1c[nH]c2ccccc12)NC(=O)[C@H](CCCC[NH3+])NC(=O)[C@H](CCCC[NH3+])NC(=O)[C@H](CC(C)C)NC(=O)[C@H](CC(C)C)NC(=O)[C@H](C)NC(=O)[C@H](C)NC(=O)[C@H](C)NC(=O)[C@H](CC(C)C)NC(=O)[C@@H](N)CCCC[NH3+])C(N)=O,CC(C)C[C@H](NC(=O)[C@H](CC(C)C)NC(=O)[C@H](C)NC(=O)[C@H](C)NC(=O)[C@H](C)NC(=O)[C@H](CC(C)C)NC(=O)[C@H](CCCC[NH3+])NC(=O)[C@H](CCCC[NH3+])NC(=O)[C@H](Cc1c[nH]c2ccccc12)NC(=O)[C@H](CCCC[NH3+])NC(=O)[C@H](CCCC[NH3+])NC(=O)[C@H](CC(C)C)NC(=O)[C@H](CC(C)C)NC(=O)[C@H](C)NC(=O)[C@H](C)NC(=O)[C@H](C)NC(=O)[C@H](CC(C)C)NC(=O)[C@@H](N)CCCC[NH3+])C(N)=O,1,0.9818976521492004,probability,0.5
cellppd,xgboost_rdkit,xgboost-rdkit,101,test,CC[C@H](C)[C@H](NC(=O)[C@H](CC(C)C)NC(=O)[C@@H](NC(=O)[C@H](CCCNC(N)=[NH2+])NC(=O)[C@H](Cc1ccccc1)NC(=O)[C@@H](NC(=O)[C@@H](NC(=O)[C@@H](N)CC(C)C)[C@@H](C)CC)[C@@H](C)CC)[C@@H](C)CC)C(=O)N[C@@H](CO)C(=O)NC(CC1CNCN1)C(O)NC(CC1CNCN1)C(O)NC(CO)CC1CNCN1,CC[C@H](C)[C@H](NC(=O)[C@H](CC(C)C)NC(=O)[C@@H](NC(=O)[C@H](CCCNC(N)=[NH2+])NC(=O)[C@H](Cc1ccccc1)NC(=O)[C@@H](NC(=O)[C@@H](NC(=O)[C@@H](N)CC(C)C)[C@@H](C)CC)[C@@H](C)CC)[C@@H](C)CC)C(=O)N[C@@H](CO)C(=O)NC(CC1CNCN1)C(O)NC(CC1CNCN1)C(O)NC(CO)CC1CNCN1,1,0.6131179928779602,probability,0.5
cellppd,xgboost_rdkit,xgboost-rdkit,101,test,CC[C@H](C)[C@H](NC(=O)[C@H](CCCNC(N)=[NH2+])NC(=O)[C@H](CCCNC(N)=[NH2+])NC(=O)[C@H](CCCNC(N)=[NH2+])NC(=O)[C@H](CC(C)C)NC(=O)[C@@H](NC(=O)[C@@H](NC(=O)[C@H](CC(C)C)NC(=O)[C@H](C)N)[C@@H](C)CC)[C@@H](C)CC)C(=O)N[C@@H](CCCNC(N)=[NH2+])C(=O)N[C@@H](CCCC[NH3+])C(=O)N[C@@H](CCC(N)=O)C(=O)N[C@@H](C)C(=O)NC(CC1CNCN1)C(O)N[C@@H](C)C(=O)NC(CC1CNCN1)C(O)N[C@@H](CO)C(=O)N[C@H](C=O)CCCC[NH3+],CC[C@H](C)[C@H](NC(=O)[C@H](CCCNC(N)=[NH2+])NC(=O)[C@H](CCCNC(N)=[NH2+])NC(=O)[C@H](CCCNC(N)=[NH2+])NC(=O)[C@H](CC(C)C)NC(=O)[C@@H](NC(=O)[C@@H](NC(=O)[C@H](CC(C)C)NC(=O)[C@H](C)N)[C@@H](C)CC)[C@@H](C)CC)C(=O)N[C@@H](CCCNC(N)=[NH2+])C(=O)N[C@@H](CCCC[NH3+])C(=O)N[C@@H](CCC(N)=O)C(=O)N[C@@H](C)C(=O)NC(CC1CNCN1)C(O)N[C@@H](C)C(=O)NC(CC1CNCN1)C(O)N[C@@H](CO)C(=O)N[C@H](C=O)CCCC[NH3+],1,0.9989750981330872,probability,0.5
cellppd,xgboost_rdkit,xgboost-rdkit,101,test,CC[C@H](C)[C@H](NC(=O)[C@H](CCCC[NH3+])NC(=O)[C@H](CCCC[NH3+])NC(=O)[C@H](C)NC(=O)[C@H](CC(C)C)NC(=O)[C@H](C)NC(=O)[C@H](C)NC(=O)[C@H](CC(C)C)NC(=O)[C@H](C)NC(=O)[C@H](CCCC[NH3+])NC(=O)[C@H](CC(C)C)NC(=O)[C@H](CC(N)=O)NC(=O)[C@@H](NC(=O)[C@H](CCCC[NH3+])NC(=O)CNC(=O)[C@H](CC(C)C)NC(=O)[C@H](CC(C)C)NC(=O)[C@H](Cc1ccc(O)cc1)NC(=O)CNC(=O)[C@H](C)N)[C@@H](C)CC)C(=O)N[C@H](C=O)CC(C)C,CC[C@H](C)[C@H](NC(=O)[C@H](CCCC[NH3+])NC(=O)[C@H](CCCC[NH3+])NC(=O)[C@H](C)NC(=O)[C@H](CC(C)C)NC(=O)[C@H](C)NC(=O)[C@H](C)NC(=O)[C@H](CC(C)C)NC(=O)[C@H](C)NC(=O)[C@H](CCCC[NH3+])NC(=O)[C@H](CC(C)C)NC(=O)[C@H](CC(N)=O)NC(=O)[C@@H](NC(=O)[C@H](CCCC[NH3+])NC(=O)CNC(=O)[C@H](CC(C)C)NC(=O)[C@H](CC(C)C)NC(=O)[C@H](Cc1ccc(O)cc1)NC(=O)CNC(=O)[C@H](C)N)[C@@H](C)CC)C(=O)N[C@H](C=O)CC(C)C,1,0.9993042945861816,probability,0.5
cellppd,xgboost_rdkit,xgboost-rdkit,101,test,C[C@H](N)C(=O)N[C@@H](CS)C(=O)N[C@@H](CCCNC(N)=[NH2+])C(=O)NCC(=O)N[C@@H](CCCNC(N)=[NH2+])C(=O)NCC(=O)N[C@@H](CCCNC(N)=[NH2+])C(=O)NCC(=O)N[C@@H](CS)C(=O)NCC(=O)N[C@@H](CO)C(=O)NCC(=O)N[C@@H](CO)C(=O)N[C@@H](CCCNC(N)=[NH2+])C(=O)N[C@@H](CO)C(=O)N[C@@H](CS)C(=O)NCC=O,C[C@H](N)C(=O)N[C@@H](CS)C(=O)N[C@@H](CCCNC(N)=[NH2+])C(=O)NCC(=O)N[C@@H](CCCNC(N)=[NH2+])C(=O)NCC(=O)N[C@@H](CCCNC(N)=[NH2+])C(=O)NCC(=O)N[C@@H](CS)C(=O)NCC(=O)N[C@@H](CO)C(=O)NCC(=O)N[C@@H](CO)C(=O)N[C@@H](CCCNC(N)=[NH2+])C(=O)N[C@@H](CO)C(=O)N[C@@H](CS)C(=O)NCC=O,1,0.9959291219711304,probability,0.5
cellppd,xgboost_rdkit,xgboost-rdkit,101,test,CC[C@H](C)[C@H](NC(=O)[C@H](C)NC(=O)[C@@H](NC(=O)[C@H](CCC(N)=O)NC(=O)[C@@H](N)CCCNC(N)=[NH2+])[C@@H](C)CC)C(=O)N[C@@H](Cc1c[nH]c2ccccc12)C(=O)N[C@@H](Cc1ccccc1)C(=O)N[C@@H](CCC(N)=O)C(=O)N[C@@H](CC(N)=O)C(=O)N[C@@H](CCCNC(N)=[NH2+])C(=O)N[C@@H](CCCNC(N)=[NH2+])C(=O)N[C@@H](CCSC)C(=O)N[C@@H](CCCC[NH3+])C(=O)N[C@@H](Cc1c[nH]c2ccccc12)C(=O)N[C@@H](CCCC[NH3+])C(=O)N[C@H](C=O)CCCC[NH3+],CC[C@H](C)[C@H](NC(=O)[C@H](C)NC(=O)[C@@H](NC(=O)[C@H](CCC(N)=O)NC(=O)[C@@H](N)CCCNC(N)=[NH2+])[C@@H](C)CC)C(=O)N[C@@H](Cc1c[nH]c2ccccc12)C(=O)N[C@@H](Cc1ccccc1)C(=O)N[C@@H](CCC(N)=O)C(=O)N[C@@H](CC(N)=O)C(=O)N[C@@H](CCCNC(N)=[NH2+])C(=O)N[C@@H](CCCNC(N)=[NH2+])C(=O)N[C@@H](CCSC)C(=O)N[C@@H](CCCC[NH3+])C(=O)N[C@@H](Cc1c[nH]c2ccccc12)C(=O)N[C@@H](CCCC[NH3+])C(=O)N[C@H](C=O)CCCC[NH3+],1,0.9994572401046753,probability,0.5
cellppd,xgboost_rdkit,xgboost-rdkit,101,test,NCC(=O)N[C@@H](CCCNC(N)=[NH2+])C(=O)N[C@@H](CCCC[NH3+])C(=O)N[C@@H](CCCC[NH3+])C(=O)N[C@@H](CCCNC(N)=[NH2+])C(=O)N[C@@H](CCCNC(N)=[NH2+])C(=O)N[C@@H](CCC(N)=O)C(=O)N[C@@H](CCCNC(N)=[NH2+])C(=O)N[C@@H](CCCNC(N)=[NH2+])C(=O)N[C@@H](CCCNC(N)=[NH2+])C(=O)N1CCC[C@H]1C(=O)N1CCC[C@H]1C(=O)N[C@@H](CCC(N)=O)C(=O)N[C@H](C=O)Cc1ccc(O)cc1,NCC(=O)N[C@@H](CCCNC(N)=[NH2+])C(=O)N[C@@H](CCCC[NH3+])C(=O)N[C@@H](CCCC[NH3+])C(=O)N[C@@H](CCCNC(N)=[NH2+])C(=O)N[C@@H](CCCNC(N)=[NH2+])C(=O)N[C@@H](CCC(N)=O)C(=O)N[C@@H](CCCNC(N)=[NH2+])C(=O)N[C@@H](CCCNC(N)=[NH2+])C(=O)N[C@@H](CCCNC(N)=[NH2+])C(=O)N1CCC[C@H]1C(=O)N1CCC[C@H]1C(=O)N[C@@H](CCC(N)=O)C(=O)N[C@H](C=O)Cc1ccc(O)cc1,1,0.9996640086174011,probability,0.5
cellppd,xgboost_rdkit,xgboost-rdkit,101,test,CC(=O)N[C@@H](CCCNC(N)=[NH2+])C(=O)N[C@@H](CCCNC(N)=[NH2+])C(=O)N[C@@H](CCCNC(N)=[NH2+])C(=O)N[C@@H](CCCNC(N)=[NH2+])C(=O)N[C@@H](CCCNC(N)=[NH2+])C(=O)N[C@@H](CCCNC(N)=[NH2+])C(=O)N[C@@H](CCCNC(N)=[NH2+])C(=O)N[C@@H](CCCNC(N)=[NH2+])C(N)=O,CC(=O)N[C@@H](CCCNC(N)=[NH2+])C(=O)N[C@@H](CCCNC(N)=[NH2+])C(=O)N[C@@H](CCCNC(N)=[NH2+])C(=O)N[C@@H](CCCNC(N)=[NH2+])C(=O)N[C@@H](CCCNC(N)=[NH2+])C(=O)N[C@@H](CCCNC(N)=[NH2+])C(=O)N[C@@H](CCCNC(N)=[NH2+])C(=O)N[C@@H](CCCNC(N)=[NH2+])C(N)=O,1,0.9984051585197449,probability,0.5
cellppd,xgboost_rdkit,xgboost-rdkit,101,test,NC(=[NH2+])NCCC[C@@H](N)C(=O)N[C@H](CCCNC(N)=[NH2+])C(=O)N[C@H](CCCNC(N)=[NH2+])C(=O)N[C@H](CCCNC(N)=[NH2+])C(=O)N[C@H](CCCNC(N)=[NH2+])C(=O)N[C@@H](C=O)CCCNC(N)=[NH2+],NC(=[NH2+])NCCC[C@@H](N)C(=O)N[C@H](CCCNC(N)=[NH2+])C(=O)N[C@H](CCCNC(N)=[NH2+])C(=O)N[C@H](CCCNC(N)=[NH2+])C(=O)N[C@H](CCCNC(N)=[NH2+])C(=O)N[C@@H](C=O)CCCNC(N)=[NH2+],1,0.9886894226074219,probability,0.5
cellppd,xgboost_rdkit,xgboost-rdkit,101,test,NC(=[NH2+])NCCC[C@@H](C=O)NC(=O)[C@H](CCCNC(N)=[NH2+])NC(=O)[C@H](CCCNC(N)=[NH2+])NC(=O)[C@H](CCCNC(N)=[NH2+])NC(=O)[C@H](CCCNC(N)=[NH2+])NC(=O)[C@@H](N)CCCNC(N)=[NH2+],NC(=[NH2+])NCCC[C@@H](C=O)NC(=O)[C@H](CCCNC(N)=[NH2+])NC(=O)[C@H](CCCNC(N)=[NH2+])NC(=O)[C@H](CCCNC(N)=[NH2+])NC(=O)[C@H](CCCNC(N)=[NH2+])NC(=O)[C@@H](N)CCCNC(N)=[NH2+],1,0.9886894226074219,probability,0.5
cellppd,xgboost_rdkit,xgboost-rdkit,101,test,CC[C@H](C)[C@H](NC(=O)[C@@H](NC(=O)[C@@H](N)Cc1c[nH]c2ccccc12)[C@@H](C)CC)C(=O)N[C@@H](Cc1ccccc1)C(=O)N[C@@H](CCCNC(N)=[NH2+])C(=O)N[C@@H](C)C(=O)N[C@@H](C)C(=O)N[C@@H](C)C(=O)N[C@@H](CO)C(=O)NC(CC1CNCN1)C(O)N[C@@H](CCCC[NH3+])C(=O)N[C@H](C=O)CCCC[NH3+],CC[C@H](C)[C@H](NC(=O)[C@@H](NC(=O)[C@@H](N)Cc1c[nH]c2ccccc12)[C@@H](C)CC)C(=O)N[C@@H](Cc1ccccc1)C(=O)N[C@@H](CCCNC(N)=[NH2+])C(=O)N[C@@H](C)C(=O)N[C@@H](C)C(=O)N[C@@H](C)C(=O)N[C@@H](CO)C(=O)NC(CC1CNCN1)C(O)N[C@@H](CCCC[NH3+])C(=O)N[C@H](C=O)CCCC[NH3+],1,0.9891160726547241,probability,0.5
cellppd,xgboost_rdkit,xgboost-rdkit,101,test,CC(C)C[C@H](NC(=O)[C@H](CCCNC(N)=[NH2+])NC(=O)[C@H](CCC(=O)O)NC(=O)[C@H](CC(=O)O)NC(=O)[C@H](C)NC(=O)[C@@H]1CCCN1C(=O)[C@H](CS)NC(=O)[C@H](CC(N)=O)NC(=O)[C@H](CCCNC(N)=[NH2+])NC(=O)[C@H](Cc1ccccc1)NC(=O)[C@H](CCCNC(N)=[NH2+])NC(=O)[C@H](CC(=O)O)NC(=O)[C@H](CCCNC(N)=[NH2+])NC(=O)[C@H](CS)NC(=O)[C@H](C)N)C(=O)N[C@@H](CS)C(=O)NCC=O,CC(C)C[C@H](NC(=O)[C@H](CCCNC(N)=[NH2+])NC(=O)[C@H](CCC(=O)O)NC(=O)[C@H](CC(=O)O)NC(=O)[C@H](C)NC(=O)[C@@H]1CCCN1C(=O)[C@H](CS)NC(=O)[C@H](CC(N)=O)NC(=O)[C@H](CCCNC(N)=[NH2+])NC(=O)[C@H](Cc1ccccc1)NC(=O)[C@H](CCCNC(N)=[NH2+])NC(=O)[C@H](CC(=O)O)NC(=O)[C@H](CCCNC(N)=[NH2+])NC(=O)[C@H](CS)NC(=O)[C@H](C)N)C(=O)N[C@@H](CS)C(=O)NCC=O,1,0.9884470105171204,probability,0.5
cellppd,xgboost_rdkit,xgboost-rdkit,101,test,CC(C)C[C@H](NC(=O)[C@H](C)NC(=O)[C@H](CCCC[NH3+])NC(=O)[C@H](CC(C)C)NC(=O)[C@H](C)NC(=O)[C@H](CC(C)C)NC(=O)[C@H](CCCC[NH3+])NC(=O)[C@H](CC(C)C)NC(=O)[C@H](C)NC(=O)[C@H](CC(C)C)NC(=O)[C@@H](N)CCCC[NH3+])C(=O)N[C@@H](CCCC[NH3+])C(=O)N[C@@H](C)C(=O)N[C@@H](C)C(=O)N[C@@H](CC(C)C)C(=O)N[C@@H](CCCC[NH3+])C(=O)N[C@@H](CC(C)C)C(=O)N[C@@H](C)C(=O)NCC(=O)N[C@H](C=O)CS,CC(C)C[C@H](NC(=O)[C@H](C)NC(=O)[C@H](CCCC[NH3+])NC(=O)[C@H](CC(C)C)NC(=O)[C@H](C)NC(=O)[C@H](CC(C)C)NC(=O)[C@H](CCCC[NH3+])NC(=O)[C@H](CC(C)C)NC(=O)[C@H](C)NC(=O)[C@H](CC(C)C)NC(=O)[C@@H](N)CCCC[NH3+])C(=O)N[C@@H](CCCC[NH3+])C(=O)N[C@@H](C)C(=O)N[C@@H](C)C(=O)N[C@@H](CC(C)C)C(=O)N[C@@H](CCCC[NH3+])C(=O)N[C@@H](CC(C)C)C(=O)N[C@@H](C)C(=O)NCC(=O)N[C@H](C=O)CS,1,0.9964202642440796,probability,0.5
cellppd,xgboost_rdkit,xgboost-rdkit,101,test,NC(=[NH2+])NCCC[C@H](NC(=O)[C@H](CCCNC(N)=[NH2+])NC(=O)[C@H](CCCNC(N)=[NH2+])NC(=O)[C@H](CCCNC(N)=[NH2+])NC(=O)[C@H](CCCNC(N)=[NH2+])NC(=O)[C@H](CCCNC(N)=[NH2+])NC(=O)[C@H](CCCNC(N)=[NH2+])NC(=O)[C@@H](N)CCCNC(N)=[NH2+])C(=O)NCC(=O)N[C@@H](CS)C(N)=O,NC(=[NH2+])NCCC[C@H](NC(=O)[C@H](CCCNC(N)=[NH2+])NC(=O)[C@H](CCCNC(N)=[NH2+])NC(=O)[C@H](CCCNC(N)=[NH2+])NC(=O)[C@H](CCCNC(N)=[NH2+])NC(=O)[C@H](CCCNC(N)=[NH2+])NC(=O)[C@H](CCCNC(N)=[NH2+])NC(=O)[C@@H](N)CCCNC(N)=[NH2+])C(=O)NCC(=O)N[C@@H](CS)C(N)=O,1,0.9997735023498535,probability,0.5
cellppd,xgboost_rdkit,xgboost-rdkit,101,test,CC[C@H](C)[C@H](NC(=O)[C@H](CCCC[NH3+])NC(=O)[C@H](CCCC[NH3+])NC(=O)[C@H](C)NC(=O)[C@H](CC(C)C)NC(=O)[C@H](C)NC(=O)[C@H](C)NC(=O)[C@H](CC(C)C)NC(=O)[C@H](C)NC(=O)[C@H](CCCC[NH3+])NC(=O)[C@H](CC(C)C)NC(=O)[C@H](CC(N)=O)NC(=O)[C@@H](NC(=O)[C@H](CCCC[NH3+])NC(=O)CNC(=O)[C@H](CC(C)C)NC(=O)[C@H](CC(C)C)NC(=O)[C@H](Cc1ccc(O)cc1)NC(=O)CNC(=O)[C@H](C)NC(=O)[C@H](CO)NC(=O)[C@H](CC(N)=O)NC(=O)[C@@H](N)CC(C)C)[C@@H](C)CC)C(=O)N[C@H](C=O)CC(C)C,CC[C@H](C)[C@H](NC(=O)[C@H](CCCC[NH3+])NC(=O)[C@H](CCCC[NH3+])NC(=O)[C@H](C)NC(=O)[C@H](CC(C)C)NC(=O)[C@H](C)NC(=O)[C@H](C)NC(=O)[C@H](CC(C)C)NC(=O)[C@H](C)NC(=O)[C@H](CCCC[NH3+])NC(=O)[C@H](CC(C)C)NC(=O)[C@H](CC(N)=O)NC(=O)[C@@H](NC(=O)[C@H](CCCC[NH3+])NC(=O)CNC(=O)[C@H](CC(C)C)NC(=O)[C@H](CC(C)C)NC(=O)[C@H](Cc1ccc(O)cc1)NC(=O)CNC(=O)[C@H](C)NC(=O)[C@H](CO)NC(=O)[C@H](CC(N)=O)NC(=O)[C@@H](N)CC(C)C)[C@@H](C)CC)C(=O)N[C@H](C=O)CC(C)C,1,0.983183741569519,probability,0.5
cellppd,xgboost_rdkit,xgboost-rdkit,101,test,CC(=O)N[C@@H](CS)C(=O)N[C@@H](Cc1c[nH]c2ccccc12)C(=O)N[C@@H](CCCC[NH3+])C(=O)N[C@@H](CCCC[NH3+])C(=O)N[C@@H](CCCC[NH3+])C(=O)N[C@@H](CCCC[NH3+])C(=O)N[C@@H](CCCC[NH3+])C(=O)N[C@@H](CCCC[NH3+])C(=O)N[C@@H](CCCC[NH3+])C(=O)N[C@@H](CCCC[NH3+])C(=O)N[C@@H](CCCC[NH3+])C(=O)N[C@@H](CCCC[NH3+])C(=O)N[C@@H](CCCC[NH3+])C(=O)N[C@@H](CCCC[NH3+])C(=O)N[C@@H](CCCC[NH3+])C(=O)N[C@@H](CCCC[NH3+])C(=O)N[C@@H](CCCC[NH3+])C(=O)N[C@@H](CCCC[NH3+])C(=O)N[C@@H](CCCC[NH3+])C(=O)N[C@H](C=O)CCCC[NH3+],CC(=O)N[C@@H](CS)C(=O)N[C@@H](Cc1c[nH]c2ccccc12)C(=O)N[C@@H](CCCC[NH3+])C(=O)N[C@@H](CCCC[NH3+])C(=O)N[C@@H](CCCC[NH3+])C(=O)N[C@@H](CCCC[NH3+])C(=O)N[C@@H](CCCC[NH3+])C(=O)N[C@@H](CCCC[NH3+])C(=O)N[C@@H](CCCC[NH3+])C(=O)N[C@@H](CCCC[NH3+])C(=O)N[C@@H](CCCC[NH3+])C(=O)N[C@@H](CCCC[NH3+])C(=O)N[C@@H](CCCC[NH3+])C(=O)N[C@@H](CCCC[NH3+])C(=O)N[C@@H](CCCC[NH3+])C(=O)N[C@@H](CCCC[NH3+])C(=O)N[C@@H](CCCC[NH3+])C(=O)N[C@@H](CCCC[NH3+])C(=O)N[C@@H](CCCC[NH3+])C(=O)N[C@H](C=O)CCCC[NH3+],1,0.979350745677948,probability,0.5
cellppd,xgboost_rdkit,xgboost-rdkit,101,test,CC[C@H](C)[C@H](NC(=O)[C@H](CCCC[NH3+])NC(=O)[C@@H](NC(=O)[C@H](CCC(N)=O)NC(=O)[C@@H]([NH3+])CCCNC(N)=[NH2+])[C@@H](C)CC)C(=O)N[C@@H](Cc1c[nH]c2ccccc12)C(=O)N[C@@H](Cc1ccccc1)C(=O)N[C@@H](CCC(N)=O)C(=O)N[C@@H](CC(N)=O)C(=O)N[C@@H](CCCNC(N)=[NH2+])C(=O)N[C@@H](CCCNC(N)=[NH2+])C(=O)N[C@@H](CCSC)C(=O)N[C@@H](CCCC[NH3+])C(=O)N[C@@H](Cc1c[nH]c2ccccc12)C(=O)N[C@@H](CCCC[NH3+])C(=O)N[C@@H](CCCC[NH3+])C(=O)O,CC[C@H](C)[C@H](NC(=O)[C@H](CCCC[NH3+])NC(=O)[C@@H](NC(=O)[C@H](CCC(N)=O)NC(=O)[C@@H]([NH3+])CCCNC(N)=[NH2+])[C@@H](C)CC)C(=O)N[C@@H](Cc1c[nH]c2ccccc12)C(=O)N[C@@H](Cc1ccccc1)C(=O)N[C@@H](CCC(N)=O)C(=O)N[C@@H](CC(N)=O)C(=O)N[C@@H](CCCNC(N)=[NH2+])C(=O)N[C@@H](CCCNC(N)=[NH2+])C(=O)N[C@@H](CCSC)C(=O)N[C@@H](CCCC[NH3+])C(=O)N[C@@H](Cc1c[nH]c2ccccc12)C(=O)N[C@@H](CCCC[NH3+])C(=O)N[C@@H](CCCC[NH3+])C(=O)O,1,0.9978280067443848,probability,0.5
cellppd,xgboost_rdkit,xgboost-rdkit,101,test,C[C@H](N)C(=O)N[C@@H](CS)C(=O)N[C@@H](CCCNC(N)=[NH2+])C(=O)N[C@@H](CCCNC(N)=[NH2+])C(=O)N[C@@H](CO)C(=O)N[C@@H](CCCNC(N)=[NH2+])C(=O)N[C@@H](CCCNC(N)=[NH2+])C(=O)NCC(=O)N[C@@H](CS)C(=O)NCC(=O)N[C@@H](CCCNC(N)=[NH2+])C(=O)N[C@@H](CCCNC(N)=[NH2+])C(=O)N[C@@H](CO)C(=O)N[C@@H](CCCNC(N)=[NH2+])C(=O)N[C@@H](CCCNC(N)=[NH2+])C(=O)N[C@@H](CS)C(=O)NCC=O,C[C@H](N)C(=O)N[C@@H](CS)C(=O)N[C@@H](CCCNC(N)=[NH2+])C(=O)N[C@@H](CCCNC(N)=[NH2+])C(=O)N[C@@H](CO)C(=O)N[C@@H](CCCNC(N)=[NH2+])C(=O)N[C@@H](CCCNC(N)=[NH2+])C(=O)NCC(=O)N[C@@H](CS)C(=O)NCC(=O)N[C@@H](CCCNC(N)=[NH2+])C(=O)N[C@@H](CCCNC(N)=[NH2+])C(=O)N[C@@H](CO)C(=O)N[C@@H](CCCNC(N)=[NH2+])C(=O)N[C@@H](CCCNC(N)=[NH2+])C(=O)N[C@@H](CS)C(=O)NCC=O,1,0.9995417594909668,probability,0.5
cellppd,xgboost_rdkit,xgboost-rdkit,101,test,CC(=O)N[C@@H](CCCNC(N)=[NH2+])C(=O)N[C@@H](CC(C)C)C(=O)N[C@@H](CC(C)C)C(=O)N[C@@H](CCCNC(N)=[NH2+])C(=O)N[C@@H](CC(C)C)C(=O)N[C@@H](CC(C)C)C(=O)N[C@@H](CC(C)C)C(=O)N[C@@H](CCCNC(N)=[NH2+])C(=O)N[C@@H](CC(C)C)C(=O)N[C@@H](Cc1c[nH]c2ccccc12)C(=O)N[C@@H](CCCNC(N)=[NH2+])C(=O)N[C@@H](CCCNC(N)=[NH2+])C(=O)N[C@@H](CC(C)C)C(=O)N[C@@H](CC(C)C)C(=O)N[C@@H](CCCNC(N)=[NH2+])C(=O)N[C@@H](CC(C)C)C(=O)N[C@@H](CC(C)C)C(=O)N[C@@H](CCCNC(N)=[NH2+])C(N)=O,CC(=O)N[C@@H](CCCNC(N)=[NH2+])C(=O)N[C@@H](CC(C)C)C(=O)N[C@@H](CC(C)C)C(=O)N[C@@H](CCCNC(N)=[NH2+])C(=O)N[C@@H](CC(C)C)C(=O)N[C@@H](CC(C)C)C(=O)N[C@@H](CC(C)C)C(=O)N[C@@H](CCCNC(N)=[NH2+])C(=O)N[C@@H](CC(C)C)C(=O)N[C@@H](Cc1c[nH]c2ccccc12)C(=O)N[C@@H](CCCNC(N)=[NH2+])C(=O)N[C@@H](CCCNC(N)=[NH2+])C(=O)N[C@@H](CC(C)C)C(=O)N[C@@H](CC(C)C)C(=O)N[C@@H](CCCNC(N)=[NH2+])C(=O)N[C@@H](CC(C)C)C(=O)N[C@@H](CC(C)C)C(=O)N[C@@H](CCCNC(N)=[NH2+])C(N)=O,1,0.7778089642524719,probability,0.5
cellppd,xgboost_rdkit,xgboost-rdkit,101,test,C[C@H](NC(=O)[C@H](CCCC[NH3+])NC(=O)[C@H](CO)NC(=O)[C@H](CCCNC(N)=[NH2+])NC(=O)[C@H](C)NC(O)C(CC1CNCN1)NC(O)C(CC1CNCN1)NC(=O)[C@H](CCCNC(N)=[NH2+])NC(=O)[C@H](CCCNC(N)=[NH2+])NC(=O)[C@@H](N)CO)C(=O)N[C@@H](CCCC[NH3+])C(=O)N[C@@H](CCCNC(N)=[NH2+])C(=O)N[C@@H](CO)C(=O)N[C@@H](CCCNC(N)=[NH2+])C(=O)NC(CC1CNCN1)C(O)NC(CO)CC1CNCN1,C[C@H](NC(=O)[C@H](CCCC[NH3+])NC(=O)[C@H](CO)NC(=O)[C@H](CCCNC(N)=[NH2+])NC(=O)[C@H](C)NC(O)C(CC1CNCN1)NC(O)C(CC1CNCN1)NC(=O)[C@H](CCCNC(N)=[NH2+])NC(=O)[C@H](CCCNC(N)=[NH2+])NC(=O)[C@@H](N)CO)C(=O)N[C@@H](CCCC[NH3+])C(=O)N[C@@H](CCCNC(N)=[NH2+])C(=O)N[C@@H](CO)C(=O)N[C@@H](CCCNC(N)=[NH2+])C(=O)NC(CC1CNCN1)C(O)NC(CO)CC1CNCN1,1,0.99797123670578,probability,0.5
cellppd,xgboost_rdkit,xgboost-rdkit,101,test,NC(=[NH2+])NCCC[C@@H](C=O)NC(=O)[C@H](CCCNC(N)=[NH2+])NC(=O)[C@H](CCCNC(N)=[NH2+])NC(=O)[C@H](CCCNC(N)=[NH2+])NC(=O)[C@H](CCCNC(N)=[NH2+])NC(=O)[C@H](CCCNC(N)=[NH2+])NC(=O)[C@H](CCCNC(N)=[NH2+])NC(=O)[C@H](CCCNC(N)=[NH2+])NC(=O)[C@H](CCCNC(N)=[NH2+])NC(=O)[C@H](CCCNC(N)=[NH2+])NC(=O)[C@@H](N)CCCNC(N)=[NH2+],NC(=[NH2+])NCCC[C@@H](C=O)NC(=O)[C@H](CCCNC(N)=[NH2+])NC(=O)[C@H](CCCNC(N)=[NH2+])NC(=O)[C@H](CCCNC(N)=[NH2+])NC(=O)[C@H](CCCNC(N)=[NH2+])NC(=O)[C@H](CCCNC(N)=[NH2+])NC(=O)[C@H](CCCNC(N)=[NH2+])NC(=O)[C@H](CCCNC(N)=[NH2+])NC(=O)[C@H](CCCNC(N)=[NH2+])NC(=O)[C@H](CCCNC(N)=[NH2+])NC(=O)[C@@H](N)CCCNC(N)=[NH2+],1,0.9998326301574707,probability,0.5
cellppd,xgboost_rdkit,xgboost-rdkit,101,test,C[C@H](NC(=O)[C@H](CCC(N)=O)NC(=O)[C@@H](N)CCCNC(N)=[NH2+])C(=O)N[C@@H](CCCNC(N)=[NH2+])C(=O)N[C@@H](CCCNC(N)=[NH2+])C(=O)N[C@@H](CC(N)=O)C(=O)N[C@@H](CCCNC(N)=[NH2+])C(=O)N[C@@H](CCCNC(N)=[NH2+])C(=O)N[C@@H](CCCNC(N)=[NH2+])C(=O)N[C@H](C=O)CS,C[C@H](NC(=O)[C@H](CCC(N)=O)NC(=O)[C@@H](N)CCCNC(N)=[NH2+])C(=O)N[C@@H](CCCNC(N)=[NH2+])C(=O)N[C@@H](CCCNC(N)=[NH2+])C(=O)N[C@@H](CC(N)=O)C(=O)N[C@@H](CCCNC(N)=[NH2+])C(=O)N[C@@H](CCCNC(N)=[NH2+])C(=O)N[C@@H](CCCNC(N)=[NH2+])C(=O)N[C@H](C=O)CS,1,0.9995241165161133,probability,0.5
cellppd,xgboost_rdkit,xgboost-rdkit,101,test,CC[C@H](C)[C@H](NC(=O)[C@H](CCCC[NH3+])NC(=O)[C@@H](NC(=O)[C@H](CCC(N)=O)NC(=O)[C@@H]([NH3+])CCCNC(N)=[NH2+])[C@@H](C)CC)C(=O)N[C@@H](Cc1c[nH]c2ccccc12)C(=O)N[C@@H](Cc1ccccc1)C(=O)N[C@@H](CCC(N)=O)C(=O)N[C@@H](CC(N)=O)C(=O)N[C@@H](CCCNC(N)=[NH2+])C(=O)N[C@@H](CCCNC(N)=[NH2+])C(=O)N[C@@H](CCSC)C(=O)N[C@@H](CCCC[NH3+])C(=O)N[C@@H](Cc1c[nH]c2ccccc12)C(=O)N[C@@H](CCCC[NH3+])C(=O)N[C@@H](CCCC[NH3+])C(=O)O,CC[C@H](C)[C@H](NC(=O)[C@H](CCCC[NH3+])NC(=O)[C@@H](NC(=O)[C@H](CCC(N)=O)NC(=O)[C@@H]([NH3+])CCCNC(N)=[NH2+])[C@@H](C)CC)C(=O)N[C@@H](Cc1c[nH]c2ccccc12)C(=O)N[C@@H](Cc1ccccc1)C(=O)N[C@@H](CCC(N)=O)C(=O)N[C@@H](CC(N)=O)C(=O)N[C@@H](CCCNC(N)=[NH2+])C(=O)N[C@@H](CCCNC(N)=[NH2+])C(=O)N[C@@H](CCSC)C(=O)N[C@@H](CCCC[NH3+])C(=O)N[C@@H](Cc1c[nH]c2ccccc12)C(=O)N[C@@H](CCCC[NH3+])C(=O)N[C@@H](CCCC[NH3+])C(=O)O,1,0.9978280067443848,probability,0.5
cellppd,xgboost_rdkit,xgboost-rdkit,101,test,NC(=[NH2+])NCCC[C@@H](NC(=O)[C@H](N)CS)C(=O)N[C@H](Cc1c[nH]c2ccccc12)C(=O)N[C@H](CCCNC(N)=[NH2+])C(=O)N[C@H](Cc1c[nH]c2ccccc12)C(=O)N[C@H](CCCC[NH3+])C(=O)N[C@H](CS)C(=O)N[C@H](CS)C(=O)N[C@H](CCCC[NH3+])C(=O)N[C@@H](C=O)CCCC[NH3+],NC(=[NH2+])NCCC[C@@H](NC(=O)[C@H](N)CS)C(=O)N[C@H](Cc1c[nH]c2ccccc12)C(=O)N[C@H](CCCNC(N)=[NH2+])C(=O)N[C@H](Cc1c[nH]c2ccccc12)C(=O)N[C@H](CCCC[NH3+])C(=O)N[C@H](CS)C(=O)N[C@H](CS)C(=O)N[C@H](CCCC[NH3+])C(=O)N[C@@H](C=O)CCCC[NH3+],1,0.9926843643188477,probability,0.5
cellppd,xgboost_rdkit,xgboost-rdkit,101,test,NC(=[NH2+])NCCC[C@H](NC(=O)[C@H](Cc1c[nH]c2ccccc12)NC(=O)[C@@H](CCCNC(N)=[NH2+])NC(=O)[C@@H](N)CS)C(=O)N[C@@H](Cc1c[nH]c2ccccc12)C(=O)N[C@@H](CCCC[NH3+])C(=O)N[C@@H](CS)C(=O)N[C@@H](CS)C(=O)N[C@@H](CCCC[NH3+])C(=O)N[C@H](C=O)CCCC[NH3+],NC(=[NH2+])NCCC[C@H](NC(=O)[C@H](Cc1c[nH]c2ccccc12)NC(=O)[C@@H](CCCNC(N)=[NH2+])NC(=O)[C@@H](N)CS)C(=O)N[C@@H](Cc1c[nH]c2ccccc12)C(=O)N[C@@H](CCCC[NH3+])C(=O)N[C@@H](CS)C(=O)N[C@@H](CS)C(=O)N[C@@H](CCCC[NH3+])C(=O)N[C@H](C=O)CCCC[NH3+],1,0.9926843643188477,probability,0.5
cellppd,xgboost_rdkit,xgboost-rdkit,101,test,CC[C@H](C)[C@H](NC(=O)[C@H](CC(C)C)NC(=O)[C@@H](N)CCCC[NH3+])C(=O)N[C@@H](CCCC[NH3+])C(=O)NCC(=O)N[C@@H](CCCNC(N)=[NH2+])C(=O)N[C@H](C(=O)N1CCC[C@H]1C(=O)N[C@H](C(=O)N[C@@H](CCCC[NH3+])C(=O)N[C@@H](Cc1ccccc1)C(=O)NCC(=O)N[C@@H](CCCC[NH3+])C(=O)N[C@@H](C)C(=O)N[C@@H](CC(=O)O)C(=O)N[C@@H](CS)C(=O)N[C@@H](CC(=O)O)C(=O)N[C@@H](CCCNC(N)=[NH2+])C(=O)N1CCC[C@H]1C(=O)N1CCC[C@H]1C(=O)N[C@@H](CCCC[NH3+])C(=O)NC(CC1CNCN1)C(O)N[C@@H](CO)C(=O)NCC(=O)N[C@H](C=O)CCCC[NH3+])[C@@H](C)CC)[C@@H](C)O,CC[C@H](C)[C@H](NC(=O)[C@H](CC(C)C)NC(=O)[C@@H](N)CCCC[NH3+])C(=O)N[C@@H](CCCC[NH3+])C(=O)NCC(=O)N[C@@H](CCCNC(N)=[NH2+])C(=O)N[C@H](C(=O)N1CCC[C@H]1C(=O)N[C@H](C(=O)N[C@@H](CCCC[NH3+])C(=O)N[C@@H](Cc1ccccc1)C(=O)NCC(=O)N[C@@H](CCCC[NH3+])C(=O)N[C@@H](C)C(=O)N[C@@H](CC(=O)O)C(=O)N[C@@H](CS)C(=O)N[C@@H](CC(=O)O)C(=O)N[C@@H](CCCNC(N)=[NH2+])C(=O)N1CCC[C@H]1C(=O)N1CCC[C@H]1C(=O)N[C@@H](CCCC[NH3+])C(=O)NC(CC1CNCN1)C(O)N[C@@H](CO)C(=O)NCC(=O)N[C@H](C=O)CCCC[NH3+])[C@@H](C)CC)[C@@H](C)O,1,0.9912897348403931,probability,0.5
cellppd,xgboost_rdkit,xgboost-rdkit,101,test,CC[C@H](C)[C@H](NC(=O)[C@H](CCCC[NH3+])NC(=O)[C@@H](NC(=O)[C@H](CCC(N)=O)NC(=O)[C@@H]([NH3+])CCCNC(N)=[NH2+])[C@@H](C)CC)C(=O)N[C@@H](Cc1c[nH]c2ccccc12)C(=O)N[C@@H](Cc1ccccc1)C(=O)N[C@@H](CCC(N)=O)C(=O)N[C@@H](CC(N)=O)C(=O)N[C@@H](CCCNC(N)=[NH2+])C(=O)N[C@@H](CCCNC(N)=[NH2+])C(=O)N[C@@H](CCSC)C(=O)N[C@@H](CCCC[NH3+])C(=O)N[C@@H](Cc1c[nH]c2ccccc12)C(=O)N[C@@H](CCCC[NH3+])C(=O)N[C@@H](CCCC[NH3+])C(=O)O,CC[C@H](C)[C@H](NC(=O)[C@H](CCCC[NH3+])NC(=O)[C@@H](NC(=O)[C@H](CCC(N)=O)NC(=O)[C@@H]([NH3+])CCCNC(N)=[NH2+])[C@@H](C)CC)C(=O)N[C@@H](Cc1c[nH]c2ccccc12)C(=O)N[C@@H](Cc1ccccc1)C(=O)N[C@@H](CCC(N)=O)C(=O)N[C@@H](CC(N)=O)C(=O)N[C@@H](CCCNC(N)=[NH2+])C(=O)N[C@@H](CCCNC(N)=[NH2+])C(=O)N[C@@H](CCSC)C(=O)N[C@@H](CCCC[NH3+])C(=O)N[C@@H](Cc1c[nH]c2ccccc12)C(=O)N[C@@H](CCCC[NH3+])C(=O)N[C@@H](CCCC[NH3+])C(=O)O,1,0.9978280067443848,probability,0.5
cellppd,xgboost_rdkit,xgboost-rdkit,101,test,C[C@H](NC(=O)[C@H](CCCNC(N)=[NH2+])NC(=O)[C@H](CCCNC(N)=[NH2+])NC(=O)[C@H](CCC(=O)O)NC(=O)[C@H](CCCNC(N)=[NH2+])NC(=O)[C@H](CCCNC(N)=[NH2+])NC(=O)[C@@H](N)CCCNC(N)=[NH2+])C(=O)N[C@@H](CCC(=O)O)C(=O)N[C@H](C=O)CCCC[NH3+],C[C@H](NC(=O)[C@H](CCCNC(N)=[NH2+])NC(=O)[C@H](CCCNC(N)=[NH2+])NC(=O)[C@H](CCC(=O)O)NC(=O)[C@H](CCCNC(N)=[NH2+])NC(=O)[C@H](CCCNC(N)=[NH2+])NC(=O)[C@@H](N)CCCNC(N)=[NH2+])C(=O)N[C@@H](CCC(=O)O)C(=O)N[C@H](C=O)CCCC[NH3+],1,0.9962801933288574,probability,0.5
cellppd,xgboost_rdkit,xgboost-rdkit,101,test,NCC(=O)N[C@@H](CCCNC(N)=[NH2+])C(=O)N[C@@H](CCCC[NH3+])C(=O)N[C@@H](CCCC[NH3+])C(=O)N[C@@H](CCCNC(N)=[NH2+])C(=O)N[C@@H](CCCNC(N)=[NH2+])C(=O)N[C@@H](CCC(N)=O)C(=O)N[C@@H](CCCNC(N)=[NH2+])C(=O)N[C@@H](CCCNC(N)=[NH2+])C(=O)N[C@@H](CCCNC(N)=[NH2+])C(=O)N1CCC[C@H]1C(=O)N1CCC[C@H]1C(=O)N[C@H](C=O)CCC(N)=O,NCC(=O)N[C@@H](CCCNC(N)=[NH2+])C(=O)N[C@@H](CCCC[NH3+])C(=O)N[C@@H](CCCC[NH3+])C(=O)N[C@@H](CCCNC(N)=[NH2+])C(=O)N[C@@H](CCCNC(N)=[NH2+])C(=O)N[C@@H](CCC(N)=O)C(=O)N[C@@H](CCCNC(N)=[NH2+])C(=O)N[C@@H](CCCNC(N)=[NH2+])C(=O)N[C@@H](CCCNC(N)=[NH2+])C(=O)N1CCC[C@H]1C(=O)N1CCC[C@H]1C(=O)N[C@H](C=O)CCC(N)=O,1,0.9996994733810425,probability,0.5
cellppd,xgboost_rdkit,xgboost-rdkit,101,test,NC(=[NH2+])NCCC[C@@H](C=O)NC(=O)[C@H](CCCNC(N)=[NH2+])NC(=O)[C@H](CCCNC(N)=[NH2+])NC(=O)[C@H](CCCNC(N)=[NH2+])NC(=O)[C@H](CCCNC(N)=[NH2+])NC(=O)[C@H](CCCNC(N)=[NH2+])NC(=O)[C@H](CCCNC(N)=[NH2+])NC(=O)[C@H](CCCNC(N)=[NH2+])NC(=O)[C@H](Cc1c[nH]c2ccccc12)NC(=O)[C@H](Cc1c[nH]c2ccccc12)NC(=O)[C@H](Cc1c[nH]c2ccccc12)NC(=O)[C@@H](N)Cc1c[nH]c2ccccc12,NC(=[NH2+])NCCC[C@@H](C=O)NC(=O)[C@H](CCCNC(N)=[NH2+])NC(=O)[C@H](CCCNC(N)=[NH2+])NC(=O)[C@H](CCCNC(N)=[NH2+])NC(=O)[C@H](CCCNC(N)=[NH2+])NC(=O)[C@H](CCCNC(N)=[NH2+])NC(=O)[C@H](CCCNC(N)=[NH2+])NC(=O)[C@H](CCCNC(N)=[NH2+])NC(=O)[C@H](Cc1c[nH]c2ccccc12)NC(=O)[C@H](Cc1c[nH]c2ccccc12)NC(=O)[C@H](Cc1c[nH]c2ccccc12)NC(=O)[C@@H](N)Cc1c[nH]c2ccccc12,1,0.9963352084159851,probability,0.5
cellppd,xgboost_rdkit,xgboost-rdkit,101,test,CC[C@H](C)[C@H](NC(=O)[C@H](CCCNC(N)=[NH2+])NC(=O)[C@@H](NC(=O)[C@H](CCC(N)=O)NC(=O)[C@@H](N)CCCNC(N)=[NH2+])[C@@H](C)CC)C(=O)N[C@@H](Cc1c[nH]c2ccccc12)C(=O)N[C@@H](Cc1ccccc1)C(=O)N[C@@H](CCC(N)=O)C(=O)N[C@@H](CC(N)=O)C(=O)N[C@@H](CCCNC(N)=[NH2+])C(=O)N[C@@H](CCCNC(N)=[NH2+])C(=O)N[C@@H](CCSC)C(=O)N[C@@H](CCCNC(N)=[NH2+])C(=O)N[C@@H](Cc1c[nH]c2ccccc12)C(=O)N[C@@H](CCCNC(N)=[NH2+])C(=O)N[C@H](C=O)CCCNC(N)=[NH2+],CC[C@H](C)[C@H](NC(=O)[C@H](CCCNC(N)=[NH2+])NC(=O)[C@@H](NC(=O)[C@H](CCC(N)=O)NC(=O)[C@@H](N)CCCNC(N)=[NH2+])[C@@H](C)CC)C(=O)N[C@@H](Cc1c[nH]c2ccccc12)C(=O)N[C@@H](Cc1ccccc1)C(=O)N[C@@H](CCC(N)=O)C(=O)N[C@@H](CC(N)=O)C(=O)N[C@@H](CCCNC(N)=[NH2+])C(=O)N[C@@H](CCCNC(N)=[NH2+])C(=O)N[C@@H](CCSC)C(=O)N[C@@H](CCCNC(N)=[NH2+])C(=O)N[C@@H](Cc1c[nH]c2ccccc12)C(=O)N[C@@H](CCCNC(N)=[NH2+])C(=O)N[C@H](C=O)CCCNC(N)=[NH2+],1,0.9954313039779663,probability,0.5
cellppd,xgboost_rdkit,xgboost-rdkit,101,test,CC(C)C[C@H](NC(=O)[C@H](CO)NC(=O)[C@H](CO)NC(=O)[C@H](Cc1c[nH]c2ccccc12)NC(=O)[C@H](CC(C)C)NC(=O)[C@H](CO)NC(=O)[C@@H]1CCCN1C(=O)[C@H](Cc1c[nH]c2ccccc12)NC(=O)[C@H](C)NC(=O)[C@H](CO)NC(=O)[C@H](Cc1c[nH]c2ccccc12)NC(=O)[C@H](CC(C)C)NC(=O)[C@@H](N)CCCC[NH3+])C(=O)N[C@@H](Cc1c[nH]c2ccccc12)C(=O)N[C@@H](CCCC[NH3+])C(=O)N1CCC[C@H]1C(N)=O,CC(C)C[C@H](NC(=O)[C@H](CO)NC(=O)[C@H](CO)NC(=O)[C@H](Cc1c[nH]c2ccccc12)NC(=O)[C@H](CC(C)C)NC(=O)[C@H](CO)NC(=O)[C@@H]1CCCN1C(=O)[C@H](Cc1c[nH]c2ccccc12)NC(=O)[C@H](C)NC(=O)[C@H](CO)NC(=O)[C@H](Cc1c[nH]c2ccccc12)NC(=O)[C@H](CC(C)C)NC(=O)[C@@H](N)CCCC[NH3+])C(=O)N[C@@H](Cc1c[nH]c2ccccc12)C(=O)N[C@@H](CCCC[NH3+])C(=O)N1CCC[C@H]1C(N)=O,1,0.4639491140842438,probability,0.5
cellppd,xgboost_rdkit,xgboost-rdkit,101,test,CC[C@H](C)[C@@H]1NC(=O)[C@@H]2CCCN2C(=O)[C@@H]2CCCN2C(=O)[C@H]([C@@H](C)CC)NC(=O)[C@H](CO)NC(=O)[C@H](CCCC[NH3+])NC(=O)[C@H]([C@@H](C)O)NC(=O)[C@@H]2CSSC[C@H](NC1=O)C(=O)N[C@@H](Cc1ccccc1)C(=O)N1CCC[C@H]1C(=O)N[C@@H](CC(=O)O)C(=O)NCC(=O)N[C@@H](CCCNC(N)=[NH2+])C(=O)N2,CC[C@H](C)[C@@H]1NC(=O)[C@@H]2CCCN2C(=O)[C@@H]2CCCN2C(=O)[C@H]([C@@H](C)CC)NC(=O)[C@H](CO)NC(=O)[C@H](CCCC[NH3+])NC(=O)[C@H]([C@@H](C)O)NC(=O)[C@@H]2CSSC[C@H](NC1=O)C(=O)N[C@@H](Cc1ccccc1)C(=O)N1CCC[C@H]1C(=O)N[C@@H](CC(=O)O)C(=O)NCC(=O)N[C@@H](CCCNC(N)=[NH2+])C(=O)N2,1,0.7716482281684875,probability,0.5
cellppd,xgboost_rdkit,xgboost-rdkit,101,test,CC(C)C[C@H](NC(=O)[C@@H](NC(=O)[C@H](CCCCN)NC(=O)[C@H](Cc1ccc(O)cc1)NC(=O)[C@@H](NC(=O)[C@H](Cc1ccc(O)cc1)NC(=O)[C@@H](NC(=O)[C@H](CO)NC(=O)[C@H](Cc1ccc(O)cc1)NC(=O)[C@H](CO)NC(=O)[C@H](CCC(=O)O)NC(=O)[C@H](CCCCN)NC(=O)[C@H](CCCNC(=N)N)NC(=O)[C@H](CO)NC(=O)[C@H](CCCNC(=N)N)NC1=[O+]C(CN)CC[C@@H]1NC(=O)[C@H](CCCNC(=N)N)NC(=O)[C@H](CCCCN)NC(=O)[C@H](CCCCN)NC(=O)CNC(=O)[C@H](CC(=O)O)NC(=O)[C@H](CCCCN)NC(=O)[C@H](CCCCN)NC(=O)[C@H](CCC(N)=O)NC(=O)[C@H](C)NC(=O)[C@H](CCCCN)NC(=O)[C@@H](NC(=O)[C@@H](NC(=O)[C@H](C)NC(=O)[C@H](CCCCN)NC(=O)[C@H](CCCCN)NC(=O)[C@H](CO)NC(=O)CNC(=O)[C@@H](N)CCCCN)C(C)C)[C@@H](C)O)C(C)C)C(C)C)C(C)C)C(=O)N[C@@H](CCCCN)C(=O)N[C@H](C=O)CCC(N)=O,CC(C)C[C@H](NC(=O)[C@@H](NC(=O)[C@H](CCCCN)NC(=O)[C@H](Cc1ccc(O)cc1)NC(=O)[C@@H](NC(=O)[C@H](Cc1ccc(O)cc1)NC(=O)[C@@H](NC(=O)[C@H](CO)NC(=O)[C@H](Cc1ccc(O)cc1)NC(=O)[C@H](CO)NC(=O)[C@H](CCC(=O)O)NC(=O)[C@H](CCCCN)NC(=O)[C@H](CCCNC(=N)N)NC(=O)[C@H](CO)NC(=O)[C@H](CCCNC(=N)N)NC1=[O+]C(CN)CC[C@@H]1NC(=O)[C@H](CCCNC(=N)N)NC(=O)[C@H](CCCCN)NC(=O)[C@H](CCCCN)NC(=O)CNC(=O)[C@H](CC(=O)O)NC(=O)[C@H](CCCCN)NC(=O)[C@H](CCCCN)NC(=O)[C@H](CCC(N)=O)NC(=O)[C@H](C)NC(=O)[C@H](CCCCN)NC(=O)[C@@H](NC(=O)[C@@H](NC(=O)[C@H](C)NC(=O)[C@H](CCCCN)NC(=O)[C@H](CCCCN)NC(=O)[C@H](CO)NC(=O)CNC(=O)[C@@H](N)CCCCN)C(C)C)[C@@H](C)O)C(C)C)C(C)C)C(C)C)C(=O)N[C@@H](CCCCN)C(=O)N[C@H](C=O)CCC(N)=O,1,0.9800090789794922,probability,0.5
cellppd,xgboost_rdkit,xgboost-rdkit,101,test,C[C@@H](O)[C@@H](C=O)NC(=O)[C@H](CCCNC(N)=[NH2+])NC(=O)[C@H](CCCC[NH3+])NC(=O)[C@H](CCCC[NH3+])NC(=O)[C@H](CCCNC(N)=[NH2+])NC(=O)[C@H](CCCC[NH3+])NC(=O)[C@H](CCCNC(N)=[NH2+])NC(=O)CN,C[C@@H](O)[C@@H](C=O)NC(=O)[C@H](CCCNC(N)=[NH2+])NC(=O)[C@H](CCCC[NH3+])NC(=O)[C@H](CCCC[NH3+])NC(=O)[C@H](CCCNC(N)=[NH2+])NC(=O)[C@H](CCCC[NH3+])NC(=O)[C@H](CCCNC(N)=[NH2+])NC(=O)CN,1,0.9513909220695496,probability,0.5
cellppd,xgboost_rdkit,xgboost-rdkit,101,test,C[C@H](NC(=O)[C@H](CCCNC(N)=[NH2+])NC(=O)[C@H](CCCNC(N)=[NH2+])NC(=O)[C@H](CCCNC(N)=[NH2+])NC(=O)[C@H](CCCNC(N)=[NH2+])NC(=O)CN)C(=O)N[C@H](C(=O)N[C@@H](C)C(=O)N[C@@H](CCCC[NH3+])C(=O)N[C@@H](Cc1ccc(O)cc1)C(=O)N[C@@H](CCCNC(N)=[NH2+])C(=O)N[C@H](C(=O)N[C@@H](C)C(=O)NC(CO)CC1CNCN1)[C@@H](C)O)[C@@H](C)O,C[C@H](NC(=O)[C@H](CCCNC(N)=[NH2+])NC(=O)[C@H](CCCNC(N)=[NH2+])NC(=O)[C@H](CCCNC(N)=[NH2+])NC(=O)[C@H](CCCNC(N)=[NH2+])NC(=O)CN)C(=O)N[C@H](C(=O)N[C@@H](C)C(=O)N[C@@H](CCCC[NH3+])C(=O)N[C@@H](Cc1ccc(O)cc1)C(=O)N[C@@H](CCCNC(N)=[NH2+])C(=O)N[C@H](C(=O)N[C@@H](C)C(=O)NC(CO)CC1CNCN1)[C@@H](C)O)[C@@H](C)O,1,0.9965610504150391,probability,0.5
cellppd,xgboost_rdkit,xgboost-rdkit,101,test,CC[C@H](C)[C@H](NC(=O)[C@H](CCCC[NH3+])NC(=O)[C@H](C)NC(=O)[C@H](CCC(N)=O)NC(=O)[C@@H](N)CCCNC(N)=[NH2+])C(=O)N[C@@H](Cc1c[nH]c2ccccc12)C(=O)N[C@@H](Cc1ccccc1)C(=O)N[C@@H](CCC(N)=O)C(=O)N[C@@H](CC(N)=O)C(=O)N[C@@H](CCCNC(N)=[NH2+])C(=O)N[C@@H](CCCNC(N)=[NH2+])C(=O)N[C@@H](CCSC)C(=O)N[C@@H](CCCC[NH3+])C(=O)N[C@@H](Cc1c[nH]c2ccccc12)C(=O)N[C@@H](CCCC[NH3+])C(=O)N[C@H](C=O)CCCC[NH3+],CC[C@H](C)[C@H](NC(=O)[C@H](CCCC[NH3+])NC(=O)[C@H](C)NC(=O)[C@H](CCC(N)=O)NC(=O)[C@@H](N)CCCNC(N)=[NH2+])C(=O)N[C@@H](Cc1c[nH]c2ccccc12)C(=O)N[C@@H](Cc1ccccc1)C(=O)N[C@@H](CCC(N)=O)C(=O)N[C@@H](CC(N)=O)C(=O)N[C@@H](CCCNC(N)=[NH2+])C(=O)N[C@@H](CCCNC(N)=[NH2+])C(=O)N[C@@H](CCSC)C(=O)N[C@@H](CCCC[NH3+])C(=O)N[C@@H](Cc1c[nH]c2ccccc12)C(=O)N[C@@H](CCCC[NH3+])C(=O)N[C@H](C=O)CCCC[NH3+],1,0.9994599223136902,probability,0.5
cellppd,xgboost_rdkit,xgboost-rdkit,101,test,CC[C@H](C)[C@H](NC(=O)[C@H](CCCC[NH3+])NC(=O)[C@@H](NC(=O)[C@H](CCC(N)=O)NC(=O)[C@@H](N)CCCNC(N)=[NH2+])[C@@H](C)CC)C(=O)N[C@@H](Cc1c[nH]c2ccccc12)C(=O)N[C@@H](Cc1ccccc1)C(=O)N[C@@H](CCC(N)=O)C(=O)N[C@@H](CC(N)=O)C(=O)N[C@@H](CCCNC(N)=[NH2+])C(=O)N[C@@H](CCCNC(N)=[NH2+])C(=O)N[C@H](C=O)CCSC,CC[C@H](C)[C@H](NC(=O)[C@H](CCCC[NH3+])NC(=O)[C@@H](NC(=O)[C@H](CCC(N)=O)NC(=O)[C@@H](N)CCCNC(N)=[NH2+])[C@@H](C)CC)C(=O)N[C@@H](Cc1c[nH]c2ccccc12)C(=O)N[C@@H](Cc1ccccc1)C(=O)N[C@@H](CCC(N)=O)C(=O)N[C@@H](CC(N)=O)C(=O)N[C@@H](CCCNC(N)=[NH2+])C(=O)N[C@@H](CCCNC(N)=[NH2+])C(=O)N[C@H](C=O)CCSC,1,0.9823346138000488,probability,0.5
cellppd,xgboost_rdkit,xgboost-rdkit,101,test,CC[C@H](C)[C@H](NC(=O)[C@@H](NC(=O)[C@@H]1CCCN1C(=O)[C@H](CCCC[NH3+])NC(=O)[C@H](CCCC[NH3+])NC(=O)[C@@H](NC(=O)[C@@H]1CCCN1C(=O)[C@H](CCCC[NH3+])NC(=O)[C@@H](NC(=O)[C@@H](NC(=O)[C@@H](NC(=O)[C@H](CCCC[NH3+])NC(=O)[C@H](CCCC[NH3+])NC(=O)CNC(=O)[C@@H]1CCCN1C(=O)[C@H](CCCC[NH3+])NC(=O)[C@H](CCCC[NH3+])NC(=O)[C@H](CC(N)=O)NC(=O)[C@@H]1CCCN1C(=O)[C@@H](NC(=O)[C@H](CCCNC(N)=[NH2+])NC(=O)[C@@H](N)CCCC[NH3+])[C@@H](C)CC)[C@@H](C)O)[C@@H](C)O)[C@@H](C)O)[C@@H](C)O)[C@@H](C)O)C(=O)N[C@@H](CCCC[NH3+])C(=O)N[C@H](C(=O)N[C@H](C(=O)N[C@@H](CCCC[NH3+])C(=O)N[C@H](C=O)CCCC[NH3+])[C@@H](C)O)[C@@H](C)O,CC[C@H](C)[C@H](NC(=O)[C@@H](NC(=O)[C@@H]1CCCN1C(=O)[C@H](CCCC[NH3+])NC(=O)[C@H](CCCC[NH3+])NC(=O)[C@@H](NC(=O)[C@@H]1CCCN1C(=O)[C@H](CCCC[NH3+])NC(=O)[C@@H](NC(=O)[C@@H](NC(=O)[C@@H](NC(=O)[C@H](CCCC[NH3+])NC(=O)[C@H](CCCC[NH3+])NC(=O)CNC(=O)[C@@H]1CCCN1C(=O)[C@H](CCCC[NH3+])NC(=O)[C@H](CCCC[NH3+])NC(=O)[C@H](CC(N)=O)NC(=O)[C@@H]1CCCN1C(=O)[C@@H](NC(=O)[C@H](CCCNC(N)=[NH2+])NC(=O)[C@@H](N)CCCC[NH3+])[C@@H](C)CC)[C@@H](C)O)[C@@H](C)O)[C@@H](C)O)[C@@H](C)O)[C@@H](C)O)C(=O)N[C@@H](CCCC[NH3+])C(=O)N[C@H](C(=O)N[C@H](C(=O)N[C@@H](CCCC[NH3+])C(=O)N[C@H](C=O)CCCC[NH3+])[C@@H](C)O)[C@@H](C)O,1,0.9378738403320312,probability,0.5
cellppd,xgboost_rdkit,xgboost-rdkit,101,test,NC(=[NH2+])NCCC[C@@H](N)C(=O)N[C@H](CCCNC(N)=[NH2+])C(=O)N[C@H](CCCNC(N)=[NH2+])C(=O)N[C@H](CCCNC(N)=[NH2+])C(=O)N[C@H](CCCNC(N)=[NH2+])C(=O)N[C@H](CCCNC(N)=[NH2+])C(=O)N[C@H](CCCNC(N)=[NH2+])C(=O)N[C@H](CCCNC(N)=[NH2+])C(=O)N[C@H](CCCNC(N)=[NH2+])C(=O)N[C@H](CCCNC(N)=[NH2+])C(=O)N[C@H](CCCNC(N)=[NH2+])C(=O)N[C@H](CCCNC(N)=[NH2+])C(N)=O,NC(=[NH2+])NCCC[C@@H](N)C(=O)N[C@H](CCCNC(N)=[NH2+])C(=O)N[C@H](CCCNC(N)=[NH2+])C(=O)N[C@H](CCCNC(N)=[NH2+])C(=O)N[C@H](CCCNC(N)=[NH2+])C(=O)N[C@H](CCCNC(N)=[NH2+])C(=O)N[C@H](CCCNC(N)=[NH2+])C(=O)N[C@H](CCCNC(N)=[NH2+])C(=O)N[C@H](CCCNC(N)=[NH2+])C(=O)N[C@H](CCCNC(N)=[NH2+])C(=O)N[C@H](CCCNC(N)=[NH2+])C(=O)N[C@H](CCCNC(N)=[NH2+])C(N)=O,1,0.9979071617126465,probability,0.5
cellppd,xgboost_rdkit,xgboost-rdkit,101,test,C[C@@H](O)[C@H](NC(=O)[C@H](CCCNC(N)=[NH2+])NC(=O)[C@H](CCCC[NH3+])NC(=O)[C@H](CC(N)=O)NC(=O)CNC(=O)[C@@H](N)CS)C(=O)N[C@@H](CCCNC(N)=[NH2+])C(=O)NCC(=O)N[C@H](C=O)CS,C[C@@H](O)[C@H](NC(=O)[C@H](CCCNC(N)=[NH2+])NC(=O)[C@H](CCCC[NH3+])NC(=O)[C@H](CC(N)=O)NC(=O)CNC(=O)[C@@H](N)CS)C(=O)N[C@@H](CCCNC(N)=[NH2+])C(=O)NCC(=O)N[C@H](C=O)CS,1,0.7403327226638794,probability,0.5
cellppd,xgboost_rdkit,xgboost-rdkit,101,test,CC(C)C[C@H](NC(=O)CN)C(=O)N[C@@H](CCCC[NH3+])C(=O)N[C@@H](CCCC[NH3+])C(=O)N[C@@H](CC(C)C)C(=O)N[C@@H](C)C(=O)N[C@@H](CCC(=O)O)C(=O)N[C@@H](CC(C)C)C(=O)N[C@@H](C)C(=O)NC(CC1CNCN1)C(O)N[C@@H](CCCC[NH3+])C(=O)N[C@@H](CC(C)C)C(=O)N[C@@H](CC(C)C)C(=O)N[C@@H](CCCC[NH3+])C(=O)N[C@@H](CC(C)C)C(=O)NCC(=O)N[C@@H](CS)C(N)=O,CC(C)C[C@H](NC(=O)CN)C(=O)N[C@@H](CCCC[NH3+])C(=O)N[C@@H](CCCC[NH3+])C(=O)N[C@@H](CC(C)C)C(=O)N[C@@H](C)C(=O)N[C@@H](CCC(=O)O)C(=O)N[C@@H](CC(C)C)C(=O)N[C@@H](C)C(=O)NC(CC1CNCN1)C(O)N[C@@H](CCCC[NH3+])C(=O)N[C@@H](CC(C)C)C(=O)N[C@@H](CC(C)C)C(=O)N[C@@H](CCCC[NH3+])C(=O)N[C@@H](CC(C)C)C(=O)NCC(=O)N[C@@H](CS)C(N)=O,1,0.9616286158561707,probability,0.5
cellppd,xgboost_rdkit,xgboost-rdkit,101,test,CC[C@H](C)[C@H](NC(=O)[C@H](CCCNC(N)=[NH2+])NC(=O)[C@@H](N)CCCC[NH3+])C(=O)N1CCC[C@H]1C(=O)N[C@@H](CC(N)=O)C(=O)N[C@@H](CCCC[NH3+])C(=O)N[C@@H](CCCC[NH3+])C(=O)N1CCC[C@H]1C(=O)N[C@@H](CCCC[NH3+])C(=O)N[C@H](C=O)CCCC[NH3+],CC[C@H](C)[C@H](NC(=O)[C@H](CCCNC(N)=[NH2+])NC(=O)[C@@H](N)CCCC[NH3+])C(=O)N1CCC[C@H]1C(=O)N[C@@H](CC(N)=O)C(=O)N[C@@H](CCCC[NH3+])C(=O)N[C@@H](CCCC[NH3+])C(=O)N1CCC[C@H]1C(=O)N[C@@H](CCCC[NH3+])C(=O)N[C@H](C=O)CCCC[NH3+],1,0.9965881109237671,probability,0.5
cellppd,xgboost_rdkit,xgboost-rdkit,101,test,CCC[C@@H](C=O)NC(=O)[C@H](C)NC(=O)[C@H](C)NC(=O)[C@H](Cc1c[nH]c2ccccc12)NC(=O)[C@H](CCC(=O)O)NC(=O)CNC(=O)[C@@H](NC(=O)[C@H](CC(C)C)NC(=O)[C@H](CCCNC(=N)N)NC(=O)[C@H](CCC)NC(=O)[C@@H](NC(=O)[C@H](Cc1c[nH]cn1)NC(=O)[C@@H](NC(=O)[C@@H](NC(=O)[C@H](Cc1ccccc1)NC(=O)[C@@H](NC(=O)[C@H](CCCNC(=N)N)NC(=O)[C@@H](NC(=O)[C@H](CCCNC(=N)N)NC(=O)[C@H](CCC)NC(=O)[C@H](CCC)NC(=O)CNC(=O)[C@H](CS)NC(=O)[C@H](C)NC(=O)[C@H](CCCNC(=N)N)NC(=O)[C@H](CCCNC(=N)N)NC(=O)[C@@H](NC(=O)[C@H](CCCNC(=N)N)NC(=O)[C@H](CC(C)C)NC(=O)[C@@H](NC(=O)[C@@H](NC(=O)[C@H](CC(C)C)NC(=O)[C@H](Cc1ccccc1)NC(=O)[C@H](CCCNC(=N)N)NC(=O)[C@H](CCCNC(=N)N)NC(=O)[C@@H](NC(=O)[C@@H](N)CCSC)C(C)C)C(C)C)[C@@H](C)O)[C@@H](C)CC)C(C)C)C(C)C)C(C)C)C(C)C)[C@@H](C)CC)[C@@H](C)O,CCC[C@@H](C=O)NC(=O)[C@H](C)NC(=O)[C@H](C)NC(=O)[C@H](Cc1c[nH]c2ccccc12)NC(=O)[C@H](CCC(=O)O)NC(=O)CNC(=O)[C@@H](NC(=O)[C@H](CC(C)C)NC(=O)[C@H](CCCNC(=N)N)NC(=O)[C@H](CCC)NC(=O)[C@@H](NC(=O)[C@H](Cc1c[nH]cn1)NC(=O)[C@@H](NC(=O)[C@@H](NC(=O)[C@H](Cc1ccccc1)NC(=O)[C@@H](NC(=O)[C@H](CCCNC(=N)N)NC(=O)[C@@H](NC(=O)[C@H](CCCNC(=N)N)NC(=O)[C@H](CCC)NC(=O)[C@H](CCC)NC(=O)CNC(=O)[C@H](CS)NC(=O)[C@H](C)NC(=O)[C@H](CCCNC(=N)N)NC(=O)[C@H](CCCNC(=N)N)NC(=O)[C@@H](NC(=O)[C@H](CCCNC(=N)N)NC(=O)[C@H](CC(C)C)NC(=O)[C@@H](NC(=O)[C@@H](NC(=O)[C@H](CC(C)C)NC(=O)[C@H](Cc1ccccc1)NC(=O)[C@H](CCCNC(=N)N)NC(=O)[C@H](CCCNC(=N)N)NC(=O)[C@@H](NC(=O)[C@@H](N)CCSC)C(C)C)C(C)C)[C@@H](C)O)[C@@H](C)CC)C(C)C)C(C)C)C(C)C)C(C)C)[C@@H](C)CC)[C@@H](C)O,1,0.7664181590080261,probability,0.5
cellppd,xgboost_rdkit,xgboost-rdkit,101,test,CC(C)C[C@H](NC(=O)[C@H](CCCC[NH3+])NC(=O)[C@H](CCCNC(N)=[NH2+])NC(=O)[C@H](Cc1ccccc1)NC(=O)[C@H](Cc1ccccc1)NC(=O)[C@H](CCCC[NH3+])NC(=O)[C@H](CCCC[NH3+])NC(=O)[C@H](Cc1ccccc1)NC(=O)[C@H](CCCNC(N)=[NH2+])NC(=O)[C@H](CCCC[NH3+])NC(=O)[C@@H](N)C(C)C)C(=O)N[C@@H](CCCC[NH3+])C(=O)N[C@@H](CCCC[NH3+])C(=O)N[C@@H](CC(C)C)C(=O)N[C@H](C(N)=O)C(C)C,CC(C)C[C@H](NC(=O)[C@H](CCCC[NH3+])NC(=O)[C@H](CCCNC(N)=[NH2+])NC(=O)[C@H](Cc1ccccc1)NC(=O)[C@H](Cc1ccccc1)NC(=O)[C@H](CCCC[NH3+])NC(=O)[C@H](CCCC[NH3+])NC(=O)[C@H](Cc1ccccc1)NC(=O)[C@H](CCCNC(N)=[NH2+])NC(=O)[C@H](CCCC[NH3+])NC(=O)[C@@H](N)C(C)C)C(=O)N[C@@H](CCCC[NH3+])C(=O)N[C@@H](CCCC[NH3+])C(=O)N[C@@H](CC(C)C)C(=O)N[C@H](C(N)=O)C(C)C,1,0.4653640389442444,probability,0.5
cellppd,xgboost_rdkit,xgboost-rdkit,101,test,CC[C@H](C)[C@H](NC(=O)[C@H](CC(C)C)NC(=O)[C@@H](NC(=O)[C@H](CCCNC(N)=[NH2+])NC(=O)[C@H](Cc1ccccc1)NC(=O)[C@@H](NC(=O)[C@@H](NC(=O)[C@@H](N)CC(C)C)[C@@H](C)CC)[C@@H](C)CC)[C@@H](C)CC)C(=O)N[C@@H](CO)C(=O)NC(CC1CNCN1)C(O)N[C@@H](CCCNC(N)=[NH2+])C(=O)N[C@H](C=O)CCCNC(N)=[NH2+],CC[C@H](C)[C@H](NC(=O)[C@H](CC(C)C)NC(=O)[C@@H](NC(=O)[C@H](CCCNC(N)=[NH2+])NC(=O)[C@H](Cc1ccccc1)NC(=O)[C@@H](NC(=O)[C@@H](NC(=O)[C@@H](N)CC(C)C)[C@@H](C)CC)[C@@H](C)CC)[C@@H](C)CC)C(=O)N[C@@H](CO)C(=O)NC(CC1CNCN1)C(O)N[C@@H](CCCNC(N)=[NH2+])C(=O)N[C@H](C=O)CCCNC(N)=[NH2+],1,0.8174020648002625,probability,0.5
cellppd,xgboost_rdkit,xgboost-rdkit,101,test,CC[C@H](C)[C@H](NC(=O)[C@H](C)NC(=O)[C@@H](NC(=O)[C@@H](N)Cc1ccc(O)cc1)[C@@H](C)O)C(=O)N[C@@H](C)C(=O)N[C@@H](Cc1c[nH]c2ccccc12)C(=O)N[C@H](C(=O)N[C@@H](CCCC[NH3+])C(=O)N[C@@H](C)C(=O)N[C@@H](Cc1ccccc1)C(=O)N[C@H](C(=O)N[C@@H](CCCNC(N)=[NH2+])C(=O)N[C@@H](CCCC[NH3+])C(=O)N[C@@H](CC(C)C)C(=O)N[C@@H](CCCNC(N)=[NH2+])C(=O)N[C@H](C=O)CCCC[NH3+])[C@@H](C)CC)C(C)C,CC[C@H](C)[C@H](NC(=O)[C@H](C)NC(=O)[C@@H](NC(=O)[C@@H](N)Cc1ccc(O)cc1)[C@@H](C)O)C(=O)N[C@@H](C)C(=O)N[C@@H](Cc1c[nH]c2ccccc12)C(=O)N[C@H](C(=O)N[C@@H](CCCC[NH3+])C(=O)N[C@@H](C)C(=O)N[C@@H](Cc1ccccc1)C(=O)N[C@H](C(=O)N[C@@H](CCCNC(N)=[NH2+])C(=O)N[C@@H](CCCC[NH3+])C(=O)N[C@@H](CC(C)C)C(=O)N[C@@H](CCCNC(N)=[NH2+])C(=O)N[C@H](C=O)CCCC[NH3+])[C@@H](C)CC)C(C)C,1,0.9647588729858398,probability,0.5
cellppd,xgboost_rdkit,xgboost-rdkit,101,test,CCC(NC(=O)[C@H](CC(=O)O)NC(=O)CN)C(O)N[C@@H](CC(C)C)C(=O)N1CCC[C@H]1C(=O)NC(CC1CNCN1)C(O)N[C@@H](CC(C)C)C(=O)N[C@@H](CCCCN)C(=O)N[C@@H](CC(C)C)C(=O)N[C@@H](CS)C(=O)O,CCC(NC(=O)[C@H](CC(=O)O)NC(=O)CN)C(O)N[C@@H](CC(C)C)C(=O)N1CCC[C@H]1C(=O)NC(CC1CNCN1)C(O)N[C@@H](CC(C)C)C(=O)N[C@@H](CCCCN)C(=O)N[C@@H](CC(C)C)C(=O)N[C@@H](CS)C(=O)O,1,0.6413122415542603,probability,0.5
cellppd,xgboost_rdkit,xgboost-rdkit,101,test,CC[C@H](C)[C@H](NC(=O)[C@H](CS)NC(=O)[C@H](CO)NC(=O)[C@@H](NC(=O)[C@@H]1CCCN1C(=O)[C@@H]1CCCN1C(=O)CNC(=O)[C@H](CCCNC(N)=[NH2+])NC(=O)[C@@H](NC(=O)[C@H](CCCC[NH3+])NC(=O)[C@H](CCCNC(N)=[NH2+])NC(=O)[C@H](CCSC)NC(=O)[C@H](CC(N)=O)NC(=O)[C@H](CCCNC(N)=[NH2+])NC(=O)[C@H](CCC(N)=O)NC(=O)[C@H](Cc1c[nH]c2ccccc12)NC(=O)[C@@H](N)CCC(N)=O)C(C)C)C(C)C)C(=O)N[C@@H](CCCC[NH3+])C(=O)N[C@H](C=O)CCCNC(N)=[NH2+],CC[C@H](C)[C@H](NC(=O)[C@H](CS)NC(=O)[C@H](CO)NC(=O)[C@@H](NC(=O)[C@@H]1CCCN1C(=O)[C@@H]1CCCN1C(=O)CNC(=O)[C@H](CCCNC(N)=[NH2+])NC(=O)[C@@H](NC(=O)[C@H](CCCC[NH3+])NC(=O)[C@H](CCCNC(N)=[NH2+])NC(=O)[C@H](CCSC)NC(=O)[C@H](CC(N)=O)NC(=O)[C@H](CCCNC(N)=[NH2+])NC(=O)[C@H](CCC(N)=O)NC(=O)[C@H](Cc1c[nH]c2ccccc12)NC(=O)[C@@H](N)CCC(N)=O)C(C)C)C(C)C)C(=O)N[C@@H](CCCC[NH3+])C(=O)N[C@H](C=O)CCCNC(N)=[NH2+],1,0.9524532556533813,probability,0.5
cellppd,xgboost_rdkit,xgboost-rdkit,101,test,C[C@H](N)C(=O)N[C@@H](CS)C(=O)N[C@@H](CCCNC(N)=[NH2+])C(=O)NCC(=O)N[C@@H](CCCNC(N)=[NH2+])C(=O)NCC(=O)N[C@@H](CCCNC(N)=[NH2+])C(=O)NCC(=O)N[C@@H](CS)C(=O)N[C@@H](CCCNC(N)=[NH2+])C(=O)NCC(=O)N[C@@H](CCCNC(N)=[NH2+])C(=O)NCC(=O)N[C@@H](CCCNC(N)=[NH2+])C(=O)NCC(=O)N[C@@H](CS)C(=O)NCC=O,C[C@H](N)C(=O)N[C@@H](CS)C(=O)N[C@@H](CCCNC(N)=[NH2+])C(=O)NCC(=O)N[C@@H](CCCNC(N)=[NH2+])C(=O)NCC(=O)N[C@@H](CCCNC(N)=[NH2+])C(=O)NCC(=O)N[C@@H](CS)C(=O)N[C@@H](CCCNC(N)=[NH2+])C(=O)NCC(=O)N[C@@H](CCCNC(N)=[NH2+])C(=O)NCC(=O)N[C@@H](CCCNC(N)=[NH2+])C(=O)NCC(=O)N[C@@H](CS)C(=O)NCC=O,1,0.9997748136520386,probability,0.5
cellppd,xgboost_rdkit,xgboost-rdkit,101,test,CC[C@H](C)[C@H](NC(=O)[C@H](CCCC[NH3+])NC(=O)[C@H](Cc1ccccc1)NC(=O)[C@@H](NC(=O)[C@@H](NC(=O)[C@@H](N)CCSC)[C@@H](C)CC)[C@@H](C)CC)C(=O)N[C@@H](C)C(=O)N[C@@H](C)C(=O)N[C@@H](CO)C(=O)NC(CC1CNCN1)C(O)N[C@@H](CCCC[NH3+])C(=O)N[C@H](C=O)CCCC[NH3+],CC[C@H](C)[C@H](NC(=O)[C@H](CCCC[NH3+])NC(=O)[C@H](Cc1ccccc1)NC(=O)[C@@H](NC(=O)[C@@H](NC(=O)[C@@H](N)CCSC)[C@@H](C)CC)[C@@H](C)CC)C(=O)N[C@@H](C)C(=O)N[C@@H](C)C(=O)N[C@@H](CO)C(=O)NC(CC1CNCN1)C(O)N[C@@H](CCCC[NH3+])C(=O)N[C@H](C=O)CCCC[NH3+],1,0.9978370666503906,probability,0.5
cellppd,xgboost_rdkit,xgboost-rdkit,101,test,CC[C@H](C)[C@H](NC(=O)[C@H](CCCNC(N)=[NH2+])NC(=O)[C@H](CCCNC(N)=[NH2+])NC(=O)[C@H](CCCNC(N)=[NH2+])NC(=O)[C@H](CC(C)C)NC(=O)[C@@H](NC(=O)[C@@H](NC(=O)[C@H](CC(C)C)NC(=O)[C@@H](N)CC(C)C)[C@@H](C)CC)[C@@H](C)CC)C(=O)N[C@@H](CCCNC(N)=[NH2+])C(=O)N[C@@H](CCCC[NH3+])C(=O)N[C@@H](CCC(N)=O)C(=O)N[C@@H](C)C(=O)NC(CC1CNCN1)C(O)N[C@H](C)C(=O)NC(CC1CNCN1)C(O)N[C@@H](CO)C(=O)N[C@H](C=O)CCCC[NH3+],CC[C@H](C)[C@H](NC(=O)[C@H](CCCNC(N)=[NH2+])NC(=O)[C@H](CCCNC(N)=[NH2+])NC(=O)[C@H](CCCNC(N)=[NH2+])NC(=O)[C@H](CC(C)C)NC(=O)[C@@H](NC(=O)[C@@H](NC(=O)[C@H](CC(C)C)NC(=O)[C@@H](N)CC(C)C)[C@@H](C)CC)[C@@H](C)CC)C(=O)N[C@@H](CCCNC(N)=[NH2+])C(=O)N[C@@H](CCCC[NH3+])C(=O)N[C@@H](CCC(N)=O)C(=O)N[C@@H](C)C(=O)NC(CC1CNCN1)C(O)N[C@H](C)C(=O)NC(CC1CNCN1)C(O)N[C@@H](CO)C(=O)N[C@H](C=O)CCCC[NH3+],1,0.9993864893913269,probability,0.5
cellppd,xgboost_rdkit,xgboost-rdkit,101,test,CC[C@H](C)[C@H](NC(=O)[C@H](CC(C)C)NC(=O)[C@H](CC(=O)O)NC(=O)[C@H](CCCNC(N)=[NH2+])NC(=O)[C@H](C)NC(=O)[C@@H](NC(=O)[C@@H](NC(=O)[C@@H](N)CCSC)[C@@H](C)CC)[C@@H](C)CC)C(=O)N[C@H](C=O)CO,CC[C@H](C)[C@H](NC(=O)[C@H](CC(C)C)NC(=O)[C@H](CC(=O)O)NC(=O)[C@H](CCCNC(N)=[NH2+])NC(=O)[C@H](C)NC(=O)[C@@H](NC(=O)[C@@H](NC(=O)[C@@H](N)CCSC)[C@@H](C)CC)[C@@H](C)CC)C(=O)N[C@H](C=O)CO,1,0.9943916201591492,probability,0.5
cellppd,xgboost_rdkit,xgboost-rdkit,101,test,CC[C@H](C)[C@H](NC(=O)[C@H](CCCC[NH3+])NC(=O)[C@H](CCCC[NH3+])NC(=O)[C@H](C)NC(=O)[C@H](CC(C)C)NC(=O)[C@H](C)NC(=O)[C@H](C)NC(=O)[C@H](CC(C)C)NC(=O)[C@H](C)NC(=O)[C@H](CCCC[NH3+])NC(=O)[C@H](CC(C)C)NC(=O)[C@H](CC(N)=O)NC(=O)[C@@H](NC(=O)[C@H](CCCC[NH3+])NC(=O)CNC(=O)[C@H](CC(C)C)NC(=O)[C@H](CC(C)C)NC(=O)[C@H](Cc1ccc(O)cc1)NC(=O)CNC(=O)[C@H](C)NC(=O)[C@H](CO)NC(=O)[C@H](CC(N)=O)NC(=O)[C@H](CC(C)C)NC(=O)[C@@H](NC(=O)[C@H](Cc1c[nH]c2ccccc12)NC(=O)CN)[C@@H](C)O)[C@@H](C)CC)C(=O)N[C@H](C=O)CC(C)C,CC[C@H](C)[C@H](NC(=O)[C@H](CCCC[NH3+])NC(=O)[C@H](CCCC[NH3+])NC(=O)[C@H](C)NC(=O)[C@H](CC(C)C)NC(=O)[C@H](C)NC(=O)[C@H](C)NC(=O)[C@H](CC(C)C)NC(=O)[C@H](C)NC(=O)[C@H](CCCC[NH3+])NC(=O)[C@H](CC(C)C)NC(=O)[C@H](CC(N)=O)NC(=O)[C@@H](NC(=O)[C@H](CCCC[NH3+])NC(=O)CNC(=O)[C@H](CC(C)C)NC(=O)[C@H](CC(C)C)NC(=O)[C@H](Cc1ccc(O)cc1)NC(=O)CNC(=O)[C@H](C)NC(=O)[C@H](CO)NC(=O)[C@H](CC(N)=O)NC(=O)[C@H](CC(C)C)NC(=O)[C@@H](NC(=O)[C@H](Cc1c[nH]c2ccccc12)NC(=O)CN)[C@@H](C)O)[C@@H](C)CC)C(=O)N[C@H](C=O)CC(C)C,1,0.9967696070671082,probability,0.5
cellppd,xgboost_rdkit,xgboost-rdkit,101,test,CC[C@H](C)[C@H](NC(=O)CNC(=O)[C@H](CC(=O)O)NC(=O)[C@H](CO)NC(=O)[C@@H]([NH3+])Cc1c[nH]cn1)C(=O)N[C@@H](Cc1ccccc1)C(=O)N[C@H](C(=O)N[C@@H](CC(=O)O)C(=O)N[C@@H](CO)C(=O)N[C@@H](Cc1ccc(O)cc1)C(=O)N[C@@H](CO)C(=O)N[C@@H](CCCNC(N)=[NH2+])C(=O)N[C@@H](Cc1ccc(O)cc1)C(=O)N[C@@H](CCCNC(N)=[NH2+])C(=O)N[C@@H](CCCC[NH3+])C(=O)N[C@@H](CCC(N)=O)C(=O)N[C@@H](CCSC)C(=O)N[C@@H](C)C(=O)N[C@H](C(=O)N[C@@H](CCCC[NH3+])C(=O)N[C@@H](CCCC[NH3+])C(=O)N[C@@H](Cc1ccc(O)cc1)C(=O)N[C@@H](CC(C)C)C(=O)N[C@@H](C)C(=O)N[C@@H](C)C(=O)N[C@H](C(=O)N[C@@H](CC(C)C)C(=O)NCC(=O)N[C@@H](CCCC[NH3+])C(=O)N[C@@H](CCCNC(N)=[NH2+])C(=O)N[C@@H](Cc1ccc(O)cc1)C(=O)N[C@@H](CCCC[NH3+])C(=O)N[C@@H](CCC(N)=O)C(=O)N[C@@H](CCCNC(N)=[NH2+])C(=O)N[C@H](C(=O)N[C@@H](CCCC[NH3+])C(=O)N[C@@H](CC(N)=O)C(=O)N[C@@H](CCCC[NH3+])C(N)=O)C(C)C)C(C)C)C(C)C)[C@@H](C)O,CC[C@H](C)[C@H](NC(=O)CNC(=O)[C@H](CC(=O)O)NC(=O)[C@H](CO)NC(=O)[C@@H]([NH3+])Cc1c[nH]cn1)C(=O)N[C@@H](Cc1ccccc1)C(=O)N[C@H](C(=O)N[C@@H](CC(=O)O)C(=O)N[C@@H](CO)C(=O)N[C@@H](Cc1ccc(O)cc1)C(=O)N[C@@H](CO)C(=O)N[C@@H](CCCNC(N)=[NH2+])C(=O)N[C@@H](Cc1ccc(O)cc1)C(=O)N[C@@H](CCCNC(N)=[NH2+])C(=O)N[C@@H](CCCC[NH3+])C(=O)N[C@@H](CCC(N)=O)C(=O)N[C@@H](CCSC)C(=O)N[C@@H](C)C(=O)N[C@H](C(=O)N[C@@H](CCCC[NH3+])C(=O)N[C@@H](CCCC[NH3+])C(=O)N[C@@H](Cc1ccc(O)cc1)C(=O)N[C@@H](CC(C)C)C(=O)N[C@@H](C)C(=O)N[C@@H](C)C(=O)N[C@H](C(=O)N[C@@H](CC(C)C)C(=O)NCC(=O)N[C@@H](CCCC[NH3+])C(=O)N[C@@H](CCCNC(N)=[NH2+])C(=O)N[C@@H](Cc1ccc(O)cc1)C(=O)N[C@@H](CCCC[NH3+])C(=O)N[C@@H](CCC(N)=O)C(=O)N[C@@H](CCCNC(N)=[NH2+])C(=O)N[C@H](C(=O)N[C@@H](CCCC[NH3+])C(=O)N[C@@H](CC(N)=O)C(=O)N[C@@H](CCCC[NH3+])C(N)=O)C(C)C)C(C)C)C(C)C)[C@@H](C)O,1,0.3548126518726349,probability,0.5
cellppd,xgboost_rdkit,xgboost-rdkit,101,test,CC[C@H](C)[C@H](NC(=O)[C@H](CC(N)=O)NC(=O)[C@H](C)NC(=O)[C@H](CC(C)C)NC(=O)[C@H](CC(C)C)NC(=O)[C@H](CC(N)=O)NC(=O)[C@H](CO)NC(O)C(CC1CNCN1)NC(O)C(CC1CNCN1)NC(=O)[C@H](CCCNC(N)=[NH2+])NC(=O)[C@H](CC(C)C)NC(O)C(CC1CNCN1)NC(=O)[C@H](CCCNC(N)=[NH2+])NC(=O)[C@H](CC(C)C)NC(=O)[C@H](CC(C)C)NC(=O)[C@H](CC(C)C)NC(=O)CNC(=O)[C@H](CC(C)C)NC(C)=O)C(N)=O,CC[C@H](C)[C@H](NC(=O)[C@H](CC(N)=O)NC(=O)[C@H](C)NC(=O)[C@H](CC(C)C)NC(=O)[C@H](CC(C)C)NC(=O)[C@H](CC(N)=O)NC(=O)[C@H](CO)NC(O)C(CC1CNCN1)NC(O)C(CC1CNCN1)NC(=O)[C@H](CCCNC(N)=[NH2+])NC(=O)[C@H](CC(C)C)NC(O)C(CC1CNCN1)NC(=O)[C@H](CCCNC(N)=[NH2+])NC(=O)[C@H](CC(C)C)NC(=O)[C@H](CC(C)C)NC(=O)[C@H](CC(C)C)NC(=O)CNC(=O)[C@H](CC(C)C)NC(C)=O)C(N)=O,1,0.026092946529388428,probability,0.5
cellppd,xgboost_rdkit,xgboost-rdkit,101,test,NC(=[NH2+])NCCC[C@@H](N)C(=O)N[C@H](CCCNC(N)=[NH2+])C(=O)N[C@H](CCCNC(N)=[NH2+])C(=O)N[C@H](CCCNC(N)=[NH2+])C(=O)N[C@H](CCCNC(N)=[NH2+])C(=O)N[C@H](CCCNC(N)=[NH2+])C(=O)N[C@H](CCCNC(N)=[NH2+])C(=O)N[C@H](CCCNC(N)=[NH2+])C(=O)N[C@H](CCCNC(N)=[NH2+])C(=O)N[C@H](CCCNC(N)=[NH2+])C(=O)N[C@H](CCCNC(N)=[NH2+])C(=O)N[C@H](CCCNC(N)=[NH2+])C(=O)NCC(=O)N[C@@H](CS)C(N)=O,NC(=[NH2+])NCCC[C@@H](N)C(=O)N[C@H](CCCNC(N)=[NH2+])C(=O)N[C@H](CCCNC(N)=[NH2+])C(=O)N[C@H](CCCNC(N)=[NH2+])C(=O)N[C@H](CCCNC(N)=[NH2+])C(=O)N[C@H](CCCNC(N)=[NH2+])C(=O)N[C@H](CCCNC(N)=[NH2+])C(=O)N[C@H](CCCNC(N)=[NH2+])C(=O)N[C@H](CCCNC(N)=[NH2+])C(=O)N[C@H](CCCNC(N)=[NH2+])C(=O)N[C@H](CCCNC(N)=[NH2+])C(=O)N[C@H](CCCNC(N)=[NH2+])C(=O)NCC(=O)N[C@@H](CS)C(N)=O,1,0.9996622204780579,probability,0.5
cellppd,xgboost_rdkit,xgboost-rdkit,101,test,CC(C)[C@H](NC(=O)[C@H](CCCNC(N)=[NH2+])NC(=O)[C@H](CCCNC(N)=[NH2+])NC(=O)[C@H](CCCNC(N)=[NH2+])NC(=O)[C@H](CC(N)=O)NC(=O)[C@H](CCCNC(N)=[NH2+])NC(=O)[C@H](CCCNC(N)=[NH2+])NC(=O)[C@@H](NC(=O)[C@@H](N)CCCNC(N)=[NH2+])[C@@H](C)O)C(=O)N[C@H](C=O)CCCNC(N)=[NH2+],CC(C)[C@H](NC(=O)[C@H](CCCNC(N)=[NH2+])NC(=O)[C@H](CCCNC(N)=[NH2+])NC(=O)[C@H](CCCNC(N)=[NH2+])NC(=O)[C@H](CC(N)=O)NC(=O)[C@H](CCCNC(N)=[NH2+])NC(=O)[C@H](CCCNC(N)=[NH2+])NC(=O)[C@@H](NC(=O)[C@@H](N)CCCNC(N)=[NH2+])[C@@H](C)O)C(=O)N[C@H](C=O)CCCNC(N)=[NH2+],1,0.998930811882019,probability,0.5
cellppd,xgboost_rdkit,xgboost-rdkit,101,test,CC[C@H](C)[C@H](NC(=O)[C@H](CO)NC(=O)[C@H](CCCCN)NC(=O)[C@@H](NC(=O)[C@H](CCCNC(=N)N)NC(=O)[C@H](CCC(=O)O)NC(=O)[C@H](Cc1c[nH]c2ccccc12)NC(=O)[C@H](CCSC)NC(=O)[C@H](CO)NC(=O)[C@H](C)N)C(C)C)C(=O)N[C@H](C(=O)N[C@@H](CCCCN)C(=O)N[C@@H](CO)C(=O)N[C@@H](CO)C(=O)N[C@@H](CC(C)C)C(=O)N[C@@H](C)C(=O)N[C@@H](C)C(=O)N[C@@H](C)C(=O)N[C@@H](CO)C(=O)N[C@@H](CC(N)=O)C(=O)N[C@H](C=O)[C@@H](C)CC)[C@@H](C)CC,CC[C@H](C)[C@H](NC(=O)[C@H](CO)NC(=O)[C@H](CCCCN)NC(=O)[C@@H](NC(=O)[C@H](CCCNC(=N)N)NC(=O)[C@H](CCC(=O)O)NC(=O)[C@H](Cc1c[nH]c2ccccc12)NC(=O)[C@H](CCSC)NC(=O)[C@H](CO)NC(=O)[C@H](C)N)C(C)C)C(=O)N[C@H](C(=O)N[C@@H](CCCCN)C(=O)N[C@@H](CO)C(=O)N[C@@H](CO)C(=O)N[C@@H](CC(C)C)C(=O)N[C@@H](C)C(=O)N[C@@H](C)C(=O)N[C@@H](C)C(=O)N[C@@H](CO)C(=O)N[C@@H](CC(N)=O)C(=O)N[C@H](C=O)[C@@H](C)CC)[C@@H](C)CC,1,0.024318557232618332,probability,0.5
cellppd,xgboost_rdkit,xgboost-rdkit,101,test,C[C@H](NC(=O)[C@H](CCC(N)=O)NC(=O)[C@H](CCCC[NH3+])NC(=O)[C@H](CCC(=O)O)NC(=O)[C@H](C)NC(=O)[C@H](CCCNC(N)=[NH2+])NC(=O)[C@H](CCCNC(N)=[NH2+])NC(=O)[C@H](CCC(=O)O)NC(=O)[C@H](CCCNC(N)=[NH2+])NC(=O)[C@H](CCCNC(N)=[NH2+])NC(=O)[C@H](CCCNC(N)=[NH2+])NC(=O)[C@@H](NC(=O)[C@@H](N)CCC(N)=O)[C@@H](C)O)C(=O)N[C@@H](CCC(N)=O)C(=O)N[C@H](C=O)Cc1c[nH]c2ccccc12,C[C@H](NC(=O)[C@H](CCC(N)=O)NC(=O)[C@H](CCCC[NH3+])NC(=O)[C@H](CCC(=O)O)NC(=O)[C@H](C)NC(=O)[C@H](CCCNC(N)=[NH2+])NC(=O)[C@H](CCCNC(N)=[NH2+])NC(=O)[C@H](CCC(=O)O)NC(=O)[C@H](CCCNC(N)=[NH2+])NC(=O)[C@H](CCCNC(N)=[NH2+])NC(=O)[C@H](CCCNC(N)=[NH2+])NC(=O)[C@@H](NC(=O)[C@@H](N)CCC(N)=O)[C@@H](C)O)C(=O)N[C@@H](CCC(N)=O)C(=O)N[C@H](C=O)Cc1c[nH]c2ccccc12,1,0.9960664510726929,probability,0.5
cellppd,xgboost_rdkit,xgboost-rdkit,101,test,CC[C@H](C)[C@H](NC(=O)[C@H](C)NC(=O)[C@H](CC(C)C)NC(=O)[C@H](CCCC[NH3+])NC(=O)[C@H](CC(C)C)NC(=O)[C@@H](NC(=O)[C@@H](NC(=O)[C@@H](N)CCCC[NH3+])[C@@H](C)CC)[C@@H](C)O)C(=O)N[C@@H](CCCC[NH3+])C(=O)N[C@@H](C)C(=O)N[C@@H](Cc1c[nH]c2ccccc12)C(=O)N[C@@H](CCCC[NH3+])C(=O)N[C@@H](CC(C)C)C(=O)N[C@@H](C)C(=O)N[C@@H](CC(C)C)C(=O)N[C@@H](CCCC[NH3+])C(=O)N[C@@H](C)C(=O)N[C@@H](C)C(N)=O,CC[C@H](C)[C@H](NC(=O)[C@H](C)NC(=O)[C@H](CC(C)C)NC(=O)[C@H](CCCC[NH3+])NC(=O)[C@H](CC(C)C)NC(=O)[C@@H](NC(=O)[C@@H](NC(=O)[C@@H](N)CCCC[NH3+])[C@@H](C)CC)[C@@H](C)O)C(=O)N[C@@H](CCCC[NH3+])C(=O)N[C@@H](C)C(=O)N[C@@H](Cc1c[nH]c2ccccc12)C(=O)N[C@@H](CCCC[NH3+])C(=O)N[C@@H](CC(C)C)C(=O)N[C@@H](C)C(=O)N[C@@H](CC(C)C)C(=O)N[C@@H](CCCC[NH3+])C(=O)N[C@@H](C)C(=O)N[C@@H](C)C(N)=O,1,0.9044362902641296,probability,0.5
cellppd,xgboost_rdkit,xgboost-rdkit,101,test,NCC(=O)N[C@@H](CCCNC(N)=[NH2+])C(=O)NCC(=O)N[C@@H](CC(=O)O)C(=O)N[C@@H](CO)C(=O)N1CCC[C@H]1C(=O)N[C@@H](CCCNC(N)=[NH2+])C(=O)N[C@@H](CCCNC(N)=[NH2+])C(=O)N[C@@H](CO)C(=O)N1CCC[C@H]1C(=O)N[C@@H](CCCNC(N)=[NH2+])C(=O)N[C@H](C=O)CCCNC(N)=[NH2+],NCC(=O)N[C@@H](CCCNC(N)=[NH2+])C(=O)NCC(=O)N[C@@H](CC(=O)O)C(=O)N[C@@H](CO)C(=O)N1CCC[C@H]1C(=O)N[C@@H](CCCNC(N)=[NH2+])C(=O)N[C@@H](CCCNC(N)=[NH2+])C(=O)N[C@@H](CO)C(=O)N1CCC[C@H]1C(=O)N[C@@H](CCCNC(N)=[NH2+])C(=O)N[C@H](C=O)CCCNC(N)=[NH2+],1,0.9964064359664917,probability,0.5
cellppd,xgboost_rdkit,xgboost-rdkit,101,test,CC[C@H](C)[C@H](NC(=O)[C@H](CC(C)C)NC(=O)[C@@H](N)CCCC[NH3+])C(=O)N[C@@H](CCCC[NH3+])C(=O)NCC(=O)N[C@@H](CCCNC(N)=[NH2+])C(=O)N[C@H](C(=O)N1CCC[C@H]1C(=O)N[C@H](C(=O)N[C@@H](CCCC[NH3+])C(=O)N[C@@H](Cc1ccccc1)C(=O)NCC(=O)N[C@@H](CCCC[NH3+])C(=O)N[C@@H](C)C(=O)N[C@@H](CCCNC(N)=[NH2+])C(=O)N[C@@H](CS)C(=O)N[C@@H](CCCNC(N)=[NH2+])C(=O)N[C@@H](CCCNC(N)=[NH2+])C(=O)N1CCC[C@H]1C(=O)N1CCC[C@H]1C(=O)N[C@@H](CCCC[NH3+])C(=O)NC(CC1CNCN1)C(O)N[C@@H](CO)C(=O)NCC(=O)N[C@H](C=O)CCCC[NH3+])[C@@H](C)CC)[C@@H](C)O,CC[C@H](C)[C@H](NC(=O)[C@H](CC(C)C)NC(=O)[C@@H](N)CCCC[NH3+])C(=O)N[C@@H](CCCC[NH3+])C(=O)NCC(=O)N[C@@H](CCCNC(N)=[NH2+])C(=O)N[C@H](C(=O)N1CCC[C@H]1C(=O)N[C@H](C(=O)N[C@@H](CCCC[NH3+])C(=O)N[C@@H](Cc1ccccc1)C(=O)NCC(=O)N[C@@H](CCCC[NH3+])C(=O)N[C@@H](C)C(=O)N[C@@H](CCCNC(N)=[NH2+])C(=O)N[C@@H](CS)C(=O)N[C@@H](CCCNC(N)=[NH2+])C(=O)N[C@@H](CCCNC(N)=[NH2+])C(=O)N1CCC[C@H]1C(=O)N1CCC[C@H]1C(=O)N[C@@H](CCCC[NH3+])C(=O)NC(CC1CNCN1)C(O)N[C@@H](CO)C(=O)NCC(=O)N[C@H](C=O)CCCC[NH3+])[C@@H](C)CC)[C@@H](C)O,1,0.9949511289596558,probability,0.5
cellppd,xgboost_rdkit,xgboost-rdkit,101,test,CC[C@H](C)[C@H](NC(=O)[C@H](CCCNC(N)=[NH2+])NC(=O)[C@H](CC(C)C)NC(=O)[C@H](CCC(N)=O)NC(=O)[C@@H](N)CCCNC(N)=[NH2+])C(=O)N[C@@H](C)C(=O)NCC(=O)N[C@@H](CCCNC(N)=[NH2+])C(=O)N[C@@H](CCCNC(N)=[NH2+])C(=O)N[C@@H](CC(C)C)C(=O)N[C@@H](CCCNC(N)=[NH2+])C(=O)NCC(=O)N[C@@H](CCCNC(N)=[NH2+])C(=O)N[C@@H](CO)C(=O)N[C@H](C=O)CCCNC(N)=[NH2+],CC[C@H](C)[C@H](NC(=O)[C@H](CCCNC(N)=[NH2+])NC(=O)[C@H](CC(C)C)NC(=O)[C@H](CCC(N)=O)NC(=O)[C@@H](N)CCCNC(N)=[NH2+])C(=O)N[C@@H](C)C(=O)NCC(=O)N[C@@H](CCCNC(N)=[NH2+])C(=O)N[C@@H](CCCNC(N)=[NH2+])C(=O)N[C@@H](CC(C)C)C(=O)N[C@@H](CCCNC(N)=[NH2+])C(=O)NCC(=O)N[C@@H](CCCNC(N)=[NH2+])C(=O)N[C@@H](CO)C(=O)N[C@H](C=O)CCCNC(N)=[NH2+],1,0.9991324543952942,probability,0.5
cellppd,xgboost_rdkit,xgboost-rdkit,101,test,NC(=[NH2+])NCCC[C@H](NC(=O)[C@H](CCCNC(N)=[NH2+])NC(=O)[C@H](CCCNC(N)=[NH2+])NC(=O)[C@H](CCCNC(N)=[NH2+])NC(=O)[C@H](CCCNC(N)=[NH2+])NC(=O)[C@H](CCCNC(N)=[NH2+])NC(=O)[C@H](CCCNC(N)=[NH2+])NC(=O)[C@H](CCCNC(N)=[NH2+])NC(=O)[C@@H](N)CCCNC(N)=[NH2+])C(N)=O,NC(=[NH2+])NCCC[C@H](NC(=O)[C@H](CCCNC(N)=[NH2+])NC(=O)[C@H](CCCNC(N)=[NH2+])NC(=O)[C@H](CCCNC(N)=[NH2+])NC(=O)[C@H](CCCNC(N)=[NH2+])NC(=O)[C@H](CCCNC(N)=[NH2+])NC(=O)[C@H](CCCNC(N)=[NH2+])NC(=O)[C@H](CCCNC(N)=[NH2+])NC(=O)[C@@H](N)CCCNC(N)=[NH2+])C(N)=O,1,0.9986977577209473,probability,0.5
cellppd,xgboost_rdkit,xgboost-rdkit,101,test,CC(C)C[C@H](NC(=O)CN)C(=O)N[C@@H](Cc1c[nH]c2ccccc12)C(=O)N[C@@H](CCCNC(N)=[NH2+])C(=O)N[C@@H](C)C(=O)N[C@@H](CC(C)C)C(=O)N[C@@H](Cc1c[nH]c2ccccc12)C(=O)N[C@@H](CCCNC(N)=[NH2+])C(=O)N[C@@H](CC(C)C)C(=O)N[C@@H](CC(C)C)C(=O)N[C@@H](CCCNC(N)=[NH2+])C(=O)N[C@@H](CO)C(=O)N[C@@H](CC(C)C)C(=O)N[C@@H](Cc1c[nH]c2ccccc12)C(=O)N[C@@H](CCCNC(N)=[NH2+])C(=O)N[C@@H](CC(C)C)C(=O)N[C@@H](CC(C)C)C(=O)N[C@@H](Cc1c[nH]c2ccccc12)C(=O)N[C@@H](CCCNC(N)=[NH2+])C(=O)N[C@@H](C)C=O,CC(C)C[C@H](NC(=O)CN)C(=O)N[C@@H](Cc1c[nH]c2ccccc12)C(=O)N[C@@H](CCCNC(N)=[NH2+])C(=O)N[C@@H](C)C(=O)N[C@@H](CC(C)C)C(=O)N[C@@H](Cc1c[nH]c2ccccc12)C(=O)N[C@@H](CCCNC(N)=[NH2+])C(=O)N[C@@H](CC(C)C)C(=O)N[C@@H](CC(C)C)C(=O)N[C@@H](CCCNC(N)=[NH2+])C(=O)N[C@@H](CO)C(=O)N[C@@H](CC(C)C)C(=O)N[C@@H](Cc1c[nH]c2ccccc12)C(=O)N[C@@H](CCCNC(N)=[NH2+])C(=O)N[C@@H](CC(C)C)C(=O)N[C@@H](CC(C)C)C(=O)N[C@@H](Cc1c[nH]c2ccccc12)C(=O)N[C@@H](CCCNC(N)=[NH2+])C(=O)N[C@@H](C)C=O,1,0.9899519681930542,probability,0.5
cellppd,xgboost_rdkit,xgboost-rdkit,101,test,CC(C)C[C@H](NC(=O)CN)C(=O)N[C@@H](CCCC[NH3+])C(=O)N[C@@H](CCCC[NH3+])C(=O)N[C@@H](CC(C)C)C(=O)N[C@@H](C)C(=O)N[C@@H](CCC(=O)O)C(=O)N[C@@H](CC(C)C)C(=O)N[C@@H](Cc1ccccc1)C(=O)NC(CC1CNCN1)C(O)N[C@@H](CCCC[NH3+])C(=O)N[C@@H](CC(C)C)C(=O)N[C@@H](CC(C)C)C(=O)N[C@@H](CCCC[NH3+])C(=O)N[C@@H](CC(C)C)C(=O)NCC(=O)N[C@@H](CS)C(N)=O,CC(C)C[C@H](NC(=O)CN)C(=O)N[C@@H](CCCC[NH3+])C(=O)N[C@@H](CCCC[NH3+])C(=O)N[C@@H](CC(C)C)C(=O)N[C@@H](C)C(=O)N[C@@H](CCC(=O)O)C(=O)N[C@@H](CC(C)C)C(=O)N[C@@H](Cc1ccccc1)C(=O)NC(CC1CNCN1)C(O)N[C@@H](CCCC[NH3+])C(=O)N[C@@H](CC(C)C)C(=O)N[C@@H](CC(C)C)C(=O)N[C@@H](CCCC[NH3+])C(=O)N[C@@H](CC(C)C)C(=O)NCC(=O)N[C@@H](CS)C(N)=O,1,0.8785169720649719,probability,0.5
cellppd,xgboost_rdkit,xgboost-rdkit,101,test,CSCC[C@H](NC(=O)[C@@H](NC(=O)[C@H](CO)NC(=O)CNC(=O)[C@H](C)NC(=O)[C@H](C)NC(=O)CNC(=O)[C@H](CC(C)C)NC(=O)[C@H](Cc1ccccc1)NC(=O)CNC(=O)[C@H](CC(C)C)NC(=O)[C@H](Cc1ccccc1)NC(=O)[C@H](CC(C)C)NC(=O)[C@H](C)NC(=O)CN)[C@@H](C)O)C(=O)NCC(=O)N[C@@H](C)C(=O)N[C@@H](Cc1c[nH]c2ccccc12)C(=O)N[C@@H](CO)C(=O)N[C@@H](CCC(N)=O)C(=O)N1CCC[C@H]1C(=O)N[C@@H](CCCC[NH3+])C(=O)N[C@@H](CO)C(=O)N[C@@H](CCCC[NH3+])C(=O)N[C@@H](CCCNC(N)=[NH2+])C(=O)N[C@@H](CCCC[NH3+])C(=O)N[C@H](C=O)C(C)C,CSCC[C@H](NC(=O)[C@@H](NC(=O)[C@H](CO)NC(=O)CNC(=O)[C@H](C)NC(=O)[C@H](C)NC(=O)CNC(=O)[C@H](CC(C)C)NC(=O)[C@H](Cc1ccccc1)NC(=O)CNC(=O)[C@H](CC(C)C)NC(=O)[C@H](Cc1ccccc1)NC(=O)[C@H](CC(C)C)NC(=O)[C@H](C)NC(=O)CN)[C@@H](C)O)C(=O)NCC(=O)N[C@@H](C)C(=O)N[C@@H](Cc1c[nH]c2ccccc12)C(=O)N[C@@H](CO)C(=O)N[C@@H](CCC(N)=O)C(=O)N1CCC[C@H]1C(=O)N[C@@H](CCCC[NH3+])C(=O)N[C@@H](CO)C(=O)N[C@@H](CCCC[NH3+])C(=O)N[C@@H](CCCNC(N)=[NH2+])C(=O)N[C@@H](CCCC[NH3+])C(=O)N[C@H](C=O)C(C)C,1,0.9586324691772461,probability,0.5
cellppd,xgboost_rdkit,xgboost-rdkit,101,test,CC[C@H](C)[C@H](NC(=O)[C@H](C)NC(=O)[C@H](C)NC(=O)[C@@H]1CCCN1C(=O)[C@H](CCCNC(N)=[NH2+])NC(=O)[C@@H](N)CCCC[NH3+])C(=O)N[C@@H](CCCC[NH3+])C(=O)N[C@@H](CCCC[NH3+])C(=O)N[C@@H](C)C(=O)NCC(=O)N[C@@H](CCC(N)=O)C(=O)N[C@@H](C)C(=O)N[C@@H](CCCC[NH3+])C(=O)N[C@@H](CCCC[NH3+])C(=O)N[C@@H](CCCC[NH3+])C(=O)N[C@H](C=O)CCCC[NH3+],CC[C@H](C)[C@H](NC(=O)[C@H](C)NC(=O)[C@H](C)NC(=O)[C@@H]1CCCN1C(=O)[C@H](CCCNC(N)=[NH2+])NC(=O)[C@@H](N)CCCC[NH3+])C(=O)N[C@@H](CCCC[NH3+])C(=O)N[C@@H](CCCC[NH3+])C(=O)N[C@@H](C)C(=O)NCC(=O)N[C@@H](CCC(N)=O)C(=O)N[C@@H](C)C(=O)N[C@@H](CCCC[NH3+])C(=O)N[C@@H](CCCC[NH3+])C(=O)N[C@@H](CCCC[NH3+])C(=O)N[C@H](C=O)CCCC[NH3+],1,0.9851378202438354,probability,0.5
cellppd,xgboost_rdkit,xgboost-rdkit,101,test,C[C@H](NC(=O)[C@H](CCCC[NH3+])NC(=O)[C@H](CO)NC(=O)[C@H](CCCNC(N)=[NH2+])NC(=O)[C@H](CS)NC(O)C(CC1CNCN1)NC(O)C(CC1CNCN1)NC(=O)[C@H](CCCNC(N)=[NH2+])NC(=O)[C@H](CCCNC(N)=[NH2+])NC(=O)CN)C(=O)N[C@@H](CCCC[NH3+])C(=O)N[C@@H](CCCNC(N)=[NH2+])C(=O)N[C@@H](CO)C(=O)N[C@@H](CCCNC(N)=[NH2+])C(=O)NC(CC1CNCN1)C(O)NC(CO)CC1CNCN1,C[C@H](NC(=O)[C@H](CCCC[NH3+])NC(=O)[C@H](CO)NC(=O)[C@H](CCCNC(N)=[NH2+])NC(=O)[C@H](CS)NC(O)C(CC1CNCN1)NC(O)C(CC1CNCN1)NC(=O)[C@H](CCCNC(N)=[NH2+])NC(=O)[C@H](CCCNC(N)=[NH2+])NC(=O)CN)C(=O)N[C@@H](CCCC[NH3+])C(=O)N[C@@H](CCCNC(N)=[NH2+])C(=O)N[C@@H](CO)C(=O)N[C@@H](CCCNC(N)=[NH2+])C(=O)NC(CC1CNCN1)C(O)NC(CO)CC1CNCN1,1,0.9988383054733276,probability,0.5
cellppd,xgboost_rdkit,xgboost-rdkit,101,test,C[C@H](N)C(=O)N[C@@H](CS)C(=O)N[C@@H](CO)C(=O)NCC(=O)N[C@@H](CO)C(=O)NCC(=O)N[C@@H](CO)C(=O)NCC(=O)N[C@@H](CS)C(=O)NCC(=O)N[C@@H](CO)C(=O)NCC(=O)N[C@@H](CO)C(=O)NCC(=O)N[C@@H](CO)C(=O)N[C@@H](CS)C(=O)NCC=O,C[C@H](N)C(=O)N[C@@H](CS)C(=O)N[C@@H](CO)C(=O)NCC(=O)N[C@@H](CO)C(=O)NCC(=O)N[C@@H](CO)C(=O)NCC(=O)N[C@@H](CS)C(=O)NCC(=O)N[C@@H](CO)C(=O)NCC(=O)N[C@@H](CO)C(=O)NCC(=O)N[C@@H](CO)C(=O)N[C@@H](CS)C(=O)NCC=O,1,0.7426505088806152,probability,0.5
cellppd,xgboost_rdkit,xgboost-rdkit,101,test,NC(=[NH2+])NCCC[C@@H](C=O)NC(=O)[C@H](CCCNC(N)=[NH2+])NC(=O)[C@H](CCCNC(N)=[NH2+])NC(=O)[C@H](CCCNC(N)=[NH2+])NC(=O)[C@H](CCCNC(N)=[NH2+])NC(=O)[C@H](CCCNC(N)=[NH2+])NC(=O)[C@H](CCCNC(N)=[NH2+])NC(=O)[C@@H](N)CCCNC(N)=[NH2+],NC(=[NH2+])NCCC[C@@H](C=O)NC(=O)[C@H](CCCNC(N)=[NH2+])NC(=O)[C@H](CCCNC(N)=[NH2+])NC(=O)[C@H](CCCNC(N)=[NH2+])NC(=O)[C@H](CCCNC(N)=[NH2+])NC(=O)[C@H](CCCNC(N)=[NH2+])NC(=O)[C@H](CCCNC(N)=[NH2+])NC(=O)[C@@H](N)CCCNC(N)=[NH2+],1,0.9998300671577454,probability,0.5
cellppd,xgboost_rdkit,xgboost-rdkit,101,test,NCC(=O)N[C@@H](CCCC[NH3+])C(=O)NC(CC1CNCN1)C(O)N[C@@H](CCCNC(N)=[NH2+])C(=O)NC(CC1CNCN1)C(O)N[C@@H](CCC(=O)O)C(=O)N[C@@H](CCCNC(N)=[NH2+])C(=O)NCC(=O)NC(CC1CNCN1)C(O)NC(CC1CNCN1)C(O)N[C@@H](CCCNC(N)=[NH2+])C(=O)N[C@@H](CC(=O)O)C(=O)N[C@@H](CCCNC(N)=[NH2+])C(=O)N[C@@H](CCCNC(N)=[NH2+])C(=O)N[C@@H](CCC(=O)O)C(=O)N[C@H](C=O)CCCNC(N)=[NH2+],NCC(=O)N[C@@H](CCCC[NH3+])C(=O)NC(CC1CNCN1)C(O)N[C@@H](CCCNC(N)=[NH2+])C(=O)NC(CC1CNCN1)C(O)N[C@@H](CCC(=O)O)C(=O)N[C@@H](CCCNC(N)=[NH2+])C(=O)NCC(=O)NC(CC1CNCN1)C(O)NC(CC1CNCN1)C(O)N[C@@H](CCCNC(N)=[NH2+])C(=O)N[C@@H](CC(=O)O)C(=O)N[C@@H](CCCNC(N)=[NH2+])C(=O)N[C@@H](CCCNC(N)=[NH2+])C(=O)N[C@@H](CCC(=O)O)C(=O)N[C@H](C=O)CCCNC(N)=[NH2+],1,0.9649410247802734,probability,0.5
cellppd,xgboost_rdkit,xgboost-rdkit,101,test,NC(=[NH2+])NCCC[C@@H](C=O)NC(=O)[C@H](CCCNC(N)=[NH2+])NC(=O)[C@H](CCCNC(N)=[NH2+])NC(=O)[C@H](CCCNC(N)=[NH2+])NC(=O)[C@H](CCCNC(N)=[NH2+])NC(=O)[C@H](CCCNC(N)=[NH2+])NC(=O)[C@H](CCCNC(N)=[NH2+])NC(=O)[C@H](CCCNC(N)=[NH2+])NC(=O)[C@@H](N)Cc1c[nH]c2ccccc12,NC(=[NH2+])NCCC[C@@H](C=O)NC(=O)[C@H](CCCNC(N)=[NH2+])NC(=O)[C@H](CCCNC(N)=[NH2+])NC(=O)[C@H](CCCNC(N)=[NH2+])NC(=O)[C@H](CCCNC(N)=[NH2+])NC(=O)[C@H](CCCNC(N)=[NH2+])NC(=O)[C@H](CCCNC(N)=[NH2+])NC(=O)[C@H](CCCNC(N)=[NH2+])NC(=O)[C@@H](N)Cc1c[nH]c2ccccc12,1,0.9995554685592651,probability,0.5
cellppd,xgboost_rdkit,xgboost-rdkit,101,test,CC[C@H](C)[C@H](NC(=O)[C@H](CCCC[NH3+])NC(=O)[C@H](CC(C)C)NC(=O)[C@@H](NC(=O)[C@H](CO)NC(=O)[C@H](CCCC[NH3+])NC(=O)[C@H](Cc1c[nH]c2ccccc12)NC(=O)[C@@H](NC(=O)[C@H](CCCC[NH3+])NC(=O)[C@H](C)NC(=O)[C@@H](NC(=O)[C@H](CO)NC(=O)[C@H](CCCC[NH3+])NC(=O)[C@H](C)NC(=O)[C@H](C)NC(=O)[C@@H](NC(=O)[C@@H](N)CCCC[NH3+])[C@@H](C)CC)[C@@H](C)CC)[C@@H](C)CC)[C@@H](C)CC)C(=O)N[C@@H](C)C(N)=O,CC[C@H](C)[C@H](NC(=O)[C@H](CCCC[NH3+])NC(=O)[C@H](CC(C)C)NC(=O)[C@@H](NC(=O)[C@H](CO)NC(=O)[C@H](CCCC[NH3+])NC(=O)[C@H](Cc1c[nH]c2ccccc12)NC(=O)[C@@H](NC(=O)[C@H](CCCC[NH3+])NC(=O)[C@H](C)NC(=O)[C@@H](NC(=O)[C@H](CO)NC(=O)[C@H](CCCC[NH3+])NC(=O)[C@H](C)NC(=O)[C@H](C)NC(=O)[C@@H](NC(=O)[C@@H](N)CCCC[NH3+])[C@@H](C)CC)[C@@H](C)CC)[C@@H](C)CC)[C@@H](C)CC)C(=O)N[C@@H](C)C(N)=O,1,0.5049430727958679,probability,0.5
cellppd,xgboost_rdkit,xgboost-rdkit,101,test,CC[C@H](C)[C@H](NC(=O)[C@H](CCCC[NH3+])NC(=O)[C@@H](NC(=O)[C@H](CCC(N)=O)NC(=O)[C@@H]([NH3+])CCCNC(N)=[NH2+])[C@@H](C)CC)C(=O)N[C@@H](Cc1c[nH]c2ccccc12)C(=O)N[C@@H](Cc1ccccc1)C(=O)N[C@@H](CCC(N)=O)C(=O)N[C@@H](CC(N)=O)C(=O)N[C@@H](CCCNC(N)=[NH2+])C(=O)N[C@@H](CCCNC(N)=[NH2+])C(=O)N[C@@H](CCSC)C(=O)N[C@@H](CCCC[NH3+])C(=O)N[C@@H](Cc1c[nH]c2ccccc12)C(=O)N[C@@H](CCCC[NH3+])C(=O)N[C@@H](CCCC[NH3+])C(=O)O,CC[C@H](C)[C@H](NC(=O)[C@H](CCCC[NH3+])NC(=O)[C@@H](NC(=O)[C@H](CCC(N)=O)NC(=O)[C@@H]([NH3+])CCCNC(N)=[NH2+])[C@@H](C)CC)C(=O)N[C@@H](Cc1c[nH]c2ccccc12)C(=O)N[C@@H](Cc1ccccc1)C(=O)N[C@@H](CCC(N)=O)C(=O)N[C@@H](CC(N)=O)C(=O)N[C@@H](CCCNC(N)=[NH2+])C(=O)N[C@@H](CCCNC(N)=[NH2+])C(=O)N[C@@H](CCSC)C(=O)N[C@@H](CCCC[NH3+])C(=O)N[C@@H](Cc1c[nH]c2ccccc12)C(=O)N[C@@H](CCCC[NH3+])C(=O)N[C@@H](CCCC[NH3+])C(=O)O,1,0.9978280067443848,probability,0.5
cellppd,xgboost_rdkit,xgboost-rdkit,101,test,CC(C)[C@@H](N)C(=O)N[C@H](CS)C(=O)N[C@@H](C(=O)N[C@@H](C=O)CCCNC(N)=[NH2+])C(C)C,CC(C)[C@@H](N)C(=O)N[C@H](CS)C(=O)N[C@@H](C(=O)N[C@@H](C=O)CCCNC(N)=[NH2+])C(C)C,1,0.971014678478241,probability,0.5
cellppd,xgboost_rdkit,xgboost-rdkit,101,test,CC(C)C[C@@H](C=O)NC(=O)[C@H](CCC(=O)O)NC(=O)[C@@H](NC(=O)[C@H](CC(C)C)NC(=O)[C@@H](NC(=O)[C@H](CCCC[NH3+])NC(=O)[C@@H](NC(=O)[C@H](CC(C)C)NC(=O)[C@H](CCC(=O)O)NC(=O)[C@H](CCCC[NH3+])NC(=O)[C@H](CC(C)C)NC(=O)[C@@H](NC(=O)[C@H](CCC(=O)O)NC(=O)[C@@H](NC(=O)[C@H](CC(C)C)NC(=O)[C@@H](NC(=O)[C@H](CCCC[NH3+])NC(=O)[C@@H](N)CC(C)C)[C@@H](C)O)[C@@H](C)O)[C@@H](C)O)[C@@H](C)O)[C@@H](C)O)[C@@H](C)O,CC(C)C[C@@H](C=O)NC(=O)[C@H](CCC(=O)O)NC(=O)[C@@H](NC(=O)[C@H](CC(C)C)NC(=O)[C@@H](NC(=O)[C@H](CCCC[NH3+])NC(=O)[C@@H](NC(=O)[C@H](CC(C)C)NC(=O)[C@H](CCC(=O)O)NC(=O)[C@H](CCCC[NH3+])NC(=O)[C@H](CC(C)C)NC(=O)[C@@H](NC(=O)[C@H](CCC(=O)O)NC(=O)[C@@H](NC(=O)[C@H](CC(C)C)NC(=O)[C@@H](NC(=O)[C@H](CCCC[NH3+])NC(=O)[C@@H](N)CC(C)C)[C@@H](C)O)[C@@H](C)O)[C@@H](C)O)[C@@H](C)O)[C@@H](C)O)[C@@H](C)O,1,0.8306568264961243,probability,0.5
cellppd,xgboost_rdkit,xgboost-rdkit,101,test,CC(C)C[C@H](NC(=O)CNC(=O)[C@H](C)NC(=O)[C@H](CCCNC(=N)N)NC(=O)[C@H](CO)NC(=O)[C@H](CO)NC(=O)[C@H](CCCNC(=N)N)NC(=O)[C@@H](NC(=O)[C@H](CCCCN)NC(=O)[C@H](C)NC(=O)[C@H](CCCCN)NC(=O)[C@H](C)NC(=O)[C@H](CCCNC(=N)N)NC(=O)[C@H](C)NC(=O)[C@H](CCCCN)NC(=O)CNC(=O)CNC(=O)[C@H](CCC(N)=O)NC(=O)[C@H](CCCCN)NC(=O)CNC(=O)[C@H](CCCNC(=N)N)NC(=O)CNC(=O)[C@@H](N)CO)[C@@H](C)O)C(=O)N[C@@H](CCC(N)=O)C(=O)N[C@@H](Cc1ccccc1)C(=O)N1CCC[C@H]1C(=O)N[C@H](C(=O)NCC(=O)N[C@@H](CCCNC(=N)N)C(=O)N[C@H](C(=O)N[C@@H](Cc1c[nH]cn1)C(=O)N[C@@H](CCCNC(=N)N)C(=O)N[C@@H](CC(C)C)C(=O)N[C@@H](CC(C)C)C(=O)N[C@@H](CCCNC(=N)N)C(=O)N[C@@H](CCCCN)C(=O)NCC=O)C(C)C)C(C)C,CC(C)C[C@H](NC(=O)CNC(=O)[C@H](C)NC(=O)[C@H](CCCNC(=N)N)NC(=O)[C@H](CO)NC(=O)[C@H](CO)NC(=O)[C@H](CCCNC(=N)N)NC(=O)[C@@H](NC(=O)[C@H](CCCCN)NC(=O)[C@H](C)NC(=O)[C@H](CCCCN)NC(=O)[C@H](C)NC(=O)[C@H](CCCNC(=N)N)NC(=O)[C@H](C)NC(=O)[C@H](CCCCN)NC(=O)CNC(=O)CNC(=O)[C@H](CCC(N)=O)NC(=O)[C@H](CCCCN)NC(=O)CNC(=O)[C@H](CCCNC(=N)N)NC(=O)CNC(=O)[C@@H](N)CO)[C@@H](C)O)C(=O)N[C@@H](CCC(N)=O)C(=O)N[C@@H](Cc1ccccc1)C(=O)N1CCC[C@H]1C(=O)N[C@H](C(=O)NCC(=O)N[C@@H](CCCNC(=N)N)C(=O)N[C@H](C(=O)N[C@@H](Cc1c[nH]cn1)C(=O)N[C@@H](CCCNC(=N)N)C(=O)N[C@@H](CC(C)C)C(=O)N[C@@H](CC(C)C)C(=O)N[C@@H](CCCNC(=N)N)C(=O)N[C@@H](CCCCN)C(=O)NCC=O)C(C)C)C(C)C,1,0.9366639256477356,probability,0.5
cellppd,xgboost_rdkit,xgboost-rdkit,101,test,CC[C@H](C)[C@H](NC(=O)[C@H](CCCC[NH3+])NC(=O)[C@@H](NC(=O)[C@H](CCC(N)=O)NC(=O)[C@@H]([NH3+])CCCNC(N)=[NH2+])[C@@H](C)CC)C(=O)N[C@@H](Cc1c[nH]c2ccccc12)C(=O)N[C@@H](Cc1ccccc1)C(=O)N[C@@H](CCC(N)=O)C(=O)N[C@@H](CC(N)=O)C(=O)N[C@@H](CCCNC(N)=[NH2+])C(=O)N[C@@H](CCCNC(N)=[NH2+])C(=O)N[C@@H](CCSC)C(=O)N[C@@H](CCCC[NH3+])C(=O)N[C@@H](Cc1c[nH]c2ccccc12)C(=O)N[C@@H](CCCC[NH3+])C(=O)N[C@@H](CCCC[NH3+])C(=O)O,CC[C@H](C)[C@H](NC(=O)[C@H](CCCC[NH3+])NC(=O)[C@@H](NC(=O)[C@H](CCC(N)=O)NC(=O)[C@@H]([NH3+])CCCNC(N)=[NH2+])[C@@H](C)CC)C(=O)N[C@@H](Cc1c[nH]c2ccccc12)C(=O)N[C@@H](Cc1ccccc1)C(=O)N[C@@H](CCC(N)=O)C(=O)N[C@@H](CC(N)=O)C(=O)N[C@@H](CCCNC(N)=[NH2+])C(=O)N[C@@H](CCCNC(N)=[NH2+])C(=O)N[C@@H](CCSC)C(=O)N[C@@H](CCCC[NH3+])C(=O)N[C@@H](Cc1c[nH]c2ccccc12)C(=O)N[C@@H](CCCC[NH3+])C(=O)N[C@@H](CCCC[NH3+])C(=O)O,1,0.9978280067443848,probability,0.5
cellppd,xgboost_rdkit,xgboost-rdkit,101,test,NC(=[NH2+])NCCC[C@@H](N)C(=O)N[C@@H](CCCNC(N)=[NH2+])C(=O)N[C@H](CCCNC(N)=[NH2+])C(=O)NCC(=O)N[C@H](CCCNC(N)=[NH2+])C(=O)N[C@@H](CCCC[NH3+])C(=O)N[C@H](CCCC[NH3+])C(=O)N[C@@H](CCCNC(N)=[NH2+])C(=O)N[C@@H](C=O)CCCNC(N)=[NH2+],NC(=[NH2+])NCCC[C@@H](N)C(=O)N[C@@H](CCCNC(N)=[NH2+])C(=O)N[C@H](CCCNC(N)=[NH2+])C(=O)NCC(=O)N[C@H](CCCNC(N)=[NH2+])C(=O)N[C@@H](CCCC[NH3+])C(=O)N[C@H](CCCC[NH3+])C(=O)N[C@@H](CCCNC(N)=[NH2+])C(=O)N[C@@H](C=O)CCCNC(N)=[NH2+],1,0.9997018575668335,probability,0.5
cellppd,xgboost_rdkit,xgboost-rdkit,101,test,CC[C@H](C)[C@H](NC(=O)[C@H](CCCC[NH3+])NC(=O)[C@@H](NC(=O)[C@H](CCC(N)=O)NC(=O)[C@@H](N)CCCNC(N)=[NH2+])[C@@H](C)CC)C(=O)N[C@@H](Cc1c[nH]c2ccccc12)C(=O)N[C@@H](Cc1ccccc1)C(=O)N[C@@H](CCC(N)=O)C(=O)N[C@H](C=O)CC(N)=O,CC[C@H](C)[C@H](NC(=O)[C@H](CCCC[NH3+])NC(=O)[C@@H](NC(=O)[C@H](CCC(N)=O)NC(=O)[C@@H](N)CCCNC(N)=[NH2+])[C@@H](C)CC)C(=O)N[C@@H](Cc1c[nH]c2ccccc12)C(=O)N[C@@H](Cc1ccccc1)C(=O)N[C@@H](CCC(N)=O)C(=O)N[C@H](C=O)CC(N)=O,1,0.7587937116622925,probability,0.5
cellppd,xgboost_rdkit,xgboost-rdkit,101,test,C[C@H](NC(=O)[C@H](C)NC(=O)[C@H](CO)NC(=O)[C@H](CCCNC(N)=[NH2+])NC(=O)[C@H](CS)NC(O)C(CC1CNCN1)NC(O)C(CC1CNCN1)NC(=O)[C@H](CCCNC(N)=[NH2+])NC(=O)[C@H](CCCNC(N)=[NH2+])NC(=O)[C@@H](N)CO)C(=O)N[C@@H](CCCC[NH3+])C(=O)N[C@@H](CCCNC(N)=[NH2+])C(=O)N[C@@H](CO)C(=O)N[C@@H](CCCNC(N)=[NH2+])C(=O)NC(CC1CNCN1)C(O)NC(CO)CC1CNCN1,C[C@H](NC(=O)[C@H](C)NC(=O)[C@H](CO)NC(=O)[C@H](CCCNC(N)=[NH2+])NC(=O)[C@H](CS)NC(O)C(CC1CNCN1)NC(O)C(CC1CNCN1)NC(=O)[C@H](CCCNC(N)=[NH2+])NC(=O)[C@H](CCCNC(N)=[NH2+])NC(=O)[C@@H](N)CO)C(=O)N[C@@H](CCCC[NH3+])C(=O)N[C@@H](CCCNC(N)=[NH2+])C(=O)N[C@@H](CO)C(=O)N[C@@H](CCCNC(N)=[NH2+])C(=O)NC(CC1CNCN1)C(O)NC(CO)CC1CNCN1,1,0.9970547556877136,probability,0.5
cellppd,xgboost_rdkit,xgboost-rdkit,101,test,NC(=[NH2+])NCCC[C@H](NC(=O)[C@H](Cc1ccccc1)NC(=O)[C@H](CCCC[NH3+])NC(=O)[C@H](CCCC[NH3+])NC(=O)[C@@H](N)Cc1ccccc1)C(=O)N[C@@H](CCCC[NH3+])C(=O)N[C@H](C=O)Cc1ccccc1,NC(=[NH2+])NCCC[C@H](NC(=O)[C@H](Cc1ccccc1)NC(=O)[C@H](CCCC[NH3+])NC(=O)[C@H](CCCC[NH3+])NC(=O)[C@@H](N)Cc1ccccc1)C(=O)N[C@@H](CCCC[NH3+])C(=O)N[C@H](C=O)Cc1ccccc1,1,0.924643337726593,probability,0.5
cellppd,xgboost_rdkit,xgboost-rdkit,101,test,CCC[C@@H]1NC(=O)[C@@H]2CS34SC[C@H](NC(=O)[C@H]([C@@H](C)CC)NC(=O)[C@H](CS)NC(=O)[C@H](C)NC(=O)CNC1=O)C(=O)N[C@@H](CCCNC(=N)N)C(=O)NCC(=O)N[C@@H](CC(N)=O)C(=O)NCC(=O)N[C@@H](Cc1ccc(O)cc1)C(=O)N[C@H](C(=O)NCC(=O)N[C@@H](CO)C(=O)NCC(=O)N[C@@H](CO)C(=O)N[C@H](C=O)CC(=O)O)C[SH]3[SH]4C[C@H](NC(=O)[C@H](CCCCN)NC(=O)[C@H](CCCCN)NC(=O)[C@H](CC(C)C)NC(=O)[C@@H](NC(=O)[C@H](C)NC(=O)[C@H](CCC)NC(=O)[C@H](CS)NC(=O)[C@@H](NC(=O)CNC(=O)CN)C(C)C)[C@@H](C)CC)C(=O)N[C@@H](CCCNC(=N)N)C(=O)N[C@@H](CCCNC(=N)N)C(=O)N[C@@H](CC(=O)O)C(=O)N[C@@H](CO)C(=O)N[C@@H](CC(=O)O)C(=O)N2,CCC[C@@H]1NC(=O)[C@@H]2CS34SC[C@H](NC(=O)[C@H]([C@@H](C)CC)NC(=O)[C@H](CS)NC(=O)[C@H](C)NC(=O)CNC1=O)C(=O)N[C@@H](CCCNC(=N)N)C(=O)NCC(=O)N[C@@H](CC(N)=O)C(=O)NCC(=O)N[C@@H](Cc1ccc(O)cc1)C(=O)N[C@H](C(=O)NCC(=O)N[C@@H](CO)C(=O)NCC(=O)N[C@@H](CO)C(=O)N[C@H](C=O)CC(=O)O)C[SH]3[SH]4C[C@H](NC(=O)[C@H](CCCCN)NC(=O)[C@H](CCCCN)NC(=O)[C@H](CC(C)C)NC(=O)[C@@H](NC(=O)[C@H](C)NC(=O)[C@H](CCC)NC(=O)[C@H](CS)NC(=O)[C@@H](NC(=O)CNC(=O)CN)C(C)C)[C@@H](C)CC)C(=O)N[C@@H](CCCNC(=N)N)C(=O)N[C@@H](CCCNC(=N)N)C(=O)N[C@@H](CC(=O)O)C(=O)N[C@@H](CO)C(=O)N[C@@H](CC(=O)O)C(=O)N2,1,0.8209432363510132,probability,0.5
cellppd,xgboost_rdkit,xgboost-rdkit,101,test,C[C@H](N)C(=O)N[C@@H](CS)C(=O)N[C@@H](CO)C(=O)NCC(=O)N[C@@H](CCCNC(N)=[NH2+])C(=O)NCC(=O)N[C@@H](CCCNC(N)=[NH2+])C(=O)NCC(=O)N[C@@H](CS)C(=O)NCC(=O)N[C@@H](CO)C(=O)NCC(=O)N[C@@H](CO)C(=O)NCC(=O)N[C@@H](CO)C(=O)N[C@@H](CS)C(=O)NCC=O,C[C@H](N)C(=O)N[C@@H](CS)C(=O)N[C@@H](CO)C(=O)NCC(=O)N[C@@H](CCCNC(N)=[NH2+])C(=O)NCC(=O)N[C@@H](CCCNC(N)=[NH2+])C(=O)NCC(=O)N[C@@H](CS)C(=O)NCC(=O)N[C@@H](CO)C(=O)NCC(=O)N[C@@H](CO)C(=O)NCC(=O)N[C@@H](CO)C(=O)N[C@@H](CS)C(=O)NCC=O,1,0.9693124890327454,probability,0.5
cellppd,xgboost_rdkit,xgboost-rdkit,101,test,CC[C@H](C)[C@H](NC(=O)[C@H](CC(C)C)NC(=O)[C@H](C)NC(=O)[C@H](CCCNC(N)=[NH2+])NC(=O)[C@H](Cc1ccccc1)NC(=O)[C@@H](NC(=O)[C@@H](NC(=O)[C@@H](N)CCSC)[C@@H](C)CC)[C@@H](C)CC)C(=O)N[C@@H](CO)C(=O)NC(CC1CNCN1)C(O)N[C@@H](CCCC[NH3+])C(=O)N[C@H](C=O)CCCC[NH3+],CC[C@H](C)[C@H](NC(=O)[C@H](CC(C)C)NC(=O)[C@H](C)NC(=O)[C@H](CCCNC(N)=[NH2+])NC(=O)[C@H](Cc1ccccc1)NC(=O)[C@@H](NC(=O)[C@@H](NC(=O)[C@@H](N)CCSC)[C@@H](C)CC)[C@@H](C)CC)C(=O)N[C@@H](CO)C(=O)NC(CC1CNCN1)C(O)N[C@@H](CCCC[NH3+])C(=O)N[C@H](C=O)CCCC[NH3+],1,0.9968194961547852,probability,0.5
cellppd,xgboost_rdkit,xgboost-rdkit,101,test,CC(C)C[C@H](NC(=O)[C@H](CCCNC(N)=[NH2+])NC(=O)[C@H](CCCNC(N)=[NH2+])NC(=O)[C@H](CC(C)C)NC(=O)[C@H](CC(C)C)NC(=O)[C@H](CCCNC(N)=[NH2+])NC(=O)[C@@H](N)CCCNC(N)=[NH2+])C(=O)N[C@@H](CCCNC(N)=[NH2+])C(=O)N[C@H](C=O)CCCNC(N)=[NH2+],CC(C)C[C@H](NC(=O)[C@H](CCCNC(N)=[NH2+])NC(=O)[C@H](CCCNC(N)=[NH2+])NC(=O)[C@H](CC(C)C)NC(=O)[C@H](CC(C)C)NC(=O)[C@H](CCCNC(N)=[NH2+])NC(=O)[C@@H](N)CCCNC(N)=[NH2+])C(=O)N[C@@H](CCCNC(N)=[NH2+])C(=O)N[C@H](C=O)CCCNC(N)=[NH2+],1,0.9977162480354309,probability,0.5
cellppd,xgboost_rdkit,xgboost-rdkit,101,test,CC[C@H](C)[C@H](NC(=O)[C@H](CCCNC(N)=[NH2+])NC(=O)[C@@H](N)CCCC[NH3+])C(=O)N1CCC[C@H]1C(=O)N[C@@H](CC(N)=O)C(=O)N[C@@H](CCCC[NH3+])C(=O)N[C@@H](CCCC[NH3+])C(=O)N1CCC[C@H]1C(=O)NCC(=O)N[C@@H](CCCC[NH3+])C(=O)N[C@H](C=O)CCCC[NH3+],CC[C@H](C)[C@H](NC(=O)[C@H](CCCNC(N)=[NH2+])NC(=O)[C@@H](N)CCCC[NH3+])C(=O)N1CCC[C@H]1C(=O)N[C@@H](CC(N)=O)C(=O)N[C@@H](CCCC[NH3+])C(=O)N[C@@H](CCCC[NH3+])C(=O)N1CCC[C@H]1C(=O)NCC(=O)N[C@@H](CCCC[NH3+])C(=O)N[C@H](C=O)CCCC[NH3+],1,0.9927045106887817,probability,0.5
cellppd,xgboost_rdkit,xgboost-rdkit,101,test,CC[C@H](C)[C@H](NC(=O)[C@H](CCCC[NH3+])NC(=O)[C@@H](NC(=O)[C@H](CCC(N)=O)NC(=O)[C@@H](N)CCCNC(N)=[NH2+])[C@@H](C)CC)C(=O)N[C@@H](Cc1c[nH]c2ccccc12)C(=O)N[C@@H](Cc1ccccc1)C(=O)N1CCC[C@H]1C(=O)N[C@@H](CC(N)=O)C(=O)N[C@@H](CCCNC(N)=[NH2+])C(=O)N[C@@H](CCCNC(N)=[NH2+])C(=O)N[C@@H](CCSC)C(=O)N[C@@H](CCCC[NH3+])C(=O)N[C@@H](Cc1c[nH]c2ccccc12)C(=O)N[C@@H](CCCC[NH3+])C(=O)N[C@H](C=O)CCCC[NH3+],CC[C@H](C)[C@H](NC(=O)[C@H](CCCC[NH3+])NC(=O)[C@@H](NC(=O)[C@H](CCC(N)=O)NC(=O)[C@@H](N)CCCNC(N)=[NH2+])[C@@H](C)CC)C(=O)N[C@@H](Cc1c[nH]c2ccccc12)C(=O)N[C@@H](Cc1ccccc1)C(=O)N1CCC[C@H]1C(=O)N[C@@H](CC(N)=O)C(=O)N[C@@H](CCCNC(N)=[NH2+])C(=O)N[C@@H](CCCNC(N)=[NH2+])C(=O)N[C@@H](CCSC)C(=O)N[C@@H](CCCC[NH3+])C(=O)N[C@@H](Cc1c[nH]c2ccccc12)C(=O)N[C@@H](CCCC[NH3+])C(=O)N[C@H](C=O)CCCC[NH3+],1,0.9962556958198547,probability,0.5
cellppd,xgboost_rdkit,xgboost-rdkit,101,test,CC[C@H](C)[C@H](NC(=O)[C@H](CCCNC(N)=[NH2+])NC(=O)[C@@H](NC(=O)[C@@H](N)CCCNC(N)=[NH2+])C(C)C)C(=O)N[C@@H](CC(C)C)C(=O)N[C@@H](C)C(=O)N[C@@H](CCCNC(N)=[NH2+])C(=O)N[C@@H](Cc1ccccc1)C(=O)N[C@@H](CC(C)C)C(=O)N[C@@H](CCCNC(N)=[NH2+])C(=O)N[C@H](C(=O)N[C@@H](CCCNC(N)=[NH2+])C(=O)N[C@H](C=O)C(C)C)[C@@H](C)O,CC[C@H](C)[C@H](NC(=O)[C@H](CCCNC(N)=[NH2+])NC(=O)[C@@H](NC(=O)[C@@H](N)CCCNC(N)=[NH2+])C(C)C)C(=O)N[C@@H](CC(C)C)C(=O)N[C@@H](C)C(=O)N[C@@H](CCCNC(N)=[NH2+])C(=O)N[C@@H](Cc1ccccc1)C(=O)N[C@@H](CC(C)C)C(=O)N[C@@H](CCCNC(N)=[NH2+])C(=O)N[C@H](C(=O)N[C@@H](CCCNC(N)=[NH2+])C(=O)N[C@H](C=O)C(C)C)[C@@H](C)O,1,0.7787596583366394,probability,0.5
cellppd,xgboost_rdkit,xgboost-rdkit,101,test,CC[C@H](C)[C@H](NC(=O)[C@H](CCCCN)NC(=O)[C@H](CCCCN)NC(=O)[C@H](C)NC(=O)[C@H](CC(C)C)NC(=O)[C@H](C)NC(=O)[C@H](C)NC(=O)[C@H](CC(C)C)NC(=O)[C@H](C)NC(=O)[C@H](CCCCN)NC(=O)[C@H](CC(C)C)NC(=O)[C@H](CC(N)=O)NC(=O)[C@@H](NC(=O)[C@H](CCCCN)NC(=O)CNC(=O)[C@H](CC(C)C)NC(=O)[C@H](CC(C)C)NC(=O)[C@H](Cc1ccc(O)cc1)NC(=O)CNC(=O)[C@H](C)N)[C@@H](C)O)C(=O)N[C@H](C=O)CC(C)C,CC[C@H](C)[C@H](NC(=O)[C@H](CCCCN)NC(=O)[C@H](CCCCN)NC(=O)[C@H](C)NC(=O)[C@H](CC(C)C)NC(=O)[C@H](C)NC(=O)[C@H](C)NC(=O)[C@H](CC(C)C)NC(=O)[C@H](C)NC(=O)[C@H](CCCCN)NC(=O)[C@H](CC(C)C)NC(=O)[C@H](CC(N)=O)NC(=O)[C@@H](NC(=O)[C@H](CCCCN)NC(=O)CNC(=O)[C@H](CC(C)C)NC(=O)[C@H](CC(C)C)NC(=O)[C@H](Cc1ccc(O)cc1)NC(=O)CNC(=O)[C@H](C)N)[C@@H](C)O)C(=O)N[C@H](C=O)CC(C)C,1,0.8079385757446289,probability,0.5
cellppd,xgboost_rdkit,xgboost-rdkit,101,test,NC(=[NH2+])NCCC[C@H](NC(=O)CNC(=O)[C@H](CCCNC(N)=[NH2+])NC(=O)[C@@H](N)CCCNC(N)=[NH2+])C(=O)N[C@@H](CCCNC(N)=[NH2+])C(=O)NCC=O,NC(=[NH2+])NCCC[C@H](NC(=O)CNC(=O)[C@H](CCCNC(N)=[NH2+])NC(=O)[C@@H](N)CCCNC(N)=[NH2+])C(=O)N[C@@H](CCCNC(N)=[NH2+])C(=O)NCC=O,1,0.9422944784164429,probability,0.5
cellppd,xgboost_rdkit,xgboost-rdkit,101,test,CC[C@H](C)[C@H](NC(=O)[C@H](CCCNC(N)=[NH2+])NC(=O)[C@H](CC(C)C)NC(=O)[C@@H](NC(=O)[C@@H](NC(=O)[C@H](CC(C)C)NC(=O)[C@H](Cc1ccccc1)NC(=O)[C@H](CCCNC(N)=[NH2+])NC(=O)[C@H](CCCNC(N)=[NH2+])NC(=O)[C@@H](N)C(C)C)C(C)C)[C@@H](C)O)C(=O)N[C@@H](CCCNC(N)=[NH2+])C(=O)N[C@@H](CCCNC(N)=[NH2+])C(=O)N[C@@H](C)C=O,CC[C@H](C)[C@H](NC(=O)[C@H](CCCNC(N)=[NH2+])NC(=O)[C@H](CC(C)C)NC(=O)[C@@H](NC(=O)[C@@H](NC(=O)[C@H](CC(C)C)NC(=O)[C@H](Cc1ccccc1)NC(=O)[C@H](CCCNC(N)=[NH2+])NC(=O)[C@H](CCCNC(N)=[NH2+])NC(=O)[C@@H](N)C(C)C)C(C)C)[C@@H](C)O)C(=O)N[C@@H](CCCNC(N)=[NH2+])C(=O)N[C@@H](CCCNC(N)=[NH2+])C(=O)N[C@@H](C)C=O,1,0.8696104884147644,probability,0.5
cellppd,xgboost_rdkit,xgboost-rdkit,101,test,CCC[C@H](NC(=O)[C@@H](NC(=O)[C@H](CC(C)C)NC(=O)[C@H](CC(N)=O)NC(=O)[C@H](CCCNC(=N)N)NC(=O)[C@H](CC(C)C)NC(=O)[C@H](Cc1ccccc1)NC(=O)[C@H](CC(=O)O)NC(=O)[C@H](CCCCN)NC(=O)[C@@H](NC(=O)[C@H](CCCNC(=N)N)NC(=O)[C@H](CCC(N)=O)NC(=O)[C@@H](NC(=O)[C@@H](NC(=O)[C@H](CCCNC(=N)N)NC(=O)[C@H](CCCCN)NC(=O)[C@H](Cc1ccccc1)NC(=O)[C@H](CCC(=O)O)NC(=O)[C@H](CCCCN)NC(=O)CNC(=O)[C@@H](NC(=O)[C@H](CCCCN)NC(=O)[C@H](CCC(=O)O)NC(=O)[C@H](CCCCN)NC(=O)[C@H](CO)NC(=O)[C@H](CCCCN)NC(=O)[C@H](CCCNC(=N)N)NC(=O)[C@H](Cc1ccccc1)NC(=O)[C@H](Cc1ccccc1)NC(=O)[C@H](CC(=O)O)NC(=O)CNC(=O)[C@H](CC(C)C)NC(=O)[C@@H](N)CC(C)C)[C@@H](C)CC)[C@@H](C)CC)C(C)C)[C@@H](C)CC)C(C)C)C(=O)N[C@@H](CCCNC(=N)N)C(=O)N[C@H](C(=O)N[C@@H](CCC(=O)O)C(=O)N[C@@H](CO)C(=O)N[C@H](C=O)CS)[C@@H](C)O,CCC[C@H](NC(=O)[C@@H](NC(=O)[C@H](CC(C)C)NC(=O)[C@H](CC(N)=O)NC(=O)[C@H](CCCNC(=N)N)NC(=O)[C@H](CC(C)C)NC(=O)[C@H](Cc1ccccc1)NC(=O)[C@H](CC(=O)O)NC(=O)[C@H](CCCCN)NC(=O)[C@@H](NC(=O)[C@H](CCCNC(=N)N)NC(=O)[C@H](CCC(N)=O)NC(=O)[C@@H](NC(=O)[C@@H](NC(=O)[C@H](CCCNC(=N)N)NC(=O)[C@H](CCCCN)NC(=O)[C@H](Cc1ccccc1)NC(=O)[C@H](CCC(=O)O)NC(=O)[C@H](CCCCN)NC(=O)CNC(=O)[C@@H](NC(=O)[C@H](CCCCN)NC(=O)[C@H](CCC(=O)O)NC(=O)[C@H](CCCCN)NC(=O)[C@H](CO)NC(=O)[C@H](CCCCN)NC(=O)[C@H](CCCNC(=N)N)NC(=O)[C@H](Cc1ccccc1)NC(=O)[C@H](Cc1ccccc1)NC(=O)[C@H](CC(=O)O)NC(=O)CNC(=O)[C@H](CC(C)C)NC(=O)[C@@H](N)CC(C)C)[C@@H](C)CC)[C@@H](C)CC)C(C)C)[C@@H](C)CC)C(C)C)C(=O)N[C@@H](CCCNC(=N)N)C(=O)N[C@H](C(=O)N[C@@H](CCC(=O)O)C(=O)N[C@@H](CO)C(=O)N[C@H](C=O)CS)[C@@H](C)O,1,0.6865545511245728,probability,0.5
cellppd,xgboost_rdkit,xgboost-rdkit,101,test,CC[C@H](C)[C@H](NC(=O)[C@H](C)NC(=O)[C@@H](NC(=O)[C@H](CCC(N)=O)NC(=O)[C@@H]1CCCN1C(=O)[C@H](Cc1ccccc1)NC(=O)[C@@H](NC(O)C(CC1CNCN1)NC(=O)[C@H](Cc1ccccc1)NC(=O)[C@H](CCCC[NH3+])NC(=O)[C@H](CC(N)=O)NC(=O)[C@H](Cc1ccccc1)NC(=O)[C@H](CC(=O)O)NC(=O)[C@H](CCC(N)=O)NC(=O)[C@@H](NC(=O)[C@H](Cc1ccc(O)cc1)NC(=O)[C@@H](NC(=O)CNC(=O)[C@@H](N)CC(C)C)[C@@H](C)O)[C@@H](C)O)[C@@H](C)O)[C@@H](C)O)C(=O)NCC(=O)N[C@H](C(=O)NCC(=O)N[C@@H](C)C(=O)N1CCC[C@H]1C=O)C(C)C,CC[C@H](C)[C@H](NC(=O)[C@H](C)NC(=O)[C@@H](NC(=O)[C@H](CCC(N)=O)NC(=O)[C@@H]1CCCN1C(=O)[C@H](Cc1ccccc1)NC(=O)[C@@H](NC(O)C(CC1CNCN1)NC(=O)[C@H](Cc1ccccc1)NC(=O)[C@H](CCCC[NH3+])NC(=O)[C@H](CC(N)=O)NC(=O)[C@H](Cc1ccccc1)NC(=O)[C@H](CC(=O)O)NC(=O)[C@H](CCC(N)=O)NC(=O)[C@@H](NC(=O)[C@H](Cc1ccc(O)cc1)NC(=O)[C@@H](NC(=O)CNC(=O)[C@@H](N)CC(C)C)[C@@H](C)O)[C@@H](C)O)[C@@H](C)O)[C@@H](C)O)C(=O)NCC(=O)N[C@H](C(=O)NCC(=O)N[C@@H](C)C(=O)N1CCC[C@H]1C=O)C(C)C,1,0.06972359120845795,probability,0.5
cellppd,xgboost_rdkit,xgboost-rdkit,101,test,CSCC[C@H](NC(=O)[C@H](CC(N)=O)NC(=O)[C@H](CCCNC(N)=[NH2+])NC(=O)[C@H](CCC(N)=O)NC(=O)[C@H](Cc1c[nH]c2ccccc12)NC(=O)[C@H](CCC(N)=O)NC(=O)[C@@H](N)Cc1ccccc1)C(=O)N[C@@H](CCCNC(N)=[NH2+])C(=O)N[C@@H](CCCC[NH3+])C(=O)N[C@H](C(=O)N[C@@H](CCCNC(N)=[NH2+])C(=O)NCC(=O)N1CCC[C@H]1C(=O)N1CCC[C@H]1C(=O)N[C@H](C(=O)N[C@H](C=O)CO)C(C)C)C(C)C,CSCC[C@H](NC(=O)[C@H](CC(N)=O)NC(=O)[C@H](CCCNC(N)=[NH2+])NC(=O)[C@H](CCC(N)=O)NC(=O)[C@H](Cc1c[nH]c2ccccc12)NC(=O)[C@H](CCC(N)=O)NC(=O)[C@@H](N)Cc1ccccc1)C(=O)N[C@@H](CCCNC(N)=[NH2+])C(=O)N[C@@H](CCCC[NH3+])C(=O)N[C@H](C(=O)N[C@@H](CCCNC(N)=[NH2+])C(=O)NCC(=O)N1CCC[C@H]1C(=O)N1CCC[C@H]1C(=O)N[C@H](C(=O)N[C@H](C=O)CO)C(C)C)C(C)C,1,0.7520066499710083,probability,0.5
cellppd,xgboost_rdkit,xgboost-rdkit,101,test,C[C@H](N)C(=O)N[C@@H](CS)C(=O)N[C@@H](CCCNC(N)=[NH2+])C(=O)NCC(=O)N[C@@H](CO)C(=O)NCC(=O)N[C@@H](CCCNC(N)=[NH2+])C(=O)NCC(=O)N[C@@H](CS)C(=O)NCC(=O)N[C@@H](CCCNC(N)=[NH2+])C(=O)NCC(=O)N[C@@H](CO)C(=O)NCC(=O)N[C@@H](CCCNC(N)=[NH2+])C(=O)N[C@@H](CS)C(=O)NCC=O,C[C@H](N)C(=O)N[C@@H](CS)C(=O)N[C@@H](CCCNC(N)=[NH2+])C(=O)NCC(=O)N[C@@H](CO)C(=O)NCC(=O)N[C@@H](CCCNC(N)=[NH2+])C(=O)NCC(=O)N[C@@H](CS)C(=O)NCC(=O)N[C@@H](CCCNC(N)=[NH2+])C(=O)NCC(=O)N[C@@H](CO)C(=O)NCC(=O)N[C@@H](CCCNC(N)=[NH2+])C(=O)N[C@@H](CS)C(=O)NCC=O,1,0.9964370727539062,probability,0.5
cellppd,xgboost_rdkit,xgboost-rdkit,101,test,CC[C@H](C)[C@H](NC(=O)[C@H](CCCCN)NC(=O)[C@H](CCCCN)NC(=O)[C@H](C)NC(=O)[C@H](CC(C)C)NC(=O)[C@H](CCCCN)NC(=O)[C@H](C)NC(=O)[C@H](CC(C)C)NC(=O)[C@H](CCCCN)NC(=O)[C@H](C)NC(=O)[C@H](CC(C)C)NC(=O)[C@H](CCCCN)NC(=O)[C@H](C)NC(=O)[C@H](CC(C)C)NC(=O)[C@H](CCCCN)NC(=O)[C@H](C)NC(=O)[C@H](CC(C)C)NC(=O)[C@H](CCCCN)NC(=O)[C@H](C)NC(=O)[C@H](CC(C)C)NC(=O)[C@H](C)NC(=O)[C@H](CC(C)C)NC(=O)[C@H](C)NC(=O)[C@H](CC(C)C)NC(=O)[C@H](C)NC(=O)[C@H](CC(C)C)NC(=O)[C@H](C)NC(=O)[C@H](CC(C)C)NC(=O)[C@H](C)NC(=O)[C@H](CC(C)C)NC(=O)[C@H](C)NC(=O)[C@H](CC(C)C)NC(=O)[C@H](C)NC(=O)[C@@H](N)CC(C)C)C(=O)N[C@H](C=O)CCCCN,CC[C@H](C)[C@H](NC(=O)[C@H](CCCCN)NC(=O)[C@H](CCCCN)NC(=O)[C@H](C)NC(=O)[C@H](CC(C)C)NC(=O)[C@H](CCCCN)NC(=O)[C@H](C)NC(=O)[C@H](CC(C)C)NC(=O)[C@H](CCCCN)NC(=O)[C@H](C)NC(=O)[C@H](CC(C)C)NC(=O)[C@H](CCCCN)NC(=O)[C@H](C)NC(=O)[C@H](CC(C)C)NC(=O)[C@H](CCCCN)NC(=O)[C@H](C)NC(=O)[C@H](CC(C)C)NC(=O)[C@H](CCCCN)NC(=O)[C@H](C)NC(=O)[C@H](CC(C)C)NC(=O)[C@H](C)NC(=O)[C@H](CC(C)C)NC(=O)[C@H](C)NC(=O)[C@H](CC(C)C)NC(=O)[C@H](C)NC(=O)[C@H](CC(C)C)NC(=O)[C@H](C)NC(=O)[C@H](CC(C)C)NC(=O)[C@H](C)NC(=O)[C@H](CC(C)C)NC(=O)[C@H](C)NC(=O)[C@H](CC(C)C)NC(=O)[C@H](C)NC(=O)[C@@H](N)CC(C)C)C(=O)N[C@H](C=O)CCCCN,1,0.9894763231277466,probability,0.5
cellppd,xgboost_rdkit,xgboost-rdkit,101,test,CC(C)C[C@H](NC(=O)[C@H](C)NC(=O)[C@H](CC(C)C)NC(=O)[C@H](CC(C)C)NC(=O)[C@@H](NC(=O)[C@H](C)NC(=O)[C@@H]1CCCN1C(=O)[C@H](CC(C)C)NC(=O)[C@H](CC(C)C)NC(=O)[C@H](C)NC(=O)[C@@H](NC(=O)[C@H](C)NC(=O)[C@H](C)NC(=O)[C@H](CCCC[NH3+])NC(=O)[C@H](Cc1ccccc1)NC(=O)[C@H](CCCNC(N)=[NH2+])NC(=O)[C@@H](N)Cc1c[nH]c2ccccc12)C(C)C)C(C)C)C(=O)N[C@@H](CC(C)C)C(=O)N[C@@H](C)C(=O)N1CCC[C@H]1C=O,CC(C)C[C@H](NC(=O)[C@H](C)NC(=O)[C@H](CC(C)C)NC(=O)[C@H](CC(C)C)NC(=O)[C@@H](NC(=O)[C@H](C)NC(=O)[C@@H]1CCCN1C(=O)[C@H](CC(C)C)NC(=O)[C@H](CC(C)C)NC(=O)[C@H](C)NC(=O)[C@@H](NC(=O)[C@H](C)NC(=O)[C@H](C)NC(=O)[C@H](CCCC[NH3+])NC(=O)[C@H](Cc1ccccc1)NC(=O)[C@H](CCCNC(N)=[NH2+])NC(=O)[C@@H](N)Cc1c[nH]c2ccccc12)C(C)C)C(C)C)C(=O)N[C@@H](CC(C)C)C(=O)N[C@@H](C)C(=O)N1CCC[C@H]1C=O,1,0.20523686707019806,probability,0.5
cellppd,xgboost_rdkit,xgboost-rdkit,101,test,CC(C)C[C@H](NC(=O)[C@H](C)NC(=O)[C@H](CC(C)C)NC(=O)[C@H](CCCC[NH3+])NC(=O)[C@H](CC(C)C)NC(=O)[C@H](CCCC[NH3+])NC(=O)[C@H](CC(C)C)NC(=O)[C@H](C)NC(=O)[C@@H](N)CCCC[NH3+])C(=O)N[C@@H](C)C(=O)N[C@@H](CC(C)C)C(=O)N[C@@H](CC(C)C)C(=O)N[C@@H](C)C(=O)N[C@@H](CCCC[NH3+])C(=O)N[C@@H](CC(C)C)C(=O)N[C@@H](CCCC[NH3+])C(=O)N[C@@H](CC(C)C)C(=O)N[C@@H](C)C=O,CC(C)C[C@H](NC(=O)[C@H](C)NC(=O)[C@H](CC(C)C)NC(=O)[C@H](CCCC[NH3+])NC(=O)[C@H](CC(C)C)NC(=O)[C@H](CCCC[NH3+])NC(=O)[C@H](CC(C)C)NC(=O)[C@H](C)NC(=O)[C@@H](N)CCCC[NH3+])C(=O)N[C@@H](C)C(=O)N[C@@H](CC(C)C)C(=O)N[C@@H](CC(C)C)C(=O)N[C@@H](C)C(=O)N[C@@H](CCCC[NH3+])C(=O)N[C@@H](CC(C)C)C(=O)N[C@@H](CCCC[NH3+])C(=O)N[C@@H](CC(C)C)C(=O)N[C@@H](C)C=O,1,0.9973662495613098,probability,0.5
cellppd,xgboost_rdkit,xgboost-rdkit,101,test,CC[C@H](C)[C@H](NC(=O)[C@H](CC(C)C)NC(=O)[C@H](CC(=O)O)NC(=O)[C@H](CCCNC(N)=[NH2+])NC(=O)[C@H](Cc1ccc(O)cc1)NC(=O)[C@H](C)NC(=O)[C@@H](NC(=O)[C@@H](N)CCSC)[C@@H](C)CC)C(=O)N[C@H](C=O)CO,CC[C@H](C)[C@H](NC(=O)[C@H](CC(C)C)NC(=O)[C@H](CC(=O)O)NC(=O)[C@H](CCCNC(N)=[NH2+])NC(=O)[C@H](Cc1ccc(O)cc1)NC(=O)[C@H](C)NC(=O)[C@@H](NC(=O)[C@@H](N)CCSC)[C@@H](C)CC)C(=O)N[C@H](C=O)CO,1,0.9975666999816895,probability,0.5
cellppd,xgboost_rdkit,xgboost-rdkit,101,test,CC(C)C[C@@H](NC(=O)[C@H](NC(=O)[C@H]1CCCN1C(=O)[C@H](N)C(C)C)[C@@H](C)O)C(=O)N[C@@H](C=O)CCCC[NH3+],CC(C)C[C@@H](NC(=O)[C@H](NC(=O)[C@H]1CCCN1C(=O)[C@H](N)C(C)C)[C@@H](C)O)C(=O)N[C@@H](C=O)CCCC[NH3+],1,0.12871834635734558,probability,0.5
cellppd,xgboost_rdkit,xgboost-rdkit,101,test,CC(C)C[C@H](NC(=O)[C@H](C)NC(=O)[C@H](CCCC[NH3+])NC(=O)[C@H](CC(C)C)NC(=O)[C@H](C)NC(=O)[C@H](CC(C)C)NC(=O)[C@H](CCCC[NH3+])NC(=O)[C@H](CC(C)C)NC(=O)[C@H](C)NC(=O)[C@H](CC(C)C)NC(=O)[C@@H](N)CCCC[NH3+])C(=O)N[C@@H](CCC(N)=O)C(=O)N[C@@H](C)C(=O)N[C@@H](C)C(=O)N[C@@H](CC(C)C)C(=O)N[C@@H](CCC(N)=O)C(=O)N[C@@H](CC(C)C)C(=O)N[C@@H](C)C=O,CC(C)C[C@H](NC(=O)[C@H](C)NC(=O)[C@H](CCCC[NH3+])NC(=O)[C@H](CC(C)C)NC(=O)[C@H](C)NC(=O)[C@H](CC(C)C)NC(=O)[C@H](CCCC[NH3+])NC(=O)[C@H](CC(C)C)NC(=O)[C@H](C)NC(=O)[C@H](CC(C)C)NC(=O)[C@@H](N)CCCC[NH3+])C(=O)N[C@@H](CCC(N)=O)C(=O)N[C@@H](C)C(=O)N[C@@H](C)C(=O)N[C@@H](CC(C)C)C(=O)N[C@@H](CCC(N)=O)C(=O)N[C@@H](CC(C)C)C(=O)N[C@@H](C)C=O,1,0.9136558771133423,probability,0.5
cellppd,xgboost_rdkit,xgboost-rdkit,101,test,CC[C@H](C)[C@H](NC(=O)[C@H](CCCC[NH3+])NC(=O)[C@@H](NC(=O)[C@H](CCC(N)=O)NC(=O)[C@@H](N)CCCNC(N)=[NH2+])[C@@H](C)CC)C(=O)N[C@@H](Cc1c[nH]c2ccccc12)C(=O)N[C@@H](Cc1ccccc1)C(=O)N[C@@H](CCC(N)=O)C(=O)N[C@@H](CC(N)=O)C(=O)N[C@@H](CCCNC(N)=[NH2+])C(=O)N[C@@H](CCCNC(N)=[NH2+])C(=O)N[C@@H](C)C(=O)N[C@@H](CCCC[NH3+])C(=O)N[C@@H](Cc1c[nH]c2ccccc12)C(=O)N[C@@H](CCCC[NH3+])C(=O)N[C@H](C=O)CCCC[NH3+],CC[C@H](C)[C@H](NC(=O)[C@H](CCCC[NH3+])NC(=O)[C@@H](NC(=O)[C@H](CCC(N)=O)NC(=O)[C@@H](N)CCCNC(N)=[NH2+])[C@@H](C)CC)C(=O)N[C@@H](Cc1c[nH]c2ccccc12)C(=O)N[C@@H](Cc1ccccc1)C(=O)N[C@@H](CCC(N)=O)C(=O)N[C@@H](CC(N)=O)C(=O)N[C@@H](CCCNC(N)=[NH2+])C(=O)N[C@@H](CCCNC(N)=[NH2+])C(=O)N[C@@H](C)C(=O)N[C@@H](CCCC[NH3+])C(=O)N[C@@H](Cc1c[nH]c2ccccc12)C(=O)N[C@@H](CCCC[NH3+])C(=O)N[C@H](C=O)CCCC[NH3+],1,0.9991788864135742,probability,0.5
cellppd,xgboost_rdkit,xgboost-rdkit,101,test,NC(=[NH2+])NCCC[C@@H](C=O)NC(=O)[C@H](CCCNC(N)=[NH2+])NC(=O)[C@H](CCCNC(N)=[NH2+])NC(=O)[C@H](CCC(N)=O)NC(=O)[C@H](CCCNC(N)=[NH2+])NC(=O)[C@H](CCCNC(N)=[NH2+])NC(=O)[C@H](CCCC[NH3+])NC(=O)[C@H](CCCC[NH3+])NC(=O)[C@H](CCCNC(N)=[NH2+])NC(=O)CNC(=O)[C@H](Cc1ccc(O)cc1)NC(=O)[C@H](CCCC[NH3+])NC(=O)[C@@H](N)CS,NC(=[NH2+])NCCC[C@@H](C=O)NC(=O)[C@H](CCCNC(N)=[NH2+])NC(=O)[C@H](CCCNC(N)=[NH2+])NC(=O)[C@H](CCC(N)=O)NC(=O)[C@H](CCCNC(N)=[NH2+])NC(=O)[C@H](CCCNC(N)=[NH2+])NC(=O)[C@H](CCCC[NH3+])NC(=O)[C@H](CCCC[NH3+])NC(=O)[C@H](CCCNC(N)=[NH2+])NC(=O)CNC(=O)[C@H](Cc1ccc(O)cc1)NC(=O)[C@H](CCCC[NH3+])NC(=O)[C@@H](N)CS,1,0.9998818635940552,probability,0.5
cellppd,xgboost_rdkit,xgboost-rdkit,101,test,CC(C)C[C@H](NC(=O)CNC(=O)[C@H](CO)NC(=O)[C@H](C)NC(=O)CNC(=O)[C@H](CO)NC(=O)[C@@H]1CCCN1C(=O)[C@H](C)NC(=O)[C@H](CC(C)C)NC(=O)[C@H](CC(C)C)NC(=O)[C@H](C)NC(=O)[C@H](CC(C)C)NC(=O)[C@H](CC(C)C)NC(=O)[C@@H](NC(=O)[C@H](C)NC(=O)[C@@H]1CCCN1C(=O)[C@H](CC(C)C)NC(=O)[C@H](CC(C)C)NC(=O)[C@H](C)NC(=O)[C@@H](NC(=O)[C@H](C)NC(=O)[C@H](C)N)C(C)C)C(C)C)C(=O)N[C@@H](CC(=O)O)C(=O)N[C@@H](CCCC[NH3+])C(=O)N[C@@H](CCCNC(N)=[NH2+])C(=O)N[C@@H](CC(=O)O)C(=O)N[C@@H](Cc1ccc(O)cc1)C(=O)N[C@H](C(N)=O)C(C)C,CC(C)C[C@H](NC(=O)CNC(=O)[C@H](CO)NC(=O)[C@H](C)NC(=O)CNC(=O)[C@H](CO)NC(=O)[C@@H]1CCCN1C(=O)[C@H](C)NC(=O)[C@H](CC(C)C)NC(=O)[C@H](CC(C)C)NC(=O)[C@H](C)NC(=O)[C@H](CC(C)C)NC(=O)[C@H](CC(C)C)NC(=O)[C@@H](NC(=O)[C@H](C)NC(=O)[C@@H]1CCCN1C(=O)[C@H](CC(C)C)NC(=O)[C@H](CC(C)C)NC(=O)[C@H](C)NC(=O)[C@@H](NC(=O)[C@H](C)NC(=O)[C@H](C)N)C(C)C)C(C)C)C(=O)N[C@@H](CC(=O)O)C(=O)N[C@@H](CCCC[NH3+])C(=O)N[C@@H](CCCNC(N)=[NH2+])C(=O)N[C@@H](CC(=O)O)C(=O)N[C@@H](Cc1ccc(O)cc1)C(=O)N[C@H](C(N)=O)C(C)C,1,0.2852212190628052,probability,0.5
cellppd,xgboost_rdkit,xgboost-rdkit,101,test,CC[C@H](C)[C@H](NC(=O)[C@H](CCCNC(N)=[NH2+])NC(=O)[C@H](Cc1ccccc1)NC(=O)[C@@H](NC(=O)[C@@H](NC(=O)[C@@H](N)CCSC)[C@@H](C)CC)[C@@H](C)CC)C(=O)N[C@@H](C)C(=O)N[C@@H](C)C(=O)N[C@@H](CO)C(=O)NC(CC1CNCN1)C(O)N[C@@H](CCCC[NH3+])C(=O)N[C@H](C=O)CCCC[NH3+],CC[C@H](C)[C@H](NC(=O)[C@H](CCCNC(N)=[NH2+])NC(=O)[C@H](Cc1ccccc1)NC(=O)[C@@H](NC(=O)[C@@H](NC(=O)[C@@H](N)CCSC)[C@@H](C)CC)[C@@H](C)CC)C(=O)N[C@@H](C)C(=O)N[C@@H](C)C(=O)N[C@@H](CO)C(=O)NC(CC1CNCN1)C(O)N[C@@H](CCCC[NH3+])C(=O)N[C@H](C=O)CCCC[NH3+],1,0.9996644854545593,probability,0.5
cellppd,xgboost_rdkit,xgboost-rdkit,101,test,CC(=O)NC(CC1CNCN1)C(O)NC(CC1CNCN1)C(O)NC(CC1CNCN1)C(O)NC(CC1CNCN1)C(O)NC(CC1CNCN1)C(O)NC(CC1CNCN1)C(O)NC(CC1CNCN1)C(O)NC(CC1CNCN1)C(O)N[C@@H](CCCNC(N)=[NH2+])C(=O)N[C@@H](CCCNC(N)=[NH2+])C(=O)N[C@@H](CCCNC(N)=[NH2+])C(=O)N[C@@H](CCCNC(N)=[NH2+])C(=O)N[C@@H](CCCNC(N)=[NH2+])C(=O)N[C@@H](CCCNC(N)=[NH2+])C(=O)N[C@@H](CCCNC(N)=[NH2+])C(=O)N[C@@H](CCCNC(N)=[NH2+])C(=O)N[C@@H](CCCNC(N)=[NH2+])C(=O)N[C@@H](CCCNC(N)=[NH2+])C(=O)N[C@@H](CCCNC(N)=[NH2+])C(=O)N[C@@H](CCCNC(N)=[NH2+])C(=O)N[C@@H](CCCNC(N)=[NH2+])C(=O)N[C@@H](CCCNC(N)=[NH2+])C(=O)N[C@@H](CCCNC(N)=[NH2+])C(N)=O,CC(=O)NC(CC1CNCN1)C(O)NC(CC1CNCN1)C(O)NC(CC1CNCN1)C(O)NC(CC1CNCN1)C(O)NC(CC1CNCN1)C(O)NC(CC1CNCN1)C(O)NC(CC1CNCN1)C(O)NC(CC1CNCN1)C(O)N[C@@H](CCCNC(N)=[NH2+])C(=O)N[C@@H](CCCNC(N)=[NH2+])C(=O)N[C@@H](CCCNC(N)=[NH2+])C(=O)N[C@@H](CCCNC(N)=[NH2+])C(=O)N[C@@H](CCCNC(N)=[NH2+])C(=O)N[C@@H](CCCNC(N)=[NH2+])C(=O)N[C@@H](CCCNC(N)=[NH2+])C(=O)N[C@@H](CCCNC(N)=[NH2+])C(=O)N[C@@H](CCCNC(N)=[NH2+])C(=O)N[C@@H](CCCNC(N)=[NH2+])C(=O)N[C@@H](CCCNC(N)=[NH2+])C(=O)N[C@@H](CCCNC(N)=[NH2+])C(=O)N[C@@H](CCCNC(N)=[NH2+])C(=O)N[C@@H](CCCNC(N)=[NH2+])C(=O)N[C@@H](CCCNC(N)=[NH2+])C(N)=O,1,0.9958664178848267,probability,0.5
cellppd,xgboost_rdkit,xgboost-rdkit,101,test,CC[C@H](C)[C@H](NC(=O)[C@H](CCCC[NH3+])NC(=O)[C@@H](NC(=O)[C@H](CCC(N)=O)NC(=O)[C@@H]([NH3+])CCCNC(N)=[NH2+])[C@@H](C)CC)C(=O)N[C@@H](Cc1c[nH]c2ccccc12)C(=O)N[C@@H](Cc1ccccc1)C(=O)N[C@@H](CCC(N)=O)C(=O)N[C@@H](CC(N)=O)C(=O)N[C@@H](CCCNC(N)=[NH2+])C(=O)N[C@@H](CCCNC(N)=[NH2+])C(=O)N[C@@H](CCSC)C(=O)N[C@@H](CCCC[NH3+])C(=O)N[C@@H](Cc1c[nH]c2ccccc12)C(=O)N[C@@H](CCCC[NH3+])C(=O)N[C@@H](CCCC[NH3+])C(=O)O,CC[C@H](C)[C@H](NC(=O)[C@H](CCCC[NH3+])NC(=O)[C@@H](NC(=O)[C@H](CCC(N)=O)NC(=O)[C@@H]([NH3+])CCCNC(N)=[NH2+])[C@@H](C)CC)C(=O)N[C@@H](Cc1c[nH]c2ccccc12)C(=O)N[C@@H](Cc1ccccc1)C(=O)N[C@@H](CCC(N)=O)C(=O)N[C@@H](CC(N)=O)C(=O)N[C@@H](CCCNC(N)=[NH2+])C(=O)N[C@@H](CCCNC(N)=[NH2+])C(=O)N[C@@H](CCSC)C(=O)N[C@@H](CCCC[NH3+])C(=O)N[C@@H](Cc1c[nH]c2ccccc12)C(=O)N[C@@H](CCCC[NH3+])C(=O)N[C@@H](CCCC[NH3+])C(=O)O,1,0.9978280067443848,probability,0.5
cellppd,xgboost_rdkit,xgboost-rdkit,101,test,NC(=[NH2+])NCCC[C@H](NC(=O)[C@H](Cc1c[nH]c2ccccc12)NC(=O)[C@H](CCCNC(N)=[NH2+])NC(=O)[C@@H](N)CS)C(=O)N[C@H](Cc1c[nH]c2ccccc12)C(=O)N[C@@H](CCCC[NH3+])C(=O)N[C@@H](CS)C(=O)N[C@@H](CS)C(=O)N[C@@H](CCCC[NH3+])C(=O)N[C@H](C=O)CCCC[NH3+],NC(=[NH2+])NCCC[C@H](NC(=O)[C@H](Cc1c[nH]c2ccccc12)NC(=O)[C@H](CCCNC(N)=[NH2+])NC(=O)[C@@H](N)CS)C(=O)N[C@H](Cc1c[nH]c2ccccc12)C(=O)N[C@@H](CCCC[NH3+])C(=O)N[C@@H](CS)C(=O)N[C@@H](CS)C(=O)N[C@@H](CCCC[NH3+])C(=O)N[C@H](C=O)CCCC[NH3+],1,0.9926843643188477,probability,0.5
cellppd,xgboost_rdkit,xgboost-rdkit,101,test,CC[C@H](C)[C@H](NC(=O)[C@H](CCCC[NH3+])NC(=O)[C@@H](NC(=O)[C@H](CCC(N)=O)NC(=O)[C@@H](N)CCCNC(N)=[NH2+])[C@@H](C)CC)C(=O)N[C@@H](Cc1ccccc1)C(=O)N[C@@H](Cc1ccccc1)C(=O)N[C@@H](CCC(N)=O)C(=O)N[C@@H](CC(N)=O)C(=O)N[C@@H](CCCNC(N)=[NH2+])C(=O)N[C@@H](CCCNC(N)=[NH2+])C(=O)N[C@@H](CCSC)C(=O)N[C@@H](CCCC[NH3+])C(=O)N[C@@H](Cc1c[nH]c2ccccc12)C(=O)N[C@@H](CCCC[NH3+])C(=O)N[C@H](C=O)CCCC[NH3+],CC[C@H](C)[C@H](NC(=O)[C@H](CCCC[NH3+])NC(=O)[C@@H](NC(=O)[C@H](CCC(N)=O)NC(=O)[C@@H](N)CCCNC(N)=[NH2+])[C@@H](C)CC)C(=O)N[C@@H](Cc1ccccc1)C(=O)N[C@@H](Cc1ccccc1)C(=O)N[C@@H](CCC(N)=O)C(=O)N[C@@H](CC(N)=O)C(=O)N[C@@H](CCCNC(N)=[NH2+])C(=O)N[C@@H](CCCNC(N)=[NH2+])C(=O)N[C@@H](CCSC)C(=O)N[C@@H](CCCC[NH3+])C(=O)N[C@@H](Cc1c[nH]c2ccccc12)C(=O)N[C@@H](CCCC[NH3+])C(=O)N[C@H](C=O)CCCC[NH3+],1,0.9990847706794739,probability,0.5
cellppd,xgboost_rdkit,xgboost-rdkit,101,test,CC[C@H](C)[C@H](NC(=O)[C@H](CCCC[NH3+])NC(=O)[C@@H](NC(=O)[C@H](CCC(N)=O)NC(=O)[C@@H](N)CCCNC(N)=[NH2+])[C@@H](C)CC)C(=O)N[C@H](C=O)Cc1c[nH]c2ccccc12,CC[C@H](C)[C@H](NC(=O)[C@H](CCCC[NH3+])NC(=O)[C@@H](NC(=O)[C@H](CCC(N)=O)NC(=O)[C@@H](N)CCCNC(N)=[NH2+])[C@@H](C)CC)C(=O)N[C@H](C=O)Cc1c[nH]c2ccccc12,1,0.07047940790653229,probability,0.5
cellppd,xgboost_rdkit,xgboost-rdkit,101,test,NC(=[NH2+])NCCC[C@H](NC(=O)[C@@H](N)CS)C(=O)N[C@H](Cc1c[nH]c2ccccc12)C(=O)N[C@@H](CCCNC(N)=[NH2+])C(=O)N[C@@H](Cc1c[nH]c2ccccc12)C(=O)N[C@@H](CCCC[NH3+])C(=O)N[C@@H](CS)C(=O)N[C@@H](CS)C(=O)N[C@@H](CCCC[NH3+])C(=O)N[C@H](C=O)CCCC[NH3+],NC(=[NH2+])NCCC[C@H](NC(=O)[C@@H](N)CS)C(=O)N[C@H](Cc1c[nH]c2ccccc12)C(=O)N[C@@H](CCCNC(N)=[NH2+])C(=O)N[C@@H](Cc1c[nH]c2ccccc12)C(=O)N[C@@H](CCCC[NH3+])C(=O)N[C@@H](CS)C(=O)N[C@@H](CS)C(=O)N[C@@H](CCCC[NH3+])C(=O)N[C@H](C=O)CCCC[NH3+],1,0.9926843643188477,probability,0.5
cellppd,xgboost_rdkit,xgboost-rdkit,101,test,CC[C@H](C)[C@H](NC(=O)[C@H](CCCC[NH3+])NC(=O)[C@@H](NC(=O)[C@H](CCC(N)=O)NC(=O)[C@@H]([NH3+])CCCNC(N)=[NH2+])[C@@H](C)CC)C(=O)N[C@@H](Cc1c[nH]c2ccccc12)C(=O)N[C@@H](Cc1ccccc1)C(=O)N[C@@H](CCC(N)=O)C(=O)N[C@@H](CC(N)=O)C(=O)N[C@@H](CCCNC(N)=[NH2+])C(=O)N[C@@H](CCCNC(N)=[NH2+])C(=O)N[C@@H](CCSC)C(=O)N[C@@H](CCCC[NH3+])C(=O)N[C@@H](Cc1c[nH]c2ccccc12)C(=O)N[C@@H](CCCC[NH3+])C(=O)N[C@@H](CCCC[NH3+])C(=O)O,CC[C@H](C)[C@H](NC(=O)[C@H](CCCC[NH3+])NC(=O)[C@@H](NC(=O)[C@H](CCC(N)=O)NC(=O)[C@@H]([NH3+])CCCNC(N)=[NH2+])[C@@H](C)CC)C(=O)N[C@@H](Cc1c[nH]c2ccccc12)C(=O)N[C@@H](Cc1ccccc1)C(=O)N[C@@H](CCC(N)=O)C(=O)N[C@@H](CC(N)=O)C(=O)N[C@@H](CCCNC(N)=[NH2+])C(=O)N[C@@H](CCCNC(N)=[NH2+])C(=O)N[C@@H](CCSC)C(=O)N[C@@H](CCCC[NH3+])C(=O)N[C@@H](Cc1c[nH]c2ccccc12)C(=O)N[C@@H](CCCC[NH3+])C(=O)N[C@@H](CCCC[NH3+])C(=O)O,1,0.9978280067443848,probability,0.5
cellppd,xgboost_rdkit,xgboost-rdkit,101,test,CC(C)C[C@@H](C=O)NC(=O)[C@@H](NC(=O)[C@@H](NC(=O)[C@H](CC(C)C)NC(=O)[C@@H](NC(=O)[C@H](CCCC[NH3+])NC(=O)[C@H](C)NC(=O)[C@H](CC(C)C)NC(=O)[C@H](CCCC[NH3+])NC(=O)[C@@H](NC(=O)[C@H](CC(C)C)NC(=O)[C@H](C)NC(=O)[C@@H](NC(=O)[C@H](C)NC(=O)[C@H](CC(C)C)NC(=O)[C@@H](NC(=O)[C@H](CCCC[NH3+])NC(=O)[C@@H](N)CC(C)C)[C@@H](C)O)[C@@H](C)O)[C@@H](C)O)[C@@H](C)O)[C@@H](C)O)[C@@H](C)O,CC(C)C[C@@H](C=O)NC(=O)[C@@H](NC(=O)[C@@H](NC(=O)[C@H](CC(C)C)NC(=O)[C@@H](NC(=O)[C@H](CCCC[NH3+])NC(=O)[C@H](C)NC(=O)[C@H](CC(C)C)NC(=O)[C@H](CCCC[NH3+])NC(=O)[C@@H](NC(=O)[C@H](CC(C)C)NC(=O)[C@H](C)NC(=O)[C@@H](NC(=O)[C@H](C)NC(=O)[C@H](CC(C)C)NC(=O)[C@@H](NC(=O)[C@H](CCCC[NH3+])NC(=O)[C@@H](N)CC(C)C)[C@@H](C)O)[C@@H](C)O)[C@@H](C)O)[C@@H](C)O)[C@@H](C)O)[C@@H](C)O,1,0.9114809036254883,probability,0.5
cellppd,xgboost_rdkit,xgboost-rdkit,101,test,CC(=O)NCC(=O)N[C@@H](CCCNC(N)=[NH2+])C(=O)NCC(=O)N[C@@H](CC(=O)O)C(=O)NCC(=O)N1CCC[C@H]1C(=O)N[C@@H](CCCNC(N)=[NH2+])C(=O)N[C@@H](CCCNC(N)=[NH2+])C(=O)N[C@@H](CCCC[NH3+])C(=O)N[C@@H](CCCC[NH3+])C(=O)N[C@@H](CCCC[NH3+])C(=O)N[C@@H](CCCC[NH3+])C(=O)NCC(=O)N1CCC[C@H]1C(=O)N[C@@H](CCCNC(N)=[NH2+])C(=O)N[C@@H](CCCNC(N)=[NH2+])C(=O)N[C@@H](CCCC[NH3+])C(=O)N[C@@H](CCCC[NH3+])C(=O)N[C@@H](CCCC[NH3+])C(=O)N[C@@H](CCCC[NH3+])C(=O)NCC(=O)N1CCC[C@H]1C(=O)N[C@@H](CCCNC(N)=[NH2+])C(=O)N[C@H](C=O)CCCNC(N)=[NH2+],CC(=O)NCC(=O)N[C@@H](CCCNC(N)=[NH2+])C(=O)NCC(=O)N[C@@H](CC(=O)O)C(=O)NCC(=O)N1CCC[C@H]1C(=O)N[C@@H](CCCNC(N)=[NH2+])C(=O)N[C@@H](CCCNC(N)=[NH2+])C(=O)N[C@@H](CCCC[NH3+])C(=O)N[C@@H](CCCC[NH3+])C(=O)N[C@@H](CCCC[NH3+])C(=O)N[C@@H](CCCC[NH3+])C(=O)NCC(=O)N1CCC[C@H]1C(=O)N[C@@H](CCCNC(N)=[NH2+])C(=O)N[C@@H](CCCNC(N)=[NH2+])C(=O)N[C@@H](CCCC[NH3+])C(=O)N[C@@H](CCCC[NH3+])C(=O)N[C@@H](CCCC[NH3+])C(=O)N[C@@H](CCCC[NH3+])C(=O)NCC(=O)N1CCC[C@H]1C(=O)N[C@@H](CCCNC(N)=[NH2+])C(=O)N[C@H](C=O)CCCNC(N)=[NH2+],1,0.9976450800895691,probability,0.5
cellppd,xgboost_rdkit,xgboost-rdkit,101,test,N=C(N)NCCC[C@@H](C=O)NC(=O)[C@H](CCCNC(=N)N)NC(=O)[C@H](CCCNC(=N)N)NC(=O)[C@H](CCCNC(=N)N)NC(=O)[C@H](CCCNC(=N)N)NC(=O)[C@H](CCCNC(=N)N)NC(=O)[C@H](CCCNC(=N)N)NC(=O)[C@H](CCCNC(=N)N)NC(=O)[C@H](CCCNC(=N)N)NC(=O)[C@H](CCCNC(=N)N)NC(=O)[C@H](CCCNC(=N)N)NC(=O)[C@H](CCCNC(=N)N)NC(=O)[C@H](CCCNC(=N)N)NC(=O)[C@H](CCCNC(=N)N)NC(=O)[C@H](CCCNC(=N)N)NC(=O)[C@H](Cc1c[nH]cn1)NC(=O)[C@H](Cc1c[nH]cn1)NC(=O)[C@H](Cc1c[nH]cn1)NC(=O)[C@H](Cc1c[nH]cn1)NC(=O)[C@H](Cc1c[nH]cn1)NC(=O)[C@H](Cc1c[nH]cn1)NC(=O)[C@H](Cc1c[nH]cn1)NC(=O)[C@H](Cc1c[nH]cn1)NC(=O)[C@H](Cc1c[nH]cn1)NC(=O)[C@H](Cc1c[nH]cn1)NC(=O)[C@H](Cc1c[nH]cn1)NC(=O)[C@H](Cc1c[nH]cn1)NC(=O)[C@H](Cc1c[nH]cn1)NC(=O)[C@H](Cc1c[nH]cn1)NC(=O)[C@H](Cc1c[nH]cn1)NC(=O)[C@H](Cc1c[nH]cn1)NC(=O)[C@H](Cc1c[nH]cn1)NC(=O)[C@H](Cc1c[nH]cn1)NC(=O)[C@H](Cc1c[nH]cn1)NC(=O)[C@@H](N)Cc1c[nH]cn1,N=C(N)NCCC[C@@H](C=O)NC(=O)[C@H](CCCNC(=N)N)NC(=O)[C@H](CCCNC(=N)N)NC(=O)[C@H](CCCNC(=N)N)NC(=O)[C@H](CCCNC(=N)N)NC(=O)[C@H](CCCNC(=N)N)NC(=O)[C@H](CCCNC(=N)N)NC(=O)[C@H](CCCNC(=N)N)NC(=O)[C@H](CCCNC(=N)N)NC(=O)[C@H](CCCNC(=N)N)NC(=O)[C@H](CCCNC(=N)N)NC(=O)[C@H](CCCNC(=N)N)NC(=O)[C@H](CCCNC(=N)N)NC(=O)[C@H](CCCNC(=N)N)NC(=O)[C@H](CCCNC(=N)N)NC(=O)[C@H](Cc1c[nH]cn1)NC(=O)[C@H](Cc1c[nH]cn1)NC(=O)[C@H](Cc1c[nH]cn1)NC(=O)[C@H](Cc1c[nH]cn1)NC(=O)[C@H](Cc1c[nH]cn1)NC(=O)[C@H](Cc1c[nH]cn1)NC(=O)[C@H](Cc1c[nH]cn1)NC(=O)[C@H](Cc1c[nH]cn1)NC(=O)[C@H](Cc1c[nH]cn1)NC(=O)[C@H](Cc1c[nH]cn1)NC(=O)[C@H](Cc1c[nH]cn1)NC(=O)[C@H](Cc1c[nH]cn1)NC(=O)[C@H](Cc1c[nH]cn1)NC(=O)[C@H](Cc1c[nH]cn1)NC(=O)[C@H](Cc1c[nH]cn1)NC(=O)[C@H](Cc1c[nH]cn1)NC(=O)[C@H](Cc1c[nH]cn1)NC(=O)[C@H](Cc1c[nH]cn1)NC(=O)[C@H](Cc1c[nH]cn1)NC(=O)[C@@H](N)Cc1c[nH]cn1,1,0.9965497255325317,probability,0.5
cellppd,xgboost_rdkit,xgboost-rdkit,101,test,CC(C)C[C@H](NC(=O)[C@H](C)NC(=O)[C@@H](NC(=O)[C@@H](NC(=O)[C@H](CCCC[NH3+])NC(=O)[C@H](CC(C)C)NC(=O)[C@@H](N)CC(C)C)[C@@H](C)O)[C@@H](C)O)C(=O)N[C@@H](CC(C)C)C(=O)N[C@@H](CCCC[NH3+])C(=O)N[C@H](C(=O)N[C@H](C(=O)N[C@@H](C)C(=O)N[C@@H](CC(C)C)C(=O)N[C@@H](CC(C)C)C(=O)N[C@@H](CCCC[NH3+])C(=O)N[C@H](C(=O)N[C@H](C(=O)N[C@@H](C)C=O)[C@@H](C)O)[C@@H](C)O)[C@@H](C)O)[C@@H](C)O,CC(C)C[C@H](NC(=O)[C@H](C)NC(=O)[C@@H](NC(=O)[C@@H](NC(=O)[C@H](CCCC[NH3+])NC(=O)[C@H](CC(C)C)NC(=O)[C@@H](N)CC(C)C)[C@@H](C)O)[C@@H](C)O)C(=O)N[C@@H](CC(C)C)C(=O)N[C@@H](CCCC[NH3+])C(=O)N[C@H](C(=O)N[C@H](C(=O)N[C@@H](C)C(=O)N[C@@H](CC(C)C)C(=O)N[C@@H](CC(C)C)C(=O)N[C@@H](CCCC[NH3+])C(=O)N[C@H](C(=O)N[C@H](C(=O)N[C@@H](C)C=O)[C@@H](C)O)[C@@H](C)O)[C@@H](C)O)[C@@H](C)O,1,0.9190422296524048,probability,0.5
cellppd,xgboost_rdkit,xgboost-rdkit,101,test,NC(=[NH2+])NCCC[C@H](NC(=O)CNC(=O)[C@@H](N)CCCC[NH3+])C(=O)N[C@@H](CCCC[NH3+])C(=O)N[C@@H](CCCC[NH3+])C(=O)N[C@@H](CCCNC(N)=[NH2+])C(=O)N[C@@H](CCCNC(N)=[NH2+])C(=O)N[C@@H](CCC(N)=O)C(=O)N[C@@H](CCCNC(N)=[NH2+])C(=O)N[C@@H](CCCNC(N)=[NH2+])C(=O)N[C@@H](CCCNC(N)=[NH2+])C(=O)N1CCC[C@H]1C(=O)N1CCC[C@H]1C(=O)N[C@H](C=O)CCC(N)=O,NC(=[NH2+])NCCC[C@H](NC(=O)CNC(=O)[C@@H](N)CCCC[NH3+])C(=O)N[C@@H](CCCC[NH3+])C(=O)N[C@@H](CCCC[NH3+])C(=O)N[C@@H](CCCNC(N)=[NH2+])C(=O)N[C@@H](CCCNC(N)=[NH2+])C(=O)N[C@@H](CCC(N)=O)C(=O)N[C@@H](CCCNC(N)=[NH2+])C(=O)N[C@@H](CCCNC(N)=[NH2+])C(=O)N[C@@H](CCCNC(N)=[NH2+])C(=O)N1CCC[C@H]1C(=O)N1CCC[C@H]1C(=O)N[C@H](C=O)CCC(N)=O,1,0.9997752904891968,probability,0.5
cellppd,xgboost_rdkit,xgboost-rdkit,101,test,NCC(=O)N[C@@H](CCCNC(N)=[NH2+])C(=O)N[C@@H](CCCC[NH3+])C(=O)N[C@@H](CCCC[NH3+])C(=O)N[C@@H](CCCNC(N)=[NH2+])C(=O)N[C@@H](CCCNC(N)=[NH2+])C(=O)N[C@@H](CCC(N)=O)C(=O)N[C@@H](CCCNC(N)=[NH2+])C(=O)N[C@@H](CCCNC(N)=[NH2+])C(=O)N[C@@H](CCCNC(N)=[NH2+])C(=O)N1CCC[C@H]1C(=O)N[C@@H](Cc1c[nH]c2ccccc12)C(=O)N[C@H](C=O)CCC(N)=O,NCC(=O)N[C@@H](CCCNC(N)=[NH2+])C(=O)N[C@@H](CCCC[NH3+])C(=O)N[C@@H](CCCC[NH3+])C(=O)N[C@@H](CCCNC(N)=[NH2+])C(=O)N[C@@H](CCCNC(N)=[NH2+])C(=O)N[C@@H](CCC(N)=O)C(=O)N[C@@H](CCCNC(N)=[NH2+])C(=O)N[C@@H](CCCNC(N)=[NH2+])C(=O)N[C@@H](CCCNC(N)=[NH2+])C(=O)N1CCC[C@H]1C(=O)N[C@@H](Cc1c[nH]c2ccccc12)C(=O)N[C@H](C=O)CCC(N)=O,1,0.9984077215194702,probability,0.5
cellppd,xgboost_rdkit,xgboost-rdkit,101,test,CC[C@H](C)[C@@H](C=O)NC(=O)[C@H](CC(C)C)NC(=O)[C@H](Cc1ccc(O)cc1)NC(=O)[C@@H](NC(=O)[C@H](Cc1ccccc1)NC(=O)[C@@H]1CCCN1)C(C)C,CC[C@H](C)[C@@H](C=O)NC(=O)[C@H](CC(C)C)NC(=O)[C@H](Cc1ccc(O)cc1)NC(=O)[C@@H](NC(=O)[C@H](Cc1ccccc1)NC(=O)[C@@H]1CCCN1)C(C)C,1,0.03002707101404667,probability,0.5
cellppd,xgboost_rdkit,xgboost-rdkit,101,test,N[C@@H](CCCC[NH3+])C(=O)N[C@@H](CCCC[NH3+])C(=O)N[C@@H](CCCC[NH3+])C(=O)N[C@@H](CCCC[NH3+])C(=O)N[C@@H](CCCC[NH3+])C(=O)N[C@@H](CCCC[NH3+])C(=O)N[C@@H](CCCC[NH3+])C(=O)N[C@@H](CCCC[NH3+])C(=O)N[C@H](C=O)CCCC[NH3+],N[C@@H](CCCC[NH3+])C(=O)N[C@@H](CCCC[NH3+])C(=O)N[C@@H](CCCC[NH3+])C(=O)N[C@@H](CCCC[NH3+])C(=O)N[C@@H](CCCC[NH3+])C(=O)N[C@@H](CCCC[NH3+])C(=O)N[C@@H](CCCC[NH3+])C(=O)N[C@@H](CCCC[NH3+])C(=O)N[C@H](C=O)CCCC[NH3+],1,0.9896731376647949,probability,0.5
cellppd,xgboost_rdkit,xgboost-rdkit,101,test,CC(=O)N[C@@H](CCCC[NH3+])C(=O)N[C@@H](CCC(=O)O)C(=O)N[C@H](C(=O)N[C@@H](Cc1c[nH]c2ccccc12)C(=O)N[C@@H](Cc1c[nH]c2ccccc12)C(=O)N[C@@H](CCC(=O)O)C(=O)N[C@H](C(=O)N[C@@H](Cc1c[nH]c2ccccc12)C(=O)N[C@@H](Cc1c[nH]c2ccccc12)C(=O)N[C@H](C(=O)N[C@@H](CCC(=O)O)C(=O)N[C@@H](Cc1c[nH]c2ccccc12)C(=O)N[C@@H](CO)C(=O)N[C@@H](CCC(N)=O)C(=O)N1CCC[C@H]1C(=O)N[C@@H](CCCC[NH3+])C(=O)N[C@@H](CCCC[NH3+])C(=O)N[C@@H](CCCC[NH3+])C(=O)N[C@@H](CCCNC(N)=[NH2+])C(=O)N[C@@H](CCCC[NH3+])C(=O)N[C@H](C(N)=O)C(C)C)[C@@H](C)O)[C@@H](C)O)[C@@H](C)O,CC(=O)N[C@@H](CCCC[NH3+])C(=O)N[C@@H](CCC(=O)O)C(=O)N[C@H](C(=O)N[C@@H](Cc1c[nH]c2ccccc12)C(=O)N[C@@H](Cc1c[nH]c2ccccc12)C(=O)N[C@@H](CCC(=O)O)C(=O)N[C@H](C(=O)N[C@@H](Cc1c[nH]c2ccccc12)C(=O)N[C@@H](Cc1c[nH]c2ccccc12)C(=O)N[C@H](C(=O)N[C@@H](CCC(=O)O)C(=O)N[C@@H](Cc1c[nH]c2ccccc12)C(=O)N[C@@H](CO)C(=O)N[C@@H](CCC(N)=O)C(=O)N1CCC[C@H]1C(=O)N[C@@H](CCCC[NH3+])C(=O)N[C@@H](CCCC[NH3+])C(=O)N[C@@H](CCCC[NH3+])C(=O)N[C@@H](CCCNC(N)=[NH2+])C(=O)N[C@@H](CCCC[NH3+])C(=O)N[C@H](C(N)=O)C(C)C)[C@@H](C)O)[C@@H](C)O)[C@@H](C)O,1,0.9228092432022095,probability,0.5
cellppd,xgboost_rdkit,xgboost-rdkit,101,test,NC(=[NH2+])NCCC[C@@H](C=O)NC(=O)[C@H](CCCNC(N)=[NH2+])NC(=O)[C@H](CCCNC(N)=[NH2+])NC(=O)[C@H](CCCNC(N)=[NH2+])NC(=O)[C@H](CCCNC(N)=[NH2+])NC(=O)[C@H](CCCNC(N)=[NH2+])NC(=O)[C@H](CCCNC(N)=[NH2+])NC(=O)[C@H](CCCNC(N)=[NH2+])NC(=O)[C@@H](N)CCCNC(N)=[NH2+],NC(=[NH2+])NCCC[C@@H](C=O)NC(=O)[C@H](CCCNC(N)=[NH2+])NC(=O)[C@H](CCCNC(N)=[NH2+])NC(=O)[C@H](CCCNC(N)=[NH2+])NC(=O)[C@H](CCCNC(N)=[NH2+])NC(=O)[C@H](CCCNC(N)=[NH2+])NC(=O)[C@H](CCCNC(N)=[NH2+])NC(=O)[C@H](CCCNC(N)=[NH2+])NC(=O)[C@@H](N)CCCNC(N)=[NH2+],1,0.9998412132263184,probability,0.5
cellppd,xgboost_rdkit,xgboost-rdkit,101,test,CC[C@H](C)[C@H](NC(=O)[C@H](CCCC[NH3+])NC(=O)[C@@H](NC(=O)[C@H](CCC(N)=O)NC(=O)[C@H](CCCNC(N)=[NH2+])NC(=O)[C@@H](N)CS)[C@@H](C)CC)C(=O)N[C@@H](Cc1c[nH]c2ccccc12)C(=O)N[C@@H](Cc1ccccc1)C(=O)N1CCC[C@H]1C(=O)N[C@@H](CC(N)=O)C(=O)N[C@@H](CCCNC(N)=[NH2+])C(=O)N[C@@H](CCCNC(N)=[NH2+])C(=O)N[C@@H](CCSC)C(=O)N[C@@H](CCCC[NH3+])C(=O)N[C@@H](Cc1c[nH]c2ccccc12)C(=O)N[C@@H](CCCC[NH3+])C(=O)N[C@@H](CCCC[NH3+])C(=O)N[C@H](C=O)CS,CC[C@H](C)[C@H](NC(=O)[C@H](CCCC[NH3+])NC(=O)[C@@H](NC(=O)[C@H](CCC(N)=O)NC(=O)[C@H](CCCNC(N)=[NH2+])NC(=O)[C@@H](N)CS)[C@@H](C)CC)C(=O)N[C@@H](Cc1c[nH]c2ccccc12)C(=O)N[C@@H](Cc1ccccc1)C(=O)N1CCC[C@H]1C(=O)N[C@@H](CC(N)=O)C(=O)N[C@@H](CCCNC(N)=[NH2+])C(=O)N[C@@H](CCCNC(N)=[NH2+])C(=O)N[C@@H](CCSC)C(=O)N[C@@H](CCCC[NH3+])C(=O)N[C@@H](Cc1c[nH]c2ccccc12)C(=O)N[C@@H](CCCC[NH3+])C(=O)N[C@@H](CCCC[NH3+])C(=O)N[C@H](C=O)CS,1,0.9925512075424194,probability,0.5
cellppd,xgboost_rdkit,xgboost-rdkit,101,test,NCC(=O)N[C@@H](CCCNC(N)=[NH2+])C(=O)N[C@@H](CCCC[NH3+])C(=O)N[C@@H](CCCC[NH3+])C(=O)N[C@@H](CCCNC(N)=[NH2+])C(=O)N[C@@H](CCCNC(N)=[NH2+])C(=O)N[C@@H](CCC(N)=O)C(=O)N[C@@H](CCCNC(N)=[NH2+])C(=O)N[C@@H](CCCNC(N)=[NH2+])C(=O)N[C@@H](CCCNC(N)=[NH2+])C(=O)N1CCC[C@H]1C(=O)N1CCC[C@H]1C(=O)N[C@H](C=O)CCC(N)=O,NCC(=O)N[C@@H](CCCNC(N)=[NH2+])C(=O)N[C@@H](CCCC[NH3+])C(=O)N[C@@H](CCCC[NH3+])C(=O)N[C@@H](CCCNC(N)=[NH2+])C(=O)N[C@@H](CCCNC(N)=[NH2+])C(=O)N[C@@H](CCC(N)=O)C(=O)N[C@@H](CCCNC(N)=[NH2+])C(=O)N[C@@H](CCCNC(N)=[NH2+])C(=O)N[C@@H](CCCNC(N)=[NH2+])C(=O)N1CCC[C@H]1C(=O)N1CCC[C@H]1C(=O)N[C@H](C=O)CCC(N)=O,1,0.9996994733810425,probability,0.5
cellppd,xgboost_rdkit,xgboost-rdkit,101,test,CC(C)C[C@H](NC(=O)CN)C(=O)N[C@@H](Cc1c[nH]c2ccccc12)C(=O)N[C@@H](CCCNC(N)=[NH2+])C(=O)N[C@@H](C)C(=O)N[C@@H](CC(C)C)C(=O)N[C@@H](Cc1c[nH]c2ccccc12)C(=O)N[C@@H](CCCNC(N)=[NH2+])C(=O)N[C@@H](C)C(=O)N[C@@H](CC(C)C)C(=O)N[C@@H](Cc1c[nH]c2ccccc12)C(=O)N[C@@H](CCCNC(N)=[NH2+])C(=O)N[C@@H](CO)C(=O)N[C@@H](CC(C)C)C(=O)N[C@@H](Cc1c[nH]c2ccccc12)C(=O)N[C@@H](CCCC[NH3+])C(=O)N[C@@H](CCCC[NH3+])C(=O)N[C@@H](CCCC[NH3+])C(=O)N[C@@H](CCCNC(N)=[NH2+])C(=O)N[C@@H](CCCC[NH3+])C(=O)N[C@H](C=O)C(C)C,CC(C)C[C@H](NC(=O)CN)C(=O)N[C@@H](Cc1c[nH]c2ccccc12)C(=O)N[C@@H](CCCNC(N)=[NH2+])C(=O)N[C@@H](C)C(=O)N[C@@H](CC(C)C)C(=O)N[C@@H](Cc1c[nH]c2ccccc12)C(=O)N[C@@H](CCCNC(N)=[NH2+])C(=O)N[C@@H](C)C(=O)N[C@@H](CC(C)C)C(=O)N[C@@H](Cc1c[nH]c2ccccc12)C(=O)N[C@@H](CCCNC(N)=[NH2+])C(=O)N[C@@H](CO)C(=O)N[C@@H](CC(C)C)C(=O)N[C@@H](Cc1c[nH]c2ccccc12)C(=O)N[C@@H](CCCC[NH3+])C(=O)N[C@@H](CCCC[NH3+])C(=O)N[C@@H](CCCC[NH3+])C(=O)N[C@@H](CCCNC(N)=[NH2+])C(=O)N[C@@H](CCCC[NH3+])C(=O)N[C@H](C=O)C(C)C,1,0.9944120645523071,probability,0.5
cellppd,xgboost_rdkit,xgboost-rdkit,101,test,NC(=[NH2+])NCCC[C@H](NC(=O)[C@H](CCCNC(N)=[NH2+])NC(=O)[C@H](CCCNC(N)=[NH2+])NC(=O)[C@H](CCCNC(N)=[NH2+])NC(=O)[C@H](CCCNC(N)=[NH2+])NC(=O)[C@H](CCCNC(N)=[NH2+])NC(=O)[C@@H](N)CCCNC(N)=[NH2+])C(=O)N[C@H](C=O)Cc1c[nH]c2ccccc12,NC(=[NH2+])NCCC[C@H](NC(=O)[C@H](CCCNC(N)=[NH2+])NC(=O)[C@H](CCCNC(N)=[NH2+])NC(=O)[C@H](CCCNC(N)=[NH2+])NC(=O)[C@H](CCCNC(N)=[NH2+])NC(=O)[C@H](CCCNC(N)=[NH2+])NC(=O)[C@@H](N)CCCNC(N)=[NH2+])C(=O)N[C@H](C=O)Cc1c[nH]c2ccccc12,1,0.999015212059021,probability,0.5
cellppd,xgboost_rdkit,xgboost-rdkit,101,test,CC[C@H](C)[C@H](NC(=O)[C@H](CCCNC(N)=[NH2+])NC(=O)[C@H](CCCNC(N)=[NH2+])NC(=O)[C@H](CCCNC(N)=[NH2+])NC(=O)[C@H](CC(C)C)NC(=O)[C@@H](NC(=O)[C@@H](NC(=O)[C@H](CC(C)C)NC(=O)[C@@H](N)CC(C)C)[C@@H](C)CC)[C@@H](C)CC)C(=O)N[C@@H](CCCNC(N)=[NH2+])C(=O)N[C@@H](CCCC[NH3+])C(=O)N[C@@H](CCC(N)=O)C(=O)N[C@@H](C)C(=O)NC(CC1CNCN1)C(O)N[C@@H](C)C(=O)NC(CC1CNCN1)C(O)N[C@@H](CO)C(=O)N[C@@H](C)C=O,CC[C@H](C)[C@H](NC(=O)[C@H](CCCNC(N)=[NH2+])NC(=O)[C@H](CCCNC(N)=[NH2+])NC(=O)[C@H](CCCNC(N)=[NH2+])NC(=O)[C@H](CC(C)C)NC(=O)[C@@H](NC(=O)[C@@H](NC(=O)[C@H](CC(C)C)NC(=O)[C@@H](N)CC(C)C)[C@@H](C)CC)[C@@H](C)CC)C(=O)N[C@@H](CCCNC(N)=[NH2+])C(=O)N[C@@H](CCCC[NH3+])C(=O)N[C@@H](CCC(N)=O)C(=O)N[C@@H](C)C(=O)NC(CC1CNCN1)C(O)N[C@@H](C)C(=O)NC(CC1CNCN1)C(O)N[C@@H](CO)C(=O)N[C@@H](C)C=O,1,0.9910439252853394,probability,0.5
cellppd,xgboost_rdkit,xgboost-rdkit,101,test,CC(C)[C@@H](C=O)NC(=O)[C@H](CCCC[NH3+])NC(=O)[C@H](CCCNC(N)=[NH2+])NC(=O)[C@H](CCCC[NH3+])NC(=O)[C@H](CO)NC(=O)[C@H](CCCC[NH3+])NC(=O)[C@H](CCCC[NH3+])NC(=O)[C@H](Cc1ccccc1)NC(=O)[C@H](CCCNC(N)=[NH2+])NC(=O)[C@@H](N)Cc1c[nH]c2ccccc12,CC(C)[C@@H](C=O)NC(=O)[C@H](CCCC[NH3+])NC(=O)[C@H](CCCNC(N)=[NH2+])NC(=O)[C@H](CCCC[NH3+])NC(=O)[C@H](CO)NC(=O)[C@H](CCCC[NH3+])NC(=O)[C@H](CCCC[NH3+])NC(=O)[C@H](Cc1ccccc1)NC(=O)[C@H](CCCNC(N)=[NH2+])NC(=O)[C@@H](N)Cc1c[nH]c2ccccc12,1,0.9916560053825378,probability,0.5
cellppd,xgboost_rdkit,xgboost-rdkit,101,test,CC(C)C[C@H](NC(=O)[C@H](C)NC(=O)[C@H](CC(C)C)NC(=O)[C@H](CCCC[NH3+])NC(=O)[C@H](CC(C)C)NC(=O)[C@H](CCCC[NH3+])NC(=O)[C@H](CC(C)C)NC(=O)[C@H](C)NC(=O)[C@@H](N)CCCC[NH3+])C(=O)N[C@@H](C)C(=O)N[C@@H](CC(C)C)C(=O)N[C@@H](CC(C)C)C(=O)N[C@@H](C)C(=O)N[C@@H](CCCC[NH3+])C(=O)N[C@@H](CC(C)C)C(=O)N[C@@H](CCCC[NH3+])C(=O)N[C@@H](CC(C)C)C(=O)N[C@@H](C)C(N)=O,CC(C)C[C@H](NC(=O)[C@H](C)NC(=O)[C@H](CC(C)C)NC(=O)[C@H](CCCC[NH3+])NC(=O)[C@H](CC(C)C)NC(=O)[C@H](CCCC[NH3+])NC(=O)[C@H](CC(C)C)NC(=O)[C@H](C)NC(=O)[C@@H](N)CCCC[NH3+])C(=O)N[C@@H](C)C(=O)N[C@@H](CC(C)C)C(=O)N[C@@H](CC(C)C)C(=O)N[C@@H](C)C(=O)N[C@@H](CCCC[NH3+])C(=O)N[C@@H](CC(C)C)C(=O)N[C@@H](CCCC[NH3+])C(=O)N[C@@H](CC(C)C)C(=O)N[C@@H](C)C(N)=O,1,0.9124819040298462,probability,0.5
cellppd,xgboost_rdkit,xgboost-rdkit,101,test,CC[C@H](C)[C@H](NC(=O)[C@H](CCCC[NH3+])NC(=O)[C@@H](NC(=O)[C@H](CCC(N)=O)NC(=O)[C@@H](N)CCCNC(N)=[NH2+])[C@@H](C)CC)C(=O)N[C@@H](C)C(=O)N[C@@H](Cc1ccccc1)C(=O)N[C@@H](CCC(N)=O)C(=O)N[C@@H](CC(N)=O)C(=O)N[C@@H](CCCNC(N)=[NH2+])C(=O)N[C@@H](CCCNC(N)=[NH2+])C(=O)N[C@@H](CCSC)C(=O)N[C@@H](CCCC[NH3+])C(=O)N[C@@H](Cc1c[nH]c2ccccc12)C(=O)N[C@@H](CCCC[NH3+])C(=O)N[C@H](C=O)CCCC[NH3+],CC[C@H](C)[C@H](NC(=O)[C@H](CCCC[NH3+])NC(=O)[C@@H](NC(=O)[C@H](CCC(N)=O)NC(=O)[C@@H](N)CCCNC(N)=[NH2+])[C@@H](C)CC)C(=O)N[C@@H](C)C(=O)N[C@@H](Cc1ccccc1)C(=O)N[C@@H](CCC(N)=O)C(=O)N[C@@H](CC(N)=O)C(=O)N[C@@H](CCCNC(N)=[NH2+])C(=O)N[C@@H](CCCNC(N)=[NH2+])C(=O)N[C@@H](CCSC)C(=O)N[C@@H](CCCC[NH3+])C(=O)N[C@@H](Cc1c[nH]c2ccccc12)C(=O)N[C@@H](CCCC[NH3+])C(=O)N[C@H](C=O)CCCC[NH3+],1,0.9991771578788757,probability,0.5
cellppd,xgboost_rdkit,xgboost-rdkit,101,test,CC(C)C[C@H](NC(=O)CNC(=O)[C@H](CCCC[NH3+])NC(=O)[C@H](CC(C)C)NC(=O)CNC(=O)[C@H](CC(C)C)NC(=O)[C@H](CCCC[NH3+])NC(=O)[C@H](CC(C)C)NC(=O)CNC(=O)[C@H](CC(C)C)NC(=O)[C@@H](N)CCCC[NH3+])C(=O)N[C@@H](CCCC[NH3+])C(=O)NCC(=O)NCC(=O)N[C@@H](CC(C)C)C(=O)N[C@@H](CCCC[NH3+])C(=O)N[C@@H](CC(C)C)C(=O)NCC=O,CC(C)C[C@H](NC(=O)CNC(=O)[C@H](CCCC[NH3+])NC(=O)[C@H](CC(C)C)NC(=O)CNC(=O)[C@H](CC(C)C)NC(=O)[C@H](CCCC[NH3+])NC(=O)[C@H](CC(C)C)NC(=O)CNC(=O)[C@H](CC(C)C)NC(=O)[C@@H](N)CCCC[NH3+])C(=O)N[C@@H](CCCC[NH3+])C(=O)NCC(=O)NCC(=O)N[C@@H](CC(C)C)C(=O)N[C@@H](CCCC[NH3+])C(=O)N[C@@H](CC(C)C)C(=O)NCC=O,1,0.8447844386100769,probability,0.5
cellppd,xgboost_rdkit,xgboost-rdkit,101,test,C[C@H](N)C(=O)N[C@@H](CS)C(=O)N[C@@H](CO)C(=O)NCC(=O)N[C@@H](CO)C(=O)NCC(=O)N[C@@H](CO)C(=O)NCC(=O)N[C@@H](CS)C(=O)NCC(=O)N[C@@H](CO)C(=O)NCC(=O)N[C@@H](CO)C(=O)NCC(=O)N[C@@H](CO)C(=O)N[C@@H](CS)C(=O)NCC(=O)N[C@@H](CCCNC(N)=[NH2+])C(=O)N[C@@H](CCCNC(N)=[NH2+])C(=O)N[C@@H](CCCNC(N)=[NH2+])C(=O)N[C@@H](CCCNC(N)=[NH2+])C(=O)N[C@@H](CCCNC(N)=[NH2+])C(=O)N[C@@H](CCCNC(N)=[NH2+])C(=O)N[C@@H](CCCNC(N)=[NH2+])C(=O)N[C@H](C=O)CCCNC(N)=[NH2+],C[C@H](N)C(=O)N[C@@H](CS)C(=O)N[C@@H](CO)C(=O)NCC(=O)N[C@@H](CO)C(=O)NCC(=O)N[C@@H](CO)C(=O)NCC(=O)N[C@@H](CS)C(=O)NCC(=O)N[C@@H](CO)C(=O)NCC(=O)N[C@@H](CO)C(=O)NCC(=O)N[C@@H](CO)C(=O)N[C@@H](CS)C(=O)NCC(=O)N[C@@H](CCCNC(N)=[NH2+])C(=O)N[C@@H](CCCNC(N)=[NH2+])C(=O)N[C@@H](CCCNC(N)=[NH2+])C(=O)N[C@@H](CCCNC(N)=[NH2+])C(=O)N[C@@H](CCCNC(N)=[NH2+])C(=O)N[C@@H](CCCNC(N)=[NH2+])C(=O)N[C@@H](CCCNC(N)=[NH2+])C(=O)N[C@H](C=O)CCCNC(N)=[NH2+],1,0.9985963702201843,probability,0.5
cellppd,xgboost_rdkit,xgboost-rdkit,101,test,CC[C@H](C)[C@H](NC(=O)[C@H](CCCNC(N)=[NH2+])NC(=O)[C@H](C)NC(O)C(N)CC1CNCN1)C(=O)N[C@@H](CCCC[NH3+])C(=O)N1CCC[C@H]1C(=O)N[C@H](C(=O)N[C@@H](Cc1ccccc1)C(=O)N[C@@H](CCCNC(N)=[NH2+])C(=O)N[C@@H](CCCNC(N)=[NH2+])C(=O)N[C@@H](CC(C)C)C(=O)N[C@@H](CCCC[NH3+])C(=O)N[C@@H](Cc1c[nH]c2ccccc12)C(=O)N[C@@H](CCCC[NH3+])C(=O)N[C@@H](Cc1ccc(O)cc1)C(=O)N[C@@H](CCCC[NH3+])C(=O)NCC(=O)N[C@@H](CCCC[NH3+])C(=O)N[C@@H](Cc1ccccc1)C(=O)N[C@H](C=O)Cc1c[nH]c2ccccc12)[C@@H](C)O,CC[C@H](C)[C@H](NC(=O)[C@H](CCCNC(N)=[NH2+])NC(=O)[C@H](C)NC(O)C(N)CC1CNCN1)C(=O)N[C@@H](CCCC[NH3+])C(=O)N1CCC[C@H]1C(=O)N[C@H](C(=O)N[C@@H](Cc1ccccc1)C(=O)N[C@@H](CCCNC(N)=[NH2+])C(=O)N[C@@H](CCCNC(N)=[NH2+])C(=O)N[C@@H](CC(C)C)C(=O)N[C@@H](CCCC[NH3+])C(=O)N[C@@H](Cc1c[nH]c2ccccc12)C(=O)N[C@@H](CCCC[NH3+])C(=O)N[C@@H](Cc1ccc(O)cc1)C(=O)N[C@@H](CCCC[NH3+])C(=O)NCC(=O)N[C@@H](CCCC[NH3+])C(=O)N[C@@H](Cc1ccccc1)C(=O)N[C@H](C=O)Cc1c[nH]c2ccccc12)[C@@H](C)O,1,0.9767550230026245,probability,0.5
cellppd,xgboost_rdkit,xgboost-rdkit,101,test,CC(C)[C@@H](C=O)NC(=O)[C@H](CCCC[NH3+])NC(=O)[C@H](CCCNC(N)=[NH2+])NC(=O)[C@H](CCCC[NH3+])NC(=O)[C@H](CCCC[NH3+])NC(=O)[C@H](CCCC[NH3+])NC(=O)[C@@H]1CCCN1C(=O)[C@H](CCC(N)=O)NC(=O)[C@H](CO)NC(=O)[C@H](Cc1c[nH]c2ccccc12)NC(=O)[C@H](CCC(=O)O)NC(=O)[C@@H](NC(=O)[C@H](Cc1c[nH]c2ccccc12)NC(=O)[C@H](Cc1c[nH]c2ccccc12)NC(=O)[C@@H](NC(=O)[C@H](CCC(=O)O)NC(=O)[C@H](Cc1c[nH]c2ccccc12)NC(=O)[C@H](Cc1c[nH]c2ccccc12)NC(=O)[C@@H](NC(=O)[C@H](CCC(=O)O)NC(=O)[C@@H](N)CCCC[NH3+])[C@@H](C)O)[C@@H](C)O)[C@@H](C)O,CC(C)[C@@H](C=O)NC(=O)[C@H](CCCC[NH3+])NC(=O)[C@H](CCCNC(N)=[NH2+])NC(=O)[C@H](CCCC[NH3+])NC(=O)[C@H](CCCC[NH3+])NC(=O)[C@H](CCCC[NH3+])NC(=O)[C@@H]1CCCN1C(=O)[C@H](CCC(N)=O)NC(=O)[C@H](CO)NC(=O)[C@H](Cc1c[nH]c2ccccc12)NC(=O)[C@H](CCC(=O)O)NC(=O)[C@@H](NC(=O)[C@H](Cc1c[nH]c2ccccc12)NC(=O)[C@H](Cc1c[nH]c2ccccc12)NC(=O)[C@@H](NC(=O)[C@H](CCC(=O)O)NC(=O)[C@H](Cc1c[nH]c2ccccc12)NC(=O)[C@H](Cc1c[nH]c2ccccc12)NC(=O)[C@@H](NC(=O)[C@H](CCC(=O)O)NC(=O)[C@@H](N)CCCC[NH3+])[C@@H](C)O)[C@@H](C)O)[C@@H](C)O,1,0.9458111524581909,probability,0.5
cellppd,xgboost_rdkit,xgboost-rdkit,101,test,CC(C)C[C@H](NC(=O)[C@H](C)NC(=O)[C@H](CCCC[NH3+])NC(=O)[C@H](CC(C)C)NC(=O)[C@H](C)NC(=O)[C@H](CC(C)C)NC(=O)[C@@H](N)CCCC[NH3+])C(=O)N[C@@H](CCCC[NH3+])C(=O)N[C@@H](C)C(=O)N[C@@H](C)C(=O)N[C@@H](CC(C)C)C(=O)N[C@@H](CCCC[NH3+])C(=O)N[C@@H](CC(C)C)C(=O)N[C@@H](C)C=O,CC(C)C[C@H](NC(=O)[C@H](C)NC(=O)[C@H](CCCC[NH3+])NC(=O)[C@H](CC(C)C)NC(=O)[C@H](C)NC(=O)[C@H](CC(C)C)NC(=O)[C@@H](N)CCCC[NH3+])C(=O)N[C@@H](CCCC[NH3+])C(=O)N[C@@H](C)C(=O)N[C@@H](C)C(=O)N[C@@H](CC(C)C)C(=O)N[C@@H](CCCC[NH3+])C(=O)N[C@@H](CC(C)C)C(=O)N[C@@H](C)C=O,1,0.9472787976264954,probability,0.5
cellppd,xgboost_rdkit,xgboost-rdkit,101,test,CSCC[C@H](NC(=O)[C@H](CC(C)C)NC(=O)CNC(=O)[C@H](Cc1ccccc1)NC(=O)[C@H](Cc1ccccc1)NC(=O)[C@H](CCC(N)=O)NC(=O)[C@H](CCC(N)=O)NC(=O)[C@H](CC(C)C)NC(=O)[C@H](CC(C)C)NC(=O)[C@H](CCCC[NH3+])NC(=O)[C@H](Cc1c[nH]c2ccccc12)NC(=O)[C@@H](NC(=O)[C@H](CCCC[NH3+])NC(=O)[C@H](CCCNC(N)=[NH2+])NC(=O)[C@H](CCCC[NH3+])NC(=O)[C@H](CCCC[NH3+])NC(=O)[C@H](CCCC[NH3+])NC(=O)[C@@H]1CCCN1)C(C)C)C(N)=O,CSCC[C@H](NC(=O)[C@H](CC(C)C)NC(=O)CNC(=O)[C@H](Cc1ccccc1)NC(=O)[C@H](Cc1ccccc1)NC(=O)[C@H](CCC(N)=O)NC(=O)[C@H](CCC(N)=O)NC(=O)[C@H](CC(C)C)NC(=O)[C@H](CC(C)C)NC(=O)[C@H](CCCC[NH3+])NC(=O)[C@H](Cc1c[nH]c2ccccc12)NC(=O)[C@@H](NC(=O)[C@H](CCCC[NH3+])NC(=O)[C@H](CCCNC(N)=[NH2+])NC(=O)[C@H](CCCC[NH3+])NC(=O)[C@H](CCCC[NH3+])NC(=O)[C@H](CCCC[NH3+])NC(=O)[C@@H]1CCCN1)C(C)C)C(N)=O,1,0.9636014699935913,probability,0.5
cellppd,xgboost_rdkit,xgboost-rdkit,101,test,CC[C@H](C)[C@H](NC(=O)[C@H](C)NC(=O)[C@H](Cc1ccccc1)NC(=O)[C@@H](NC(=O)[C@@H](NC(=O)[C@@H](N)CCSC)[C@@H](C)CC)[C@@H](C)CC)C(=O)N[C@@H](C)C(=O)N[C@@H](C)C(=O)N[C@@H](CO)C(=O)NC(CC1CNCN1)C(O)N[C@@H](CCCC[NH3+])C(=O)N[C@H](C=O)CCCC[NH3+],CC[C@H](C)[C@H](NC(=O)[C@H](C)NC(=O)[C@H](Cc1ccccc1)NC(=O)[C@@H](NC(=O)[C@@H](NC(=O)[C@@H](N)CCSC)[C@@H](C)CC)[C@@H](C)CC)C(=O)N[C@@H](C)C(=O)N[C@@H](C)C(=O)N[C@@H](CO)C(=O)NC(CC1CNCN1)C(O)N[C@@H](CCCC[NH3+])C(=O)N[C@H](C=O)CCCC[NH3+],1,0.998375415802002,probability,0.5
cellppd,xgboost_rdkit,xgboost-rdkit,101,test,CC[C@H](C)[C@H](NC(=O)[C@H](CCCNC(N)=[NH2+])NC(=O)[C@H](Cc1ccc(O)cc1)NC(O)C(N)CC1CNCN1)C(=O)N[C@@H](CCCC[NH3+])C(=O)N1CCC[C@H]1C(=O)N[C@H](C(=O)N[C@@H](Cc1ccccc1)C(=O)N[C@@H](CCCNC(N)=[NH2+])C(=O)N[C@@H](CCCNC(N)=[NH2+])C(=O)N[C@@H](CC(C)C)C(=O)N[C@@H](CCCC[NH3+])C(=O)N[C@@H](Cc1c[nH]c2ccccc12)C(=O)N[C@@H](CCCC[NH3+])C(=O)N[C@@H](Cc1ccc(O)cc1)C(=O)N[C@@H](CCCC[NH3+])C(=O)NCC(=O)N[C@@H](CCCC[NH3+])C(=O)N[C@@H](Cc1ccccc1)C(=O)N[C@@H](C)C=O)[C@@H](C)O,CC[C@H](C)[C@H](NC(=O)[C@H](CCCNC(N)=[NH2+])NC(=O)[C@H](Cc1ccc(O)cc1)NC(O)C(N)CC1CNCN1)C(=O)N[C@@H](CCCC[NH3+])C(=O)N1CCC[C@H]1C(=O)N[C@H](C(=O)N[C@@H](Cc1ccccc1)C(=O)N[C@@H](CCCNC(N)=[NH2+])C(=O)N[C@@H](CCCNC(N)=[NH2+])C(=O)N[C@@H](CC(C)C)C(=O)N[C@@H](CCCC[NH3+])C(=O)N[C@@H](Cc1c[nH]c2ccccc12)C(=O)N[C@@H](CCCC[NH3+])C(=O)N[C@@H](Cc1ccc(O)cc1)C(=O)N[C@@H](CCCC[NH3+])C(=O)NCC(=O)N[C@@H](CCCC[NH3+])C(=O)N[C@@H](Cc1ccccc1)C(=O)N[C@@H](C)C=O)[C@@H](C)O,1,0.9545887112617493,probability,0.5
cellppd,xgboost_rdkit,xgboost-rdkit,101,test,NC(=[NH2+])NCCC[C@H](NC(=O)[C@H](CCCNC(N)=[NH2+])NC(=O)[C@H](CCCNC(N)=[NH2+])NC(=O)[C@H](CCC(N)=O)NC(=O)[C@H](CCCNC(N)=[NH2+])NC(=O)[C@H](CCCNC(N)=[NH2+])NC(=O)[C@H](CCCC[NH3+])NC(=O)[C@H](CCCC[NH3+])NC(=O)[C@H](CCCNC(N)=[NH2+])NC(=O)CNC(=O)[C@@H](N)Cc1ccc(O)cc1)C(N)=O,NC(=[NH2+])NCCC[C@H](NC(=O)[C@H](CCCNC(N)=[NH2+])NC(=O)[C@H](CCCNC(N)=[NH2+])NC(=O)[C@H](CCC(N)=O)NC(=O)[C@H](CCCNC(N)=[NH2+])NC(=O)[C@H](CCCNC(N)=[NH2+])NC(=O)[C@H](CCCC[NH3+])NC(=O)[C@H](CCCC[NH3+])NC(=O)[C@H](CCCNC(N)=[NH2+])NC(=O)CNC(=O)[C@@H](N)Cc1ccc(O)cc1)C(N)=O,1,0.999651312828064,probability,0.5
cellppd,xgboost_rdkit,xgboost-rdkit,101,test,CCC[C@H](NC(=O)[C@H](CS)NC(=O)[C@@H](NC(=O)CNC(=O)CN)C(C)C)C(=O)N[C@@H](CCCCN)C(=O)N[C@H](C(=O)N[C@@H](CC(C)C)C(=O)N[C@@H](C)C(=O)N[C@@H](CCCCN)C(=O)N[C@H]1C[SH]2[SH]3C[C@@H](C(=O)NCC(=O)N[C@@H](CO)C(=O)NCC(=O)N[C@@H](CO)C(=O)N[C@H](C=O)CC(=O)O)NC(=O)[C@H](Cc4ccc(O)cc4)NC(=O)CNC(=O)[C@H](CC(N)=O)NC(=O)CNC(=O)[C@H](CCCNC(=N)N)NC(=O)[C@@H]4CSS32C[C@H](NC(=O)[C@H](CC(=O)O)NC(=O)[C@H](CO)NC(=O)[C@H](CC(=O)O)NC(=O)[C@H](CCCNC(=N)N)NC(=O)[C@H](CCCNC(=N)N)NC1=O)C(=O)N1CCC[C@H]1C(=O)NCC(=O)N[C@@H](C)C(=O)N[C@@H](CS)C(=O)N[C@@H]([C@@H](C)CC)C(=O)N4)[C@@H](C)CC,CCC[C@H](NC(=O)[C@H](CS)NC(=O)[C@@H](NC(=O)CNC(=O)CN)C(C)C)C(=O)N[C@@H](CCCCN)C(=O)N[C@H](C(=O)N[C@@H](CC(C)C)C(=O)N[C@@H](C)C(=O)N[C@@H](CCCCN)C(=O)N[C@H]1C[SH]2[SH]3C[C@@H](C(=O)NCC(=O)N[C@@H](CO)C(=O)NCC(=O)N[C@@H](CO)C(=O)N[C@H](C=O)CC(=O)O)NC(=O)[C@H](Cc4ccc(O)cc4)NC(=O)CNC(=O)[C@H](CC(N)=O)NC(=O)CNC(=O)[C@H](CCCNC(=N)N)NC(=O)[C@@H]4CSS32C[C@H](NC(=O)[C@H](CC(=O)O)NC(=O)[C@H](CO)NC(=O)[C@H](CC(=O)O)NC(=O)[C@H](CCCNC(=N)N)NC(=O)[C@H](CCCNC(=N)N)NC1=O)C(=O)N1CCC[C@H]1C(=O)NCC(=O)N[C@@H](C)C(=O)N[C@@H](CS)C(=O)N[C@@H]([C@@H](C)CC)C(=O)N4)[C@@H](C)CC,1,0.8708797693252563,probability,0.5
cellppd,xgboost_rdkit,xgboost-rdkit,101,test,CC[C@H](C)[C@H](NC(=O)[C@H](CCCC[NH3+])NC(=O)[C@@H](NC(=O)[C@H](CCC(N)=O)NC(=O)[C@@H]([NH3+])CCCNC(N)=[NH2+])[C@@H](C)CC)C(=O)N[C@@H](Cc1c[nH]c2ccccc12)C(=O)N[C@@H](Cc1ccccc1)C(=O)N[C@@H](CCC(N)=O)C(=O)N[C@@H](CC(N)=O)C(=O)N[C@@H](CCCNC(N)=[NH2+])C(=O)N[C@@H](CCCNC(N)=[NH2+])C(=O)N[C@@H](CCSC)C(=O)N[C@@H](CCCC[NH3+])C(=O)N[C@@H](Cc1c[nH]c2ccccc12)C(=O)N[C@@H](CCCC[NH3+])C(=O)N[C@@H](CCCC[NH3+])C(=O)O,CC[C@H](C)[C@H](NC(=O)[C@H](CCCC[NH3+])NC(=O)[C@@H](NC(=O)[C@H](CCC(N)=O)NC(=O)[C@@H]([NH3+])CCCNC(N)=[NH2+])[C@@H](C)CC)C(=O)N[C@@H](Cc1c[nH]c2ccccc12)C(=O)N[C@@H](Cc1ccccc1)C(=O)N[C@@H](CCC(N)=O)C(=O)N[C@@H](CC(N)=O)C(=O)N[C@@H](CCCNC(N)=[NH2+])C(=O)N[C@@H](CCCNC(N)=[NH2+])C(=O)N[C@@H](CCSC)C(=O)N[C@@H](CCCC[NH3+])C(=O)N[C@@H](Cc1c[nH]c2ccccc12)C(=O)N[C@@H](CCCC[NH3+])C(=O)N[C@@H](CCCC[NH3+])C(=O)O,1,0.9978280067443848,probability,0.5
cellppd,xgboost_rdkit,xgboost-rdkit,101,test,CC[C@H](C)[C@H](NC(=O)[C@H](CCCC[NH3+])NC(=O)[C@@H](NC(=O)[C@H](CCC(N)=O)NC(=O)[C@@H]([NH3+])CCCNC(N)=[NH2+])[C@@H](C)CC)C(=O)N[C@@H](Cc1c[nH]c2ccccc12)C(=O)N[C@@H](Cc1ccccc1)C(=O)N[C@@H](CCC(N)=O)C(=O)N[C@@H](CC(N)=O)C(=O)N[C@@H](CCCNC(N)=[NH2+])C(=O)N[C@@H](CCCNC(N)=[NH2+])C(=O)N[C@@H](CCSC)C(=O)N[C@@H](CCCC[NH3+])C(=O)N[C@@H](Cc1c[nH]c2ccccc12)C(=O)N[C@@H](CCCC[NH3+])C(=O)N[C@@H](CCCC[NH3+])C(=O)O,CC[C@H](C)[C@H](NC(=O)[C@H](CCCC[NH3+])NC(=O)[C@@H](NC(=O)[C@H](CCC(N)=O)NC(=O)[C@@H]([NH3+])CCCNC(N)=[NH2+])[C@@H](C)CC)C(=O)N[C@@H](Cc1c[nH]c2ccccc12)C(=O)N[C@@H](Cc1ccccc1)C(=O)N[C@@H](CCC(N)=O)C(=O)N[C@@H](CC(N)=O)C(=O)N[C@@H](CCCNC(N)=[NH2+])C(=O)N[C@@H](CCCNC(N)=[NH2+])C(=O)N[C@@H](CCSC)C(=O)N[C@@H](CCCC[NH3+])C(=O)N[C@@H](Cc1c[nH]c2ccccc12)C(=O)N[C@@H](CCCC[NH3+])C(=O)N[C@@H](CCCC[NH3+])C(=O)O,1,0.9978280067443848,probability,0.5
cellppd,xgboost_rdkit,xgboost-rdkit,101,test,NC(=[NH2+])NCCC[C@@H](C=O)NC(=O)[C@H](CCCNC(N)=[NH2+])NC(=O)[C@H](CCCNC(N)=[NH2+])NC(=O)[C@H](CCC(N)=O)NC(=O)[C@H](CCCNC(N)=[NH2+])NC(=O)[C@H](CCCNC(N)=[NH2+])NC(=O)[C@H](CCCC[NH3+])NC(=O)[C@H](CCCC[NH3+])NC(=O)[C@H](CCCNC(N)=[NH2+])NC(=O)CNC(=O)[C@@H](N)Cc1ccc(O)cc1,NC(=[NH2+])NCCC[C@@H](C=O)NC(=O)[C@H](CCCNC(N)=[NH2+])NC(=O)[C@H](CCCNC(N)=[NH2+])NC(=O)[C@H](CCC(N)=O)NC(=O)[C@H](CCCNC(N)=[NH2+])NC(=O)[C@H](CCCNC(N)=[NH2+])NC(=O)[C@H](CCCC[NH3+])NC(=O)[C@H](CCCC[NH3+])NC(=O)[C@H](CCCNC(N)=[NH2+])NC(=O)CNC(=O)[C@@H](N)Cc1ccc(O)cc1,1,0.999688446521759,probability,0.5
cellppd,xgboost_rdkit,xgboost-rdkit,101,test,NC(=[NH2+])NCCC[C@@H](N)C(=O)N[C@H](CCCNC(N)=[NH2+])C(=O)N[C@H](CCCNC(N)=[NH2+])C(=O)N[C@H](CCCNC(N)=[NH2+])C(=O)N[C@H](CCCNC(N)=[NH2+])C(=O)N[C@H](CCCNC(N)=[NH2+])C(=O)N[C@H](CCCNC(N)=[NH2+])C(=O)N[C@@H](C=O)CCCNC(N)=[NH2+],NC(=[NH2+])NCCC[C@@H](N)C(=O)N[C@H](CCCNC(N)=[NH2+])C(=O)N[C@H](CCCNC(N)=[NH2+])C(=O)N[C@H](CCCNC(N)=[NH2+])C(=O)N[C@H](CCCNC(N)=[NH2+])C(=O)N[C@H](CCCNC(N)=[NH2+])C(=O)N[C@H](CCCNC(N)=[NH2+])C(=O)N[C@@H](C=O)CCCNC(N)=[NH2+],1,0.9998300671577454,probability,0.5
cellppd,xgboost_rdkit,xgboost-rdkit,101,test,CC[C@H](C)[C@H](NC(=O)[C@@H](NC(=O)[C@H](CO)NC(=O)[C@H](C)NC(=O)[C@@H](NC(=O)[C@H](CCCC[NH3+])NC(=O)[C@H](CCCC[NH3+])NC(=O)[C@@H](NC(=O)[C@@H](NC(=O)[C@H](CCCC[NH3+])NC(=O)[C@H](Cc1ccccc1)NC(=O)[C@H](CC(C)C)NC(=O)CN)C(C)C)[C@@H](C)CC)C(C)C)C(C)C)C(=O)NCC(=O)NCC(=O)N[C@@H](CC(C)C)C(N)=O,CC[C@H](C)[C@H](NC(=O)[C@@H](NC(=O)[C@H](CO)NC(=O)[C@H](C)NC(=O)[C@@H](NC(=O)[C@H](CCCC[NH3+])NC(=O)[C@H](CCCC[NH3+])NC(=O)[C@@H](NC(=O)[C@@H](NC(=O)[C@H](CCCC[NH3+])NC(=O)[C@H](Cc1ccccc1)NC(=O)[C@H](CC(C)C)NC(=O)CN)C(C)C)[C@@H](C)CC)C(C)C)C(C)C)C(=O)NCC(=O)NCC(=O)N[C@@H](CC(C)C)C(N)=O,0,0.0024480274878442287,probability,0.5
cellppd,xgboost_rdkit,xgboost-rdkit,101,test,CC(C)[C@H](NC(=O)[C@H](CCCNC(N)=[NH2+])NC(=O)[C@H](CS)NC(=O)[C@H](C)NC(=O)[C@@H]1CCCN1C(O)C(CC1CNCN1)NC(=O)[C@H](CO)NC(=O)[C@H](CS)NC(=O)[C@H](CS)NC(=O)CN)C(=O)NC(CC1CNCN1)C(O)N[C@@H](Cc1ccc(O)cc1)C(=O)N1CCC[C@H]1C(=O)NC(CC1CNCN1)C(O)N[C@H](C(=O)N[C@@H](CS)C(=O)N[C@@H](Cc1ccc(O)cc1)C(N)=O)C(C)C,CC(C)[C@H](NC(=O)[C@H](CCCNC(N)=[NH2+])NC(=O)[C@H](CS)NC(=O)[C@H](C)NC(=O)[C@@H]1CCCN1C(O)C(CC1CNCN1)NC(=O)[C@H](CO)NC(=O)[C@H](CS)NC(=O)[C@H](CS)NC(=O)CN)C(=O)NC(CC1CNCN1)C(O)N[C@@H](Cc1ccc(O)cc1)C(=O)N1CCC[C@H]1C(=O)NC(CC1CNCN1)C(O)N[C@H](C(=O)N[C@@H](CS)C(=O)N[C@@H](Cc1ccc(O)cc1)C(N)=O)C(C)C,0,0.005942036397755146,probability,0.5
cellppd,xgboost_rdkit,xgboost-rdkit,101,test,CSCC[C@H](NC(=O)[C@H](C)NC(C)=O)C(=O)N[C@H](C(=O)N[C@@H](CO)C(=O)N[C@H](C=O)CO)C(C)C,CSCC[C@H](NC(=O)[C@H](C)NC(C)=O)C(=O)N[C@H](C(=O)N[C@@H](CO)C(=O)N[C@H](C=O)CO)C(C)C,0,0.03349955007433891,probability,0.5
cellppd,xgboost_rdkit,xgboost-rdkit,101,test,CSCC[C@H](NC(=O)CNC(=O)[C@H](Cc1ccccc1)NC(=O)CN)C(=O)N[C@@H](C)C(=O)N[C@@H](CC(C)C)C(=O)NC(CCC[NH3+])C(O)N[C@@H](CC(C)C)C(=O)N[C@@H](CC(C)C)C(=O)NC(CCC[NH3+])C(O)NC(CCC[NH3+])C(O)N[C@H](C(=O)N[C@@H](CC(C)C)C(N)=O)C(C)C,CSCC[C@H](NC(=O)CNC(=O)[C@H](Cc1ccccc1)NC(=O)CN)C(=O)N[C@@H](C)C(=O)N[C@@H](CC(C)C)C(=O)NC(CCC[NH3+])C(O)N[C@@H](CC(C)C)C(=O)N[C@@H](CC(C)C)C(=O)NC(CCC[NH3+])C(O)NC(CCC[NH3+])C(O)N[C@H](C(=O)N[C@@H](CC(C)C)C(N)=O)C(C)C,0,0.034148067235946655,probability,0.5
cellppd,xgboost_rdkit,xgboost-rdkit,101,test,CC[C@H](C)[C@H](NC(=O)CNC(=O)[C@H](CCCC[NH3+])NC(=O)[C@@H](NC(=O)[C@H](CC(C)C)NC(=O)[C@H](CO)NC(=O)CNC(=O)[C@H](CC(C)C)NC(=O)CNC(=O)[C@H](C)NC(=O)[C@H](CCCC[NH3+])NC(=O)[C@H](Cc1ccccc1)NC(=O)[C@@H](NC(=O)[C@H](CC(=O)O)NC(=O)[C@H](CCCC[NH3+])NC(=O)[C@H](CC(C)C)NC(=O)CN)[C@@H](C)CC)C(C)C)C(=O)N[C@@H](C)C(=O)N[C@@H](C)C(=O)NC(CC1CNCN1)C(O)N[C@H](C(=O)N[C@@H](C)C(=O)N[C@@H](CC(N)=O)C(N)=O)C(C)C,CC[C@H](C)[C@H](NC(=O)CNC(=O)[C@H](CCCC[NH3+])NC(=O)[C@@H](NC(=O)[C@H](CC(C)C)NC(=O)[C@H](CO)NC(=O)CNC(=O)[C@H](CC(C)C)NC(=O)CNC(=O)[C@H](C)NC(=O)[C@H](CCCC[NH3+])NC(=O)[C@H](Cc1ccccc1)NC(=O)[C@@H](NC(=O)[C@H](CC(=O)O)NC(=O)[C@H](CCCC[NH3+])NC(=O)[C@H](CC(C)C)NC(=O)CN)[C@@H](C)CC)C(C)C)C(=O)N[C@@H](C)C(=O)N[C@@H](C)C(=O)NC(CC1CNCN1)C(O)N[C@H](C(=O)N[C@@H](C)C(=O)N[C@@H](CC(N)=O)C(N)=O)C(C)C,0,0.0005843208637088537,probability,0.5
cellppd,xgboost_rdkit,xgboost-rdkit,101,test,CC(C)[C@H](N)C(=O)NCC(=O)N[C@@H](CCC(=O)O)C(=O)N[C@@H](C)C(=O)N[C@@H](CS)C(=O)N[C@@H](CS)C(=O)N[C@@H](CCCC[NH3+])C(=O)N[C@@H](CC(N)=O)C(=O)NCC(=O)N[C@@H](CCCC[NH3+])C(=O)N[C@@H](CCCNC(N)=[NH2+])C(=O)NCC(=O)N[C@@H](CS)C(=O)NCC(=O)N[C@@H](CCCNC(N)=[NH2+])C(=O)N[C@@H](Cc1c[nH]c2ccccc12)C(=O)N[C@@H](CS)C(=O)N[C@@H](CCCNC(N)=[NH2+])C(=O)N[C@@H](CC(=O)O)C(=O)NC(CC1CNCN1)C(O)N[C@@H](CO)C(=O)N[C@@H](CCCNC(N)=[NH2+])C(=O)N[C@@H](CS)C(=O)N[C@@H](CS)C(N)=O,CC(C)[C@H](N)C(=O)NCC(=O)N[C@@H](CCC(=O)O)C(=O)N[C@@H](C)C(=O)N[C@@H](CS)C(=O)N[C@@H](CS)C(=O)N[C@@H](CCCC[NH3+])C(=O)N[C@@H](CC(N)=O)C(=O)NCC(=O)N[C@@H](CCCC[NH3+])C(=O)N[C@@H](CCCNC(N)=[NH2+])C(=O)NCC(=O)N[C@@H](CS)C(=O)NCC(=O)N[C@@H](CCCNC(N)=[NH2+])C(=O)N[C@@H](Cc1c[nH]c2ccccc12)C(=O)N[C@@H](CS)C(=O)N[C@@H](CCCNC(N)=[NH2+])C(=O)N[C@@H](CC(=O)O)C(=O)NC(CC1CNCN1)C(O)N[C@@H](CO)C(=O)N[C@@H](CCCNC(N)=[NH2+])C(=O)N[C@@H](CS)C(=O)N[C@@H](CS)C(N)=O,0,0.030871029943227768,probability,0.5
cellppd,xgboost_rdkit,xgboost-rdkit,101,test,CC[C@H](C)[C@H](NC(=O)[C@H](Cc1ccccc1)NC(=O)[C@H](CO)NC(=O)[C@H](CCCC[NH3+])NC(=O)[C@H](Cc1c[nH]c2ccccc12)NC(=O)[C@@H](N)CCCC[NH3+])C(=O)N[C@@H](CCCC[NH3+])C(=O)N[C@@H](CCCC[NH3+])C(=O)N[C@@H](CC(C)C)C(=O)N[C@H](C(=O)N[C@@H](CO)C(=O)N[C@@H](CCCC[NH3+])C(=O)N[C@@H](Cc1ccccc1)C(=O)N[C@@H](CC(C)C)C(=O)NC(CC1CNCN1)C(O)N[C@@H](CO)C(=O)N[C@@H](C)C(=O)N[C@@H](CC(=O)O)C(=O)N[C@@H](CCCC[NH3+])C(=O)N[C@@H](Cc1ccccc1)C(N)=O)[C@@H](C)O,CC[C@H](C)[C@H](NC(=O)[C@H](Cc1ccccc1)NC(=O)[C@H](CO)NC(=O)[C@H](CCCC[NH3+])NC(=O)[C@H](Cc1c[nH]c2ccccc12)NC(=O)[C@@H](N)CCCC[NH3+])C(=O)N[C@@H](CCCC[NH3+])C(=O)N[C@@H](CCCC[NH3+])C(=O)N[C@@H](CC(C)C)C(=O)N[C@H](C(=O)N[C@@H](CO)C(=O)N[C@@H](CCCC[NH3+])C(=O)N[C@@H](Cc1ccccc1)C(=O)N[C@@H](CC(C)C)C(=O)NC(CC1CNCN1)C(O)N[C@@H](CO)C(=O)N[C@@H](C)C(=O)N[C@@H](CC(=O)O)C(=O)N[C@@H](CCCC[NH3+])C(=O)N[C@@H](Cc1ccccc1)C(N)=O)[C@@H](C)O,0,0.009858633391559124,probability,0.5
cellppd,xgboost_rdkit,xgboost-rdkit,101,test,CC[C@H](C)[C@H](NC(=O)[C@H](CC(C)C)NC(=O)[C@H](CCCC[NH3+])NC(=O)CNC(=O)[C@H](CC(C)C)NC(=O)[C@@H](NC(=O)[C@H](CCCC[NH3+])NC(=O)[C@H](CCCC[NH3+])NC(=O)[C@H](Cc1c[nH]c2ccccc12)NC(=O)[C@H](CCCC[NH3+])NC(=O)CN)[C@@H](C)CC)C(=O)N[C@@H](CCCNC(N)=[NH2+])C(N)=O,CC[C@H](C)[C@H](NC(=O)[C@H](CC(C)C)NC(=O)[C@H](CCCC[NH3+])NC(=O)CNC(=O)[C@H](CC(C)C)NC(=O)[C@@H](NC(=O)[C@H](CCCC[NH3+])NC(=O)[C@H](CCCC[NH3+])NC(=O)[C@H](Cc1c[nH]c2ccccc12)NC(=O)[C@H](CCCC[NH3+])NC(=O)CN)[C@@H](C)CC)C(=O)N[C@@H](CCCNC(N)=[NH2+])C(N)=O,0,0.031447455286979675,probability,0.5
cellppd,xgboost_rdkit,xgboost-rdkit,101,test,CC[C@H](C)[C@H](NC(=O)[C@H](CO)NC(=O)[C@H](C)NC(=O)[C@@H](NC(=O)[C@H](CCCC[NH3+])NC(=O)[C@H](CCCC[NH3+])NC(=O)[C@H](Cc1c[nH]c2ccccc12)NC(=O)[C@@H](NC(=O)[C@@H](N)CC(N)=O)[C@@H](C)CC)[C@@H](C)CC)C(=O)N[C@@H](C)C(=O)N[C@@H](CCCC[NH3+])C(=O)N[C@@H](CCC(=O)O)C(=O)N[C@H](C(=O)N[C@@H](CC(C)C)C(=O)N[C@@H](CCCC[NH3+])C(=O)N[C@@H](C)C(=O)N[C@@H](CC(C)C)C(N)=O)C(C)C,CC[C@H](C)[C@H](NC(=O)[C@H](CO)NC(=O)[C@H](C)NC(=O)[C@@H](NC(=O)[C@H](CCCC[NH3+])NC(=O)[C@H](CCCC[NH3+])NC(=O)[C@H](Cc1c[nH]c2ccccc12)NC(=O)[C@@H](NC(=O)[C@@H](N)CC(N)=O)[C@@H](C)CC)[C@@H](C)CC)C(=O)N[C@@H](C)C(=O)N[C@@H](CCCC[NH3+])C(=O)N[C@@H](CCC(=O)O)C(=O)N[C@H](C(=O)N[C@@H](CC(C)C)C(=O)N[C@@H](CCCC[NH3+])C(=O)N[C@@H](C)C(=O)N[C@@H](CC(C)C)C(N)=O)C(C)C,0,0.15758545696735382,probability,0.5
cellppd,xgboost_rdkit,xgboost-rdkit,101,test,CC[C@H](C)[C@H](NC(=O)[C@H](CCCC[NH3+])NC(=O)CNC(=O)[C@H](CC(C)C)NC(=O)[C@H](CO)NC(=O)[C@H](CCCC[NH3+])NC(=O)[C@H](CCCC[NH3+])NC(=O)[C@H](Cc1c[nH]c2ccccc12)NC(=O)[C@H](CO)NC(=O)[C@@H](N)C(C)C)C(=O)N[C@H](C(=O)N[C@@H](CCCC[NH3+])C(=O)N[C@H](C(=O)N[C@H](C(=O)N[C@@H](CCCC[NH3+])C(N)=O)C(C)C)C(C)C)[C@@H](C)CC,CC[C@H](C)[C@H](NC(=O)[C@H](CCCC[NH3+])NC(=O)CNC(=O)[C@H](CC(C)C)NC(=O)[C@H](CO)NC(=O)[C@H](CCCC[NH3+])NC(=O)[C@H](CCCC[NH3+])NC(=O)[C@H](Cc1c[nH]c2ccccc12)NC(=O)[C@H](CO)NC(=O)[C@@H](N)C(C)C)C(=O)N[C@H](C(=O)N[C@@H](CCCC[NH3+])C(=O)N[C@H](C(=O)N[C@H](C(=O)N[C@@H](CCCC[NH3+])C(N)=O)C(C)C)C(C)C)[C@@H](C)CC,0,0.016743052750825882,probability,0.5
cellppd,xgboost_rdkit,xgboost-rdkit,101,test,CSCC[C@H](N)C(=O)N[C@@H](CS)C(=O)N1CCC[C@H]1C(=O)N1CCC[C@H]1C(=O)N[C@@H](CC(C)C)C(=O)N[C@@H](CS)C(=O)N[C@@H](C)C(=O)N1CCC[C@H]1C(=O)N[C@@H](CO)C(=O)N[C@@H](CS)C(=O)N[C@H](C(=O)N[C@@H](CC(N)=O)C(=O)N[C@@H](CS)C(N)=O)[C@@H](C)O,CSCC[C@H](N)C(=O)N[C@@H](CS)C(=O)N1CCC[C@H]1C(=O)N1CCC[C@H]1C(=O)N[C@@H](CC(C)C)C(=O)N[C@@H](CS)C(=O)N[C@@H](C)C(=O)N1CCC[C@H]1C(=O)N[C@@H](CO)C(=O)N[C@@H](CS)C(=O)N[C@H](C(=O)N[C@@H](CC(N)=O)C(=O)N[C@@H](CS)C(N)=O)[C@@H](C)O,0,0.0029254332184791565,probability,0.5
cellppd,xgboost_rdkit,xgboost-rdkit,101,test,CC[C@H](C)[C@H](N)C(=O)N[C@@H](CC(C)C)C(=O)N1CCC[C@H]1C(=O)N[C@@H](Cc1c[nH]c2ccccc12)C(=O)N[C@@H](CCCC[NH3+])C(=O)N[C@@H](C)C(=O)N1CCC[C@H]1C(=O)N[C@@H](C)C(=O)N[C@@H](C)C(=O)N1CCC[C@H]1C(=O)N[C@@H](C)C(=O)N[C@@H](CCCNC(N)=[NH2+])C(=O)N[C@@H](CCCNC(N)=[NH2+])C(N)=O,CC[C@H](C)[C@H](N)C(=O)N[C@@H](CC(C)C)C(=O)N1CCC[C@H]1C(=O)N[C@@H](Cc1c[nH]c2ccccc12)C(=O)N[C@@H](CCCC[NH3+])C(=O)N[C@@H](C)C(=O)N1CCC[C@H]1C(=O)N[C@@H](C)C(=O)N[C@@H](C)C(=O)N1CCC[C@H]1C(=O)N[C@@H](C)C(=O)N[C@@H](CCCNC(N)=[NH2+])C(=O)N[C@@H](CCCNC(N)=[NH2+])C(N)=O,0,0.017548387870192528,probability,0.5
cellppd,xgboost_rdkit,xgboost-rdkit,101,test,CC[C@H](C)[C@H](NC(=O)[C@H](CO)NC(=O)[C@@H](NC(=O)[C@H](CS)NC(=O)[C@H](CCCC[NH3+])NC(=O)CNC(=O)[C@H](CCCNC(N)=[NH2+])NC(=O)[C@H](CO)NC(=O)[C@H](CS)NC(=O)[C@H](CCSC)NC(=O)[C@H](CC(C)C)NC(=O)CNC(=O)[C@H](CCSC)NC(=O)[C@H](CS)NC(=O)[C@H](CS)NC(=O)[C@@H](NC(O)C1CC(O)CN1C(O)C1CC(O)CN1C(=O)[C@H](CS)NC(=O)[C@H](CCCNC(N)=[NH2+])NC(=O)[C@H](CO)NC(=O)[C@H](CC(=O)O)NC(=O)[C@H](CCCNC(N)=[NH2+])NC(=O)CNC(=O)[C@H](CO)NC(=O)[C@H](CS)NC(=O)[C@@H](N)CO)C(C)C)C(C)C)C(=O)N[C@@H](Cc1ccc(O)cc1)C(=O)NCC(=O)N[C@H](C=O)CCC(=O)O,CC[C@H](C)[C@H](NC(=O)[C@H](CO)NC(=O)[C@@H](NC(=O)[C@H](CS)NC(=O)[C@H](CCCC[NH3+])NC(=O)CNC(=O)[C@H](CCCNC(N)=[NH2+])NC(=O)[C@H](CO)NC(=O)[C@H](CS)NC(=O)[C@H](CCSC)NC(=O)[C@H](CC(C)C)NC(=O)CNC(=O)[C@H](CCSC)NC(=O)[C@H](CS)NC(=O)[C@H](CS)NC(=O)[C@@H](NC(O)C1CC(O)CN1C(O)C1CC(O)CN1C(=O)[C@H](CS)NC(=O)[C@H](CCCNC(N)=[NH2+])NC(=O)[C@H](CO)NC(=O)[C@H](CC(=O)O)NC(=O)[C@H](CCCNC(N)=[NH2+])NC(=O)CNC(=O)[C@H](CO)NC(=O)[C@H](CS)NC(=O)[C@@H](N)CO)C(C)C)C(C)C)C(=O)N[C@@H](Cc1ccc(O)cc1)C(=O)NCC(=O)N[C@H](C=O)CCC(=O)O,0,0.05846584960818291,probability,0.5
cellppd,xgboost_rdkit,xgboost-rdkit,101,test,CC[C@H](C)[C@H](NC(=O)CN)C(=O)NCC(=O)N[C@@H](CO)C(=O)N[C@@H](C)C(=O)N[C@H](C(=O)N[C@@H](CC(C)C)C(=O)N[C@@H](CO)C(=O)N[C@@H](C)C(=O)NCC(=O)N[C@@H](CCCC[NH3+])C(=O)N[C@@H](CO)C(=O)N[C@@H](C)C(=O)N[C@@H](CC(C)C)C(=O)N[C@@H](CCCC[NH3+])C(=O)NCC(=O)N[C@@H](CC(C)C)C(=O)N[C@@H](C)C(=O)N[C@@H](CCCC[NH3+])C(=O)NCC(=O)N[C@@H](CC(C)C)C(=O)N[C@@H](C)C(=O)N[C@@H](CCC(=O)O)C(=O)NC(CC1CNCN1)C(O)N[C@@H](Cc1ccccc1)C(=O)N[C@@H](C)C(=O)N[C@@H](CC(N)=O)C(N)=O)[C@@H](C)CC,CC[C@H](C)[C@H](NC(=O)CN)C(=O)NCC(=O)N[C@@H](CO)C(=O)N[C@@H](C)C(=O)N[C@H](C(=O)N[C@@H](CC(C)C)C(=O)N[C@@H](CO)C(=O)N[C@@H](C)C(=O)NCC(=O)N[C@@H](CCCC[NH3+])C(=O)N[C@@H](CO)C(=O)N[C@@H](C)C(=O)N[C@@H](CC(C)C)C(=O)N[C@@H](CCCC[NH3+])C(=O)NCC(=O)N[C@@H](CC(C)C)C(=O)N[C@@H](C)C(=O)N[C@@H](CCCC[NH3+])C(=O)NCC(=O)N[C@@H](CC(C)C)C(=O)N[C@@H](C)C(=O)N[C@@H](CCC(=O)O)C(=O)NC(CC1CNCN1)C(O)N[C@@H](Cc1ccccc1)C(=O)N[C@@H](C)C(=O)N[C@@H](CC(N)=O)C(N)=O)[C@@H](C)CC,0,0.0013271281495690346,probability,0.5
cellppd,xgboost_rdkit,xgboost-rdkit,101,test,CC[C@H](C)[C@H](N)C(=O)N[C@@H](CC(C)C)C(=O)NCC(=O)N[C@@H](CCCC[NH3+])C(=O)N[C@@H](CC(C)C)C(=O)N[C@@H](CC(C)C)C(=O)N[C@@H](CCCC[NH3+])C(=O)N[C@H](C(=O)N[C@@H](C)C(=O)N[C@@H](C)C(=O)N[C@@H](CCCC[NH3+])C(=O)N[C@@H](CC(C)C)C(=O)N[C@@H](CC(C)C)C(=O)N[C@@H](CO)C(=O)N[C@@H](CC(N)=O)C(=O)N[C@@H](CC(C)C)C(N)=O)[C@@H](C)O,CC[C@H](C)[C@H](N)C(=O)N[C@@H](CC(C)C)C(=O)NCC(=O)N[C@@H](CCCC[NH3+])C(=O)N[C@@H](CC(C)C)C(=O)N[C@@H](CC(C)C)C(=O)N[C@@H](CCCC[NH3+])C(=O)N[C@H](C(=O)N[C@@H](C)C(=O)N[C@@H](C)C(=O)N[C@@H](CCCC[NH3+])C(=O)N[C@@H](CC(C)C)C(=O)N[C@@H](CC(C)C)C(=O)N[C@@H](CO)C(=O)N[C@@H](CC(N)=O)C(=O)N[C@@H](CC(C)C)C(N)=O)[C@@H](C)O,0,0.0160367488861084,probability,0.5
cellppd,xgboost_rdkit,xgboost-rdkit,101,test,C[C@H](NC(=O)[C@@H]1CCCN1C(O)C(CC1CNCN1)NC(=O)[C@H](CS)NC(=O)[C@H](CS)NC(=O)[C@@H](N)CCC(=O)O)C(=O)N[C@@H](CS)C(=O)NCC(=O)N[C@@H](CCCC[NH3+])C(=O)NC(CC1CNCN1)C(O)N[C@@H](Cc1ccccc1)C(=O)N[C@@H](CO)C(=O)N[C@@H](CS)C(N)=O,C[C@H](NC(=O)[C@@H]1CCCN1C(O)C(CC1CNCN1)NC(=O)[C@H](CS)NC(=O)[C@H](CS)NC(=O)[C@@H](N)CCC(=O)O)C(=O)N[C@@H](CS)C(=O)NCC(=O)N[C@@H](CCCC[NH3+])C(=O)NC(CC1CNCN1)C(O)N[C@@H](Cc1ccccc1)C(=O)N[C@@H](CO)C(=O)N[C@@H](CS)C(N)=O,0,0.0029909308068454266,probability,0.5
cellppd,xgboost_rdkit,xgboost-rdkit,101,test,C[C@H](NC(=O)[C@H](C)NC(=O)[C@H](CCCC[NH3+])NC(=O)[C@H](C)NC(=O)[C@H](Cc1ccccc1)NC(=O)[C@H](Cc1c[nH]c2ccccc12)NC(=O)[C@H](CCCC[NH3+])NC(=O)[C@H](Cc1ccccc1)NC(=O)[C@H](CCCC[NH3+])NC(=O)[C@H](CCCC[NH3+])NC(=O)[C@H](C)NC(=O)[C@H](Cc1ccccc1)NC(=O)[C@@H](N)CCCC[NH3+])C(=O)N[C@@H](Cc1ccccc1)C(=O)N[C@@H](CCCC[NH3+])C(=O)N[C@@H](Cc1ccccc1)C(=O)N[C@@H](Cc1ccccc1)C(=O)N[C@@H](CCCC[NH3+])C(=O)N[C@@H](CCCC[NH3+])C(N)=O,C[C@H](NC(=O)[C@H](C)NC(=O)[C@H](CCCC[NH3+])NC(=O)[C@H](C)NC(=O)[C@H](Cc1ccccc1)NC(=O)[C@H](Cc1c[nH]c2ccccc12)NC(=O)[C@H](CCCC[NH3+])NC(=O)[C@H](Cc1ccccc1)NC(=O)[C@H](CCCC[NH3+])NC(=O)[C@H](CCCC[NH3+])NC(=O)[C@H](C)NC(=O)[C@H](Cc1ccccc1)NC(=O)[C@@H](N)CCCC[NH3+])C(=O)N[C@@H](Cc1ccccc1)C(=O)N[C@@H](CCCC[NH3+])C(=O)N[C@@H](Cc1ccccc1)C(=O)N[C@@H](Cc1ccccc1)C(=O)N[C@@H](CCCC[NH3+])C(=O)N[C@@H](CCCC[NH3+])C(N)=O,0,0.3518608510494232,probability,0.5
cellppd,xgboost_rdkit,xgboost-rdkit,101,test,CC(C)C[C@H](NC(=O)[C@H](CCCC[NH3+])NC(=O)[C@@H](N)CCCC[NH3+])C(=O)N[C@@H](Cc1ccccc1)C(=O)N[C@@H](CCCC[NH3+])C(=O)N[C@@H](CCCC[NH3+])C(=O)N[C@H](CC(C)C)C(=O)N[C@H](CC(C)C)C(=O)N[C@H](CCCC[NH3+])C(=O)N[C@H](Cc1ccc(O)cc1)C(=O)N[C@H](CC(C)C)C(N)=O,CC(C)C[C@H](NC(=O)[C@H](CCCC[NH3+])NC(=O)[C@@H](N)CCCC[NH3+])C(=O)N[C@@H](Cc1ccccc1)C(=O)N[C@@H](CCCC[NH3+])C(=O)N[C@@H](CCCC[NH3+])C(=O)N[C@H](CC(C)C)C(=O)N[C@H](CC(C)C)C(=O)N[C@H](CCCC[NH3+])C(=O)N[C@H](Cc1ccc(O)cc1)C(=O)N[C@H](CC(C)C)C(N)=O,0,0.00840574037283659,probability,0.5
cellppd,xgboost_rdkit,xgboost-rdkit,101,test,CC[C@H](C)[C@H](NC(=O)[C@H](Cc1ccccc1)NC(=O)[C@H](CCCC[NH3+])NC(=O)[C@H](C)NC(=O)[C@@H](NC(=O)[C@H](CO)NC(=O)[C@H](CCCC[NH3+])NC(=O)[C@H](CCSC)NC(=O)[C@H](C)NC(=O)[C@H](CCCC[NH3+])NC(=O)[C@H](Cc1ccccc1)NC(=O)[C@H](Cc1c[nH]c2ccccc12)NC(=O)CNC(=O)[C@H](CCCC[NH3+])NC(=O)[C@@H](N)CCCNC(N)=[NH2+])[C@@H](C)CC)C(=O)N[C@@H](C)C(=O)N[C@@H](CCCC[NH3+])C(=O)N[C@@H](CCC(=O)O)C(=O)N[C@@H](CCCC[NH3+])C(=O)N[C@@H](CC(C)C)C(=O)N[C@@H](CCCC[NH3+])C(=O)N[C@@H](CCC(=O)O)C(=O)NC(CC1CNCN1)C(O)N[C@@H](CC(C)C)C(N)=O,CC[C@H](C)[C@H](NC(=O)[C@H](Cc1ccccc1)NC(=O)[C@H](CCCC[NH3+])NC(=O)[C@H](C)NC(=O)[C@@H](NC(=O)[C@H](CO)NC(=O)[C@H](CCCC[NH3+])NC(=O)[C@H](CCSC)NC(=O)[C@H](C)NC(=O)[C@H](CCCC[NH3+])NC(=O)[C@H](Cc1ccccc1)NC(=O)[C@H](Cc1c[nH]c2ccccc12)NC(=O)CNC(=O)[C@H](CCCC[NH3+])NC(=O)[C@@H](N)CCCNC(N)=[NH2+])[C@@H](C)CC)C(=O)N[C@@H](C)C(=O)N[C@@H](CCCC[NH3+])C(=O)N[C@@H](CCC(=O)O)C(=O)N[C@@H](CCCC[NH3+])C(=O)N[C@@H](CC(C)C)C(=O)N[C@@H](CCCC[NH3+])C(=O)N[C@@H](CCC(=O)O)C(=O)NC(CC1CNCN1)C(O)N[C@@H](CC(C)C)C(N)=O,0,0.4957784116268158,probability,0.5
cellppd,xgboost_rdkit,xgboost-rdkit,101,test,C[C@H](NC(=O)[C@H](C)NC(=O)[C@H](Cc1ccccc1)NC(=O)[C@H](C)NC(=O)[C@H](C)NC(=O)[C@H](Cc1c[nH]c2ccccc12)NC(=O)[C@H](C)NC(=O)[C@H](C)NC(=O)[C@H](Cc1ccccc1)NC(=O)[C@H](C)NC(=O)[C@H](C)NC(=O)[C@H](CCCC[NH3+])NC(=O)[C@H](CCCC[NH3+])NC(=O)[C@H](CCCC[NH3+])NC(=O)[C@H](CCCC[NH3+])NC(=O)[C@H](CCCC[NH3+])NC(=O)[C@@H](N)CCCC[NH3+])C(N)=O,C[C@H](NC(=O)[C@H](C)NC(=O)[C@H](Cc1ccccc1)NC(=O)[C@H](C)NC(=O)[C@H](C)NC(=O)[C@H](Cc1c[nH]c2ccccc12)NC(=O)[C@H](C)NC(=O)[C@H](C)NC(=O)[C@H](Cc1ccccc1)NC(=O)[C@H](C)NC(=O)[C@H](C)NC(=O)[C@H](CCCC[NH3+])NC(=O)[C@H](CCCC[NH3+])NC(=O)[C@H](CCCC[NH3+])NC(=O)[C@H](CCCC[NH3+])NC(=O)[C@H](CCCC[NH3+])NC(=O)[C@@H](N)CCCC[NH3+])C(N)=O,0,0.7021219730377197,probability,0.5
cellppd,xgboost_rdkit,xgboost-rdkit,101,test,CC(C)C[C@@H](NC(=O)[C@@H](C)NC(=O)[C@H]1CCCN1C(=O)[C@@H](CC(C)C)NC(=O)[C@@H](Cc1c[nH]c2ccccc12)NC(O)C(CC1CNCN1)NC(=O)[C@@H](CCCC[NH3+])NC(=O)[C@@H](CC(C)C)NC(=O)[C@@H](C)NC(=O)[C@@H](CCCC[NH3+])NC(=O)[C@@H](C)NC(=O)[C@@H](CC(C)C)NC(=O)[C@@H](C)NC(=O)[C@@H](CCCC[NH3+])NC(=O)[C@H](N)CCCC[NH3+])C(=O)NC(CC1CNCN1)C(O)N[C@H](CCCC[NH3+])C(=O)N[C@H](CC(C)C)C(=O)N[C@H](C)C(=O)N[C@H](CCCC[NH3+])C(=O)N[C@H](C)C(=O)N[C@H](CC(C)C)C(=O)N[C@H](C)C(=O)N[C@H](CCCC[NH3+])C(=O)N[C@H](CCCC[NH3+])C(N)=O,CC(C)C[C@@H](NC(=O)[C@@H](C)NC(=O)[C@H]1CCCN1C(=O)[C@@H](CC(C)C)NC(=O)[C@@H](Cc1c[nH]c2ccccc12)NC(O)C(CC1CNCN1)NC(=O)[C@@H](CCCC[NH3+])NC(=O)[C@@H](CC(C)C)NC(=O)[C@@H](C)NC(=O)[C@@H](CCCC[NH3+])NC(=O)[C@@H](C)NC(=O)[C@@H](CC(C)C)NC(=O)[C@@H](C)NC(=O)[C@@H](CCCC[NH3+])NC(=O)[C@H](N)CCCC[NH3+])C(=O)NC(CC1CNCN1)C(O)N[C@H](CCCC[NH3+])C(=O)N[C@H](CC(C)C)C(=O)N[C@H](C)C(=O)N[C@H](CCCC[NH3+])C(=O)N[C@H](C)C(=O)N[C@H](CC(C)C)C(=O)N[C@H](C)C(=O)N[C@H](CCCC[NH3+])C(=O)N[C@H](CCCC[NH3+])C(N)=O,0,0.16598021984100342,probability,0.5
cellppd,xgboost_rdkit,xgboost-rdkit,101,test,CC[C@H](C)[C@H](NC(=O)CN)C(=O)NCC(=O)N[C@@H](C)C(=O)N[C@H](C(=O)N[C@@H](CC(C)C)C(=O)N[C@@H](CCCC[NH3+])C(=O)N[C@H](C(=O)N[C@@H](CC(C)C)C(=O)N[C@@H](C)C(=O)N[C@@H](CC(C)C)C(=O)N[C@H](C(=O)N[C@@H](CO)C(=O)N[C@@H](Cc1c[nH]c2ccccc12)C(=O)N[C@H](C(=O)N[C@@H](CCCC[NH3+])C(=O)N[C@@H](CCCNC(N)=[NH2+])C(=O)N[C@@H](CCCC[NH3+])C(=O)N[C@@H](CCCNC(N)=[NH2+])C(N)=O)[C@@H](C)CC)[C@@H](C)CC)C(C)C)C(C)C,CC[C@H](C)[C@H](NC(=O)CN)C(=O)NCC(=O)N[C@@H](C)C(=O)N[C@H](C(=O)N[C@@H](CC(C)C)C(=O)N[C@@H](CCCC[NH3+])C(=O)N[C@H](C(=O)N[C@@H](CC(C)C)C(=O)N[C@@H](C)C(=O)N[C@@H](CC(C)C)C(=O)N[C@H](C(=O)N[C@@H](CO)C(=O)N[C@@H](Cc1c[nH]c2ccccc12)C(=O)N[C@H](C(=O)N[C@@H](CCCC[NH3+])C(=O)N[C@@H](CCCNC(N)=[NH2+])C(=O)N[C@@H](CCCC[NH3+])C(=O)N[C@@H](CCCNC(N)=[NH2+])C(N)=O)[C@@H](C)CC)[C@@H](C)CC)C(C)C)C(C)C,0,0.3964509069919586,probability,0.5
cellppd,xgboost_rdkit,xgboost-rdkit,101,test,CC[C@H](C)[C@H](NC(=O)[C@H](CCCC[NH3+])NC(=O)[C@H](CCCC[NH3+])NC(=O)[C@H](C)NC(=O)[C@@H](NC(=O)CNC(=O)[C@H](CCCNC(N)=[NH2+])NC(=O)[C@H](CC(C)C)NC(=O)[C@@H](NC(=O)[C@@H](N)CCCC[NH3+])[C@@H](C)CC)C(C)C)C(=O)N[C@@H](CCSC)C(=O)N[C@@H](CCCNC(N)=[NH2+])C(=O)N[C@H](C(=O)N[C@@H](Cc1ccccc1)C(=O)N[C@@H](CC(C)C)C(=O)N[C@@H](CCCNC(N)=[NH2+])C(=O)N[C@@H](CCCNC(N)=[NH2+])C(=O)N[C@H](C(=O)N[C@@H](CO)C(=O)N[C@@H](CCCC[NH3+])C(=O)N[C@@H](CC(=O)O)C(=O)N[C@H](C(=O)N[C@@H](CC(C)C)C(=O)N[C@H](C(=O)NCC(=O)N[C@@H](CCCC[NH3+])C(=O)N[C@@H](CCCC[NH3+])C(N)=O)[C@@H](C)O)[C@@H](C)CC)[C@@H](C)CC)[C@@H](C)O,CC[C@H](C)[C@H](NC(=O)[C@H](CCCC[NH3+])NC(=O)[C@H](CCCC[NH3+])NC(=O)[C@H](C)NC(=O)[C@@H](NC(=O)CNC(=O)[C@H](CCCNC(N)=[NH2+])NC(=O)[C@H](CC(C)C)NC(=O)[C@@H](NC(=O)[C@@H](N)CCCC[NH3+])[C@@H](C)CC)C(C)C)C(=O)N[C@@H](CCSC)C(=O)N[C@@H](CCCNC(N)=[NH2+])C(=O)N[C@H](C(=O)N[C@@H](Cc1ccccc1)C(=O)N[C@@H](CC(C)C)C(=O)N[C@@H](CCCNC(N)=[NH2+])C(=O)N[C@@H](CCCNC(N)=[NH2+])C(=O)N[C@H](C(=O)N[C@@H](CO)C(=O)N[C@@H](CCCC[NH3+])C(=O)N[C@@H](CC(=O)O)C(=O)N[C@H](C(=O)N[C@@H](CC(C)C)C(=O)N[C@H](C(=O)NCC(=O)N[C@@H](CCCC[NH3+])C(=O)N[C@@H](CCCC[NH3+])C(N)=O)[C@@H](C)O)[C@@H](C)CC)[C@@H](C)CC)[C@@H](C)O,0,0.22658288478851318,probability,0.5
cellppd,xgboost_rdkit,xgboost-rdkit,101,test,CC[C@H](C)[C@H](NC(=O)[C@H](C)NC(O)C(CC1CNCN1)NC(=O)[C@@H]1CCCN1C(=O)[C@@H](NC(=O)[C@H](CC(C)C)NC(=O)[C@H](CO)NC(=O)[C@H](CC(C)C)NC(=O)[C@@H](N)Cc1ccccc1)[C@@H](C)CC)C(=O)N[C@@H](CC(N)=O)C(=O)N[C@@H](C)C(=O)N[C@H](C(=O)N[C@@H](CO)C(=O)N[C@H](C(=O)N[C@@H](CC(C)C)C(=O)N[C@H](C(=O)NC(CC1CNCN1)C(O)NC(CC1CNCN1)C(O)N[C@@H](CO)C(N)=O)C(C)C)[C@@H](C)O)C(C)C,CC[C@H](C)[C@H](NC(=O)[C@H](C)NC(O)C(CC1CNCN1)NC(=O)[C@@H]1CCCN1C(=O)[C@@H](NC(=O)[C@H](CC(C)C)NC(=O)[C@H](CO)NC(=O)[C@H](CC(C)C)NC(=O)[C@@H](N)Cc1ccccc1)[C@@H](C)CC)C(=O)N[C@@H](CC(N)=O)C(=O)N[C@@H](C)C(=O)N[C@H](C(=O)N[C@@H](CO)C(=O)N[C@H](C(=O)N[C@@H](CC(C)C)C(=O)N[C@H](C(=O)NC(CC1CNCN1)C(O)NC(CC1CNCN1)C(O)N[C@@H](CO)C(N)=O)C(C)C)[C@@H](C)O)C(C)C,0,0.000455587258329615,probability,0.5
cellppd,xgboost_rdkit,xgboost-rdkit,101,test,CC(C)C[C@H](NC(=O)[C@H](CCCC[NH3+])NC(=O)[C@H](Cc1ccc(O)cc1)NC(=O)CNC(=O)[C@H](CS)NC(=O)[C@H](CS)NC(=O)[C@@H](NC(=O)CNC(=O)[C@@H](N)CC(N)=O)C(C)C)C(=O)N[C@@H](CS)C(=O)NC(CC1CNCN1)C(O)N1CC(O)CC1C(O)N[C@H](C=O)CS,CC(C)C[C@H](NC(=O)[C@H](CCCC[NH3+])NC(=O)[C@H](Cc1ccc(O)cc1)NC(=O)CNC(=O)[C@H](CS)NC(=O)[C@H](CS)NC(=O)[C@@H](NC(=O)CNC(=O)[C@@H](N)CC(N)=O)C(C)C)C(=O)N[C@@H](CS)C(=O)NC(CC1CNCN1)C(O)N1CC(O)CC1C(O)N[C@H](C=O)CS,0,0.004519609268754721,probability,0.5
cellppd,xgboost_rdkit,xgboost-rdkit,101,test,CC[C@H](C)[C@H](N)C(=O)N[C@@H](Cc1c[nH]c2ccccc12)C(=O)N[C@@H](CC(C)C)C(=O)N[C@H](C(=O)N[C@@H](C)C(=O)N[C@@H](CC(C)C)C(=O)N[C@@H](CCCC[NH3+])C(=O)N[C@@H](Cc1ccccc1)C(=O)N[C@@H](CC(C)C)C(=O)NCC(=O)N[C@@H](CCCC[NH3+])C(=O)NC(CC1CNCN1)C(O)N[C@@H](C)C(=O)N[C@@H](C)C(=O)N[C@@H](CCCC[NH3+])C(=O)NC(CC1CNCN1)C(O)N[C@@H](CC(C)C)C(=O)N[C@@H](C)C(=O)N[C@@H](CCCC[NH3+])C(=O)N[C@@H](CCC(N)=O)C(=O)N[C@@H](CCC(N)=O)C(=O)N[C@@H](CC(C)C)C(=O)N[C@@H](CO)C(=O)N[C@@H](CCCC[NH3+])C(=O)N[C@@H](CC(C)C)C(N)=O)[C@@H](C)O,CC[C@H](C)[C@H](N)C(=O)N[C@@H](Cc1c[nH]c2ccccc12)C(=O)N[C@@H](CC(C)C)C(=O)N[C@H](C(=O)N[C@@H](C)C(=O)N[C@@H](CC(C)C)C(=O)N[C@@H](CCCC[NH3+])C(=O)N[C@@H](Cc1ccccc1)C(=O)N[C@@H](CC(C)C)C(=O)NCC(=O)N[C@@H](CCCC[NH3+])C(=O)NC(CC1CNCN1)C(O)N[C@@H](C)C(=O)N[C@@H](C)C(=O)N[C@@H](CCCC[NH3+])C(=O)NC(CC1CNCN1)C(O)N[C@@H](CC(C)C)C(=O)N[C@@H](C)C(=O)N[C@@H](CCCC[NH3+])C(=O)N[C@@H](CCC(N)=O)C(=O)N[C@@H](CCC(N)=O)C(=O)N[C@@H](CC(C)C)C(=O)N[C@@H](CO)C(=O)N[C@@H](CCCC[NH3+])C(=O)N[C@@H](CC(C)C)C(N)=O)[C@@H](C)O,0,0.004935998935252428,probability,0.5
cellppd,xgboost_rdkit,xgboost-rdkit,101,test,CCCC(CO)NC(=O)[C@@H]1CCCN1C(=O)[C@@H](NC(=O)[C@@H](NC(=O)[C@H](CC(=O)O)NC(C)=O)[C@@H](C)CC)C(C)C,CCCC(CO)NC(=O)[C@@H]1CCCN1C(=O)[C@@H](NC(=O)[C@@H](NC(=O)[C@H](CC(=O)O)NC(C)=O)[C@@H](C)CC)C(C)C,0,0.03844539821147919,probability,0.5
cellppd,xgboost_rdkit,xgboost-rdkit,101,test,CC(C)C[C@H](NC(=O)[C@H](CC(C)C)NC(=O)[C@H](CCCC[NH3+])NC(=O)[C@H](CCCC[NH3+])NC(=O)[C@H](CC(C)C)NC(=O)[C@H](CC(C)C)NC(=O)[C@H](CCCC[NH3+])NC(=O)[C@H](CC(C)C)NC(=O)[C@@H]1CCCN1C(=O)[C@H](CCCC[NH3+])NC(=O)[C@H](CCCC[NH3+])NC(=O)[C@H](CC(C)C)NC(=O)[C@H](CC(C)C)NC(=O)[C@H](CCCC[NH3+])NC(=O)[C@H](CCCC[NH3+])NC(=O)[C@H](Cc1c[nH]c2ccccc12)NC(=O)[C@@H](N)CCCC[NH3+])C(N)=O,CC(C)C[C@H](NC(=O)[C@H](CC(C)C)NC(=O)[C@H](CCCC[NH3+])NC(=O)[C@H](CCCC[NH3+])NC(=O)[C@H](CC(C)C)NC(=O)[C@H](CC(C)C)NC(=O)[C@H](CCCC[NH3+])NC(=O)[C@H](CC(C)C)NC(=O)[C@@H]1CCCN1C(=O)[C@H](CCCC[NH3+])NC(=O)[C@H](CCCC[NH3+])NC(=O)[C@H](CC(C)C)NC(=O)[C@H](CC(C)C)NC(=O)[C@H](CCCC[NH3+])NC(=O)[C@H](CCCC[NH3+])NC(=O)[C@H](Cc1c[nH]c2ccccc12)NC(=O)[C@@H](N)CCCC[NH3+])C(N)=O,0,0.011788717471063137,probability,0.5
cellppd,xgboost_rdkit,xgboost-rdkit,101,test,N=C(N)NCCC[C@H](NC(=O)[C@@H]1CCCN1C(=O)[C@@H]1CSSC[C@H](N)C(=O)N[C@@H](Cc2ccc(O)cc2)C(=O)N[C@@H](Cc2ccccc2)C(=O)N[C@@H](CCC(N)=O)C(=O)N[C@@H](CC(N)=O)C(=O)N1)C(=O)NCC(N)=O,N=C(N)NCCC[C@H](NC(=O)[C@@H]1CCCN1C(=O)[C@@H]1CSSC[C@H](N)C(=O)N[C@@H](Cc2ccc(O)cc2)C(=O)N[C@@H](Cc2ccccc2)C(=O)N[C@@H](CCC(N)=O)C(=O)N[C@@H](CC(N)=O)C(=O)N1)C(=O)NCC(N)=O,0,0.0021780424285680056,probability,0.5
cellppd,xgboost_rdkit,xgboost-rdkit,101,test,CC[C@H](C)[C@@H](NC(=O)[C@@H](C)NC(=O)[C@@H](CCCC[NH3+])NC(=O)[C@@H](CC(C)C)NC(=O)[C@@H](CC(C)C)NC(=O)[C@H](NC(O)C(CC1CNCN1)NC(=O)[C@@H](CC(C)C)NC(=O)[C@H](NC(=O)[C@H](NC(=O)[C@@H](CCCC[NH3+])NC(=O)[C@@H](CCCC[NH3+])NC(=O)[C@@H](CC(C)C)NC(=O)[C@@H](CO)NC(=O)[C@@H](CCCC[NH3+])NC(=O)[C@@H](Cc1ccccc1)NC(=O)[C@H](NC(=O)[C@@H](CCCC[NH3+])NC(=O)[C@@H](CC(C)C)NC(=O)[C@@H](Cc1ccccc1)NC(=O)[C@@H](CO)NC(=O)[C@@H](CCCC[NH3+])NC(=O)[C@@H](Cc1c[nH]c2ccccc12)NC(=O)[C@@H](CCCC[NH3+])NC(C)=O)[C@@H](C)O)[C@@H](C)O)C(C)C)[C@@H](C)O)C(=O)N[C@H](CO)C(=O)N[C@@H](CO)C(N)=O,CC[C@H](C)[C@@H](NC(=O)[C@@H](C)NC(=O)[C@@H](CCCC[NH3+])NC(=O)[C@@H](CC(C)C)NC(=O)[C@@H](CC(C)C)NC(=O)[C@H](NC(O)C(CC1CNCN1)NC(=O)[C@@H](CC(C)C)NC(=O)[C@H](NC(=O)[C@H](NC(=O)[C@@H](CCCC[NH3+])NC(=O)[C@@H](CCCC[NH3+])NC(=O)[C@@H](CC(C)C)NC(=O)[C@@H](CO)NC(=O)[C@@H](CCCC[NH3+])NC(=O)[C@@H](Cc1ccccc1)NC(=O)[C@H](NC(=O)[C@@H](CCCC[NH3+])NC(=O)[C@@H](CC(C)C)NC(=O)[C@@H](Cc1ccccc1)NC(=O)[C@@H](CO)NC(=O)[C@@H](CCCC[NH3+])NC(=O)[C@@H](Cc1c[nH]c2ccccc12)NC(=O)[C@@H](CCCC[NH3+])NC(C)=O)[C@@H](C)O)[C@@H](C)O)C(C)C)[C@@H](C)O)C(=O)N[C@H](CO)C(=O)N[C@@H](CO)C(N)=O,0,0.002088670153170824,probability,0.5
cellppd,xgboost_rdkit,xgboost-rdkit,101,test,C[C@@H]1NC(=O)[C@@H]2CSSC[C@H](NC(=O)C[NH3+])C(=O)N[C@@H](CSSC[C@@H](C(N)=O)NC(=O)[C@H](CCCNC(N)=[NH2+])NC(=O)[C@H](Cc3c[nH]c4ccccc34)NC1=O)C(=O)N[C@@H](CO)C(=O)N[C@@H](CC(=O)O)C(=O)N1CCC[C@H]1C(=O)N[C@@H](CCCNC(N)=[NH2+])C(=O)N2,C[C@@H]1NC(=O)[C@@H]2CSSC[C@H](NC(=O)C[NH3+])C(=O)N[C@@H](CSSC[C@@H](C(N)=O)NC(=O)[C@H](CCCNC(N)=[NH2+])NC(=O)[C@H](Cc3c[nH]c4ccccc34)NC1=O)C(=O)N[C@@H](CO)C(=O)N[C@@H](CC(=O)O)C(=O)N1CCC[C@H]1C(=O)N[C@@H](CCCNC(N)=[NH2+])C(=O)N2,0,0.0011689519742503762,probability,0.5
cellppd,xgboost_rdkit,xgboost-rdkit,101,test,CC(C)C[C@@H]1NC(=O)[C@@H](Cc2c[nH]c3ccccc23)NC(=O)[C@H](CCCC[NH3+])NC(O)C(CO)N(C)C(=O)[C@H](CC(N)=O)NC(=O)[C@@H](CCC(=O)O)NC(=O)[C@H](CO)NC(O)C(CC2CNC3CCCCC23)N(C)C1=O,CC(C)C[C@@H]1NC(=O)[C@@H](Cc2c[nH]c3ccccc23)NC(=O)[C@H](CCCC[NH3+])NC(O)C(CO)N(C)C(=O)[C@H](CC(N)=O)NC(=O)[C@@H](CCC(=O)O)NC(=O)[C@H](CO)NC(O)C(CC2CNC3CCCCC23)N(C)C1=O,0,0.002856063423678279,probability,0.5
cellppd,xgboost_rdkit,xgboost-rdkit,101,test,CC[C@H](C)[C@H](NC(O)C(CC1CNCN1)NC(=O)[C@H](CCCC[NH3+])NC(=O)[C@H](CC(C)C)NC(=O)[C@H](CC(C)C)NC(=O)[C@H](CO)NC(=O)[C@H](CCSC)NC(=O)[C@H](Cc1c[nH]c2ccccc12)NC(=O)[C@H](CCCC[NH3+])NC(=O)CN)C(=O)N[C@@H](CC(C)C)C(=O)N[C@@H](CCCC[NH3+])C(N)=O,CC[C@H](C)[C@H](NC(O)C(CC1CNCN1)NC(=O)[C@H](CCCC[NH3+])NC(=O)[C@H](CC(C)C)NC(=O)[C@H](CC(C)C)NC(=O)[C@H](CO)NC(=O)[C@H](CCSC)NC(=O)[C@H](Cc1c[nH]c2ccccc12)NC(=O)[C@H](CCCC[NH3+])NC(=O)CN)C(=O)N[C@@H](CC(C)C)C(=O)N[C@@H](CCCC[NH3+])C(N)=O,0,0.00934812892228365,probability,0.5
cellppd,xgboost_rdkit,xgboost-rdkit,101,test,CSCC[C@H](NC(=O)[C@H](CCC(=O)O)NC(=O)[C@H](CC(=O)O)NC(C)=O)C(=O)N[C@@H](CCC(=O)O)C(=O)NC(CC1CCC2CCCCC2C1)C(O)N[C@H](C=O)CS,CSCC[C@H](NC(=O)[C@H](CCC(=O)O)NC(=O)[C@H](CC(=O)O)NC(C)=O)C(=O)N[C@@H](CCC(=O)O)C(=O)NC(CC1CCC2CCCCC2C1)C(O)N[C@H](C=O)CS,0,0.09981255233287811,probability,0.5
cellppd,xgboost_rdkit,xgboost-rdkit,101,test,CC(C)C[C@H]1NC(=O)CNC(=O)[C@@H](CC(N)=O)NC(=O)[C@H](CCCNC(N)=[NH2+])NC(=O)[C@H]([C@@H](C)O)NC(=O)[C@H](CS)NC(=O)[C@H](C(C)C)NC(=O)[C@@H]2CCCN2C(=O)[C@H](Cc2c[nH]c3ccccc23)NC(=O)[C@H](CO)NC(=O)[C@H](CS)NC(=O)[C@H](CO)NC(=O)[C@H](CS)NC(=O)CNC(=O)[C@@H]2CCCN2C(=O)[C@H]([C@@H](C)O)NC(=O)[C@H](Cc2ccc(O)cc2)NC(=O)[C@H](CS)NC(=O)[C@H](CO)NC(=O)CNC(=O)[C@H](Cc2ccccc2)NC(=O)[C@H](C)NC(=O)[C@H](CS)NC(=O)[C@H]([C@@H](C)O)NC(=O)[C@H](CCC(=O)O)NC(=O)CNC(=O)[C@H](CS)NC(=O)[C@H](C(C)C)NC(=O)[C@@H]2CCCN2C1=O,CC(C)C[C@H]1NC(=O)CNC(=O)[C@@H](CC(N)=O)NC(=O)[C@H](CCCNC(N)=[NH2+])NC(=O)[C@H]([C@@H](C)O)NC(=O)[C@H](CS)NC(=O)[C@H](C(C)C)NC(=O)[C@@H]2CCCN2C(=O)[C@H](Cc2c[nH]c3ccccc23)NC(=O)[C@H](CO)NC(=O)[C@H](CS)NC(=O)[C@H](CO)NC(=O)[C@H](CS)NC(=O)CNC(=O)[C@@H]2CCCN2C(=O)[C@H]([C@@H](C)O)NC(=O)[C@H](Cc2ccc(O)cc2)NC(=O)[C@H](CS)NC(=O)[C@H](CO)NC(=O)CNC(=O)[C@H](Cc2ccccc2)NC(=O)[C@H](C)NC(=O)[C@H](CS)NC(=O)[C@H]([C@@H](C)O)NC(=O)[C@H](CCC(=O)O)NC(=O)CNC(=O)[C@H](CS)NC(=O)[C@H](C(C)C)NC(=O)[C@@H]2CCCN2C1=O,0,0.0014156706165522337,probability,0.5
cellppd,xgboost_rdkit,xgboost-rdkit,101,test,CC(C)[C@@H]1NC(=O)[C@H](CCCC[NH3+])NC(=O)[C@H](C)NC(=O)[C@@H]2CCCN2C(=O)[C@@H](Cc2ccc(O)cc2)NC(=O)[C@H](C(C)C)NC(=O)[C@@H](CCCC[NH3+])NC(=O)[C@H](C)NC(=O)[C@H](CCCC[NH3+])NC(=O)[C@H](C(C)C)NC(=O)[C@H]2CCCN2C(=O)[C@@H](Cc2ccc(O)cc2)NC(=O)[C@H](C)NC(=O)[C@H](CCCC[NH3+])NC1=O,CC(C)[C@@H]1NC(=O)[C@H](CCCC[NH3+])NC(=O)[C@H](C)NC(=O)[C@@H]2CCCN2C(=O)[C@@H](Cc2ccc(O)cc2)NC(=O)[C@H](C(C)C)NC(=O)[C@@H](CCCC[NH3+])NC(=O)[C@H](C)NC(=O)[C@H](CCCC[NH3+])NC(=O)[C@H](C(C)C)NC(=O)[C@H]2CCCN2C(=O)[C@@H](Cc2ccc(O)cc2)NC(=O)[C@H](C)NC(=O)[C@H](CCCC[NH3+])NC1=O,0,0.03136908635497093,probability,0.5
cellppd,xgboost_rdkit,xgboost-rdkit,101,test,CC[C@H](C)[C@H](NC(=O)CNC(=O)[C@H](C)NC(=O)[C@H](CS)NC(=O)[C@H](C)NC(=O)[C@H](C)NC(=O)[C@H](CCCNC(N)=[NH2+])NC(=O)[C@H](CO)NC(=O)[C@H](CS)NC(=O)[C@H](CS)NC(=O)CN)C(=O)NC(CC1CNCN1)C(O)N[C@@H](CCC(N)=O)C(=O)N[C@@H](CCC(=O)O)C(=O)N[C@@H](CC(C)C)C(=O)N[C@@H](CS)C(N)=O,CC[C@H](C)[C@H](NC(=O)CNC(=O)[C@H](C)NC(=O)[C@H](CS)NC(=O)[C@H](C)NC(=O)[C@H](C)NC(=O)[C@H](CCCNC(N)=[NH2+])NC(=O)[C@H](CO)NC(=O)[C@H](CS)NC(=O)[C@H](CS)NC(=O)CN)C(=O)NC(CC1CNCN1)C(O)N[C@@H](CCC(N)=O)C(=O)N[C@@H](CCC(=O)O)C(=O)N[C@@H](CC(C)C)C(=O)N[C@@H](CS)C(N)=O,0,0.001784247113391757,probability,0.5
cellppd,xgboost_rdkit,xgboost-rdkit,101,test,CC(C)C[C@H](NC(=O)[C@H](CCCNC(N)=[NH2+])NC(=O)[C@H](CCCC[NH3+])NC(=O)[C@H](CCCC[NH3+])NC(=O)[C@H](CC(C)C)NC(=O)[C@H](CC(N)=O)NC(=O)[C@H](C)NC(=O)[C@H](Cc1ccccc1)NC(=O)[C@H](CCCNC(N)=[NH2+])NC(=O)[C@H](CCCNC(N)=[NH2+])NC(=O)[C@H](CCCC[NH3+])NC(=O)[C@H](Cc1ccccc1)NC(=O)[C@H](CO)NC(=O)[C@H](C)NC(=O)CNC(=O)[C@H](Cc1ccccc1)NC(=O)[C@H](CCCC[NH3+])NC(=O)[C@H](CCCC[NH3+])NC(=O)[C@H](Cc1ccccc1)NC(=O)[C@H](Cc1ccc(O)cc1)NC(=O)[C@H](CCC(=O)O)NC(=O)[C@H](CCCC[NH3+])NC(=O)[C@H](CCCNC(N)=[NH2+])NC(=O)[C@H](CCCC[NH3+])NC(=O)CNC(=O)[C@H](Cc1ccccc1)NC(=O)[C@H](Cc1ccccc1)NC(=O)CN)C(N)=O,CC(C)C[C@H](NC(=O)[C@H](CCCNC(N)=[NH2+])NC(=O)[C@H](CCCC[NH3+])NC(=O)[C@H](CCCC[NH3+])NC(=O)[C@H](CC(C)C)NC(=O)[C@H](CC(N)=O)NC(=O)[C@H](C)NC(=O)[C@H](Cc1ccccc1)NC(=O)[C@H](CCCNC(N)=[NH2+])NC(=O)[C@H](CCCNC(N)=[NH2+])NC(=O)[C@H](CCCC[NH3+])NC(=O)[C@H](Cc1ccccc1)NC(=O)[C@H](CO)NC(=O)[C@H](C)NC(=O)CNC(=O)[C@H](Cc1ccccc1)NC(=O)[C@H](CCCC[NH3+])NC(=O)[C@H](CCCC[NH3+])NC(=O)[C@H](Cc1ccccc1)NC(=O)[C@H](Cc1ccc(O)cc1)NC(=O)[C@H](CCC(=O)O)NC(=O)[C@H](CCCC[NH3+])NC(=O)[C@H](CCCNC(N)=[NH2+])NC(=O)[C@H](CCCC[NH3+])NC(=O)CNC(=O)[C@H](Cc1ccccc1)NC(=O)[C@H](Cc1ccccc1)NC(=O)CN)C(N)=O,0,0.8429438471794128,probability,0.5
cellppd,xgboost_rdkit,xgboost-rdkit,101,test,CC[C@H](C)[C@H](NC(=O)[C@@H](N)CCCC[NH3+])C(=O)N[C@@H](CCCC[NH3+])C(=O)N[C@H](C(=O)N1CCC[C@H]1C(=O)N[C@@H](Cc1c[nH]c2ccccc12)C(=O)NCC(=O)N[C@@H](CCCC[NH3+])C(=O)N[C@H](C(=O)N[C@@H](CCCC[NH3+])C(=O)N[C@@H](CC(=O)O)C(=O)N[C@@H](Cc1ccccc1)C(=O)N[C@@H](CC(C)C)C(=O)N[C@H](C(=O)NCC(=O)NCC(=O)N[C@@H](CCSC)C(=O)N[C@@H](CCCC[NH3+])C(=O)N[C@@H](C)C(=O)N[C@H](C(N)=O)C(C)C)C(C)C)C(C)C)[C@@H](C)CC,CC[C@H](C)[C@H](NC(=O)[C@@H](N)CCCC[NH3+])C(=O)N[C@@H](CCCC[NH3+])C(=O)N[C@H](C(=O)N1CCC[C@H]1C(=O)N[C@@H](Cc1c[nH]c2ccccc12)C(=O)NCC(=O)N[C@@H](CCCC[NH3+])C(=O)N[C@H](C(=O)N[C@@H](CCCC[NH3+])C(=O)N[C@@H](CC(=O)O)C(=O)N[C@@H](Cc1ccccc1)C(=O)N[C@@H](CC(C)C)C(=O)N[C@H](C(=O)NCC(=O)NCC(=O)N[C@@H](CCSC)C(=O)N[C@@H](CCCC[NH3+])C(=O)N[C@@H](C)C(=O)N[C@H](C(N)=O)C(C)C)C(C)C)C(C)C)[C@@H](C)CC,0,0.009923020377755165,probability,0.5
cellppd,xgboost_rdkit,xgboost-rdkit,101,test,CC[C@H](C)[C@H](NC(=O)[C@H](Cc1ccccc1)NC(=O)[C@@H]1CCCN1C(=O)[C@H](C)NC(=O)[C@@H](NC(=O)[C@@H](N)CC(C)C)[C@@H](C)CC)C(=O)N[C@@H](CCCNC(N)=[NH2+])C(=O)N[C@@H](CC(=O)O)C(=O)N[C@@H](Cc1ccc(O)cc1)C(=O)N[C@@H](CS)C(=O)N[C@@H](CS)C(=O)N1CCC[C@H]1C(=O)N[C@@H](CCCNC(N)=[NH2+])C(=O)NCC(=O)N1CCC[C@H]1C(=O)N[C@@H](CS)C(=O)N[C@@H](CCSC)C(=O)N[C@H](C(=O)N[C@@H](Cc1c[nH]c2ccccc12)C(=O)N[C@@H](CS)C(N)=O)C(C)C,CC[C@H](C)[C@H](NC(=O)[C@H](Cc1ccccc1)NC(=O)[C@@H]1CCCN1C(=O)[C@H](C)NC(=O)[C@@H](NC(=O)[C@@H](N)CC(C)C)[C@@H](C)CC)C(=O)N[C@@H](CCCNC(N)=[NH2+])C(=O)N[C@@H](CC(=O)O)C(=O)N[C@@H](Cc1ccc(O)cc1)C(=O)N[C@@H](CS)C(=O)N[C@@H](CS)C(=O)N1CCC[C@H]1C(=O)N[C@@H](CCCNC(N)=[NH2+])C(=O)NCC(=O)N1CCC[C@H]1C(=O)N[C@@H](CS)C(=O)N[C@@H](CCSC)C(=O)N[C@H](C(=O)N[C@@H](Cc1c[nH]c2ccccc12)C(=O)N[C@@H](CS)C(N)=O)C(C)C,0,0.03887547180056572,probability,0.5
cellppd,xgboost_rdkit,xgboost-rdkit,101,test,C[C@H](NC(=O)[C@H](C)NC(=O)[C@H](C)NC(=O)[C@H](Cc1ccccc1)NC(=O)[C@H](C)NC(=O)[C@H](C)NC(=O)[C@H](Cc1c[nH]c2ccccc12)NC(=O)[C@H](C)NC(=O)[C@H](C)NC(=O)[C@H](Cc1ccccc1)NC(=O)[C@H](C)NC(=O)[C@H](C)NC(=O)[C@H](C)NC(=O)[C@H](C)NC(=O)[C@H](C)NC(=O)[C@H](Cc1ccccc1)NC(=O)[C@H](C)NC(=O)[C@H](C)NC(=O)[C@H](C)NC(=O)[C@H](CCCC[NH3+])NC(=O)[C@H](CCCC[NH3+])NC(=O)[C@H](CCCC[NH3+])NC(=O)[C@H](CCCC[NH3+])NC(=O)[C@H](CCCC[NH3+])NC(=O)[C@@H](N)CCCC[NH3+])C(N)=O,C[C@H](NC(=O)[C@H](C)NC(=O)[C@H](C)NC(=O)[C@H](Cc1ccccc1)NC(=O)[C@H](C)NC(=O)[C@H](C)NC(=O)[C@H](Cc1c[nH]c2ccccc12)NC(=O)[C@H](C)NC(=O)[C@H](C)NC(=O)[C@H](Cc1ccccc1)NC(=O)[C@H](C)NC(=O)[C@H](C)NC(=O)[C@H](C)NC(=O)[C@H](C)NC(=O)[C@H](C)NC(=O)[C@H](Cc1ccccc1)NC(=O)[C@H](C)NC(=O)[C@H](C)NC(=O)[C@H](C)NC(=O)[C@H](CCCC[NH3+])NC(=O)[C@H](CCCC[NH3+])NC(=O)[C@H](CCCC[NH3+])NC(=O)[C@H](CCCC[NH3+])NC(=O)[C@H](CCCC[NH3+])NC(=O)[C@@H](N)CCCC[NH3+])C(N)=O,0,0.2116624414920807,probability,0.5
cellppd,xgboost_rdkit,xgboost-rdkit,101,test,CC(C)C[C@H](NC(=O)[C@H](C)NC(=O)[C@H](CC(C)C)NC(=O)[C@H](C)NC(=O)[C@@H](N)Cc1c[nH]c2ccccc12)C(N)=O,CC(C)C[C@H](NC(=O)[C@H](C)NC(=O)[C@H](CC(C)C)NC(=O)[C@H](C)NC(=O)[C@@H](N)Cc1c[nH]c2ccccc12)C(N)=O,0,0.003579813987016678,probability,0.5
cellppd,xgboost_rdkit,xgboost-rdkit,101,test,CC[C@H](C)[C@H](NC(=O)[C@H](CC(C)C)NC(=O)[C@H](CO)NC(=O)[C@@H](NC(=O)[C@@H](NC(=O)[C@H](CC(C)C)NC(=O)CN)C(C)C)[C@@H](C)O)C(=O)N[C@@H](CCCC[NH3+])C(=O)NCC(=O)N[C@@H](C)C(=O)NCC(=O)N[C@@H](CCCC[NH3+])C(=O)N[C@@H](CC(C)C)C(=O)N[C@@H](CC(C)C)C(=O)NCC(=O)NCC(=O)N[C@@H](CC(C)C)C(=O)N[C@@H](Cc1ccccc1)C(=O)NCC(=O)N[C@@H](CO)C(=O)N[C@H](C(=O)N[C@H](C(=O)NCC(N)=O)[C@@H](C)O)C(C)C,CC[C@H](C)[C@H](NC(=O)[C@H](CC(C)C)NC(=O)[C@H](CO)NC(=O)[C@@H](NC(=O)[C@@H](NC(=O)[C@H](CC(C)C)NC(=O)CN)C(C)C)[C@@H](C)O)C(=O)N[C@@H](CCCC[NH3+])C(=O)NCC(=O)N[C@@H](C)C(=O)NCC(=O)N[C@@H](CCCC[NH3+])C(=O)N[C@@H](CC(C)C)C(=O)N[C@@H](CC(C)C)C(=O)NCC(=O)NCC(=O)N[C@@H](CC(C)C)C(=O)N[C@@H](Cc1ccccc1)C(=O)NCC(=O)N[C@@H](CO)C(=O)N[C@H](C(=O)N[C@H](C(=O)NCC(N)=O)[C@@H](C)O)C(C)C,0,0.0011504720896482468,probability,0.5
cellppd,xgboost_rdkit,xgboost-rdkit,101,test,CC[C@H](C)[C@H](NC(=O)[C@@H](NC(=O)[C@@H]1CCCN1C(=O)[C@H](CC(C)C)NC(=O)[C@@H](N)Cc1ccccc1)[C@@H](C)CC)C(=O)N[C@H](C(=O)N[C@@H](CC(N)=O)C(=O)N[C@@H](CC(C)C)C(=O)N[C@@H](CC(C)C)C(=O)NCC(=O)N[C@@H](CCCC[NH3+])C(=O)N[C@@H](CC(C)C)C(=O)N[C@@H](CC(C)C)C(N)=O)[C@@H](C)O,CC[C@H](C)[C@H](NC(=O)[C@@H](NC(=O)[C@@H]1CCCN1C(=O)[C@H](CC(C)C)NC(=O)[C@@H](N)Cc1ccccc1)[C@@H](C)CC)C(=O)N[C@H](C(=O)N[C@@H](CC(N)=O)C(=O)N[C@@H](CC(C)C)C(=O)N[C@@H](CC(C)C)C(=O)NCC(=O)N[C@@H](CCCC[NH3+])C(=O)N[C@@H](CC(C)C)C(=O)N[C@@H](CC(C)C)C(N)=O)[C@@H](C)O,0,0.0007920039934106171,probability,0.5
cellppd,xgboost_rdkit,xgboost-rdkit,101,test,CC[C@H](C)[C@H](NC(=O)[C@@H]1CCCN1C(=O)[C@H](CC(C)C)NC(=O)[C@@H](N)Cc1ccccc1)C(=O)N[C@H](C(=O)NCC(=O)N[C@@H](CCCC[NH3+])C(=O)N[C@@H](CC(C)C)C(=O)N[C@@H](CC(C)C)C(=O)N[C@@H](CO)C(=O)NCC(=O)N[C@@H](CC(C)C)C(=O)N[C@@H](CC(C)C)C(N)=O)C(C)C,CC[C@H](C)[C@H](NC(=O)[C@@H]1CCCN1C(=O)[C@H](CC(C)C)NC(=O)[C@@H](N)Cc1ccccc1)C(=O)N[C@H](C(=O)NCC(=O)N[C@@H](CCCC[NH3+])C(=O)N[C@@H](CC(C)C)C(=O)N[C@@H](CC(C)C)C(=O)N[C@@H](CO)C(=O)NCC(=O)N[C@@H](CC(C)C)C(=O)N[C@@H](CC(C)C)C(N)=O)C(C)C,0,0.0009584912331774831,probability,0.5
cellppd,xgboost_rdkit,xgboost-rdkit,101,test,C[C@H](NC(O)C(CC1CNCN1)NC(=O)[C@H](Cc1ccc(O)cc1)NC(=O)[C@H](CCC(=O)O)NC(=O)[C@H](Cc1c[nH]c2ccccc12)NC(=O)[C@@H](N)CC(=O)O)C(=O)NC(CC1CNCN1)C(O)N1CCC[C@H]1C(=O)N[C@@H](CCCC[NH3+])C(=O)N1CC(O)CC1C(O)N[C@@H](CC(N)=O)C(=O)N[C@@H](CO)C(=O)N[C@H](Cc1ccccc1)C(=O)N[C@@H](Cc1c[nH]c2ccccc12)C(=O)N[C@H](C=O)[C@@H](C)O,C[C@H](NC(O)C(CC1CNCN1)NC(=O)[C@H](Cc1ccc(O)cc1)NC(=O)[C@H](CCC(=O)O)NC(=O)[C@H](Cc1c[nH]c2ccccc12)NC(=O)[C@@H](N)CC(=O)O)C(=O)NC(CC1CNCN1)C(O)N1CCC[C@H]1C(=O)N[C@@H](CCCC[NH3+])C(=O)N1CC(O)CC1C(O)N[C@@H](CC(N)=O)C(=O)N[C@@H](CO)C(=O)N[C@H](Cc1ccccc1)C(=O)N[C@@H](Cc1c[nH]c2ccccc12)C(=O)N[C@H](C=O)[C@@H](C)O,0,0.8061820864677429,probability,0.5
cellppd,xgboost_rdkit,xgboost-rdkit,101,test,CC[C@H](C)[C@H](NC(=O)[C@H](CC(=O)O)NC(=O)[C@H](CCSC)NC(=O)[C@@H](NC(=O)[C@@H](NC(=O)[C@H](CCC(=O)O)NC(=O)[C@H](Cc1ccc(O)cc1)NC(=O)[C@H](Cc1ccccc1)NC(=O)[C@H](CCCCN)NC(=O)[C@H](CCC(N)=O)NC(=O)[C@H](CCC(N)=O)NC(=O)[C@H](CC(C)C)NC(=O)[C@H](CC(=O)O)NC(=O)[C@H](CCCCN)NC(=O)[C@@H](NC(=O)[C@H](CCC(N)=O)NC(=O)[C@H](CC(N)=O)NC(=O)[C@H](Cc1ccc(O)cc1)NC(=O)[C@H](Cc1c[nH]c2ccccc12)NC(=O)[C@H](CCC(=O)O)NC(=O)CNC(=O)[C@H](CC(C)C)NC(=O)[C@@H](NC(=O)[C@@H](NC(=O)[C@H](CC(N)=O)NC(=O)CNC(=O)[C@H](Cc1c[nH]cn1)NC(=O)[C@H](CC(N)=O)NC(=O)[C@@H](N)Cc1c[nH]c2ccccc12)[C@@H](C)CC)[C@@H](C)O)[C@@H](C)O)[C@@H](C)CC)[C@@H](C)CC)C(=O)N[C@@H](CCC(=O)O)C(=O)N[C@@H](CCC(N)=O)C(=O)N[C@@H](CC(N)=O)C(=O)N[C@@H](CC(N)=O)C(=O)N[C@H](C(=O)N[C@@H](CCC(N)=O)C(=O)O)C(C)C,CC[C@H](C)[C@H](NC(=O)[C@H](CC(=O)O)NC(=O)[C@H](CCSC)NC(=O)[C@@H](NC(=O)[C@@H](NC(=O)[C@H](CCC(=O)O)NC(=O)[C@H](Cc1ccc(O)cc1)NC(=O)[C@H](Cc1ccccc1)NC(=O)[C@H](CCCCN)NC(=O)[C@H](CCC(N)=O)NC(=O)[C@H](CCC(N)=O)NC(=O)[C@H](CC(C)C)NC(=O)[C@H](CC(=O)O)NC(=O)[C@H](CCCCN)NC(=O)[C@@H](NC(=O)[C@H](CCC(N)=O)NC(=O)[C@H](CC(N)=O)NC(=O)[C@H](Cc1ccc(O)cc1)NC(=O)[C@H](Cc1c[nH]c2ccccc12)NC(=O)[C@H](CCC(=O)O)NC(=O)CNC(=O)[C@H](CC(C)C)NC(=O)[C@@H](NC(=O)[C@@H](NC(=O)[C@H](CC(N)=O)NC(=O)CNC(=O)[C@H](Cc1c[nH]cn1)NC(=O)[C@H](CC(N)=O)NC(=O)[C@@H](N)Cc1c[nH]c2ccccc12)[C@@H](C)CC)[C@@H](C)O)[C@@H](C)O)[C@@H](C)CC)[C@@H](C)CC)C(=O)N[C@@H](CCC(=O)O)C(=O)N[C@@H](CCC(N)=O)C(=O)N[C@@H](CC(N)=O)C(=O)N[C@@H](CC(N)=O)C(=O)N[C@H](C(=O)N[C@@H](CCC(N)=O)C(=O)O)C(C)C,0,0.025954922661185265,probability,0.5
cellppd,xgboost_rdkit,xgboost-rdkit,101,test,CC[C@H](C)[C@@H]1NC(=O)[C@H](C)NC(=O)[C@H](CO)NC(=O)[C@H](CO)NC(=O)[C@H]([C@@H](C)CC)NC(=O)[C@H](CS)NC(=O)[C@@H]2CCCN2C(=O)[C@H]([C@@H](C)CC)NC(=O)[C@H](Cc2c[nH]c3ccccc23)NC(=O)[C@H](C(C)C)NC(=O)[C@H](CS)NC(=O)[C@H](CO)NC(=O)[C@H](CCC(=O)O)NC(=O)CNC(=O)[C@H](CS)NC(=O)[C@H]2CCCN2C(=O)[C@H]([C@@H](C)CC)NC(=O)CNC(=O)[C@H](CC(N)=O)NC(=O)[C@H](CCCNC(N)=[NH2+])NC(=O)[C@H](Cc2ccc(O)cc2)NC(=O)[C@H](CS)NC(=O)[C@H](C(C)C)NC(=O)[C@H](CCCC[NH3+])NC(=O)[C@H](CO)NC(=O)[C@H](CCCC[NH3+])NC(=O)[C@H](CS)NC(=O)[C@H](CO)NC(=O)[C@H](CS)NC(=O)CNC1=O,CC[C@H](C)[C@@H]1NC(=O)[C@H](C)NC(=O)[C@H](CO)NC(=O)[C@H](CO)NC(=O)[C@H]([C@@H](C)CC)NC(=O)[C@H](CS)NC(=O)[C@@H]2CCCN2C(=O)[C@H]([C@@H](C)CC)NC(=O)[C@H](Cc2c[nH]c3ccccc23)NC(=O)[C@H](C(C)C)NC(=O)[C@H](CS)NC(=O)[C@H](CO)NC(=O)[C@H](CCC(=O)O)NC(=O)CNC(=O)[C@H](CS)NC(=O)[C@H]2CCCN2C(=O)[C@H]([C@@H](C)CC)NC(=O)CNC(=O)[C@H](CC(N)=O)NC(=O)[C@H](CCCNC(N)=[NH2+])NC(=O)[C@H](Cc2ccc(O)cc2)NC(=O)[C@H](CS)NC(=O)[C@H](C(C)C)NC(=O)[C@H](CCCC[NH3+])NC(=O)[C@H](CO)NC(=O)[C@H](CCCC[NH3+])NC(=O)[C@H](CS)NC(=O)[C@H](CO)NC(=O)[C@H](CS)NC(=O)CNC1=O,0,0.0011124631855636835,probability,0.5
cellppd,xgboost_rdkit,xgboost-rdkit,101,test,CSCC[C@@H](C=O)NC(=O)[C@H](CC(C)C)NC(=O)CNC(=O)[C@@H](NC(=O)[C@H](Cc1ccccc1)NC(=O)[C@H](CCC(N)=O)NC(=O)[C@H](CC(=O)O)NC(=O)[C@H](CO)NC(=O)[C@H](CCCCN)NC(=O)[C@@H]1CCCN1C(=O)[C@@H](NC(=O)[C@@H](N)CC(=O)O)C(C)C)C(C)C,CSCC[C@@H](C=O)NC(=O)[C@H](CC(C)C)NC(=O)CNC(=O)[C@@H](NC(=O)[C@H](Cc1ccccc1)NC(=O)[C@H](CCC(N)=O)NC(=O)[C@H](CC(=O)O)NC(=O)[C@H](CO)NC(=O)[C@H](CCCCN)NC(=O)[C@@H]1CCCN1C(=O)[C@@H](NC(=O)[C@@H](N)CC(=O)O)C(C)C)C(C)C,0,0.7861655950546265,probability,0.5
cellppd,xgboost_rdkit,xgboost-rdkit,101,test,CC[C@H](C)[C@H](NC(=O)[C@H](CCC(N)=O)NC(=O)[C@@H]1CCCN1C(=O)[C@H](CC(N)=O)NC(O)C(CC1CNCN1)NC(=O)[C@@H](NC(=O)[C@@H](NC(=O)[C@H](CS)NC(=O)[C@@H](NC(=O)[C@@H]1CCCN1C(=O)[C@H](CC(N)=O)NC(=O)[C@H](CO)NC(=O)[C@H](CS)NC(=O)[C@@H](N)CS)C(C)C)[C@@H](C)O)C(C)C)C(=O)N[C@@H](CS)C(N)=O,CC[C@H](C)[C@H](NC(=O)[C@H](CCC(N)=O)NC(=O)[C@@H]1CCCN1C(=O)[C@H](CC(N)=O)NC(O)C(CC1CNCN1)NC(=O)[C@@H](NC(=O)[C@@H](NC(=O)[C@H](CS)NC(=O)[C@@H](NC(=O)[C@@H]1CCCN1C(=O)[C@H](CC(N)=O)NC(=O)[C@H](CO)NC(=O)[C@H](CS)NC(=O)[C@@H](N)CS)C(C)C)[C@@H](C)O)C(C)C)C(=O)N[C@@H](CS)C(N)=O,0,0.001305489568039775,probability,0.5
cellppd,xgboost_rdkit,xgboost-rdkit,101,test,CC(=O)N[C@@H](CC(=O)O)C(=O)N[C@@H](CCC(=O)O)C(=O)N[C@@H](Cc1ccccc1)C(=O)N[C@@H](CCC(=O)O)C(=O)NC(CC1CCCCC1)C(O)N[C@H](C=O)CS,CC(=O)N[C@@H](CC(=O)O)C(=O)N[C@@H](CCC(=O)O)C(=O)N[C@@H](Cc1ccccc1)C(=O)N[C@@H](CCC(=O)O)C(=O)NC(CC1CCCCC1)C(O)N[C@H](C=O)CS,0,0.048172544687986374,probability,0.5
cellppd,xgboost_rdkit,xgboost-rdkit,101,test,CC(C)C[C@H](NC(=O)[C@H](CCCC[NH3+])NC(=O)[C@H](CC(C)C)NC(=O)[C@H](CCCC[NH3+])NC(=O)[C@H](CC(C)C)NC(=O)[C@H](C)NC(=O)[C@H](CCCC[NH3+])NC(=O)[C@H](C)NC(=O)[C@H](CC(C)C)NC(=O)[C@H](CC(C)C)NC(=O)[C@H](CCCC[NH3+])NC(=O)[C@H](C)NC(=O)[C@@H](N)Cc1ccccc1)C(N)=O,CC(C)C[C@H](NC(=O)[C@H](CCCC[NH3+])NC(=O)[C@H](CC(C)C)NC(=O)[C@H](CCCC[NH3+])NC(=O)[C@H](CC(C)C)NC(=O)[C@H](C)NC(=O)[C@H](CCCC[NH3+])NC(=O)[C@H](C)NC(=O)[C@H](CC(C)C)NC(=O)[C@H](CC(C)C)NC(=O)[C@H](CCCC[NH3+])NC(=O)[C@H](C)NC(=O)[C@@H](N)Cc1ccccc1)C(N)=O,0,0.0017430391162633896,probability,0.5
cellppd,xgboost_rdkit,xgboost-rdkit,101,test,CC(C)C[C@H](NC(=O)[C@H](CC(N)=O)NC(=O)[C@H](CO)NC(O)C(CC1CNCN1)NC(=O)[C@H](CCC(=O)O)NC(=O)[C@H](CC(C)C)NC(O)C(CC1CNCN1)NC(=O)[C@H](CS)NC(=O)[C@@H](NC(=O)[C@@H]1CCCN1C(=O)[C@H](CC(N)=O)NC(=O)[C@H](CO)NC(=O)[C@H](CS)NC(=O)[C@H](CS)NC(=O)CNC(=O)[C@@H]1CCCN1C(=O)[C@H](CC(=O)O)NC(=O)[C@@H](N)CCCNC(N)=[NH2+])C(C)C)C(=O)N[C@@H](CS)C(N)=O,CC(C)C[C@H](NC(=O)[C@H](CC(N)=O)NC(=O)[C@H](CO)NC(O)C(CC1CNCN1)NC(=O)[C@H](CCC(=O)O)NC(=O)[C@H](CC(C)C)NC(O)C(CC1CNCN1)NC(=O)[C@H](CS)NC(=O)[C@@H](NC(=O)[C@@H]1CCCN1C(=O)[C@H](CC(N)=O)NC(=O)[C@H](CO)NC(=O)[C@H](CS)NC(=O)[C@H](CS)NC(=O)CNC(=O)[C@@H]1CCCN1C(=O)[C@H](CC(=O)O)NC(=O)[C@@H](N)CCCNC(N)=[NH2+])C(C)C)C(=O)N[C@@H](CS)C(N)=O,0,0.0022140340879559517,probability,0.5
cellppd,xgboost_rdkit,xgboost-rdkit,101,test,C[C@H](NC(=O)[C@H](CS)NC(=O)[C@H](CCCNC(N)=[NH2+])NC(=O)[C@@H]1CCCN1C(=O)[C@H](CC(=O)O)NC(=O)[C@H](CO)NC(=O)[C@H](CS)NC(=O)[C@H](CS)NC(=O)CN)C(=O)N[C@H](C(=O)N[C@@H](CCCNC(N)=[NH2+])C(=O)N[C@@H](CS)C(N)=O)[C@@H](C)O,C[C@H](NC(=O)[C@H](CS)NC(=O)[C@H](CCCNC(N)=[NH2+])NC(=O)[C@@H]1CCCN1C(=O)[C@H](CC(=O)O)NC(=O)[C@H](CO)NC(=O)[C@H](CS)NC(=O)[C@H](CS)NC(=O)CN)C(=O)N[C@H](C(=O)N[C@@H](CCCNC(N)=[NH2+])C(=O)N[C@@H](CS)C(N)=O)[C@@H](C)O,0,0.014102833345532417,probability,0.5
cellppd,xgboost_rdkit,xgboost-rdkit,101,test,CC(C)C[C@@H](NC(=O)[C@@H](C)NC(=O)[C@@H](CC(C)C)NC(=O)[C@@H](CCCC[NH3+])NC(=O)[C@@H](CCCC[NH3+])NC(=O)[C@@H](CC(C)C)NC(=O)[C@@H](C)NC(=O)[C@H]1CCCN1C(=O)[C@@H](CC(C)C)NC(=O)[C@@H](Cc1c[nH]c2ccccc12)NC(=O)[C@@H](CCCC[NH3+])NC(=O)[C@@H](CCCC[NH3+])NC(=O)[C@@H](CC(C)C)NC(=O)[C@@H](C)NC(=O)[C@@H](CC(C)C)NC(=O)[C@@H](CC(C)C)NC(=O)[C@@H](C)NC(=O)[C@@H](CC(C)C)NC(=O)[C@@H](CCCC[NH3+])NC(=O)[C@H](N)CCCC[NH3+])C(=O)N[C@H](CC(C)C)C(=O)N[C@H](C)C(=O)N[C@H](CC(C)C)C(=O)N[C@H](CCCC[NH3+])C(=O)N[C@H](CCCC[NH3+])C(N)=O,CC(C)C[C@@H](NC(=O)[C@@H](C)NC(=O)[C@@H](CC(C)C)NC(=O)[C@@H](CCCC[NH3+])NC(=O)[C@@H](CCCC[NH3+])NC(=O)[C@@H](CC(C)C)NC(=O)[C@@H](C)NC(=O)[C@H]1CCCN1C(=O)[C@@H](CC(C)C)NC(=O)[C@@H](Cc1c[nH]c2ccccc12)NC(=O)[C@@H](CCCC[NH3+])NC(=O)[C@@H](CCCC[NH3+])NC(=O)[C@@H](CC(C)C)NC(=O)[C@@H](C)NC(=O)[C@@H](CC(C)C)NC(=O)[C@@H](CC(C)C)NC(=O)[C@@H](C)NC(=O)[C@@H](CC(C)C)NC(=O)[C@@H](CCCC[NH3+])NC(=O)[C@H](N)CCCC[NH3+])C(=O)N[C@H](CC(C)C)C(=O)N[C@H](C)C(=O)N[C@H](CC(C)C)C(=O)N[C@H](CCCC[NH3+])C(=O)N[C@H](CCCC[NH3+])C(N)=O,0,0.04151926562190056,probability,0.5
cellppd,xgboost_rdkit,xgboost-rdkit,101,test,C[C@@H]1NC(=O)[C@@H]2CSSC[C@H](NC(=O)[C@@H](NC(=O)CN)CSSC[C@@H](C(=O)O)NC(=O)[C@H](CCCNC(N)=[NH2+])NC(=O)[C@H](Cc3c[nH]c4ccccc34)NC1=O)C(=O)N[C@@H](CO)C(=O)N[C@@H](CC(=O)O)C(=O)N[C@@H](CCCCN)C(=O)N[C@@H](CCCNC(N)=[NH2+])C(=O)N2,C[C@@H]1NC(=O)[C@@H]2CSSC[C@H](NC(=O)[C@@H](NC(=O)CN)CSSC[C@@H](C(=O)O)NC(=O)[C@H](CCCNC(N)=[NH2+])NC(=O)[C@H](Cc3c[nH]c4ccccc34)NC1=O)C(=O)N[C@@H](CO)C(=O)N[C@@H](CC(=O)O)C(=O)N[C@@H](CCCCN)C(=O)N[C@@H](CCCNC(N)=[NH2+])C(=O)N2,0,0.0011388662969693542,probability,0.5
cellppd,xgboost_rdkit,xgboost-rdkit,101,test,CC[C@H](C)[C@H](NC(=O)[C@@H](NC(=O)[C@@H]1CCCN1C(=O)[C@@H](NC(=O)[C@@H](NC(O)C(CC1CNCN1)NC(=O)[C@@H]1CCCN1C(=O)[C@H](CC(C)C)NC(=O)[C@H](CC(C)C)NC(O)C(CC1CNCN1)NC(=O)[C@H](CCCC[NH3+])NC(=O)[C@H](C)NC(=O)[C@@H](NC(=O)[C@H](CO)NC(=O)CNC(=O)[C@H](CC(C)C)NC(=O)[C@@H](NC(=O)[C@H](CO)NC(=O)[C@H](Cc1ccccc1)NC(=O)[C@H](CC(C)C)NC(=O)CN)C(C)C)C(C)C)C(C)C)C(C)C)C(C)C)C(=O)N[C@@H](C)C(=O)N[C@@H](CCC(=O)O)C(=O)N[C@@H](CCCC[NH3+])C(=O)N[C@@H](CC(C)C)C(N)=O,CC[C@H](C)[C@H](NC(=O)[C@@H](NC(=O)[C@@H]1CCCN1C(=O)[C@@H](NC(=O)[C@@H](NC(O)C(CC1CNCN1)NC(=O)[C@@H]1CCCN1C(=O)[C@H](CC(C)C)NC(=O)[C@H](CC(C)C)NC(O)C(CC1CNCN1)NC(=O)[C@H](CCCC[NH3+])NC(=O)[C@H](C)NC(=O)[C@@H](NC(=O)[C@H](CO)NC(=O)CNC(=O)[C@H](CC(C)C)NC(=O)[C@@H](NC(=O)[C@H](CO)NC(=O)[C@H](Cc1ccccc1)NC(=O)[C@H](CC(C)C)NC(=O)CN)C(C)C)C(C)C)C(C)C)C(C)C)C(C)C)C(=O)N[C@@H](C)C(=O)N[C@@H](CCC(=O)O)C(=O)N[C@@H](CCCC[NH3+])C(=O)N[C@@H](CC(C)C)C(N)=O,0,0.007937928661704063,probability,0.5
cellppd,xgboost_rdkit,xgboost-rdkit,101,test,CC[C@H](C)[C@H](NC(=O)CNC(=O)[C@H](CO)NC(=O)[C@H](CC(C)C)NC(=O)[C@H](C)NC(=O)[C@H](CCCNC(N)=[NH2+])NC(=O)CNC(=O)[C@@H](NC(=O)[C@H](CC(C)C)NC(=O)[C@@H]1CCCN1C(=O)[C@H](CC(C)C)NC(=O)[C@@H](N)Cc1ccccc1)[C@@H](C)CC)C(=O)N[C@@H](CC(C)C)C(N)=O,CC[C@H](C)[C@H](NC(=O)CNC(=O)[C@H](CO)NC(=O)[C@H](CC(C)C)NC(=O)[C@H](C)NC(=O)[C@H](CCCNC(N)=[NH2+])NC(=O)CNC(=O)[C@@H](NC(=O)[C@H](CC(C)C)NC(=O)[C@@H]1CCCN1C(=O)[C@H](CC(C)C)NC(=O)[C@@H](N)Cc1ccccc1)[C@@H](C)CC)C(=O)N[C@@H](CC(C)C)C(N)=O,0,0.0032587393652647734,probability,0.5
cellppd,xgboost_rdkit,xgboost-rdkit,101,test,CC(C)C[C@H](NC(=O)[C@H](CCCC[NH3+])NC(=O)[C@H](CCCC[NH3+])NC(=O)[C@H](CC(C)C)NC(=O)[C@H](C)NC(=O)[C@H](CCCC[NH3+])NC(=O)[C@H](CC(C)C)NC(=O)[C@H](C)NC(=O)[C@H](CC(C)C)NC(=O)[C@H](C)NC(=O)[C@@H](N)C(C)C)C(N)=O,CC(C)C[C@H](NC(=O)[C@H](CCCC[NH3+])NC(=O)[C@H](CCCC[NH3+])NC(=O)[C@H](CC(C)C)NC(=O)[C@H](C)NC(=O)[C@H](CCCC[NH3+])NC(=O)[C@H](CC(C)C)NC(=O)[C@H](C)NC(=O)[C@H](CC(C)C)NC(=O)[C@H](C)NC(=O)[C@@H](N)C(C)C)C(N)=O,0,0.03519260883331299,probability,0.5
cellppd,xgboost_rdkit,xgboost-rdkit,101,test,C[C@H](NC(=O)[C@@H]1CCCN1C(=O)[C@H](CC(N)=O)NC(=O)[C@H](CCCNC(N)=[NH2+])NC(=O)[C@H](CS)NC(=O)[C@H](CS)NC(=O)CNC(=O)[C@@H](N)CC(N)=O)C(=O)N[C@@H](CS)C(=O)N[C@@H](CCC(=O)O)C(=O)N[C@@H](CO)C(=O)NC(CC1CNCN1)C(O)N[C@@H](CCCNC(N)=[NH2+])C(=O)N[C@@H](CS)C(N)=O,C[C@H](NC(=O)[C@@H]1CCCN1C(=O)[C@H](CC(N)=O)NC(=O)[C@H](CCCNC(N)=[NH2+])NC(=O)[C@H](CS)NC(=O)[C@H](CS)NC(=O)CNC(=O)[C@@H](N)CC(N)=O)C(=O)N[C@@H](CS)C(=O)N[C@@H](CCC(=O)O)C(=O)N[C@@H](CO)C(=O)NC(CC1CNCN1)C(O)N[C@@H](CCCNC(N)=[NH2+])C(=O)N[C@@H](CS)C(N)=O,0,0.001812445349059999,probability,0.5
cellppd,xgboost_rdkit,xgboost-rdkit,101,test,C[C@H](NC(=O)[C@H](CS)NC(=O)[C@H](CC(=O)O)NC(=O)[C@@H]1CCCN1C(=O)[C@H](CCCNC(N)=[NH2+])NC(=O)[C@H](CO)NC(=O)[C@H](CS)NC(=O)[C@H](CS)NC(=O)CN)C(=O)N[C@@H](Cc1c[nH]c2ccccc12)C(=O)N[C@@H](CCCNC(N)=[NH2+])C(=O)N[C@@H](CS)C(N)=O,C[C@H](NC(=O)[C@H](CS)NC(=O)[C@H](CC(=O)O)NC(=O)[C@@H]1CCCN1C(=O)[C@H](CCCNC(N)=[NH2+])NC(=O)[C@H](CO)NC(=O)[C@H](CS)NC(=O)[C@H](CS)NC(=O)CN)C(=O)N[C@@H](Cc1c[nH]c2ccccc12)C(=O)N[C@@H](CCCNC(N)=[NH2+])C(=O)N[C@@H](CS)C(N)=O,0,0.0003095130086876452,probability,0.5
cellppd,xgboost_rdkit,xgboost-rdkit,101,test,CC(C)C[C@H]1NC(=O)CNC(=O)[C@H](CC(N)=O)NC(=O)[C@@H](CCCNC(N)=[NH2+])NC(=O)[C@H]([C@@H](C)O)NC(=O)[C@H](CS)NC(=O)[C@H](CCCC[NH3+])NC(=O)[C@@H]2CCCN2C(=O)[C@H](Cc2c[nH]c3ccccc23)NC(=O)[C@H](CO)NC(=O)[C@H](CS)NC(=O)[C@H]([C@@H](C)O)NC(=O)[C@H](CS)NC(=O)CNC(=O)[C@@H]2CCCN2C(=O)[C@H]([C@@H](C)O)NC(=O)[C@H](CC(N)=O)NC(=O)[C@H](CS)NC(=O)[C@H]([C@@H](C)O)NC(=O)CNC(=O)CNC(=O)[C@H](C(C)C)NC(=O)[C@H](CS)NC(=O)[C@H]([C@@H](C)O)NC(=O)[C@H](CCC(=O)O)NC(=O)CNC(=O)[C@H](CS)NC(=O)[C@H](C(C)C)NC(=O)[C@@H]2CCCN2C1=O,CC(C)C[C@H]1NC(=O)CNC(=O)[C@H](CC(N)=O)NC(=O)[C@@H](CCCNC(N)=[NH2+])NC(=O)[C@H]([C@@H](C)O)NC(=O)[C@H](CS)NC(=O)[C@H](CCCC[NH3+])NC(=O)[C@@H]2CCCN2C(=O)[C@H](Cc2c[nH]c3ccccc23)NC(=O)[C@H](CO)NC(=O)[C@H](CS)NC(=O)[C@H]([C@@H](C)O)NC(=O)[C@H](CS)NC(=O)CNC(=O)[C@@H]2CCCN2C(=O)[C@H]([C@@H](C)O)NC(=O)[C@H](CC(N)=O)NC(=O)[C@H](CS)NC(=O)[C@H]([C@@H](C)O)NC(=O)CNC(=O)CNC(=O)[C@H](C(C)C)NC(=O)[C@H](CS)NC(=O)[C@H]([C@@H](C)O)NC(=O)[C@H](CCC(=O)O)NC(=O)CNC(=O)[C@H](CS)NC(=O)[C@H](C(C)C)NC(=O)[C@@H]2CCCN2C1=O,0,0.0024588345550000668,probability,0.5
cellppd,xgboost_rdkit,xgboost-rdkit,101,test,CC(C)C[C@H](NC(=O)[C@H](Cc1ccc(O)cc1)NC(=O)[C@@H]1CCCN1C(=O)[C@@H](N)Cc1c[nH]c2ccccc12)C(=O)N1CCC[C@H]1C(=O)N[C@@H](Cc1c[nH]c2ccccc12)C(=O)N[C@@H](CCCNC(N)=[NH2+])C(=O)N[C@@H](CCCNC(N)=[NH2+])C(N)=O,CC(C)C[C@H](NC(=O)[C@H](Cc1ccc(O)cc1)NC(=O)[C@@H]1CCCN1C(=O)[C@@H](N)Cc1c[nH]c2ccccc12)C(=O)N1CCC[C@H]1C(=O)N[C@@H](Cc1c[nH]c2ccccc12)C(=O)N[C@@H](CCCNC(N)=[NH2+])C(=O)N[C@@H](CCCNC(N)=[NH2+])C(N)=O,0,0.0020249492954462767,probability,0.5
cellppd,xgboost_rdkit,xgboost-rdkit,101,test,CC[C@H](C)[C@H](NC(=O)[C@H](C)NC(=O)[C@H](CO)NC(=O)CNC(=O)[C@@H]1CCCN1C(=O)CN)C(=O)N[C@@H](CS)C(=O)N[C@@H](CC(N)=O)C(=O)N[C@@H](CCSC)C(=O)N[C@@H](C)C(=O)N[C@@H](CS)C(=O)N[C@@H](CCCNC(N)=[NH2+])C(=O)N[C@@H](CC(C)C)C(=O)N[C@@H](CCC(=O)O)C(=O)NC(CC1CNCN1)C(O)NCC(=O)NC(CC1CNCN1)C(O)N[C@@H](CC(C)C)C(=O)N[C@@H](Cc1ccc(O)cc1)C(=O)N1CCC[C@H]1C(=O)N[C@@H](Cc1ccccc1)C(=O)N[C@@H](CS)C(=O)N[C@@H](CC(N)=O)C(=O)N[C@@H](CS)C(=O)N[C@@H](CC(=O)O)C(N)=O,CC[C@H](C)[C@H](NC(=O)[C@H](C)NC(=O)[C@H](CO)NC(=O)CNC(=O)[C@@H]1CCCN1C(=O)CN)C(=O)N[C@@H](CS)C(=O)N[C@@H](CC(N)=O)C(=O)N[C@@H](CCSC)C(=O)N[C@@H](C)C(=O)N[C@@H](CS)C(=O)N[C@@H](CCCNC(N)=[NH2+])C(=O)N[C@@H](CC(C)C)C(=O)N[C@@H](CCC(=O)O)C(=O)NC(CC1CNCN1)C(O)NCC(=O)NC(CC1CNCN1)C(O)N[C@@H](CC(C)C)C(=O)N[C@@H](Cc1ccc(O)cc1)C(=O)N1CCC[C@H]1C(=O)N[C@@H](Cc1ccccc1)C(=O)N[C@@H](CS)C(=O)N[C@@H](CC(N)=O)C(=O)N[C@@H](CS)C(=O)N[C@@H](CC(=O)O)C(N)=O,0,0.00398642523214221,probability,0.5
cellppd,xgboost_rdkit,xgboost-rdkit,101,test,CC(C)C[C@H](NC(=O)[C@H](C)NC(=O)[C@H](CC(C)C)NC(=O)[C@H](C)NC(=O)[C@H](CCCC[NH3+])NC(=O)[C@H](CCCC[NH3+])NC(=O)[C@H](C)NC(=O)[C@H](CC(C)C)NC(=O)[C@H](CCCC[NH3+])NC(=O)[C@H](C)NC(=O)[C@H](CC(C)C)NC(=O)[C@H](CCCC[NH3+])NC(=O)[C@H](CCCC[NH3+])NC(=O)[C@H](C)NC(=O)[C@@H](N)Cc1ccccc1)C(N)=O,CC(C)C[C@H](NC(=O)[C@H](C)NC(=O)[C@H](CC(C)C)NC(=O)[C@H](C)NC(=O)[C@H](CCCC[NH3+])NC(=O)[C@H](CCCC[NH3+])NC(=O)[C@H](C)NC(=O)[C@H](CC(C)C)NC(=O)[C@H](CCCC[NH3+])NC(=O)[C@H](C)NC(=O)[C@H](CC(C)C)NC(=O)[C@H](CCCC[NH3+])NC(=O)[C@H](CCCC[NH3+])NC(=O)[C@H](C)NC(=O)[C@@H](N)Cc1ccccc1)C(N)=O,0,0.0022594330366700888,probability,0.5
cellppd,xgboost_rdkit,xgboost-rdkit,101,test,CC[C@H](C)[C@H](NC(=O)[C@@H](N)Cc1ccccc1)C(=O)N[C@H](C(=O)N[C@H](C(=O)NC(CC1CNCN1)C(N)O)C(C)C)[C@@H](C)O,CC[C@H](C)[C@H](NC(=O)[C@@H](N)Cc1ccccc1)C(=O)N[C@H](C(=O)N[C@H](C(=O)NC(CC1CNCN1)C(N)O)C(C)C)[C@@H](C)O,0,0.003945672884583473,probability,0.5
cellppd,xgboost_rdkit,xgboost-rdkit,101,test,CC[C@H](C)[C@H](NC(=O)[C@H](CC(=O)O)NC(=O)[C@H](Cc1ccccc1)NC(=O)[C@H](CC(C)C)NC(=O)CN)C(=O)N[C@H](C(=O)N[C@@H](CCCC[NH3+])C(=O)N[C@@H](CCCC[NH3+])C(=O)N[C@H](C(=O)N[C@H](C(=O)NCC(=O)N[C@@H](C)C(=O)N[C@@H](CC(C)C)C(=O)NCC(=O)N[C@@H](CO)C(=O)N[C@@H](CC(C)C)C(N)=O)C(C)C)C(C)C)C(C)C,CC[C@H](C)[C@H](NC(=O)[C@H](CC(=O)O)NC(=O)[C@H](Cc1ccccc1)NC(=O)[C@H](CC(C)C)NC(=O)CN)C(=O)N[C@H](C(=O)N[C@@H](CCCC[NH3+])C(=O)N[C@@H](CCCC[NH3+])C(=O)N[C@H](C(=O)N[C@H](C(=O)NCC(=O)N[C@@H](C)C(=O)N[C@@H](CC(C)C)C(=O)NCC(=O)N[C@@H](CO)C(=O)N[C@@H](CC(C)C)C(N)=O)C(C)C)C(C)C)C(C)C,0,0.0008369684219360352,probability,0.5
cellppd,xgboost_rdkit,xgboost-rdkit,101,test,CC[C@H](C)[C@@H]1NC(=O)[C@H](CC(C)C)NC(=O)[C@H](C)NC(=O)[C@H]([C@@H](C)O)NC(=O)[C@H](C(C)C)NC(=O)[C@H]([C@@H](C)O)NC(=O)[C@H](CS)NC(=O)[C@@H]2CCCN2C(=O)[C@H]([C@@H](C)CC)NC(=O)[C@H](Cc2c[nH]c3ccccc23)NC(=O)[C@H](C(C)C)NC(=O)[C@H](CS)NC(=O)[C@H](CO)NC(=O)[C@H](CCC(=O)O)NC(=O)[C@H](C)NC(=O)[C@H](CS)NC(=O)[C@@H]2CCCN2C(=O)[C@@H]([C@@H](C)CC)NC(=O)CNC(=O)[C@H](CC(N)=O)NC(=O)[C@@H](Cc2ccc(O)cc2)NC(=O)[C@H](CS)NC(=O)[C@H](C(C)C)NC(=O)[C@H](CCCC[NH3+])NC(=O)[C@H](CC(N)=O)NC(=O)[C@H](CO)NC(=O)[C@H](CS)NC(=O)CNC(=O)[C@H](CS)NC(=O)CNC1=O,CC[C@H](C)[C@@H]1NC(=O)[C@H](CC(C)C)NC(=O)[C@H](C)NC(=O)[C@H]([C@@H](C)O)NC(=O)[C@H](C(C)C)NC(=O)[C@H]([C@@H](C)O)NC(=O)[C@H](CS)NC(=O)[C@@H]2CCCN2C(=O)[C@H]([C@@H](C)CC)NC(=O)[C@H](Cc2c[nH]c3ccccc23)NC(=O)[C@H](C(C)C)NC(=O)[C@H](CS)NC(=O)[C@H](CO)NC(=O)[C@H](CCC(=O)O)NC(=O)[C@H](C)NC(=O)[C@H](CS)NC(=O)[C@@H]2CCCN2C(=O)[C@@H]([C@@H](C)CC)NC(=O)CNC(=O)[C@H](CC(N)=O)NC(=O)[C@@H](Cc2ccc(O)cc2)NC(=O)[C@H](CS)NC(=O)[C@H](C(C)C)NC(=O)[C@H](CCCC[NH3+])NC(=O)[C@H](CC(N)=O)NC(=O)[C@H](CO)NC(=O)[C@H](CS)NC(=O)CNC(=O)[C@H](CS)NC(=O)CNC1=O,0,0.000344585336279124,probability,0.5
cellppd,xgboost_rdkit,xgboost-rdkit,101,test,CC(C)C[C@H](NC(=O)[C@H](CCCC[NH3+])NC(=O)[C@H](CCCC[NH3+])NC(=O)[C@H](Cc1c[nH]c2ccccc12)NC(=O)[C@@H](N)CCCC[NH3+])C(=O)N[C@@H](CC(C)C)C(=O)N[C@@H](CCCC[NH3+])C(=O)N[C@@H](CCCC[NH3+])C(=O)N1CCC[C@H]1C(=O)N[C@@H](CC(C)C)C(=O)N[C@@H](CC(C)C)C(=O)N[C@@H](CCCC[NH3+])C(=O)N[C@@H](CCCC[NH3+])C(N)=O,CC(C)C[C@H](NC(=O)[C@H](CCCC[NH3+])NC(=O)[C@H](CCCC[NH3+])NC(=O)[C@H](Cc1c[nH]c2ccccc12)NC(=O)[C@@H](N)CCCC[NH3+])C(=O)N[C@@H](CC(C)C)C(=O)N[C@@H](CCCC[NH3+])C(=O)N[C@@H](CCCC[NH3+])C(=O)N1CCC[C@H]1C(=O)N[C@@H](CC(C)C)C(=O)N[C@@H](CC(C)C)C(=O)N[C@@H](CCCC[NH3+])C(=O)N[C@@H](CCCC[NH3+])C(N)=O,0,0.0027596447616815567,probability,0.5
cellppd,xgboost_rdkit,xgboost-rdkit,101,test,CC[C@H](C)[C@H](NC(=O)[C@H](CO)NC(=O)[C@H](CCCC[NH3+])NC(=O)[C@H](CC(C)C)NC(=O)[C@H](CCCC[NH3+])NC(=O)[C@@H](N)CC(C)C)C(=O)N[C@H](C(=O)N[C@@H](CO)C(=O)N[C@@H](Cc1c[nH]c2ccccc12)C(=O)N[C@@H](C)C(=O)N[C@@H](CCCC[NH3+])C(=O)N[C@@H](CC(C)C)C(=O)N[C@H](C(=O)N[C@@H](CC(C)C)C(N)=O)C(C)C)C(C)C,CC[C@H](C)[C@H](NC(=O)[C@H](CO)NC(=O)[C@H](CCCC[NH3+])NC(=O)[C@H](CC(C)C)NC(=O)[C@H](CCCC[NH3+])NC(=O)[C@@H](N)CC(C)C)C(=O)N[C@H](C(=O)N[C@@H](CO)C(=O)N[C@@H](Cc1c[nH]c2ccccc12)C(=O)N[C@@H](C)C(=O)N[C@@H](CCCC[NH3+])C(=O)N[C@@H](CC(C)C)C(=O)N[C@H](C(=O)N[C@@H](CC(C)C)C(N)=O)C(C)C)C(C)C,0,0.001098329434171319,probability,0.5
cellppd,xgboost_rdkit,xgboost-rdkit,101,test,CC[C@H](C)[C@@H]1NC(=O)[C@H](CS)NC(=O)[C@@H]2CCCN2C(=O)[C@H]([C@@H](C)CC)NC(=O)[C@H](Cc2c[nH]c3ccccc23)NC(=O)[C@H](C(C)C)NC(=O)[C@H](CS)NC(=O)[C@H](CO)NC(=O)[C@H](CCC(=O)O)NC(=O)[C@@H](CS)NC(=O)[C@H]2CCCN2C(=O)[C@H](CC(C)C)NC(=O)[C@@H]([C@@H](C)O)NC(=O)CNC(=O)[C@H](CC(N)=O)NC(=O)[C@H](CCCC[NH3+])NC(=O)[C@H](Cc2ccc(O)cc2)NC(=O)[C@H](CS)NC(=O)[C@H](C(C)C)NC(=O)[C@H](CCCC[NH3+])NC(=O)[C@H](CO)NC(=O)[C@H](CCCC[NH3+])NC(=O)[C@H](CS)NC(=O)[C@H](CO)NC(=O)[C@H](CS)NC(=O)CNC(=O)[C@H](C(C)C)NC(=O)[C@H](C(C)C)NC(=O)[C@H](CO)NC(=O)[C@H](CO)NC1=O,CC[C@H](C)[C@@H]1NC(=O)[C@H](CS)NC(=O)[C@@H]2CCCN2C(=O)[C@H]([C@@H](C)CC)NC(=O)[C@H](Cc2c[nH]c3ccccc23)NC(=O)[C@H](C(C)C)NC(=O)[C@H](CS)NC(=O)[C@H](CO)NC(=O)[C@H](CCC(=O)O)NC(=O)[C@@H](CS)NC(=O)[C@H]2CCCN2C(=O)[C@H](CC(C)C)NC(=O)[C@@H]([C@@H](C)O)NC(=O)CNC(=O)[C@H](CC(N)=O)NC(=O)[C@H](CCCC[NH3+])NC(=O)[C@H](Cc2ccc(O)cc2)NC(=O)[C@H](CS)NC(=O)[C@H](C(C)C)NC(=O)[C@H](CCCC[NH3+])NC(=O)[C@H](CO)NC(=O)[C@H](CCCC[NH3+])NC(=O)[C@H](CS)NC(=O)[C@H](CO)NC(=O)[C@H](CS)NC(=O)CNC(=O)[C@H](C(C)C)NC(=O)[C@H](C(C)C)NC(=O)[C@H](CO)NC(=O)[C@H](CO)NC1=O,0,0.0008953501237556338,probability,0.5
cellppd,xgboost_rdkit,xgboost-rdkit,101,test,CC(=O)N[C@@H](CCCNC(N)=[NH2+])C(=O)N[C@@H](CCCNC(N)=[NH2+])C(=O)N[C@@H](Cc1c[nH]c2ccccc12)C(=O)N[C@@H](Cc1c[nH]c2ccccc12)C(=O)N[C@@H](CS)C(=O)N[C@@H](CCCNC(N)=[NH2+])C(=O)N[C@H](C(N)=O)C(C)C,CC(=O)N[C@@H](CCCNC(N)=[NH2+])C(=O)N[C@@H](CCCNC(N)=[NH2+])C(=O)N[C@@H](Cc1c[nH]c2ccccc12)C(=O)N[C@@H](Cc1c[nH]c2ccccc12)C(=O)N[C@@H](CS)C(=O)N[C@@H](CCCNC(N)=[NH2+])C(=O)N[C@H](C(N)=O)C(C)C,0,0.0027036694809794426,probability,0.5
cellppd,xgboost_rdkit,xgboost-rdkit,101,test,CCCC(CO)NC(=O)[C@@H]1CCCN1C(=O)[C@@H](NC(=O)[C@@H](NC(=O)[C@H](CC(=O)O)NC(=O)[C@@H](CC(=O)O)NC(C)=O)[C@@H](C)CC)C(C)C,CCCC(CO)NC(=O)[C@@H]1CCCN1C(=O)[C@@H](NC(=O)[C@@H](NC(=O)[C@H](CC(=O)O)NC(=O)[C@@H](CC(=O)O)NC(C)=O)[C@@H](C)CC)C(C)C,0,0.05540429428219795,probability,0.5
cellppd,xgboost_rdkit,xgboost-rdkit,101,test,CC[C@H](C)[C@H](NC(O)C(C)(C)NC(=O)[C@H](CCCC[NH3+])NC(=O)CNC(=O)[C@H](CC(C)C)NC(O)C(C)(C)NC(=O)[C@H](CCCC[NH3+])NC(=O)[C@H](CCCC[NH3+])NC(=O)[C@H](Cc1c[nH]c2ccccc12)NC(=O)[C@H](CC(N)=O)NC(=O)[C@@H](N)C(C)C)C(=O)N[C@@H](CCCC[NH3+])C(=O)NC(C)(C)C(O)N[C@H](C(=O)N[C@@H](CCCC[NH3+])C(N)=O)C(C)C,CC[C@H](C)[C@H](NC(O)C(C)(C)NC(=O)[C@H](CCCC[NH3+])NC(=O)CNC(=O)[C@H](CC(C)C)NC(O)C(C)(C)NC(=O)[C@H](CCCC[NH3+])NC(=O)[C@H](CCCC[NH3+])NC(=O)[C@H](Cc1c[nH]c2ccccc12)NC(=O)[C@H](CC(N)=O)NC(=O)[C@@H](N)C(C)C)C(=O)N[C@@H](CCCC[NH3+])C(=O)NC(C)(C)C(O)N[C@H](C(=O)N[C@@H](CCCC[NH3+])C(N)=O)C(C)C,0,0.45447295904159546,probability,0.5
cellppd,xgboost_rdkit,xgboost-rdkit,101,test,CC[C@H](C)[C@H](NC(=O)[C@H](CC(C)C)NC(=O)[C@H](CCC(=O)O)NC(=O)[C@@H](CC(=O)O)NC(C)=O)C(=O)NC(CC1CCCCC1)C(O)N[C@@H](CS)C(=O)N1CCC[C@H]1C(=O)NC(CC1CCCCC1)C(O)N[C@@H](CC(=O)O)C(=O)N[C@@H](CC(C)C)C(=O)N1CCC[C@@H]1C(=O)N[C@@H](Cc1ccc(O)cc1)C(=O)N[C@@H](CCCC[NH3+])C(N)=O,CC[C@H](C)[C@H](NC(=O)[C@H](CC(C)C)NC(=O)[C@H](CCC(=O)O)NC(=O)[C@@H](CC(=O)O)NC(C)=O)C(=O)NC(CC1CCCCC1)C(O)N[C@@H](CS)C(=O)N1CCC[C@H]1C(=O)NC(CC1CCCCC1)C(O)N[C@@H](CC(=O)O)C(=O)N[C@@H](CC(C)C)C(=O)N1CCC[C@@H]1C(=O)N[C@@H](Cc1ccc(O)cc1)C(=O)N[C@@H](CCCC[NH3+])C(N)=O,0,0.5595583915710449,probability,0.5
cellppd,xgboost_rdkit,xgboost-rdkit,101,test,CC(C)C[C@H](NC(=O)[C@H](CCCNC(N)=[NH2+])NC(=O)[C@H](CCCNC(N)=[NH2+])NC(=O)[C@H](Cc1ccc(O)cc1)NC(=O)[C@H](CC(C)C)NC(=O)[C@H](CCCNC(N)=[NH2+])NC(=O)[C@H](CCCNC(N)=[NH2+])NC(=O)[C@H](Cc1ccc(O)cc1)NC(=O)[C@H](CC(C)C)NC(=O)[C@H](CCCNC(N)=[NH2+])NC(=O)[C@H](CCCNC(N)=[NH2+])NC(=O)[C@H](Cc1ccc(O)cc1)NC(=O)[C@H](CC(C)C)NC(=O)[C@@H](N)CCCNC(N)=[NH2+])C(=O)N[C@@H](Cc1ccc(O)cc1)C(=O)N[C@@H](CCCNC(N)=[NH2+])C(=O)N[C@@H](CCCC[NH3+])C(=O)N[C@@H](CCCC[NH3+])C(=O)N[C@@H](CCCC[NH3+])C(N)=O,CC(C)C[C@H](NC(=O)[C@H](CCCNC(N)=[NH2+])NC(=O)[C@H](CCCNC(N)=[NH2+])NC(=O)[C@H](Cc1ccc(O)cc1)NC(=O)[C@H](CC(C)C)NC(=O)[C@H](CCCNC(N)=[NH2+])NC(=O)[C@H](CCCNC(N)=[NH2+])NC(=O)[C@H](Cc1ccc(O)cc1)NC(=O)[C@H](CC(C)C)NC(=O)[C@H](CCCNC(N)=[NH2+])NC(=O)[C@H](CCCNC(N)=[NH2+])NC(=O)[C@H](Cc1ccc(O)cc1)NC(=O)[C@H](CC(C)C)NC(=O)[C@@H](N)CCCNC(N)=[NH2+])C(=O)N[C@@H](Cc1ccc(O)cc1)C(=O)N[C@@H](CCCNC(N)=[NH2+])C(=O)N[C@@H](CCCC[NH3+])C(=O)N[C@@H](CCCC[NH3+])C(=O)N[C@@H](CCCC[NH3+])C(N)=O,0,0.9991077184677124,probability,0.5
cellppd,xgboost_rdkit,xgboost-rdkit,101,test,CC[C@H](C)[C@H](NC(=O)[C@H](CCCC[NH3+])NC(=O)[C@H](CCCNC(N)=[NH2+])NC(=O)[C@H](CCCC[NH3+])NC(=O)[C@H](CC(C)C)NC(=O)[C@H](CCCNC(N)=[NH2+])NC(=O)[C@H](CCCNC(N)=[NH2+])NC(=O)[C@H](CC(C)C)NC(=O)[C@H](CCCC[NH3+])NC(=O)[C@@H](N)CCCNC(N)=[NH2+])C(=O)N[C@@H](C)C(=O)NC(CC1CNCN1)C(O)N[C@@H](CCCC[NH3+])C(=O)N[C@H](C(=O)N[C@@H](CCCC[NH3+])C(=O)N[C@@H](CCCC[NH3+])C(=O)N[C@@H](Cc1ccc(O)cc1)C(N)=O)C(C)C,CC[C@H](C)[C@H](NC(=O)[C@H](CCCC[NH3+])NC(=O)[C@H](CCCNC(N)=[NH2+])NC(=O)[C@H](CCCC[NH3+])NC(=O)[C@H](CC(C)C)NC(=O)[C@H](CCCNC(N)=[NH2+])NC(=O)[C@H](CCCNC(N)=[NH2+])NC(=O)[C@H](CC(C)C)NC(=O)[C@H](CCCC[NH3+])NC(=O)[C@@H](N)CCCNC(N)=[NH2+])C(=O)N[C@@H](C)C(=O)NC(CC1CNCN1)C(O)N[C@@H](CCCC[NH3+])C(=O)N[C@H](C(=O)N[C@@H](CCCC[NH3+])C(=O)N[C@@H](CCCC[NH3+])C(=O)N[C@@H](Cc1ccc(O)cc1)C(N)=O)C(C)C,0,0.998602032661438,probability,0.5
cellppd,xgboost_rdkit,xgboost-rdkit,101,test,CC[C@H](C)[C@H](NC(=O)[C@@H](NC(=O)[C@H](CO)NC(=O)[C@H](C)NC(=O)[C@@H](NC(=O)[C@H](CCCC[NH3+])NC(=O)[C@H](CCCC[NH3+])NC(=O)[C@@H](NC(=O)[C@@H](NC(=O)[C@H](CC(=O)O)NC(=O)[C@H](Cc1ccccc1)NC(=O)[C@H](CC(C)C)NC(=O)CN)C(C)C)[C@@H](C)CC)C(C)C)C(C)C)C(=O)N[C@@H](CCCC[NH3+])C(=O)N[C@@H](CCCC[NH3+])C(=O)N[C@@H](CC(C)C)C(N)=O,CC[C@H](C)[C@H](NC(=O)[C@@H](NC(=O)[C@H](CO)NC(=O)[C@H](C)NC(=O)[C@@H](NC(=O)[C@H](CCCC[NH3+])NC(=O)[C@H](CCCC[NH3+])NC(=O)[C@@H](NC(=O)[C@@H](NC(=O)[C@H](CC(=O)O)NC(=O)[C@H](Cc1ccccc1)NC(=O)[C@H](CC(C)C)NC(=O)CN)C(C)C)[C@@H](C)CC)C(C)C)C(C)C)C(=O)N[C@@H](CCCC[NH3+])C(=O)N[C@@H](CCCC[NH3+])C(=O)N[C@@H](CC(C)C)C(N)=O,0,0.020445596426725388,probability,0.5
cellppd,xgboost_rdkit,xgboost-rdkit,101,test,CC(C)C[C@H](NC(=O)[C@H](CCCNC(N)=[NH2+])NC(=O)[C@@H](N)CCCNC(N)=[NH2+])C(=O)N[C@@H](CO)C(=O)N[C@@H](Cc1ccc(O)cc1)C(=O)N[C@@H](CO)C(=O)N[C@@H](CCCNC(N)=[NH2+])C(=O)N[C@@H](CCCNC(N)=[NH2+])C(=O)N[C@@H](CCCNC(N)=[NH2+])C(=O)N[C@@H](Cc1ccccc1)C(N)=O,CC(C)C[C@H](NC(=O)[C@H](CCCNC(N)=[NH2+])NC(=O)[C@@H](N)CCCNC(N)=[NH2+])C(=O)N[C@@H](CO)C(=O)N[C@@H](Cc1ccc(O)cc1)C(=O)N[C@@H](CO)C(=O)N[C@@H](CCCNC(N)=[NH2+])C(=O)N[C@@H](CCCNC(N)=[NH2+])C(=O)N[C@@H](CCCNC(N)=[NH2+])C(=O)N[C@@H](Cc1ccccc1)C(N)=O,0,0.9854633212089539,probability,0.5
cellppd,xgboost_rdkit,xgboost-rdkit,101,test,C[C@H](NC(=O)[C@H](CCC(=O)O)NC(=O)[C@@H]1CCCN1C(O)C(CC1CNCN1)NC(=O)[C@H](CC(=O)O)NC(=O)[C@H](Cc1ccc(O)cc1)NC(=O)[C@H](CC(N)=O)NC(=O)[C@H](CS)NC(=O)[C@H](CCCNC(N)=[NH2+])NC(=O)[C@@H]1CCCN1C(=O)[C@H](CC(=O)O)NC(=O)[C@H](CO)NC(=O)[C@H](CS)NC(=O)[C@H](CS)NC(=O)CN)C(=O)N[C@@H](CS)C(N)=O,C[C@H](NC(=O)[C@H](CCC(=O)O)NC(=O)[C@@H]1CCCN1C(O)C(CC1CNCN1)NC(=O)[C@H](CC(=O)O)NC(=O)[C@H](Cc1ccc(O)cc1)NC(=O)[C@H](CC(N)=O)NC(=O)[C@H](CS)NC(=O)[C@H](CCCNC(N)=[NH2+])NC(=O)[C@@H]1CCCN1C(=O)[C@H](CC(=O)O)NC(=O)[C@H](CO)NC(=O)[C@H](CS)NC(=O)[C@H](CS)NC(=O)CN)C(=O)N[C@@H](CS)C(N)=O,0,0.001598640694282949,probability,0.5
cellppd,xgboost_rdkit,xgboost-rdkit,101,test,CSCC[C@H](NC(=O)[C@@H](NC(=O)[C@H](CCCC[NH3+])NC(=O)[C@H](CCCNC(N)=[NH2+])NC(=O)[C@H](CS)NC(=O)[C@H](CO)NC(=O)[C@H](C)NC(=O)CNC(=O)[C@H](CCCC[NH3+])NC(=O)CNC(=O)[C@H](CCCC[NH3+])NC(=O)[C@@H](N)CS)[C@@H](C)O)C(=O)N[C@@H](Cc1ccc(O)cc1)C(=O)N[C@@H](CC(=O)O)C(=O)N[C@@H](CS)C(=O)N[C@@H](CS)C(=O)N[C@@H](CCCNC(N)=[NH2+])C(=O)NCC(=O)N[C@@H](CO)C(=O)N[C@@H](CS)C(=O)N[C@@H](CCCNC(N)=[NH2+])C(=O)N[C@@H](CO)C(=O)NCC(=O)N[C@@H](CCCNC(N)=[NH2+])C(=O)N[C@@H](CS)C(N)=O,CSCC[C@H](NC(=O)[C@@H](NC(=O)[C@H](CCCC[NH3+])NC(=O)[C@H](CCCNC(N)=[NH2+])NC(=O)[C@H](CS)NC(=O)[C@H](CO)NC(=O)[C@H](C)NC(=O)CNC(=O)[C@H](CCCC[NH3+])NC(=O)CNC(=O)[C@H](CCCC[NH3+])NC(=O)[C@@H](N)CS)[C@@H](C)O)C(=O)N[C@@H](Cc1ccc(O)cc1)C(=O)N[C@@H](CC(=O)O)C(=O)N[C@@H](CS)C(=O)N[C@@H](CS)C(=O)N[C@@H](CCCNC(N)=[NH2+])C(=O)NCC(=O)N[C@@H](CO)C(=O)N[C@@H](CS)C(=O)N[C@@H](CCCNC(N)=[NH2+])C(=O)N[C@@H](CO)C(=O)NCC(=O)N[C@@H](CCCNC(N)=[NH2+])C(=O)N[C@@H](CS)C(N)=O,0,0.03771185874938965,probability,0.5
cellppd,xgboost_rdkit,xgboost-rdkit,101,test,CC[C@H](C)[C@H](NC(O)C(CC1CNCN1)NC(=O)[C@H](CCCC[NH3+])NC(=O)[C@H](CC(C)C)NC(=O)[C@H](CC(C)C)NC(=O)[C@H](CO)NC(=O)[C@H](CCCC[NH3+])NC(=O)[C@H](Cc1c[nH]c2ccccc12)NC(=O)[C@H](CCCC[NH3+])NC(=O)CN)C(=O)N[C@@H](CC(C)C)C(=O)N[C@@H](CCCC[NH3+])C(N)=O,CC[C@H](C)[C@H](NC(O)C(CC1CNCN1)NC(=O)[C@H](CCCC[NH3+])NC(=O)[C@H](CC(C)C)NC(=O)[C@H](CC(C)C)NC(=O)[C@H](CO)NC(=O)[C@H](CCCC[NH3+])NC(=O)[C@H](Cc1c[nH]c2ccccc12)NC(=O)[C@H](CCCC[NH3+])NC(=O)CN)C(=O)N[C@@H](CC(C)C)C(=O)N[C@@H](CCCC[NH3+])C(N)=O,0,0.029463952407240868,probability,0.5
cellppd,xgboost_rdkit,xgboost-rdkit,101,test,CC[C@H](C)[C@H](N)C(=O)N[C@@H](CC(C)C)C(=O)N1CCC[C@H]1C(=O)N[C@H](C(=O)N[C@@H](CC(C)C)C(=O)NCC(=O)N[C@@H](CC(N)=O)C(=O)N[C@@H](CC(C)C)C(=O)N[C@@H](CC(C)C)C(=O)N[C@@H](CC(N)=O)C(=O)N[C@@H](CO)C(=O)N[C@@H](CC(C)C)C(=O)N[C@@H](CC(C)C)C(N)=O)[C@@H](C)CC,CC[C@H](C)[C@H](N)C(=O)N[C@@H](CC(C)C)C(=O)N1CCC[C@H]1C(=O)N[C@H](C(=O)N[C@@H](CC(C)C)C(=O)NCC(=O)N[C@@H](CC(N)=O)C(=O)N[C@@H](CC(C)C)C(=O)N[C@@H](CC(C)C)C(=O)N[C@@H](CC(N)=O)C(=O)N[C@@H](CO)C(=O)N[C@@H](CC(C)C)C(=O)N[C@@H](CC(C)C)C(N)=O)[C@@H](C)CC,0,0.001808015862479806,probability,0.5
cellppd,xgboost_rdkit,xgboost-rdkit,101,test,CC[C@H](C)[C@@H]1NC(=O)[C@H](CC(C)C)NC(=O)[C@H](Cc2ccccc2)NC(=O)[C@H](Cc2ccccc2)NC(=O)[C@H](C)NC(=O)[C@@H]2CCCN2C(=O)[C@H](C(C)C)NC(=O)[C@H](CC(C)C)NC(=O)[C@H]([C@@H](C)CC)NC1=O,CC[C@H](C)[C@@H]1NC(=O)[C@H](CC(C)C)NC(=O)[C@H](Cc2ccccc2)NC(=O)[C@H](Cc2ccccc2)NC(=O)[C@H](C)NC(=O)[C@@H]2CCCN2C(=O)[C@H](C(C)C)NC(=O)[C@H](CC(C)C)NC(=O)[C@H]([C@@H](C)CC)NC1=O,0,0.026466796174645424,probability,0.5
cellppd,xgboost_rdkit,xgboost-rdkit,101,test,CC[C@H](C)[C@H](NC(=O)[C@H](CCCC[NH3+])NC(=O)[C@H](CC(N)=O)NC(=O)[C@H](Cc1c[nH]c2ccccc12)NC(=O)[C@H](CC(C)C)NC(=O)CN)C(=O)N[C@@H](CCCC[NH3+])C(=O)N[C@@H](CCC(=O)O)C(=O)N[C@@H](C)C(=O)N[C@@H](C)C(=O)N[C@@H](CO)C(=O)N[C@@H](CCCC[NH3+])C(=O)N[C@@H](C)C(=O)N[C@@H](C)C(=O)NCC(=O)N[C@@H](CCCC[NH3+])C(=O)N[C@@H](C)C(=O)N[C@@H](C)C(=O)N[C@@H](CC(C)C)C(=O)NCC(=O)N[C@@H](Cc1ccccc1)C(=O)N[C@H](C(=O)N[C@@H](CC(N)=O)C(=O)N[C@@H](CCC(=O)O)C(=O)N[C@@H](CCSC)C(=O)N[C@H](C(N)=O)C(C)C)C(C)C,CC[C@H](C)[C@H](NC(=O)[C@H](CCCC[NH3+])NC(=O)[C@H](CC(N)=O)NC(=O)[C@H](Cc1c[nH]c2ccccc12)NC(=O)[C@H](CC(C)C)NC(=O)CN)C(=O)N[C@@H](CCCC[NH3+])C(=O)N[C@@H](CCC(=O)O)C(=O)N[C@@H](C)C(=O)N[C@@H](C)C(=O)N[C@@H](CO)C(=O)N[C@@H](CCCC[NH3+])C(=O)N[C@@H](C)C(=O)N[C@@H](C)C(=O)NCC(=O)N[C@@H](CCCC[NH3+])C(=O)N[C@@H](C)C(=O)N[C@@H](C)C(=O)N[C@@H](CC(C)C)C(=O)NCC(=O)N[C@@H](Cc1ccccc1)C(=O)N[C@H](C(=O)N[C@@H](CC(N)=O)C(=O)N[C@@H](CCC(=O)O)C(=O)N[C@@H](CCSC)C(=O)N[C@H](C(N)=O)C(C)C)C(C)C,0,0.035182662308216095,probability,0.5
cellppd,xgboost_rdkit,xgboost-rdkit,101,test,CC[C@H](C)[C@H](NC(=O)[C@H](CCCC[NH3+])NC(=O)[C@@H]1CCCN1C(=O)[C@H](CC(C)C)NC(=O)[C@H](Cc1ccccc1)NC(=O)[C@H](CC(N)=O)NC(=O)[C@H](C)NC(=O)[C@H](C)NC(=O)[C@H](CC(C)C)NC(=O)CNC(=O)[C@H](C)NC(=O)[C@H](CC(C)C)NC(=O)[C@H](CC(C)C)NC(=O)[C@@H]1CCCN1C(=O)[C@H](CC(C)C)NC(=O)[C@@H](N)Cc1ccccc1)C(=O)N[C@@H](Cc1ccccc1)C(=O)N[C@@H](CS)C(=O)N[C@@H](CCCC[NH3+])C(=O)N[C@H](C(=O)N[C@H](C(=O)N[C@@H](CCCNC(N)=[NH2+])C(=O)N[C@@H](CCCC[NH3+])C(=O)N[C@@H](CS)C(N)=O)[C@@H](C)O)[C@@H](C)CC,CC[C@H](C)[C@H](NC(=O)[C@H](CCCC[NH3+])NC(=O)[C@@H]1CCCN1C(=O)[C@H](CC(C)C)NC(=O)[C@H](Cc1ccccc1)NC(=O)[C@H](CC(N)=O)NC(=O)[C@H](C)NC(=O)[C@H](C)NC(=O)[C@H](CC(C)C)NC(=O)CNC(=O)[C@H](C)NC(=O)[C@H](CC(C)C)NC(=O)[C@H](CC(C)C)NC(=O)[C@@H]1CCCN1C(=O)[C@H](CC(C)C)NC(=O)[C@@H](N)Cc1ccccc1)C(=O)N[C@@H](Cc1ccccc1)C(=O)N[C@@H](CS)C(=O)N[C@@H](CCCC[NH3+])C(=O)N[C@H](C(=O)N[C@H](C(=O)N[C@@H](CCCNC(N)=[NH2+])C(=O)N[C@@H](CCCC[NH3+])C(=O)N[C@@H](CS)C(N)=O)[C@@H](C)O)[C@@H](C)CC,0,0.39491409063339233,probability,0.5
cellppd,xgboost_rdkit,xgboost-rdkit,101,test,C[C@H](NC(O)C(CC1CNCN1)NC(=O)[C@H](Cc1ccc(O)cc1)NC(=O)[C@H](CCC(=O)O)NC(=O)[C@H](Cc1c[nH]c2ccccc12)NC(=O)[C@@H](N)CC(=O)O)C(=O)NC(CC1CNCN1)C(O)N1CCC[C@H]1C(=O)N[C@@H](CCCC[NH3+])C(=O)N1CC(O)CC1C(O)N[C@@H](CC(N)=O)C(=O)N[C@@H](CO)C(=O)N[C@@H](Cc1ccccc1)C(=O)N[C@@H](Cc1c[nH]c2ccccc12)C(=O)N[C@H](C=O)[C@@H](C)O,C[C@H](NC(O)C(CC1CNCN1)NC(=O)[C@H](Cc1ccc(O)cc1)NC(=O)[C@H](CCC(=O)O)NC(=O)[C@H](Cc1c[nH]c2ccccc12)NC(=O)[C@@H](N)CC(=O)O)C(=O)NC(CC1CNCN1)C(O)N1CCC[C@H]1C(=O)N[C@@H](CCCC[NH3+])C(=O)N1CC(O)CC1C(O)N[C@@H](CC(N)=O)C(=O)N[C@@H](CO)C(=O)N[C@@H](Cc1ccccc1)C(=O)N[C@@H](Cc1c[nH]c2ccccc12)C(=O)N[C@H](C=O)[C@@H](C)O,0,0.8061820864677429,probability,0.5
cellppd,xgboost_rdkit,xgboost-rdkit,101,test,CC[C@H](C)[C@H](NC(=O)CNC(=O)[C@H](CO)NC(=O)[C@@H](NC(=O)[C@H](CC(C)C)NC(=O)[C@H](CCCNC(N)=[NH2+])NC(=O)CNC(=O)[C@@H](NC(=O)[C@@H](NC(=O)[C@@H]1CCCN1C(=O)[C@H](CC(C)C)NC(=O)[C@@H](N)Cc1ccccc1)[C@@H](C)CC)C(C)C)[C@@H](C)CC)C(=O)N[C@@H](CC(C)C)C(N)=O,CC[C@H](C)[C@H](NC(=O)CNC(=O)[C@H](CO)NC(=O)[C@@H](NC(=O)[C@H](CC(C)C)NC(=O)[C@H](CCCNC(N)=[NH2+])NC(=O)CNC(=O)[C@@H](NC(=O)[C@@H](NC(=O)[C@@H]1CCCN1C(=O)[C@H](CC(C)C)NC(=O)[C@@H](N)Cc1ccccc1)[C@@H](C)CC)C(C)C)[C@@H](C)CC)C(=O)N[C@@H](CC(C)C)C(N)=O,0,0.004316739737987518,probability,0.5
cellppd,xgboost_rdkit,xgboost-rdkit,101,test,CC[C@H](C)[C@H](NC(=O)[C@H](CC(C)C)NC(=O)[C@H](CC(N)=O)NC(=O)[C@@H](NC(=O)[C@H](CC(C)C)NC(=O)[C@@H](NC(=O)[C@@H]1CCCN1C(=O)[C@H](CC(C)C)NC(=O)[C@@H](N)Cc1ccccc1)[C@@H](C)CC)[C@@H](C)CC)C(=O)NC(CC1CNCN1)C(O)N[C@@H](CCCC[NH3+])C(=O)NCC(=O)N[C@@H](CC(C)C)C(=O)N[C@@H](CC(C)C)C(N)=O,CC[C@H](C)[C@H](NC(=O)[C@H](CC(C)C)NC(=O)[C@H](CC(N)=O)NC(=O)[C@@H](NC(=O)[C@H](CC(C)C)NC(=O)[C@@H](NC(=O)[C@@H]1CCCN1C(=O)[C@H](CC(C)C)NC(=O)[C@@H](N)Cc1ccccc1)[C@@H](C)CC)[C@@H](C)CC)C(=O)NC(CC1CNCN1)C(O)N[C@@H](CCCC[NH3+])C(=O)NCC(=O)N[C@@H](CC(C)C)C(=O)N[C@@H](CC(C)C)C(N)=O,0,0.005017788615077734,probability,0.5
cellppd,xgboost_rdkit,xgboost-rdkit,101,test,CC[C@H](C)[C@@H]1NC(=O)[C@H](Cc2c[nH]c[nH+]2)NC(=O)[C@H](CCC(N)=O)NC(=O)[C@H](CC(N)=O)NC(=O)[C@H](CC(N)=O)NC(=O)CNC(=O)[C@H](C)NC(=O)[C@@H]2CSSC[C@H](NC(=O)C[NH3+])C(=O)N[C@@H](CSSC[C@@H](C(N)=O)NC1=O)C(=O)N[C@@H](CO)C(=O)N[C@@H](Cc1c[nH]c[nH+]1)C(=O)N1CCC[C@H]1C(=O)N[C@@H](C)C(=O)N2,CC[C@H](C)[C@@H]1NC(=O)[C@H](Cc2c[nH]c[nH+]2)NC(=O)[C@H](CCC(N)=O)NC(=O)[C@H](CC(N)=O)NC(=O)[C@H](CC(N)=O)NC(=O)CNC(=O)[C@H](C)NC(=O)[C@@H]2CSSC[C@H](NC(=O)C[NH3+])C(=O)N[C@@H](CSSC[C@@H](C(N)=O)NC1=O)C(=O)N[C@@H](CO)C(=O)N[C@@H](Cc1c[nH]c[nH+]1)C(=O)N1CCC[C@H]1C(=O)N[C@@H](C)C(=O)N2,0,0.0005893966881558299,probability,0.5
cellppd,xgboost_rdkit,xgboost-rdkit,101,test,CC[C@H](C)[C@H](NC(=O)CN)C(=O)NCC(=O)N[C@@H](CCCC[NH3+])C(=O)N[C@@H](Cc1ccccc1)C(=O)N[C@@H](CC(C)C)C(=O)NC(CC1CNCN1)C(O)N[C@@H](CO)C(=O)N[C@H](C)C(=O)N[C@@H](CCCC[NH3+])C(=O)N[C@@H](CCCC[NH3+])C(=O)N[C@@H](Cc1ccccc1)C(=O)N[C@H](C)C(=O)N[C@@H](CCCC[NH3+])C(=O)N[C@@H](C)C(=O)N[C@@H](Cc1ccccc1)C(=O)N[C@H](C(=O)N[C@H](C)C(=O)N[C@@H](CCC(=O)O)C(=O)N[C@H](C(=O)N[C@@H](CCSC)C(=O)N[C@@H](CC(N)=O)C(=O)N[C@@H](CO)C(N)=O)[C@@H](C)CC)C(C)C,CC[C@H](C)[C@H](NC(=O)CN)C(=O)NCC(=O)N[C@@H](CCCC[NH3+])C(=O)N[C@@H](Cc1ccccc1)C(=O)N[C@@H](CC(C)C)C(=O)NC(CC1CNCN1)C(O)N[C@@H](CO)C(=O)N[C@H](C)C(=O)N[C@@H](CCCC[NH3+])C(=O)N[C@@H](CCCC[NH3+])C(=O)N[C@@H](Cc1ccccc1)C(=O)N[C@H](C)C(=O)N[C@@H](CCCC[NH3+])C(=O)N[C@@H](C)C(=O)N[C@@H](Cc1ccccc1)C(=O)N[C@H](C(=O)N[C@H](C)C(=O)N[C@@H](CCC(=O)O)C(=O)N[C@H](C(=O)N[C@@H](CCSC)C(=O)N[C@@H](CC(N)=O)C(=O)N[C@@H](CO)C(N)=O)[C@@H](C)CC)C(C)C,0,0.00416974164545536,probability,0.5
cellppd,xgboost_rdkit,xgboost-rdkit,101,test,CC(C)C[C@@H]1NC(=O)[C@H](CC(=O)O)NC(=O)[C@@H]2CCCN2C(=O)[C@H](Cc2c[nH]c[nH+]2)NC(=O)[C@H](CCCC[NH3+])NC(=O)[C@H](CC(N)=O)NC(=O)[C@H](CCCNC(N)=[NH2+])NC(=O)[C@@H]2CSSC[C@H](NC(=O)C[NH3+])C(=O)N[C@@H](CSSC[C@@H](C(N)=O)NC1=O)C(=O)N[C@@H](CO)C(=O)N[C@@H](CC(=O)O)C(=O)N1CCC[C@H]1C(=O)N1CCC[C@H]1C(=O)N2,CC(C)C[C@@H]1NC(=O)[C@H](CC(=O)O)NC(=O)[C@@H]2CCCN2C(=O)[C@H](Cc2c[nH]c[nH+]2)NC(=O)[C@H](CCCC[NH3+])NC(=O)[C@H](CC(N)=O)NC(=O)[C@H](CCCNC(N)=[NH2+])NC(=O)[C@@H]2CSSC[C@H](NC(=O)C[NH3+])C(=O)N[C@@H](CSSC[C@@H](C(N)=O)NC1=O)C(=O)N[C@@H](CO)C(=O)N[C@@H](CC(=O)O)C(=O)N1CCC[C@H]1C(=O)N1CCC[C@H]1C(=O)N2,0,0.003846150590106845,probability,0.5
cellppd,xgboost_rdkit,xgboost-rdkit,101,test,CC[C@H](C)[C@H](NC(=O)CN)C(=O)NCC(=O)NCC(=O)N[C@@H](C)C(=O)N[C@@H](CC(C)C)C(=O)N[C@@H](CC(C)C)C(=O)N[C@@H](CO)C(=O)N[C@@H](C)C(=O)NCC(=O)N[C@@H](CCCC[NH3+])C(=O)N[C@@H](C)C(=O)N[C@@H](C)C(=O)N[C@@H](CC(C)C)C(=O)N[C@@H](CCCC[NH3+])C(=O)NCC(=O)N[C@@H](CC(C)C)C(=O)N[C@@H](C)C(=O)N[C@@H](CCCC[NH3+])C(=O)N[C@H](C(=O)N[C@@H](CC(C)C)C(=O)N[C@H](C(N)=O)C(C)C)C(C)C,CC[C@H](C)[C@H](NC(=O)CN)C(=O)NCC(=O)NCC(=O)N[C@@H](C)C(=O)N[C@@H](CC(C)C)C(=O)N[C@@H](CC(C)C)C(=O)N[C@@H](CO)C(=O)N[C@@H](C)C(=O)NCC(=O)N[C@@H](CCCC[NH3+])C(=O)N[C@@H](C)C(=O)N[C@@H](C)C(=O)N[C@@H](CC(C)C)C(=O)N[C@@H](CCCC[NH3+])C(=O)NCC(=O)N[C@@H](CC(C)C)C(=O)N[C@@H](C)C(=O)N[C@@H](CCCC[NH3+])C(=O)N[C@H](C(=O)N[C@@H](CC(C)C)C(=O)N[C@H](C(N)=O)C(C)C)C(C)C,0,0.05315430089831352,probability,0.5
cellppd,xgboost_rdkit,xgboost-rdkit,101,test,CC(C)C[C@H](NC(=O)[C@@H](NC(=O)[C@H](C)NC(=O)[C@H](CS)NC(=O)[C@@H]1CCCN1C(=O)[C@@H]1CCCN1C(=O)[C@@H](NC(=O)[C@H](CO)NC(=O)[C@H](CS)NC(=O)[C@H](CS)NC(=O)CN)[C@@H](C)O)C(C)C)C(=O)N[C@@H](C)C(=O)N[C@@H](CS)C(N)=O,CC(C)C[C@H](NC(=O)[C@@H](NC(=O)[C@H](C)NC(=O)[C@H](CS)NC(=O)[C@@H]1CCCN1C(=O)[C@@H]1CCCN1C(=O)[C@@H](NC(=O)[C@H](CO)NC(=O)[C@H](CS)NC(=O)[C@H](CS)NC(=O)CN)[C@@H](C)O)C(C)C)C(=O)N[C@@H](C)C(=O)N[C@@H](CS)C(N)=O,0,0.0015810321783646941,probability,0.5
cellppd,xgboost_rdkit,xgboost-rdkit,101,test,CC(=O)NCC(=O)N[C@@H](CCCC[NH3+])C(=O)N[C@@H](CCCC[NH3+])C(=O)N[C@@H](CC(C)C)C(=O)N[C@@H](CC(C)C)C(=O)N[C@@H](CCCC[NH3+])C(=O)N[C@@H](CCCC[NH3+])C(=O)N[C@@H](Cc1c[nH]c2ccccc12)C(=O)N[C@@H](CCCC[NH3+])C(=O)N[C@@H](CCCC[NH3+])C(=O)N[C@@H](CC(C)C)C(=O)N[C@@H](Cc1c[nH]c2ccccc12)C(=O)N[C@@H](CCCC[NH3+])C(=O)N[C@@H](CCCC[NH3+])C(=O)N[C@@H](Cc1c[nH]c2ccccc12)C(N)=O,CC(=O)NCC(=O)N[C@@H](CCCC[NH3+])C(=O)N[C@@H](CCCC[NH3+])C(=O)N[C@@H](CC(C)C)C(=O)N[C@@H](CC(C)C)C(=O)N[C@@H](CCCC[NH3+])C(=O)N[C@@H](CCCC[NH3+])C(=O)N[C@@H](Cc1c[nH]c2ccccc12)C(=O)N[C@@H](CCCC[NH3+])C(=O)N[C@@H](CCCC[NH3+])C(=O)N[C@@H](CC(C)C)C(=O)N[C@@H](Cc1c[nH]c2ccccc12)C(=O)N[C@@H](CCCC[NH3+])C(=O)N[C@@H](CCCC[NH3+])C(=O)N[C@@H](Cc1c[nH]c2ccccc12)C(N)=O,0,0.11588750034570694,probability,0.5
cellppd,xgboost_rdkit,xgboost-rdkit,101,test,CC(C)C[C@H](NC(=O)[C@H](C)NC(=O)[C@H](CCCC[NH3+])NC(=O)[C@H](CCCC[NH3+])NC(=O)[C@H](CC(C)C)NC(=O)[C@H](C)NC(=O)[C@H](CCCC[NH3+])NC(=O)[C@H](CC(C)C)NC(=O)[C@H](C)NC(=O)[C@H](CC(C)C)NC(=O)[C@H](C)NC(=O)[C@@H](N)Cc1ccccc1)C(N)=O,CC(C)C[C@H](NC(=O)[C@H](C)NC(=O)[C@H](CCCC[NH3+])NC(=O)[C@H](CCCC[NH3+])NC(=O)[C@H](CC(C)C)NC(=O)[C@H](C)NC(=O)[C@H](CCCC[NH3+])NC(=O)[C@H](CC(C)C)NC(=O)[C@H](C)NC(=O)[C@H](CC(C)C)NC(=O)[C@H](C)NC(=O)[C@@H](N)Cc1ccccc1)C(N)=O,0,0.0027684266678988934,probability,0.5
cellppd,xgboost_rdkit,xgboost-rdkit,101,test,CSCC[C@@H]1NC(=O)[C@H](CCCNC(N)=[NH2+])NC(=O)[C@H](C)NC(=O)[C@H](C)NC(=O)[C@H](Cc2c[nH]c3ccccc23)NC(=O)[C@H](CCCNC(N)=[NH2+])NC(=O)[C@H](Cc2ccccc2)NC(=O)[C@H](C)NC(=O)[C@H](CCCC[NH3+])NC(=O)[C@H](CCCNC(N)=[NH2+])NC(=O)[C@H](Cc2c[nH]c3ccccc23)NC(=O)[C@H](C)NC(=O)[C@@H]2CCCN2C(=O)[C@H](C)NC(=O)[C@H](C)NC(=O)[C@H](CCCC[NH3+])NC(=O)[C@H](CCCC[NH3+])NC(=O)[C@H](CC(C)C)NC1=O,CSCC[C@@H]1NC(=O)[C@H](CCCNC(N)=[NH2+])NC(=O)[C@H](C)NC(=O)[C@H](C)NC(=O)[C@H](Cc2c[nH]c3ccccc23)NC(=O)[C@H](CCCNC(N)=[NH2+])NC(=O)[C@H](Cc2ccccc2)NC(=O)[C@H](C)NC(=O)[C@H](CCCC[NH3+])NC(=O)[C@H](CCCNC(N)=[NH2+])NC(=O)[C@H](Cc2c[nH]c3ccccc23)NC(=O)[C@H](C)NC(=O)[C@@H]2CCCN2C(=O)[C@H](C)NC(=O)[C@H](C)NC(=O)[C@H](CCCC[NH3+])NC(=O)[C@H](CCCC[NH3+])NC(=O)[C@H](CC(C)C)NC1=O,0,0.022305620834231377,probability,0.5
cellppd,xgboost_rdkit,xgboost-rdkit,101,test,CC[C@H](C)[C@H](NC(=O)[C@@H](NC(=O)CN)C(C)C)C(=O)N[C@@H](CC(=O)O)C(=O)N[C@@H](C)C(=O)N[C@@H](C)C(=O)N[C@@H](CCCC[NH3+])C(=O)N[C@@H](CCCC[NH3+])C(=O)N[C@H](C(=O)N[C@H](C(=O)N[C@@H](CC(N)=O)C(=O)N[C@H](C(=O)N[C@@H](CC(C)C)C(=O)N[C@@H](CCCC[NH3+])C(=O)N[C@@H](CC(N)=O)C(=O)N[C@@H](CC(C)C)C(=O)N1CCC[C@H]1C(N)=O)C(C)C)C(C)C)C(C)C,CC[C@H](C)[C@H](NC(=O)[C@@H](NC(=O)CN)C(C)C)C(=O)N[C@@H](CC(=O)O)C(=O)N[C@@H](C)C(=O)N[C@@H](C)C(=O)N[C@@H](CCCC[NH3+])C(=O)N[C@@H](CCCC[NH3+])C(=O)N[C@H](C(=O)N[C@H](C(=O)N[C@@H](CC(N)=O)C(=O)N[C@H](C(=O)N[C@@H](CC(C)C)C(=O)N[C@@H](CCCC[NH3+])C(=O)N[C@@H](CC(N)=O)C(=O)N[C@@H](CC(C)C)C(=O)N1CCC[C@H]1C(N)=O)C(C)C)C(C)C)C(C)C,0,0.003317672060802579,probability,0.5
cellppd,xgboost_rdkit,xgboost-rdkit,101,test,CC[C@H](C)[C@H](NC(=O)[C@H](C)NC(=O)[C@H](C)NC(=O)[C@H](CCC(=O)O)NC(=O)[C@H](CCCC[NH3+])NC(=O)CNC(=O)[C@@H](NC(=O)[C@H](CC(N)=O)NC(=O)[C@H](CCCC[NH3+])NC(=O)[C@@H](NC(=O)[C@@H](NC(=O)[C@H](CO)NC(=O)[C@H](Cc1c[nH]c2ccccc12)NC(=O)[C@H](CC(C)C)NC(=O)CN)[C@@H](C)O)[C@@H](C)CC)C(C)C)C(=O)N[C@@H](C)C(=O)N[C@@H](C)C(=O)NCC(=O)N[C@@H](CCCC[NH3+])C(=O)N[C@@H](C)C(=O)N[C@H](C(=O)N[C@@H](CC(C)C)C(=O)NCC(=O)N[C@@H](CO)C(=O)N[C@@H](CC(C)C)C(N)=O)C(C)C,CC[C@H](C)[C@H](NC(=O)[C@H](C)NC(=O)[C@H](C)NC(=O)[C@H](CCC(=O)O)NC(=O)[C@H](CCCC[NH3+])NC(=O)CNC(=O)[C@@H](NC(=O)[C@H](CC(N)=O)NC(=O)[C@H](CCCC[NH3+])NC(=O)[C@@H](NC(=O)[C@@H](NC(=O)[C@H](CO)NC(=O)[C@H](Cc1c[nH]c2ccccc12)NC(=O)[C@H](CC(C)C)NC(=O)CN)[C@@H](C)O)[C@@H](C)CC)C(C)C)C(=O)N[C@@H](C)C(=O)N[C@@H](C)C(=O)NCC(=O)N[C@@H](CCCC[NH3+])C(=O)N[C@@H](C)C(=O)N[C@H](C(=O)N[C@@H](CC(C)C)C(=O)NCC(=O)N[C@@H](CO)C(=O)N[C@@H](CC(C)C)C(N)=O)C(C)C,0,0.0022125672549009323,probability,0.5
cellppd,xgboost_rdkit,xgboost-rdkit,101,test,CC[C@H](C)[C@H](NC(=O)[C@H](CCCC[NH3+])NC(=O)[C@H](CCCC[NH3+])NC(=O)[C@H](CC(C)C)NC(=O)[C@H](CC(=O)O)NC(=O)[C@@H](NC(=O)[C@@H](N)Cc1ccccc1)C(C)C)C(=O)N[C@@H](C)C(=O)N[C@@H](CC(N)=O)C(=O)N[C@H](C(=O)N[C@H](C(=O)N[C@@H](CC(N)=O)C(=O)N[C@@H](CO)C(=O)N[C@H](C(=O)N[C@@H](Cc1ccccc1)C(=O)NCC(=O)N[C@@H](CCCC[NH3+])C(N)=O)[C@@H](C)CC)[C@@H](C)CC)[C@@H](C)CC,CC[C@H](C)[C@H](NC(=O)[C@H](CCCC[NH3+])NC(=O)[C@H](CCCC[NH3+])NC(=O)[C@H](CC(C)C)NC(=O)[C@H](CC(=O)O)NC(=O)[C@@H](NC(=O)[C@@H](N)Cc1ccccc1)C(C)C)C(=O)N[C@@H](C)C(=O)N[C@@H](CC(N)=O)C(=O)N[C@H](C(=O)N[C@H](C(=O)N[C@@H](CC(N)=O)C(=O)N[C@@H](CO)C(=O)N[C@H](C(=O)N[C@@H](Cc1ccccc1)C(=O)NCC(=O)N[C@@H](CCCC[NH3+])C(N)=O)[C@@H](C)CC)[C@@H](C)CC)[C@@H](C)CC,0,0.0038557276129722595,probability,0.5
cellppd,xgboost_rdkit,xgboost-rdkit,101,test,CC[C@H](C)[C@H](N)C(=O)N[C@@H](CC(C)C)C(=O)N1CCC[C@H]1C(=O)N[C@@H](CC(C)C)C(=O)N[C@@H](CCCC[NH3+])C(=O)N[C@@H](Cc1c[nH]c2ccccc12)C(=O)N1CCC[C@H]1C(=O)N[C@@H](Cc1c[nH]c2ccccc12)C(=O)N[C@@H](Cc1c[nH]c2ccccc12)C(=O)N1CCC[C@H]1C(=O)N[C@@H](Cc1c[nH]c2ccccc12)C(=O)N[C@@H](CCCNC(N)=[NH2+])C(=O)N[C@@H](CCCNC(N)=[NH2+])C(N)=O,CC[C@H](C)[C@H](N)C(=O)N[C@@H](CC(C)C)C(=O)N1CCC[C@H]1C(=O)N[C@@H](CC(C)C)C(=O)N[C@@H](CCCC[NH3+])C(=O)N[C@@H](Cc1c[nH]c2ccccc12)C(=O)N1CCC[C@H]1C(=O)N[C@@H](Cc1c[nH]c2ccccc12)C(=O)N[C@@H](Cc1c[nH]c2ccccc12)C(=O)N1CCC[C@H]1C(=O)N[C@@H](Cc1c[nH]c2ccccc12)C(=O)N[C@@H](CCCNC(N)=[NH2+])C(=O)N[C@@H](CCCNC(N)=[NH2+])C(N)=O,0,0.04774237424135208,probability,0.5
cellppd,xgboost_rdkit,xgboost-rdkit,101,test,CC[C@H](C)[C@H](NC(=O)[C@H](CO)NC(=O)[C@@H]1CCCN1C(=O)[C@H](CC(C)C)NC(=O)[C@@H](NC(=O)CNC(=O)[C@H](C)NC(=O)[C@H](CC(C)C)NC(=O)[C@@H](NC(=O)[C@H](CCCC[NH3+])NC(=O)[C@H](CC(C)C)NC(=O)[C@H](C)NC(=O)[C@H](CO)NC(=O)CNC(=O)[C@@H](NC(=O)[C@@H](N)Cc1ccccc1)[C@@H](C)CC)C(C)C)C(C)C)C(=O)N[C@H](C(=O)N[C@@H](CO)C(=O)N[C@@H](Cc1c[nH]c2ccccc12)C(=O)N[C@H](C(=O)N[C@@H](CCCC[NH3+])C(=O)N[C@@H](CCC(N)=O)C(N)=O)C(C)C)C(C)C,CC[C@H](C)[C@H](NC(=O)[C@H](CO)NC(=O)[C@@H]1CCCN1C(=O)[C@H](CC(C)C)NC(=O)[C@@H](NC(=O)CNC(=O)[C@H](C)NC(=O)[C@H](CC(C)C)NC(=O)[C@@H](NC(=O)[C@H](CCCC[NH3+])NC(=O)[C@H](CC(C)C)NC(=O)[C@H](C)NC(=O)[C@H](CO)NC(=O)CNC(=O)[C@@H](NC(=O)[C@@H](N)Cc1ccccc1)[C@@H](C)CC)C(C)C)C(C)C)C(=O)N[C@H](C(=O)N[C@@H](CO)C(=O)N[C@@H](Cc1c[nH]c2ccccc12)C(=O)N[C@H](C(=O)N[C@@H](CCCC[NH3+])C(=O)N[C@@H](CCC(N)=O)C(N)=O)C(C)C)C(C)C,0,0.0012992427218705416,probability,0.5
cellppd,xgboost_rdkit,xgboost-rdkit,101,test,CC(C)C[C@H](NC(=O)[C@H](CCC(=O)O)NC(=O)[C@@H]1CCCN1C(=O)[C@H](C)NC(=O)[C@H](CC(N)=O)NC(=O)[C@@H](NC(=O)[C@H](CO)NC(=O)[C@H](CS)NC(=O)[C@H](C)NC(=O)[C@@H]1CCCN1C(O)C(CC1CNCN1)NC(=O)[C@H](CO)NC(=O)[C@H](CS)NC(=O)[C@H](CS)NC(=O)CN)C(C)C)C(=O)N[C@@H](CS)C(N)=O,CC(C)C[C@H](NC(=O)[C@H](CCC(=O)O)NC(=O)[C@@H]1CCCN1C(=O)[C@H](C)NC(=O)[C@H](CC(N)=O)NC(=O)[C@@H](NC(=O)[C@H](CO)NC(=O)[C@H](CS)NC(=O)[C@H](C)NC(=O)[C@@H]1CCCN1C(O)C(CC1CNCN1)NC(=O)[C@H](CO)NC(=O)[C@H](CS)NC(=O)[C@H](CS)NC(=O)CN)C(C)C)C(=O)N[C@@H](CS)C(N)=O,0,0.0007484210655093193,probability,0.5
cellppd,xgboost_rdkit,xgboost-rdkit,101,test,CC[C@H](C)[C@H](N)C(=O)N[C@@H](CC(C)C)C(=O)N1CCC[C@H]1C(=O)N[C@H](C(=O)N[C@@H](CC(C)C)C(=O)N[C@@H](C)C(=O)N1CCC[C@H]1C(=O)N[C@@H](CC(C)C)C(=O)N[C@H](C(=O)NCC(=O)NCC(=O)N[C@@H](CC(C)C)C(=O)N[C@@H](CC(C)C)C(N)=O)[C@@H](C)CC)[C@@H](C)CC,CC[C@H](C)[C@H](N)C(=O)N[C@@H](CC(C)C)C(=O)N1CCC[C@H]1C(=O)N[C@H](C(=O)N[C@@H](CC(C)C)C(=O)N[C@@H](C)C(=O)N1CCC[C@H]1C(=O)N[C@@H](CC(C)C)C(=O)N[C@H](C(=O)NCC(=O)NCC(=O)N[C@@H](CC(C)C)C(=O)N[C@@H](CC(C)C)C(N)=O)[C@@H](C)CC)[C@@H](C)CC,0,0.005969401448965073,probability,0.5
cellppd,xgboost_rdkit,xgboost-rdkit,101,test,CC[C@H](C)[C@H](NC(=O)[C@H](C)NC(=O)[C@H](CCCC[NH3+])NC(=O)[C@H](CC(C)C)NC(=O)[C@H](CC(C)C)NC(=O)CNC(O)C(CC1CNCN1)NC(=O)[C@H](CC(C)C)NC(=O)[C@@H](NC(=O)[C@@H](NC(=O)[C@H](CCCC[NH3+])NC(=O)[C@H](CCCC[NH3+])NC(=O)[C@H](C)NC(=O)[C@H](CO)NC(=O)[C@H](CCCC[NH3+])NC(=O)[C@H](Cc1ccccc1)NC(=O)[C@@H](NC(=O)[C@H](CCCC[NH3+])NC(=O)[C@H](CC(C)C)NC(=O)[C@H](Cc1ccccc1)NC(=O)[C@H](CO)NC(=O)[C@H](CCCC[NH3+])NC(=O)[C@H](Cc1c[nH]c2ccccc12)NC(=O)[C@H](CCCC[NH3+])NC(C)=O)[C@@H](C)O)[C@@H](C)O)C(C)C)C(=O)N[C@@H](CO)C(=O)N[C@@H](CO)C(N)=O,CC[C@H](C)[C@H](NC(=O)[C@H](C)NC(=O)[C@H](CCCC[NH3+])NC(=O)[C@H](CC(C)C)NC(=O)[C@H](CC(C)C)NC(=O)CNC(O)C(CC1CNCN1)NC(=O)[C@H](CC(C)C)NC(=O)[C@@H](NC(=O)[C@@H](NC(=O)[C@H](CCCC[NH3+])NC(=O)[C@H](CCCC[NH3+])NC(=O)[C@H](C)NC(=O)[C@H](CO)NC(=O)[C@H](CCCC[NH3+])NC(=O)[C@H](Cc1ccccc1)NC(=O)[C@@H](NC(=O)[C@H](CCCC[NH3+])NC(=O)[C@H](CC(C)C)NC(=O)[C@H](Cc1ccccc1)NC(=O)[C@H](CO)NC(=O)[C@H](CCCC[NH3+])NC(=O)[C@H](Cc1c[nH]c2ccccc12)NC(=O)[C@H](CCCC[NH3+])NC(C)=O)[C@@H](C)O)[C@@H](C)O)C(C)C)C(=O)N[C@@H](CO)C(=O)N[C@@H](CO)C(N)=O,0,0.004000857472419739,probability,0.5
cellppd,xgboost_rdkit,xgboost-rdkit,101,test,CC[C@H](C)[C@H](NC(=O)[C@H](CCCC[NH3+])NC(=O)CNC(=O)[C@H](CC(C)C)NC(=O)[C@H](Cc1ccccc1)NC(=O)[C@H](CCCC[NH3+])NC(=O)[C@H](CO)NC(=O)[C@H](Cc1ccccc1)NC(=O)[C@H](Cc1c[nH]c2ccccc12)NC(=O)[C@H](CCC(N)=O)NC(=O)[C@@H](NC(=O)[C@@H](N)Cc1ccccc1)C(C)C)C(=O)N[C@@H](CC(C)C)C(N)=O,CC[C@H](C)[C@H](NC(=O)[C@H](CCCC[NH3+])NC(=O)CNC(=O)[C@H](CC(C)C)NC(=O)[C@H](Cc1ccccc1)NC(=O)[C@H](CCCC[NH3+])NC(=O)[C@H](CO)NC(=O)[C@H](Cc1ccccc1)NC(=O)[C@H](Cc1c[nH]c2ccccc12)NC(=O)[C@H](CCC(N)=O)NC(=O)[C@@H](NC(=O)[C@@H](N)Cc1ccccc1)C(C)C)C(=O)N[C@@H](CC(C)C)C(N)=O,0,0.023117443546652794,probability,0.5
cellppd,xgboost_rdkit,xgboost-rdkit,101,test,CSCC[C@H](NC(=O)CNC(=O)[C@H](CCCNC(N)=[NH2+])NC(=O)[C@H](CO)NC(=O)[C@H](CS)NC(O)C1CC(O)CN1C(=O)[C@@H](NC(=O)CNC(O)C1CC(O)CN1C(=O)[C@H](CO)NC(=O)[C@H](CCCC[NH3+])NC(=O)[C@@H](N)CS)[C@@H](C)O)C(=O)N[C@@H](CCCNC(N)=[NH2+])C(=O)N[C@@H](CC(=O)O)C(=O)N[C@@H](CS)C(=O)N[C@@H](CS)C(=O)N[C@H](C(=O)N[C@@H](CO)C(=O)N[C@@H](CS)C(=O)N[C@@H](CC(C)C)C(=O)N[C@@H](CC(C)C)C(=O)N[C@@H](Cc1ccc(O)cc1)C(=O)N[C@@H](CO)C(=O)N[C@@H](CC(N)=O)C(=O)N[C@@H](CCCC[NH3+])C(=O)N[C@@H](CS)C(=O)N[C@@H](CCCNC(N)=[NH2+])C(=O)N[C@@H](CCCNC(N)=[NH2+])C(=O)N[C@H](C=O)Cc1ccc(O)cc1)[C@@H](C)O,CSCC[C@H](NC(=O)CNC(=O)[C@H](CCCNC(N)=[NH2+])NC(=O)[C@H](CO)NC(=O)[C@H](CS)NC(O)C1CC(O)CN1C(=O)[C@@H](NC(=O)CNC(O)C1CC(O)CN1C(=O)[C@H](CO)NC(=O)[C@H](CCCC[NH3+])NC(=O)[C@@H](N)CS)[C@@H](C)O)C(=O)N[C@@H](CCCNC(N)=[NH2+])C(=O)N[C@@H](CC(=O)O)C(=O)N[C@@H](CS)C(=O)N[C@@H](CS)C(=O)N[C@H](C(=O)N[C@@H](CO)C(=O)N[C@@H](CS)C(=O)N[C@@H](CC(C)C)C(=O)N[C@@H](CC(C)C)C(=O)N[C@@H](Cc1ccc(O)cc1)C(=O)N[C@@H](CO)C(=O)N[C@@H](CC(N)=O)C(=O)N[C@@H](CCCC[NH3+])C(=O)N[C@@H](CS)C(=O)N[C@@H](CCCNC(N)=[NH2+])C(=O)N[C@@H](CCCNC(N)=[NH2+])C(=O)N[C@H](C=O)Cc1ccc(O)cc1)[C@@H](C)O,0,0.069908007979393,probability,0.5
cellppd,xgboost_rdkit,xgboost-rdkit,101,test,CC(C)C[C@@H]1NC(=O)[C@H](CC(C)C)NC(=O)[C@H](CCC(N)=O)NC(=O)[C@H](CCCNC(=N)N)NC(=O)[C@H](Cc2c[nH]cn2)NC(=O)[C@@H]2CSSC[C@@H](C(=O)N[C@@H](CC(C)C)C(=O)N[C@@H](CCCNC(=N)N)C(=O)N[C@@H](Cc3ccccc3)C(=O)N[C@H](C(N)=O)C(C)C)NC(=O)[C@H](CSSC[C@H](NC(=O)[C@@H](N)CCC(=O)O)C(=O)N2)NC1=O,CC(C)C[C@@H]1NC(=O)[C@H](CC(C)C)NC(=O)[C@H](CCC(N)=O)NC(=O)[C@H](CCCNC(=N)N)NC(=O)[C@H](Cc2c[nH]cn2)NC(=O)[C@@H]2CSSC[C@@H](C(=O)N[C@@H](CC(C)C)C(=O)N[C@@H](CCCNC(=N)N)C(=O)N[C@@H](Cc3ccccc3)C(=O)N[C@H](C(N)=O)C(C)C)NC(=O)[C@H](CSSC[C@H](NC(=O)[C@@H](N)CCC(=O)O)C(=O)N2)NC1=O,0,0.0027056080289185047,probability,0.5
cellppd,xgboost_rdkit,xgboost-rdkit,101,test,CC(=O)N[C@@H](CCCNC(N)=[NH2+])C(=O)N[C@@H](Cc1c[nH]c2ccccc12)C(=O)N[C@@H](Cc1ccc(O)cc1)C(=O)N[C@@H](CS)C(=O)NCC(N)=O,CC(=O)N[C@@H](CCCNC(N)=[NH2+])C(=O)N[C@@H](Cc1c[nH]c2ccccc12)C(=O)N[C@@H](Cc1ccc(O)cc1)C(=O)N[C@@H](CS)C(=O)NCC(N)=O,0,0.03752431273460388,probability,0.5
cellppd,xgboost_rdkit,xgboost-rdkit,101,test,CC(=O)N[C@@H](CC(C)C)C(=O)N[C@@H](CC(C)C)C(=O)N[C@@H](CCCNC(N)=[NH2+])C(=O)N[C@H](C(=O)N[C@@H](CCCC[NH3+])C(=O)N[C@@H](CCCNC(N)=[NH2+])C(N)=O)C(C)C,CC(=O)N[C@@H](CC(C)C)C(=O)N[C@@H](CC(C)C)C(=O)N[C@@H](CCCNC(N)=[NH2+])C(=O)N[C@H](C(=O)N[C@@H](CCCC[NH3+])C(=O)N[C@@H](CCCNC(N)=[NH2+])C(N)=O)C(C)C,0,0.4409709870815277,probability,0.5
cellppd,xgboost_rdkit,xgboost-rdkit,101,test,CC(C)[C@H](NC(=O)[C@@H](NC(=O)[C@H](CS)NC(=O)CNC(=O)[C@H](CS)NC(O)C1CC(O)CN1C(O)C(CC1CNCN1)NC(=O)[C@H](CS)NC(=O)[C@H](C)NC(=O)[C@H](C)NC(=O)[C@H](CC(N)=O)NC(O)C1CC(O)CN1C(=O)[C@H](Cc1ccc(O)cc1)NC(=O)[C@H](CCCC[NH3+])NC(=O)CNC(=O)[C@H](CS)NC(=O)[C@H](CS)NC(=O)CN)[C@@H](C)O)C(=O)NCC(=O)N[C@@H](CCCNC(N)=[NH2+])C(=O)N1CC(O)CC1C(O)N1CC(O)CC1C(O)N[C@@H](Cc1ccc(O)cc1)C(=O)N[C@@H](CS)C(=O)N[C@@H](CC(=O)O)C(=O)N[C@@H](CCCNC(N)=[NH2+])C(=O)N1CC(O)CC1C(O)N[C@@H](CO)C(=O)NCC(=O)NCC=O,CC(C)[C@H](NC(=O)[C@@H](NC(=O)[C@H](CS)NC(=O)CNC(=O)[C@H](CS)NC(O)C1CC(O)CN1C(O)C(CC1CNCN1)NC(=O)[C@H](CS)NC(=O)[C@H](C)NC(=O)[C@H](C)NC(=O)[C@H](CC(N)=O)NC(O)C1CC(O)CN1C(=O)[C@H](Cc1ccc(O)cc1)NC(=O)[C@H](CCCC[NH3+])NC(=O)CNC(=O)[C@H](CS)NC(=O)[C@H](CS)NC(=O)CN)[C@@H](C)O)C(=O)NCC(=O)N[C@@H](CCCNC(N)=[NH2+])C(=O)N1CC(O)CC1C(O)N1CC(O)CC1C(O)N[C@@H](Cc1ccc(O)cc1)C(=O)N[C@@H](CS)C(=O)N[C@@H](CC(=O)O)C(=O)N[C@@H](CCCNC(N)=[NH2+])C(=O)N1CC(O)CC1C(O)N[C@@H](CO)C(=O)NCC(=O)NCC=O,0,0.021193942055106163,probability,0.5
cellppd,xgboost_rdkit,xgboost-rdkit,101,test,CC[C@H](C)[C@H](NC(=O)[C@@H](N)CCC(N)=O)C(=O)N1CCC[C@H]1C(=O)N[C@@H](Cc1c[nH]c2ccccc12)C(=O)N[C@@H](Cc1ccccc1)C(=O)NC(CC1CNCN1)C(O)N[C@@H](CCCNC(N)=[NH2+])C(N)=O,CC[C@H](C)[C@H](NC(=O)[C@@H](N)CCC(N)=O)C(=O)N1CCC[C@H]1C(=O)N[C@@H](Cc1c[nH]c2ccccc12)C(=O)N[C@@H](Cc1ccccc1)C(=O)NC(CC1CNCN1)C(O)N[C@@H](CCCNC(N)=[NH2+])C(N)=O,0,0.004518786445260048,probability,0.5
cellppd,xgboost_rdkit,xgboost-rdkit,101,test,CC(C)C[C@H](NC(=O)[C@H](CC(C)C)NC(=O)[C@@H](CCCC[NH3+])NC(=O)[C@H](CC(C)C)NC(=O)[C@H](CC(C)C)NC(=O)[C@H](CCCC[NH3+])NC(=O)[C@@H](CCCC[NH3+])NC(=O)[C@@H](CC(C)C)NC(=O)[C@H](CC(C)C)NC(=O)[C@@H](CCCC[NH3+])NC(=O)[C@H](CCCC[NH3+])NC(=O)[C@H](CC(C)C)NC(=O)[C@@H](CC(C)C)NC(=O)[C@H](CCCC[NH3+])NC(=O)[C@@H](N)CC(C)C)C(N)=O,CC(C)C[C@H](NC(=O)[C@H](CC(C)C)NC(=O)[C@@H](CCCC[NH3+])NC(=O)[C@H](CC(C)C)NC(=O)[C@H](CC(C)C)NC(=O)[C@H](CCCC[NH3+])NC(=O)[C@@H](CCCC[NH3+])NC(=O)[C@@H](CC(C)C)NC(=O)[C@H](CC(C)C)NC(=O)[C@@H](CCCC[NH3+])NC(=O)[C@H](CCCC[NH3+])NC(=O)[C@H](CC(C)C)NC(=O)[C@@H](CC(C)C)NC(=O)[C@H](CCCC[NH3+])NC(=O)[C@@H](N)CC(C)C)C(N)=O,0,0.040851838886737823,probability,0.5
cellppd,xgboost_rdkit,xgboost-rdkit,101,test,CC[C@H](C)[C@H](NC(=O)[C@H](CCCC[NH3+])NC(=O)[C@H](CCCC[NH3+])NC(=O)[C@H](Cc1ccccc1)NC(=O)[C@H](CC(C)C)NC(=O)[C@H](CCCC[NH3+])NC(=O)[C@@H](N)CC(C)C)C(=O)N[C@@H](CC(C)C)C(=O)N[C@@H](CCCC[NH3+])C(=O)N[C@@H](Cc1ccc(O)cc1)C(=O)N[C@@H](CC(C)C)C(N)=O,CC[C@H](C)[C@H](NC(=O)[C@H](CCCC[NH3+])NC(=O)[C@H](CCCC[NH3+])NC(=O)[C@H](Cc1ccccc1)NC(=O)[C@H](CC(C)C)NC(=O)[C@H](CCCC[NH3+])NC(=O)[C@@H](N)CC(C)C)C(=O)N[C@@H](CC(C)C)C(=O)N[C@@H](CCCC[NH3+])C(=O)N[C@@H](Cc1ccc(O)cc1)C(=O)N[C@@H](CC(C)C)C(N)=O,0,0.004565676208585501,probability,0.5
cellppd,xgboost_rdkit,xgboost-rdkit,101,test,CC[C@H](C)[C@H](N)C(=O)N[C@@H](CC(N)=O)C(=O)N[C@@H](Cc1c[nH]c2ccccc12)C(=O)N[C@@H](CC(C)C)C(=O)N[C@@H](CCCC[NH3+])C(=O)N[C@@H](CC(C)C)C(=O)NCC(=O)N[C@@H](CCCC[NH3+])C(=O)N[C@@H](CCCC[NH3+])C(=O)N[C@H](C(=O)N[C@@H](CC(C)C)C(=O)NCC(=O)N[C@@H](C)C(=O)N[C@H](C(N)=O)[C@@H](C)CC)[C@@H](C)CC,CC[C@H](C)[C@H](N)C(=O)N[C@@H](CC(N)=O)C(=O)N[C@@H](Cc1c[nH]c2ccccc12)C(=O)N[C@@H](CC(C)C)C(=O)N[C@@H](CCCC[NH3+])C(=O)N[C@@H](CC(C)C)C(=O)NCC(=O)N[C@@H](CCCC[NH3+])C(=O)N[C@@H](CCCC[NH3+])C(=O)N[C@H](C(=O)N[C@@H](CC(C)C)C(=O)NCC(=O)N[C@@H](C)C(=O)N[C@H](C(N)=O)[C@@H](C)CC)[C@@H](C)CC,0,0.001333361491560936,probability,0.5
cellppd,xgboost_rdkit,xgboost-rdkit,101,test,C[C@H](NC(=O)[C@H](C)NC(=O)[C@H](Cc1ccccc1)NC(=O)[C@H](C)NC(=O)[C@H](C)NC(=O)[C@H](CCCNC(N)=[NH2+])NC(=O)[C@H](CCCNC(N)=[NH2+])NC(=O)[C@@H](N)CCCNC(N)=[NH2+])C(=O)N[C@@H](Cc1c[nH]c2ccccc12)C(=O)N[C@@H](C)C(=O)N[C@@H](C)C(=O)N[C@@H](Cc1ccccc1)C(=O)N[C@@H](C)C(=O)N[C@@H](C)C(=O)N[C@@H](CCCNC(N)=[NH2+])C(=O)N[C@@H](CCCNC(N)=[NH2+])C(=O)N[C@@H](CCCNC(N)=[NH2+])C(N)=O,C[C@H](NC(=O)[C@H](C)NC(=O)[C@H](Cc1ccccc1)NC(=O)[C@H](C)NC(=O)[C@H](C)NC(=O)[C@H](CCCNC(N)=[NH2+])NC(=O)[C@H](CCCNC(N)=[NH2+])NC(=O)[C@@H](N)CCCNC(N)=[NH2+])C(=O)N[C@@H](Cc1c[nH]c2ccccc12)C(=O)N[C@@H](C)C(=O)N[C@@H](C)C(=O)N[C@@H](Cc1ccccc1)C(=O)N[C@@H](C)C(=O)N[C@@H](C)C(=O)N[C@@H](CCCNC(N)=[NH2+])C(=O)N[C@@H](CCCNC(N)=[NH2+])C(=O)N[C@@H](CCCNC(N)=[NH2+])C(N)=O,0,0.9639110565185547,probability,0.5
cellppd,xgboost_rdkit,xgboost-rdkit,101,test,CC(C)C[C@H](NC(=O)[C@H](CC(N)=O)NC(=O)[C@H](CO)NC(O)C(CC1CNCN1)NC(=O)[C@H](CCC(=O)O)NC(=O)[C@H](C)NC(O)C(CC1CNCN1)NC(=O)[C@H](CS)NC(=O)[C@@H](NC(=O)[C@@H]1CCCN1C(=O)[C@H](CC(N)=O)NC(=O)[C@H](CO)NC(=O)[C@H](CS)NC(=O)[C@H](CS)NC(=O)CN)C(C)C)C(=O)N[C@@H](CS)C(N)=O,CC(C)C[C@H](NC(=O)[C@H](CC(N)=O)NC(=O)[C@H](CO)NC(O)C(CC1CNCN1)NC(=O)[C@H](CCC(=O)O)NC(=O)[C@H](C)NC(O)C(CC1CNCN1)NC(=O)[C@H](CS)NC(=O)[C@@H](NC(=O)[C@@H]1CCCN1C(=O)[C@H](CC(N)=O)NC(=O)[C@H](CO)NC(=O)[C@H](CS)NC(=O)[C@H](CS)NC(=O)CN)C(C)C)C(=O)N[C@@H](CS)C(N)=O,0,0.0003936010762117803,probability,0.5
cellppd,xgboost_rdkit,xgboost-rdkit,101,test,CC[C@H](C)[C@H](NC(=O)[C@@H](N)CCCNC(N)=[NH2+])C(=O)N[C@@H](CC(C)C)C(=O)N[C@@H](CCCNC(N)=[NH2+])C(=O)NCC(N)=O,CC[C@H](C)[C@H](NC(=O)[C@@H](N)CCCNC(N)=[NH2+])C(=O)N[C@@H](CC(C)C)C(=O)N[C@@H](CCCNC(N)=[NH2+])C(=O)NCC(N)=O,0,0.6801369190216064,probability,0.5
cellppd,xgboost_rdkit,xgboost-rdkit,101,test,CC[C@H](C)[C@H](NC(=O)CN)C(=O)NCC(=O)NCC(=O)N[C@@H](CCCC[NH3+])C(=O)N[C@H](C(=O)N[C@@H](CC(C)C)C(=O)NCC(=O)NCC(=O)N[C@@H](CC(C)C)C(=O)N[C@@H](CCCC[NH3+])C(=O)N[C@H](C(=O)N[C@@H](C)C(=O)N[C@@H](CC(C)C)C(=O)N[C@@H](CCCC[NH3+])C(=O)NCC(=O)N[C@@H](C)C(=O)N[C@@H](C)C(=O)N[C@@H](CCCC[NH3+])C(=O)N[C@@H](CCC(=O)O)C(=O)N[C@@H](CC(C)C)C(=O)N[C@@H](C)C(=O)N[C@@H](CO)C(=O)N[C@H](C(=O)N[C@@H](Cc1ccc(O)cc1)C(=O)N[C@@H](CC(C)C)C(=O)NC(CC1CNCN1)C(N)O)[C@@H](C)O)[C@@H](C)O)[C@@H](C)CC,CC[C@H](C)[C@H](NC(=O)CN)C(=O)NCC(=O)NCC(=O)N[C@@H](CCCC[NH3+])C(=O)N[C@H](C(=O)N[C@@H](CC(C)C)C(=O)NCC(=O)NCC(=O)N[C@@H](CC(C)C)C(=O)N[C@@H](CCCC[NH3+])C(=O)N[C@H](C(=O)N[C@@H](C)C(=O)N[C@@H](CC(C)C)C(=O)N[C@@H](CCCC[NH3+])C(=O)NCC(=O)N[C@@H](C)C(=O)N[C@@H](C)C(=O)N[C@@H](CCCC[NH3+])C(=O)N[C@@H](CCC(=O)O)C(=O)N[C@@H](CC(C)C)C(=O)N[C@@H](C)C(=O)N[C@@H](CO)C(=O)N[C@H](C(=O)N[C@@H](Cc1ccc(O)cc1)C(=O)N[C@@H](CC(C)C)C(=O)NC(CC1CNCN1)C(N)O)[C@@H](C)O)[C@@H](C)O)[C@@H](C)CC,0,0.021093562245368958,probability,0.5
cellppd,xgboost_rdkit,xgboost-rdkit,101,test,CC[C@H](C)[C@H](NC(=O)[C@H](CCC(N)=O)NC(=O)[C@@H]1CCCN1C(=O)[C@H](CC(N)=O)NC(O)C(CC1CNCN1)NC(=O)[C@@H](NC(=O)[C@@H](NC(=O)[C@H](CS)NC(=O)[C@@H](NC(=O)[C@@H]1CCCN1C(=O)[C@H](CC(N)=O)NC(=O)[C@H](CO)NC(=O)[C@H](CS)NC(=O)[C@H](CS)NC(=O)[C@@H]1CCCN1C(=O)[C@H](CC(=O)O)NC(O)C(N)CCCNC(N)N(C)C)C(C)C)[C@@H](C)O)C(C)C)C(=O)N[C@@H](CS)C(N)=O,CC[C@H](C)[C@H](NC(=O)[C@H](CCC(N)=O)NC(=O)[C@@H]1CCCN1C(=O)[C@H](CC(N)=O)NC(O)C(CC1CNCN1)NC(=O)[C@@H](NC(=O)[C@@H](NC(=O)[C@H](CS)NC(=O)[C@@H](NC(=O)[C@@H]1CCCN1C(=O)[C@H](CC(N)=O)NC(=O)[C@H](CO)NC(=O)[C@H](CS)NC(=O)[C@H](CS)NC(=O)[C@@H]1CCCN1C(=O)[C@H](CC(=O)O)NC(O)C(N)CCCNC(N)N(C)C)C(C)C)[C@@H](C)O)C(C)C)C(=O)N[C@@H](CS)C(N)=O,0,0.001917417743243277,probability,0.5
cellppd,xgboost_rdkit,xgboost-rdkit,101,test,CC[C@H](C)[C@H](NC(=O)CN)C(=O)NCC(=O)N[C@@H](CCCC[NH3+])C(=O)N[C@@H](Cc1ccccc1)C(=O)N[C@@H](CC(C)C)C(=O)NC(CC1CNCN1)C(O)N[C@@H](CCCC[NH3+])C(=O)N[C@H](C(=O)NCC(=O)N[C@@H](CO)C(=O)N[C@@H](Cc1ccccc1)C(=O)N[C@H](C(=O)N[C@@H](CCCC[NH3+])C(=O)N[C@@H](CO)C(=O)N[C@@H](Cc1c[nH]c2ccccc12)C(=O)N[C@@H](CCCC[NH3+])C(=O)NCC(=O)N[C@@H](CCC(=O)O)C(=O)N[C@H](C(=O)N[C@@H](CCSC)C(=O)N[C@@H](CC(N)=O)C(=O)N[C@@H](CO)C(N)=O)[C@@H](C)CC)[C@@H](C)CC)C(C)C,CC[C@H](C)[C@H](NC(=O)CN)C(=O)NCC(=O)N[C@@H](CCCC[NH3+])C(=O)N[C@@H](Cc1ccccc1)C(=O)N[C@@H](CC(C)C)C(=O)NC(CC1CNCN1)C(O)N[C@@H](CCCC[NH3+])C(=O)N[C@H](C(=O)NCC(=O)N[C@@H](CO)C(=O)N[C@@H](Cc1ccccc1)C(=O)N[C@H](C(=O)N[C@@H](CCCC[NH3+])C(=O)N[C@@H](CO)C(=O)N[C@@H](Cc1c[nH]c2ccccc12)C(=O)N[C@@H](CCCC[NH3+])C(=O)NCC(=O)N[C@@H](CCC(=O)O)C(=O)N[C@H](C(=O)N[C@@H](CCSC)C(=O)N[C@@H](CC(N)=O)C(=O)N[C@@H](CO)C(N)=O)[C@@H](C)CC)[C@@H](C)CC)C(C)C,0,0.017178833484649658,probability,0.5
cellppd,xgboost_rdkit,xgboost-rdkit,101,test,CCCCC(NC(=O)[C@@H](NC(=O)[C@H](CCCC[NH3+])NC(=O)[C@@H]1CCCN1C(=O)[C@H](CC(C)C)NC(=O)[C@H](CO)NC(=O)[C@H](CCCC[NH3+])NC(=O)[C@H](CCCC[NH3+])NC(=O)[C@H](CC(C)C)NC(=O)[C@H](CO)NC(=O)[C@H](CO)NC(=O)[C@H](CC(C)C)NC(=O)[C@H](Cc1ccccc1)NC(=O)CN)C(C)C)C(O)N[C@@H](C)C(=O)NC(CC1CNCN1)C(O)NC(CCCC)C(O)N[C@@H](CCCC[NH3+])C(N)=O,CCCCC(NC(=O)[C@@H](NC(=O)[C@H](CCCC[NH3+])NC(=O)[C@@H]1CCCN1C(=O)[C@H](CC(C)C)NC(=O)[C@H](CO)NC(=O)[C@H](CCCC[NH3+])NC(=O)[C@H](CCCC[NH3+])NC(=O)[C@H](CC(C)C)NC(=O)[C@H](CO)NC(=O)[C@H](CO)NC(=O)[C@H](CC(C)C)NC(=O)[C@H](Cc1ccccc1)NC(=O)CN)C(C)C)C(O)N[C@@H](C)C(=O)NC(CC1CNCN1)C(O)NC(CCCC)C(O)N[C@@H](CCCC[NH3+])C(N)=O,0,0.014694219455122948,probability,0.5
cellppd,xgboost_rdkit,xgboost-rdkit,101,test,CC(C)C[C@@H]1NC(=O)[C@H](CCCC[NH3+])NC(=O)[C@H](C(C)C)NC(=O)[C@@H]2CCCN2C(=O)[C@@H](Cc2ccc(O)cc2)NC(=O)[C@H](CC(C)C)NC(=O)[C@H](CCCC[NH3+])NC(=O)[C@H](C(C)C)NC(=O)[C@H](CCCC[NH3+])NC(=O)[C@H](CC(C)C)NC(=O)[C@H]2CCCN2C(=O)[C@@H](Cc2ccc(O)cc2)NC(=O)[C@H](C(C)C)NC(=O)[C@H](CCCC[NH3+])NC1=O,CC(C)C[C@@H]1NC(=O)[C@H](CCCC[NH3+])NC(=O)[C@H](C(C)C)NC(=O)[C@@H]2CCCN2C(=O)[C@@H](Cc2ccc(O)cc2)NC(=O)[C@H](CC(C)C)NC(=O)[C@H](CCCC[NH3+])NC(=O)[C@H](C(C)C)NC(=O)[C@H](CCCC[NH3+])NC(=O)[C@H](CC(C)C)NC(=O)[C@H]2CCCN2C(=O)[C@@H](Cc2ccc(O)cc2)NC(=O)[C@H](C(C)C)NC(=O)[C@H](CCCC[NH3+])NC1=O,0,0.00328309228643775,probability,0.5
cellppd,xgboost_rdkit,xgboost-rdkit,101,test,CC[C@H](C)[C@H](NC(=O)[C@H](CCCC[NH3+])NC(=O)[C@H](CCCC[NH3+])NC(=O)[C@H](CCC(N)=O)NC(=O)CN)C(=O)N[C@@H](CCCNC(N)=[NH2+])C(=O)N[C@H](C(=O)N[C@@H](CCCNC(N)=[NH2+])C(=O)N[C@@H](CC(C)C)C(=O)N[C@@H](CO)C(N)=O)C(C)C,CC[C@H](C)[C@H](NC(=O)[C@H](CCCC[NH3+])NC(=O)[C@H](CCCC[NH3+])NC(=O)[C@H](CCC(N)=O)NC(=O)CN)C(=O)N[C@@H](CCCNC(N)=[NH2+])C(=O)N[C@H](C(=O)N[C@@H](CCCNC(N)=[NH2+])C(=O)N[C@@H](CC(C)C)C(=O)N[C@@H](CO)C(N)=O)C(C)C,0,0.6350646018981934,probability,0.5
cellppd,xgboost_rdkit,xgboost-rdkit,101,test,CC[C@H](C)[C@H](NC(=O)[C@H](CCCC[NH3+])NC(=O)CNC(=O)[C@@H](NC(=O)[C@H](CC(C)C)NC(O)C(CC1CNCN1)NC(=O)[C@H](C)NC(=O)[C@H](CC(C)C)NC(=O)[C@H](CC(C)C)NC(=O)[C@H](CC(=O)O)NC(=O)[C@H](CCCC[NH3+])NC(=O)CNC(=O)[C@H](C)NC(=O)CNC(=O)[C@H](CCCC[NH3+])NC(=O)[C@H](CC(C)C)NC(=O)[C@@H](NC(=O)[C@H](CC(=O)O)NC(=O)[C@@H](NC(=O)[C@@H](NC(=O)CN)C(C)C)C(C)C)[C@@H](C)CC)C(C)C)C(=O)N[C@@H](CO)C(=O)N[C@@H](CCC(=O)O)C(=O)N[C@@H](CCCC[NH3+])C(=O)N[C@H](C(N)=O)C(C)C,CC[C@H](C)[C@H](NC(=O)[C@H](CCCC[NH3+])NC(=O)CNC(=O)[C@@H](NC(=O)[C@H](CC(C)C)NC(O)C(CC1CNCN1)NC(=O)[C@H](C)NC(=O)[C@H](CC(C)C)NC(=O)[C@H](CC(C)C)NC(=O)[C@H](CC(=O)O)NC(=O)[C@H](CCCC[NH3+])NC(=O)CNC(=O)[C@H](C)NC(=O)CNC(=O)[C@H](CCCC[NH3+])NC(=O)[C@H](CC(C)C)NC(=O)[C@@H](NC(=O)[C@H](CC(=O)O)NC(=O)[C@@H](NC(=O)[C@@H](NC(=O)CN)C(C)C)C(C)C)[C@@H](C)CC)C(C)C)C(=O)N[C@@H](CO)C(=O)N[C@@H](CCC(=O)O)C(=O)N[C@@H](CCCC[NH3+])C(=O)N[C@H](C(N)=O)C(C)C,0,0.0015060892328619957,probability,0.5
cellppd,xgboost_rdkit,xgboost-rdkit,101,test,CC[C@H](C)[C@@H]1NC(=O)[C@H](CCCNC(=N)N)NC(=O)CNC(=O)[C@@H]2CSSC[C@@H](C(=O)N3CCC[C@H]3C(=O)N[C@@H](CCC(=O)O)C(=O)N[C@H](C(=O)N[C@H](C(=O)N[C@@H](CS)C(=O)N3CCC[C@H]3C(=O)N[C@@H](CCCCN)C(=O)N[C@@H](CC(N)=O)C(=O)O)C(C)C)C(C)C)NC(=O)[C@H]([C@@H](C)CC)NC(=O)[C@H](CS)NC(=O)[C@H](CCCNC(=N)N)NC(=O)[C@H](CO)NC(=O)[C@H](CSSC[C@H](NC(=O)[C@H](CCC(=O)O)NC(=O)[C@@H](NC(=O)[C@H](Cc3c[nH]c4ccccc34)NC(=O)[C@H](Cc3ccc(O)cc3)NC(=O)[C@H](CCC(N)=O)NC(=O)[C@@H]3CCCN3C(=O)[C@@H](NC(=O)[C@H](CC(C)C)NC(=O)[C@H](CC(=O)O)NC(=O)[C@H](CC(N)=O)NC(=O)[C@@H](N)CC(C)C)C(C)C)[C@@H](C)O)C(=O)N2)NC(=O)[C@H](Cc2c[nH]cn2)NC(=O)[C@@H]2CCCN2C(=O)CNC1=O,CC[C@H](C)[C@@H]1NC(=O)[C@H](CCCNC(=N)N)NC(=O)CNC(=O)[C@@H]2CSSC[C@@H](C(=O)N3CCC[C@H]3C(=O)N[C@@H](CCC(=O)O)C(=O)N[C@H](C(=O)N[C@H](C(=O)N[C@@H](CS)C(=O)N3CCC[C@H]3C(=O)N[C@@H](CCCCN)C(=O)N[C@@H](CC(N)=O)C(=O)O)C(C)C)C(C)C)NC(=O)[C@H]([C@@H](C)CC)NC(=O)[C@H](CS)NC(=O)[C@H](CCCNC(=N)N)NC(=O)[C@H](CO)NC(=O)[C@H](CSSC[C@H](NC(=O)[C@H](CCC(=O)O)NC(=O)[C@@H](NC(=O)[C@H](Cc3c[nH]c4ccccc34)NC(=O)[C@H](Cc3ccc(O)cc3)NC(=O)[C@H](CCC(N)=O)NC(=O)[C@@H]3CCCN3C(=O)[C@@H](NC(=O)[C@H](CC(C)C)NC(=O)[C@H](CC(=O)O)NC(=O)[C@H](CC(N)=O)NC(=O)[C@@H](N)CC(C)C)C(C)C)[C@@H](C)O)C(=O)N2)NC(=O)[C@H](Cc2c[nH]cn2)NC(=O)[C@@H]2CCCN2C(=O)CNC1=O,0,0.03268323466181755,probability,0.5
cellppd,xgboost_rdkit,xgboost-rdkit,101,test,CC(C)C[C@H](NC(=O)[C@H](Cc1ccccc1)NC(=O)[C@H](C)NC(=O)CNC(=O)[C@H](Cc1c[nH]c2ccccc12)NC(=O)[C@H](CC(N)=O)NC(=O)[C@@H](N)CC(C)C)C(=O)N[C@@H](CCCC[NH3+])C(=O)NC(CC1CNCN1)C(O)N[C@@H](Cc1ccccc1)C(=O)N[C@@H](Cc1ccccc1)C(=O)N[C@@H](CCCC[NH3+])C(N)=O,CC(C)C[C@H](NC(=O)[C@H](Cc1ccccc1)NC(=O)[C@H](C)NC(=O)CNC(=O)[C@H](Cc1c[nH]c2ccccc12)NC(=O)[C@H](CC(N)=O)NC(=O)[C@@H](N)CC(C)C)C(=O)N[C@@H](CCCC[NH3+])C(=O)NC(CC1CNCN1)C(O)N[C@@H](Cc1ccccc1)C(=O)N[C@@H](Cc1ccccc1)C(=O)N[C@@H](CCCC[NH3+])C(N)=O,0,0.026463817805051804,probability,0.5
cellppd,xgboost_rdkit,xgboost-rdkit,101,test,CC[C@H](C)[C@H](N)C(=O)N[C@@H](CC(N)=O)C(=O)N[C@@H](Cc1c[nH]c2ccccc12)C(=O)N[C@@H](CCCC[NH3+])C(=O)N[C@@H](CCCC[NH3+])C(=O)N[C@H](C(=O)N[C@@H](C)C(=O)N[C@@H](CO)C(=O)N[C@H](C(=O)NCC(=O)N[C@@H](CCCC[NH3+])C(=O)N[C@@H](CCC(=O)O)C(=O)N[C@H](C(=O)N[C@@H](CC(C)C)C(=O)N[C@@H](CCCC[NH3+])C(=O)N[C@@H](C)C(=O)N[C@@H](CC(C)C)C(N)=O)C(C)C)[C@@H](C)CC)[C@@H](C)CC,CC[C@H](C)[C@H](N)C(=O)N[C@@H](CC(N)=O)C(=O)N[C@@H](Cc1c[nH]c2ccccc12)C(=O)N[C@@H](CCCC[NH3+])C(=O)N[C@@H](CCCC[NH3+])C(=O)N[C@H](C(=O)N[C@@H](C)C(=O)N[C@@H](CO)C(=O)N[C@H](C(=O)NCC(=O)N[C@@H](CCCC[NH3+])C(=O)N[C@@H](CCC(=O)O)C(=O)N[C@H](C(=O)N[C@@H](CC(C)C)C(=O)N[C@@H](CCCC[NH3+])C(=O)N[C@@H](C)C(=O)N[C@@H](CC(C)C)C(N)=O)C(C)C)[C@@H](C)CC)[C@@H](C)CC,0,0.23106248676776886,probability,0.5
cellppd,xgboost_rdkit,xgboost-rdkit,101,test,CC[C@H](C)[C@H](NC(=O)[C@H](CCC(=O)O)NC(=O)[C@@H]1CCCN1C(O)C(CC1CNCN1)NC(=O)[C@H](CC(=O)O)NC(=O)[C@H](Cc1ccc(O)cc1)NC(=O)[C@H](CC(N)=O)NC(=O)[C@H](CS)NC(=O)[C@H](CCCNC(N)=[NH2+])NC(=O)[C@@H]1CCCN1C(=O)[C@H](CC(=O)O)NC(=O)[C@H](CO)NC(=O)[C@H](CS)NC(=O)[C@H](CS)NC(=O)[C@H](C)N)C(=O)N[C@@H](CS)C(N)=O,CC[C@H](C)[C@H](NC(=O)[C@H](CCC(=O)O)NC(=O)[C@@H]1CCCN1C(O)C(CC1CNCN1)NC(=O)[C@H](CC(=O)O)NC(=O)[C@H](Cc1ccc(O)cc1)NC(=O)[C@H](CC(N)=O)NC(=O)[C@H](CS)NC(=O)[C@H](CCCNC(N)=[NH2+])NC(=O)[C@@H]1CCCN1C(=O)[C@H](CC(=O)O)NC(=O)[C@H](CO)NC(=O)[C@H](CS)NC(=O)[C@H](CS)NC(=O)[C@H](C)N)C(=O)N[C@@H](CS)C(N)=O,0,0.0030444918666034937,probability,0.5
cellppd,xgboost_rdkit,xgboost-rdkit,101,test,CC[C@H](C)[C@H](NC(=O)[C@H](CCC(=O)O)NC(=O)[C@@H]1CCCN1C(O)C(CC1CNCN1)NC(=O)[C@H](CC(=O)O)NC(=O)[C@H](Cc1ccc(O)cc1)NC(=O)[C@H](C)NC(=O)[C@H](CS)NC(=O)[C@H](CCCNC(N)=[NH2+])NC(=O)[C@@H]1CCCN1C(=O)[C@H](CC(=O)O)NC(=O)[C@H](CO)NC(=O)[C@H](CS)NC(=O)[C@H](CS)NC(=O)CN)C(=O)N[C@@H](CS)C(N)=O,CC[C@H](C)[C@H](NC(=O)[C@H](CCC(=O)O)NC(=O)[C@@H]1CCCN1C(O)C(CC1CNCN1)NC(=O)[C@H](CC(=O)O)NC(=O)[C@H](Cc1ccc(O)cc1)NC(=O)[C@H](C)NC(=O)[C@H](CS)NC(=O)[C@H](CCCNC(N)=[NH2+])NC(=O)[C@@H]1CCCN1C(=O)[C@H](CC(=O)O)NC(=O)[C@H](CO)NC(=O)[C@H](CS)NC(=O)[C@H](CS)NC(=O)CN)C(=O)N[C@@H](CS)C(N)=O,0,0.0015969611704349518,probability,0.5
cellppd,xgboost_rdkit,xgboost-rdkit,101,test,CC[C@H](C)[C@H](NC(=O)[C@@H](NC(=O)[C@@H]1CCCN1C(=O)[C@@H](NC(=O)[C@@H](NC(=O)[C@H](CCCNC(N)=[NH2+])NC(=O)[C@@H]1CCCN1C(=O)[C@@H](NC(=O)[C@@H](NC(O)C(CC1CNCN1)NC(=O)[C@H](CCCC[NH3+])NC(=O)[C@H](C)NC(=O)[C@@H](NC(=O)[C@H](CO)NC(=O)CNC(=O)[C@H](CC(C)C)NC(=O)[C@@H](NC(=O)[C@H](CO)NC(=O)[C@H](Cc1ccccc1)NC(=O)[C@H](CC(C)C)NC(=O)CN)C(C)C)C(C)C)C(C)C)C(C)C)C(C)C)C(C)C)C(C)C)C(=O)N[C@@H](C)C(=O)N[C@@H](CCC(=O)O)C(=O)NC(CC1CNCN1)C(O)N[C@@H](CC(C)C)C(N)=O,CC[C@H](C)[C@H](NC(=O)[C@@H](NC(=O)[C@@H]1CCCN1C(=O)[C@@H](NC(=O)[C@@H](NC(=O)[C@H](CCCNC(N)=[NH2+])NC(=O)[C@@H]1CCCN1C(=O)[C@@H](NC(=O)[C@@H](NC(O)C(CC1CNCN1)NC(=O)[C@H](CCCC[NH3+])NC(=O)[C@H](C)NC(=O)[C@@H](NC(=O)[C@H](CO)NC(=O)CNC(=O)[C@H](CC(C)C)NC(=O)[C@@H](NC(=O)[C@H](CO)NC(=O)[C@H](Cc1ccccc1)NC(=O)[C@H](CC(C)C)NC(=O)CN)C(C)C)C(C)C)C(C)C)C(C)C)C(C)C)C(C)C)C(C)C)C(=O)N[C@@H](C)C(=O)N[C@@H](CCC(=O)O)C(=O)NC(CC1CNCN1)C(O)N[C@@H](CC(C)C)C(N)=O,0,0.006399832665920258,probability,0.5
cellppd,xgboost_rdkit,xgboost-rdkit,101,test,CC(C)[C@H](NC(=O)[C@H](CCCC[NH3+])NC(=O)[C@@H](NC(=O)[C@H](CCCC[NH3+])NC(=O)[C@@H](NC(=O)[C@H](CCCC[NH3+])NC(=O)[C@@H](NC(=O)[C@@H]1CCCN1C(=O)[C@H]1CCCN1C(=O)[C@@H](NC(=O)[C@H](CCCC[NH3+])NC(=O)[C@@H](NC(=O)[C@H](CCCC[NH3+])NC(=O)[C@@H](NC(=O)[C@H](CCCC[NH3+])NC(=O)[C@@H](NC(=O)[C@@H](N)CCCC[NH3+])C(C)C)C(C)C)C(C)C)C(C)C)[C@@H](C)O)C(C)C)C(C)C)C(=O)N[C@@H](CCCC[NH3+])C(N)=O,CC(C)[C@H](NC(=O)[C@H](CCCC[NH3+])NC(=O)[C@@H](NC(=O)[C@H](CCCC[NH3+])NC(=O)[C@@H](NC(=O)[C@H](CCCC[NH3+])NC(=O)[C@@H](NC(=O)[C@@H]1CCCN1C(=O)[C@H]1CCCN1C(=O)[C@@H](NC(=O)[C@H](CCCC[NH3+])NC(=O)[C@@H](NC(=O)[C@H](CCCC[NH3+])NC(=O)[C@@H](NC(=O)[C@H](CCCC[NH3+])NC(=O)[C@@H](NC(=O)[C@@H](N)CCCC[NH3+])C(C)C)C(C)C)C(C)C)C(C)C)[C@@H](C)O)C(C)C)C(C)C)C(=O)N[C@@H](CCCC[NH3+])C(N)=O,0,0.03996606916189194,probability,0.5
cellppd,xgboost_rdkit,xgboost-rdkit,101,test,CC(C)C[C@H](NC(=O)[C@H](CC(C)C)NC(=O)[C@H](CCCC[NH3+])NC(=O)CNC(=O)[C@H](CC(C)C)NC(=O)[C@H](CC(C)C)NC(=O)[C@H](CO)NC(=O)[C@H](C)NC(=O)[C@H](Cc1ccccc1)NC(=O)[C@H](Cc1ccccc1)NC(=O)[C@@H]1CCCN1C(=O)[C@H](CC(C)C)NC(=O)[C@@H](N)Cc1ccccc1)C(N)=O,CC(C)C[C@H](NC(=O)[C@H](CC(C)C)NC(=O)[C@H](CCCC[NH3+])NC(=O)CNC(=O)[C@H](CC(C)C)NC(=O)[C@H](CC(C)C)NC(=O)[C@H](CO)NC(=O)[C@H](C)NC(=O)[C@H](Cc1ccccc1)NC(=O)[C@H](Cc1ccccc1)NC(=O)[C@@H]1CCCN1C(=O)[C@H](CC(C)C)NC(=O)[C@@H](N)Cc1ccccc1)C(N)=O,0,0.0003778132959268987,probability,0.5
cellppd,xgboost_rdkit,xgboost-rdkit,101,test,C[C@H](NC(=O)[C@H](Cc1ccc(O)cc1)NC(=O)[C@H](CC(N)=O)NC(=O)[C@H](CCCC[NH3+])NC(=O)CNC(=O)[C@H](CS)NC(=O)[C@H](C)NC(=O)[C@@H]1CCCN1C(O)C(CC1CNCN1)NC(=O)[C@H](CS)NC(=O)[C@H](CS)NC(=O)[C@H](CCCNC(N)=[NH2+])NC(=O)CN)C(=O)N[C@@H](CS)C(N)=O,C[C@H](NC(=O)[C@H](Cc1ccc(O)cc1)NC(=O)[C@H](CC(N)=O)NC(=O)[C@H](CCCC[NH3+])NC(=O)CNC(=O)[C@H](CS)NC(=O)[C@H](C)NC(=O)[C@@H]1CCCN1C(O)C(CC1CNCN1)NC(=O)[C@H](CS)NC(=O)[C@H](CS)NC(=O)[C@H](CCCNC(N)=[NH2+])NC(=O)CN)C(=O)N[C@@H](CS)C(N)=O,0,0.0018355069914832711,probability,0.5
cellppd,xgboost_rdkit,xgboost-rdkit,101,test,CC(C)C[C@H]1NC(=O)[C@@H](C(C)C)NC(=O)[C@@H]2CCCN2C(=O)[C@@H](CC(=O)O)NC(=O)[C@@H](Cc2c[nH]c3ccccc23)NC1=O,CC(C)C[C@H]1NC(=O)[C@@H](C(C)C)NC(=O)[C@@H]2CCCN2C(=O)[C@@H](CC(=O)O)NC(=O)[C@@H](Cc2c[nH]c3ccccc23)NC1=O,0,0.0014607501216232777,probability,0.5
cellppd,xgboost_rdkit,xgboost-rdkit,101,test,CC[C@H](C)[C@@H]1NC(=O)CNC(=O)[C@H](CCCNC(N)=[NH2+])NC(=O)[C@H](Cc2ccc(O)cc2)NC(=O)[C@@H]2CSSC[C@H](NC1=O)C(=O)N[C@@H](Cc1ccc(O)cc1)C(=O)N[C@@H](CCCNC(N)=[NH2+])C(=O)N[C@@H](CCCNC(N)=[NH2+])C(=O)N[C@H](C(=O)N[C@@H](CCCNC(N)=[NH2+])C(=O)O)CSSC[C@H](NC(=O)[C@H](Cc1c[nH]c3ccccc13)NC(=O)[C@@H]([NH3+])CCCC[NH3+])C(=O)N[C@@H](Cc1ccccc1)C(=O)N[C@@H](CCCNC(N)=[NH2+])C(=O)N[C@@H](C(C)C)C(=O)N2,CC[C@H](C)[C@@H]1NC(=O)CNC(=O)[C@H](CCCNC(N)=[NH2+])NC(=O)[C@H](Cc2ccc(O)cc2)NC(=O)[C@@H]2CSSC[C@H](NC1=O)C(=O)N[C@@H](Cc1ccc(O)cc1)C(=O)N[C@@H](CCCNC(N)=[NH2+])C(=O)N[C@@H](CCCNC(N)=[NH2+])C(=O)N[C@H](C(=O)N[C@@H](CCCNC(N)=[NH2+])C(=O)O)CSSC[C@H](NC(=O)[C@H](Cc1c[nH]c3ccccc13)NC(=O)[C@@H]([NH3+])CCCC[NH3+])C(=O)N[C@@H](Cc1ccccc1)C(=O)N[C@@H](CCCNC(N)=[NH2+])C(=O)N[C@@H](C(C)C)C(=O)N2,0,0.08384980261325836,probability,0.5
cellppd,xgboost_rdkit,xgboost-rdkit,101,test,CC[C@H](C)[C@H](NC(=O)[C@H](CO)NC(=O)[C@H](C)NC(=O)[C@@H]1CCCN1C(=O)[C@H](CC(C)C)NC(=O)CN)C(=O)N[C@@H](CO)C(=O)N[C@@H](Cc1c[nH]c2ccccc12)C(=O)N[C@H](C(=O)N[C@@H](CCCC[NH3+])C(=O)N[C@@H](CCCNC(N)=[NH2+])C(=O)N[C@@H](CCCC[NH3+])C(=O)N[C@@H](CCCNC(N)=[NH2+])C(=O)N[C@@H](CCC(N)=O)C(=O)N[C@@H](CCC(N)=O)C(N)=O)[C@@H](C)CC,CC[C@H](C)[C@H](NC(=O)[C@H](CO)NC(=O)[C@H](C)NC(=O)[C@@H]1CCCN1C(=O)[C@H](CC(C)C)NC(=O)CN)C(=O)N[C@@H](CO)C(=O)N[C@@H](Cc1c[nH]c2ccccc12)C(=O)N[C@H](C(=O)N[C@@H](CCCC[NH3+])C(=O)N[C@@H](CCCNC(N)=[NH2+])C(=O)N[C@@H](CCCC[NH3+])C(=O)N[C@@H](CCCNC(N)=[NH2+])C(=O)N[C@@H](CCC(N)=O)C(=O)N[C@@H](CCC(N)=O)C(N)=O)[C@@H](C)CC,0,0.020181480795145035,probability,0.5
cellppd,xgboost_rdkit,xgboost-rdkit,101,test,CC[C@H](C)[C@H](NC(=O)[C@H](CC(C)C)NC(=O)[C@@H]1CCCN1C(=O)[C@H](CC(C)C)NC(=O)[C@@H](N)C(C)C)C(=O)N[C@@H](CO)C(=O)N[C@@H](CCSC)C(=O)N[C@@H](C)C(=O)N[C@@H](CC(C)C)C(=O)NCC(=O)N[C@@H](CCCC[NH3+])C(=O)N[C@@H](CC(C)C)C(=O)N[C@@H](CC(C)C)C(N)=O,CC[C@H](C)[C@H](NC(=O)[C@H](CC(C)C)NC(=O)[C@@H]1CCCN1C(=O)[C@H](CC(C)C)NC(=O)[C@@H](N)C(C)C)C(=O)N[C@@H](CO)C(=O)N[C@@H](CCSC)C(=O)N[C@@H](C)C(=O)N[C@@H](CC(C)C)C(=O)NCC(=O)N[C@@H](CCCC[NH3+])C(=O)N[C@@H](CC(C)C)C(=O)N[C@@H](CC(C)C)C(N)=O,0,0.040392644703388214,probability,0.5
cellppd,xgboost_rdkit,xgboost-rdkit,101,test,C[C@H](NC(=O)CNC(=O)[C@H](CS)NC(=O)[C@H](C)NC(=O)[C@@H]1CCCN1C(=O)[C@H](CC(N)=O)NC(=O)[C@H](CS)NC(=O)[C@H](CS)NC(=O)[C@@H](N)CCC(=O)O)C(=O)NC(CC1CNCN1)C(O)N[C@@H](Cc1ccc(O)cc1)C(=O)N[C@@H](CO)C(=O)N[C@@H](CS)C(N)=O,C[C@H](NC(=O)CNC(=O)[C@H](CS)NC(=O)[C@H](C)NC(=O)[C@@H]1CCCN1C(=O)[C@H](CC(N)=O)NC(=O)[C@H](CS)NC(=O)[C@H](CS)NC(=O)[C@@H](N)CCC(=O)O)C(=O)NC(CC1CNCN1)C(O)N[C@@H](Cc1ccc(O)cc1)C(=O)N[C@@H](CO)C(=O)N[C@@H](CS)C(N)=O,0,0.0008027123403735459,probability,0.5
cellppd,xgboost_rdkit,xgboost-rdkit,101,test,CC[C@H](C)[C@H](NC(=O)[C@H](Cc1c[nH]c2ccccc12)NC(=O)[C@H](CS)NC(=O)[C@H](CS)NC(=O)[C@@H](N)CC(C)C)C(=O)NC(CC1CNCN1)C(O)N[C@@H](Cc1c[nH]c2ccccc12)C(=O)N[C@@H](CS)C(=O)NC(CC1CNCN1)C(O)N[C@@H](C)C(=O)N[C@@H](CCCNC(N)=[NH2+])C(=O)N[C@@H](CS)C(=O)N[C@H](C(=O)N[C@@H](CS)C(=O)N[C@@H](CS)C(N)=O)[C@@H](C)O,CC[C@H](C)[C@H](NC(=O)[C@H](Cc1c[nH]c2ccccc12)NC(=O)[C@H](CS)NC(=O)[C@H](CS)NC(=O)[C@@H](N)CC(C)C)C(=O)NC(CC1CNCN1)C(O)N[C@@H](Cc1c[nH]c2ccccc12)C(=O)N[C@@H](CS)C(=O)NC(CC1CNCN1)C(O)N[C@@H](C)C(=O)N[C@@H](CCCNC(N)=[NH2+])C(=O)N[C@@H](CS)C(=O)N[C@H](C(=O)N[C@@H](CS)C(=O)N[C@@H](CS)C(N)=O)[C@@H](C)O,0,0.00629231333732605,probability,0.5
cellppd,xgboost_rdkit,xgboost-rdkit,101,test,CC(C)C[C@@H]1NC(O)C(CCC[NH3+])NC(=O)[C@H](C(C)C)NC(=O)[C@@H]2CCCN2C(O)C(CC2CCCC3CCCCC32)NC(=O)[C@H](CC(C)C)NC(O)C(CCC[NH3+])NC(=O)[C@H](C(C)C)NC(=O)[C@@H]2CCCN2C(O)C(CC2CCCC3CCCCC32)NC1=O,CC(C)C[C@@H]1NC(O)C(CCC[NH3+])NC(=O)[C@H](C(C)C)NC(=O)[C@@H]2CCCN2C(O)C(CC2CCCC3CCCCC32)NC(=O)[C@H](CC(C)C)NC(O)C(CCC[NH3+])NC(=O)[C@H](C(C)C)NC(=O)[C@@H]2CCCN2C(O)C(CC2CCCC3CCCCC32)NC1=O,0,0.29569119215011597,probability,0.5
cellppd,xgboost_rdkit,xgboost-rdkit,101,test,NC(=O)[C@H](Cc1c[nH]c2ccccc12)NC(O)C(CC1CNCN1)NC(=O)[C@H](CS)NC(=O)[C@H](CS)NC(=O)[C@H](CCC(=O)O)NC(=O)[C@H](Cc1ccccc1)NC=O,NC(=O)[C@H](Cc1c[nH]c2ccccc12)NC(O)C(CC1CNCN1)NC(=O)[C@H](CS)NC(=O)[C@H](CS)NC(=O)[C@H](CCC(=O)O)NC(=O)[C@H](Cc1ccccc1)NC=O,0,0.0025681513361632824,probability,0.5
cellppd,xgboost_rdkit,xgboost-rdkit,101,test,CC(C)C[C@H](NC(=O)[C@H](C)NC(=O)[C@H](CCCC[NH3+])NC(=O)[C@H](CCCC[NH3+])NC(=O)[C@H](C)NC(=O)CNC(=O)[C@H](CCCC[NH3+])NC(=O)[C@H](CC(C)C)NC(=O)[C@H](CC(C)C)NC(=O)[C@H](CC(=O)O)NC(=O)[C@H](CCCC[NH3+])NC(=O)[C@H](Cc1ccccc1)NC(=O)CN)C(=O)N[C@H](C(=O)N[C@@H](CCCC[NH3+])C(=O)N[C@H](C(=O)N[C@H](C(=O)N[C@@H](CC(C)C)C(=O)N[C@@H](Cc1ccccc1)C(N)=O)C(C)C)[C@@H](C)O)C(C)C,CC(C)C[C@H](NC(=O)[C@H](C)NC(=O)[C@H](CCCC[NH3+])NC(=O)[C@H](CCCC[NH3+])NC(=O)[C@H](C)NC(=O)CNC(=O)[C@H](CCCC[NH3+])NC(=O)[C@H](CC(C)C)NC(=O)[C@H](CC(C)C)NC(=O)[C@H](CC(=O)O)NC(=O)[C@H](CCCC[NH3+])NC(=O)[C@H](Cc1ccccc1)NC(=O)CN)C(=O)N[C@H](C(=O)N[C@@H](CCCC[NH3+])C(=O)N[C@H](C(=O)N[C@H](C(=O)N[C@@H](CC(C)C)C(=O)N[C@@H](Cc1ccccc1)C(N)=O)C(C)C)[C@@H](C)O)C(C)C,0,0.15524986386299133,probability,0.5
cellppd,xgboost_rdkit,xgboost-rdkit,101,test,CC[C@H](C)[C@H](NC(=O)[C@H](CC(C)C)NC(O)C(CC1CNCN1)NC(=O)CNC(=O)[C@H](CC(C)C)NC(=O)[C@@H](NC(=O)[C@H](CCCC[NH3+])NC(=O)[C@H](CO)NC(=O)[C@H](Cc1c[nH]c2ccccc12)NC(=O)[C@H](CCSC)NC(=O)CN)[C@@H](C)CC)C(=O)N[C@@H](CCCC[NH3+])C(N)=O,CC[C@H](C)[C@H](NC(=O)[C@H](CC(C)C)NC(O)C(CC1CNCN1)NC(=O)CNC(=O)[C@H](CC(C)C)NC(=O)[C@@H](NC(=O)[C@H](CCCC[NH3+])NC(=O)[C@H](CO)NC(=O)[C@H](Cc1c[nH]c2ccccc12)NC(=O)[C@H](CCSC)NC(=O)CN)[C@@H](C)CC)C(=O)N[C@@H](CCCC[NH3+])C(N)=O,0,0.009730203077197075,probability,0.5
cellppd,xgboost_rdkit,xgboost-rdkit,101,test,CC[C@H](C)[C@H](NC(=O)[C@H](CCCNC(N)=[NH2+])NC(=O)[C@H](CS)NC(=O)[C@H](Cc1c[nH]c2ccccc12)NC(=O)[C@H](Cc1c[nH]c2ccccc12)NC(=O)[C@H](CCCNC(N)=[NH2+])NC(=O)[C@H](CCCNC(N)=[NH2+])NC(C)=O)C(N)=O,CC[C@H](C)[C@H](NC(=O)[C@H](CCCNC(N)=[NH2+])NC(=O)[C@H](CS)NC(=O)[C@H](Cc1c[nH]c2ccccc12)NC(=O)[C@H](Cc1c[nH]c2ccccc12)NC(=O)[C@H](CCCNC(N)=[NH2+])NC(=O)[C@H](CCCNC(N)=[NH2+])NC(C)=O)C(N)=O,0,0.0020417352207005024,probability,0.5
cellppd,xgboost_rdkit,xgboost-rdkit,101,test,CSCC[C@@H]1NC(=O)[C@H](CCCNC(N)=[NH2+])NC(=O)[C@H](Cc2c[nH]c3ccccc23)NC(=O)[C@H](C)NC(=O)[C@H](C)NC(=O)[C@H](CCCNC(N)=[NH2+])NC(=O)[C@H](Cc2ccccc2)NC(=O)[C@H](C)NC(=O)[C@H](CCCC[NH3+])NC(=O)[C@H](CCCNC(N)=[NH2+])NC(=O)[C@H](Cc2c[nH]c3ccccc23)NC(=O)[C@H](C)NC(=O)[C@H]2CCCN2C(=O)[C@@H](C)NC(=O)[C@H](C)NC(=O)[C@H](CCCC[NH3+])NC(=O)[C@H](CCCC[NH3+])NC(=O)[C@H](CC(C)C)NC1=O,CSCC[C@@H]1NC(=O)[C@H](CCCNC(N)=[NH2+])NC(=O)[C@H](Cc2c[nH]c3ccccc23)NC(=O)[C@H](C)NC(=O)[C@H](C)NC(=O)[C@H](CCCNC(N)=[NH2+])NC(=O)[C@H](Cc2ccccc2)NC(=O)[C@H](C)NC(=O)[C@H](CCCC[NH3+])NC(=O)[C@H](CCCNC(N)=[NH2+])NC(=O)[C@H](Cc2c[nH]c3ccccc23)NC(=O)[C@H](C)NC(=O)[C@H]2CCCN2C(=O)[C@@H](C)NC(=O)[C@H](C)NC(=O)[C@H](CCCC[NH3+])NC(=O)[C@H](CCCC[NH3+])NC(=O)[C@H](CC(C)C)NC1=O,0,0.021783921867609024,probability,0.5
cellppd,xgboost_rdkit,xgboost-rdkit,101,test,CC[C@H](C)[C@H]([NH3+])C(=O)N[C@H](C(=O)NCC(=O)N1CCC[C@H]1C(=O)N[C@H](C(=O)N[C@@H](CC(C)C)C(=O)NCC(=O)N[C@@H](CC(C)C)C(=O)N[C@H](C(=O)NCC(=O)N[C@@H](CO)C(=O)N[C@@H](C)C(=O)N[C@@H](CC(C)C)C(=O)NCC(=O)NCC(=O)N[C@@H](CC(C)C)C(=O)N[C@@H](CC(C)C)C(=O)N[C@@H](CCCC[NH3+])C(=O)N[C@@H](CCCC[NH3+])C(=O)N[C@H](C(=O)O)[C@@H](C)CC)C(C)C)C(C)C)[C@@H](C)CC,CC[C@H](C)[C@H]([NH3+])C(=O)N[C@H](C(=O)NCC(=O)N1CCC[C@H]1C(=O)N[C@H](C(=O)N[C@@H](CC(C)C)C(=O)NCC(=O)N[C@@H](CC(C)C)C(=O)N[C@H](C(=O)NCC(=O)N[C@@H](CO)C(=O)N[C@@H](C)C(=O)N[C@@H](CC(C)C)C(=O)NCC(=O)NCC(=O)N[C@@H](CC(C)C)C(=O)N[C@@H](CC(C)C)C(=O)N[C@@H](CCCC[NH3+])C(=O)N[C@@H](CCCC[NH3+])C(=O)N[C@H](C(=O)O)[C@@H](C)CC)C(C)C)C(C)C)[C@@H](C)CC,0,0.01265090424567461,probability,0.5
cellppd,xgboost_rdkit,xgboost-rdkit,101,test,CC[C@H](C)[C@H](NC(=O)[C@H](CCCC[NH3+])NC(=O)[C@H](Cc1ccc(O)cc1)NC(=O)CNC(O)C(CC1CNCN1)NC(O)C(CC1CNCN1)NC(=O)[C@H](CCCNC(N)=[NH2+])NC(=O)[C@H](CCCC[NH3+])NC(=O)[C@H](C)NC(O)C(CC1CNCN1)NC(=O)[C@H](CO)NC(=O)[C@@H](N)CC(=O)O)C(=O)N[C@@H](CCCC[NH3+])C(=O)N[C@@H](Cc1ccccc1)C(=O)NC(CC1CNCN1)C(O)N[C@@H](CCC(=O)O)C(=O)N[C@@H](CC(N)=O)C(=O)NC(CC1CNCN1)C(O)NC(CC1CNCN1)C(O)N[C@@H](CO)C(=O)NC(CC1CNCN1)C(O)N[C@@H](CCCNC(N)=[NH2+])C(=O)NCC(=O)N[C@@H](Cc1ccc(O)cc1)C(N)=O,CC[C@H](C)[C@H](NC(=O)[C@H](CCCC[NH3+])NC(=O)[C@H](Cc1ccc(O)cc1)NC(=O)CNC(O)C(CC1CNCN1)NC(O)C(CC1CNCN1)NC(=O)[C@H](CCCNC(N)=[NH2+])NC(=O)[C@H](CCCC[NH3+])NC(=O)[C@H](C)NC(O)C(CC1CNCN1)NC(=O)[C@H](CO)NC(=O)[C@@H](N)CC(=O)O)C(=O)N[C@@H](CCCC[NH3+])C(=O)N[C@@H](Cc1ccccc1)C(=O)NC(CC1CNCN1)C(O)N[C@@H](CCC(=O)O)C(=O)N[C@@H](CC(N)=O)C(=O)NC(CC1CNCN1)C(O)NC(CC1CNCN1)C(O)N[C@@H](CO)C(=O)NC(CC1CNCN1)C(O)N[C@@H](CCCNC(N)=[NH2+])C(=O)NCC(=O)N[C@@H](Cc1ccc(O)cc1)C(N)=O,0,0.7462286353111267,probability,0.5
cellppd,xgboost_rdkit,xgboost-rdkit,101,test,CC[C@@H](C)[C@H]1NC(=O)[C@H]2CCCN2C(=O)[C@H](Cc2c[nH]c3ccccc23)NC(=O)[C@H](CO)NC(=O)[C@@H](CS)NC(=O)[C@H]([C@@H](C)O)NC(=O)[C@@H](CS)NC(=O)CNC(=O)[C@H](CCC(N)=O)NC(=O)[C@H]([C@@H](C)O)NC(=O)[C@H](Cc2ccc(O)cc2)NC(=O)[C@H](CS)NC(=O)[C@H]([C@@H](C)O)NC(=O)CNC(=O)[C@H](CC(C)C)NC(=O)[C@H]([C@@H](C)O)NC(=O)[C@H](CS)NC(=O)[C@H]([C@@H](C)O)NC(=O)[C@H](CCC(=O)O)NC(=O)CNC(=O)[C@H](CS)NC(=O)[C@H](C(C)C)NC(=O)[C@@H]2CCCN2C(=O)[C@H](CC(C)C)NC(=O)CNC(=O)[C@H](CC(N)=O)NC(=O)[C@H](CCCNC(N)=[NH2+])NC(=O)[C@H](CCCC[NH3+])NC(=O)[C@H](CS)NC1=O,CC[C@@H](C)[C@H]1NC(=O)[C@H]2CCCN2C(=O)[C@H](Cc2c[nH]c3ccccc23)NC(=O)[C@H](CO)NC(=O)[C@@H](CS)NC(=O)[C@H]([C@@H](C)O)NC(=O)[C@@H](CS)NC(=O)CNC(=O)[C@H](CCC(N)=O)NC(=O)[C@H]([C@@H](C)O)NC(=O)[C@H](Cc2ccc(O)cc2)NC(=O)[C@H](CS)NC(=O)[C@H]([C@@H](C)O)NC(=O)CNC(=O)[C@H](CC(C)C)NC(=O)[C@H]([C@@H](C)O)NC(=O)[C@H](CS)NC(=O)[C@H]([C@@H](C)O)NC(=O)[C@H](CCC(=O)O)NC(=O)CNC(=O)[C@H](CS)NC(=O)[C@H](C(C)C)NC(=O)[C@@H]2CCCN2C(=O)[C@H](CC(C)C)NC(=O)CNC(=O)[C@H](CC(N)=O)NC(=O)[C@H](CCCNC(N)=[NH2+])NC(=O)[C@H](CCCC[NH3+])NC(=O)[C@H](CS)NC1=O,0,0.0008574047824367881,probability,0.5
cellppd,xgboost_rdkit,xgboost-rdkit,101,test,CC(C)C[C@H](NC(=O)[C@H](CCC(=O)O)NC(O)C1CC(O)CN1C(O)C(CC1CNCN1)NC(=O)[C@H](CC(N)=O)NC(=O)[C@@H](NC(=O)[C@H](CO)NC(=O)[C@H](CS)NC(=O)[C@H](C)NC(=O)[C@@H]1CCCN1C(O)C(CC1CNCN1)NC(=O)[C@H](CO)NC(=O)[C@H](CS)NC(=O)[C@H](CS)NC(=O)CN)C(C)C)C(=O)N[C@H](C=O)CS,CC(C)C[C@H](NC(=O)[C@H](CCC(=O)O)NC(O)C1CC(O)CN1C(O)C(CC1CNCN1)NC(=O)[C@H](CC(N)=O)NC(=O)[C@@H](NC(=O)[C@H](CO)NC(=O)[C@H](CS)NC(=O)[C@H](C)NC(=O)[C@@H]1CCCN1C(O)C(CC1CNCN1)NC(=O)[C@H](CO)NC(=O)[C@H](CS)NC(=O)[C@H](CS)NC(=O)CN)C(C)C)C(=O)N[C@H](C=O)CS,0,0.002077084733173251,probability,0.5
