smiles,true_label,predicted_label,fold
CC(C)C[C@H](NC(=O)[C@H](CCCC[NH3+])NC(=O)[C@H](CCCNC(N)=[NH2+])NC(=O)[C@H](Cc1ccccc1)NC(=O)[C@H](Cc1ccccc1)NC(=O)[C@H](CCCC[NH3+])NC(=O)[C@H](CCCC[NH3+])NC(=O)[C@H](Cc1ccccc1)NC(=O)[C@H](CCCNC(N)=[NH2+])NC(=O)[C@H](CCCC[NH3+])NC(=O)[C@@H](N)C(C)C)C(=O)N[C@@H](CCCC[NH3+])C(=O)N[C@@H](CCCC[NH3+])C(=O)N[C@@H](CCCC[NH3+])C(=O)N[C@H](C(N)=O)C(C)C,1,0.24908555,0
NC(=[NH2+])NCCC[C@H](NC(=O)[C@H](CCCNC(N)=[NH2+])NC(=O)[C@H](CCCNC(N)=[NH2+])NC(=O)[C@H](CCC(N)=O)NC(=O)[C@H](CCCNC(N)=[NH2+])NC(=O)[C@H](CCCNC(N)=[NH2+])NC(=O)[C@H](CCCC[NH3+])NC(=O)[C@H](CCCC[NH3+])NC(=O)[C@@H](N)CCCNC(N)=[NH2+])C(=O)NCC(=O)NCC(=O)NCC(N)=O,1,6.343171,0
CNCCC[C@H](NC(=O)[C@H](CCCNC)NC(=O)[C@H](CCCNC)NC(=O)[C@H](CCCNC)NC(=O)[C@H](CCCNC)NC(=O)[C@H](CCCNC)NC(=O)[C@H](CCCNC)NC(O)C(C)CN)C(N)=O,1,-2.6124594,0
CC(C)C[C@H](NC(=O)[C@H](CC(C)C)NC(=O)[C@H](C)NC(=O)[C@H](C)NC(=O)[C@H](C)NC(=O)[C@H](CC(C)C)NC(=O)[C@H](CCCC[NH3+])NC(=O)[C@H](CCCC[NH3+])NC(=O)[C@H](Cc1c[nH]c2ccccc12)NC(=O)[C@H](CCCC[NH3+])NC(=O)[C@H](CCCC[NH3+])NC(=O)[C@H](CC(C)C)NC(=O)[C@H](CC(C)C)NC(=O)[C@H](C)NC(=O)[C@H](C)NC(=O)[C@H](C)NC(=O)[C@H](CC(C)C)NC(=O)[C@@H](N)CCCC[NH3+])C(N)=O,1,-1.5667188,0
CC[C@H](C)[C@H](NC(=O)[C@H](CC(C)C)NC(=O)[C@@H](NC(=O)[C@H](CCCNC(N)=[NH2+])NC(=O)[C@H](Cc1ccccc1)NC(=O)[C@@H](NC(=O)[C@@H](NC(=O)[C@@H](N)CC(C)C)[C@@H](C)CC)[C@@H](C)CC)[C@@H](C)CC)C(=O)N[C@@H](CO)C(=O)NC(CC1CNCN1)C(O)NC(CC1CNCN1)C(O)NC(CO)CC1CNCN1,1,4.4761763,0
CC[C@H](C)[C@H](NC(=O)[C@H](CCCNC(N)=[NH2+])NC(=O)[C@H](CCCNC(N)=[NH2+])NC(=O)[C@H](CCCNC(N)=[NH2+])NC(=O)[C@H](CC(C)C)NC(=O)[C@@H](NC(=O)[C@@H](NC(=O)[C@H](CC(C)C)NC(=O)[C@H](C)N)[C@@H](C)CC)[C@@H](C)CC)C(=O)N[C@@H](CCCNC(N)=[NH2+])C(=O)N[C@@H](CCCC[NH3+])C(=O)N[C@@H](CCC(N)=O)C(=O)N[C@@H](C)C(=O)NC(CC1CNCN1)C(O)N[C@@H](C)C(=O)NC(CC1CNCN1)C(O)N[C@@H](CO)C(=O)N[C@H](C=O)CCCC[NH3+],1,10.688546,0
CC[C@H](C)[C@H](NC(=O)[C@H](CCCC[NH3+])NC(=O)[C@H](CCCC[NH3+])NC(=O)[C@H](C)NC(=O)[C@H](CC(C)C)NC(=O)[C@H](C)NC(=O)[C@H](C)NC(=O)[C@H](CC(C)C)NC(=O)[C@H](C)NC(=O)[C@H](CCCC[NH3+])NC(=O)[C@H](CC(C)C)NC(=O)[C@H](CC(N)=O)NC(=O)[C@@H](NC(=O)[C@H](CCCC[NH3+])NC(=O)CNC(=O)[C@H](CC(C)C)NC(=O)[C@H](CC(C)C)NC(=O)[C@H](Cc1ccc(O)cc1)NC(=O)CNC(=O)[C@H](C)N)[C@@H](C)CC)C(=O)N[C@H](C=O)CC(C)C,1,8.208981,0
C[C@H](N)C(=O)N[C@@H](CS)C(=O)N[C@@H](CCCNC(N)=[NH2+])C(=O)NCC(=O)N[C@@H](CCCNC(N)=[NH2+])C(=O)NCC(=O)N[C@@H](CCCNC(N)=[NH2+])C(=O)NCC(=O)N[C@@H](CS)C(=O)NCC(=O)N[C@@H](CO)C(=O)NCC(=O)N[C@@H](CO)C(=O)N[C@@H](CCCNC(N)=[NH2+])C(=O)N[C@@H](CO)C(=O)N[C@@H](CS)C(=O)NCC=O,1,3.536999,0
CC[C@H](C)[C@H](NC(=O)[C@H](C)NC(=O)[C@@H](NC(=O)[C@H](CCC(N)=O)NC(=O)[C@@H](N)CCCNC(N)=[NH2+])[C@@H](C)CC)C(=O)N[C@@H](Cc1c[nH]c2ccccc12)C(=O)N[C@@H](Cc1ccccc1)C(=O)N[C@@H](CCC(N)=O)C(=O)N[C@@H](CC(N)=O)C(=O)N[C@@H](CCCNC(N)=[NH2+])C(=O)N[C@@H](CCCNC(N)=[NH2+])C(=O)N[C@@H](CCSC)C(=O)N[C@@H](CCCC[NH3+])C(=O)N[C@@H](Cc1c[nH]c2ccccc12)C(=O)N[C@@H](CCCC[NH3+])C(=O)N[C@H](C=O)CCCC[NH3+],1,10.941685,0
NCC(=O)N[C@@H](CCCNC(N)=[NH2+])C(=O)N[C@@H](CCCC[NH3+])C(=O)N[C@@H](CCCC[NH3+])C(=O)N[C@@H](CCCNC(N)=[NH2+])C(=O)N[C@@H](CCCNC(N)=[NH2+])C(=O)N[C@@H](CCC(N)=O)C(=O)N[C@@H](CCCNC(N)=[NH2+])C(=O)N[C@@H](CCCNC(N)=[NH2+])C(=O)N[C@@H](CCCNC(N)=[NH2+])C(=O)N1CCC[C@H]1C(=O)N1CCC[C@H]1C(=O)N[C@@H](CCC(N)=O)C(=O)N[C@H](C=O)Cc1ccc(O)cc1,1,11.074743,0
CC(=O)N[C@@H](CCCNC(N)=[NH2+])C(=O)N[C@@H](CCCNC(N)=[NH2+])C(=O)N[C@@H](CCCNC(N)=[NH2+])C(=O)N[C@@H](CCCNC(N)=[NH2+])C(=O)N[C@@H](CCCNC(N)=[NH2+])C(=O)N[C@@H](CCCNC(N)=[NH2+])C(=O)N[C@@H](CCCNC(N)=[NH2+])C(=O)N[C@@H](CCCNC(N)=[NH2+])C(N)=O,1,3.485625,0
NC(=[NH2+])NCCC[C@@H](N)C(=O)N[C@H](CCCNC(N)=[NH2+])C(=O)N[C@H](CCCNC(N)=[NH2+])C(=O)N[C@H](CCCNC(N)=[NH2+])C(=O)N[C@H](CCCNC(N)=[NH2+])C(=O)N[C@@H](C=O)CCCNC(N)=[NH2+],1,16.84702,0
NC(=[NH2+])NCCC[C@@H](C=O)NC(=O)[C@H](CCCNC(N)=[NH2+])NC(=O)[C@H](CCCNC(N)=[NH2+])NC(=O)[C@H](CCCNC(N)=[NH2+])NC(=O)[C@H](CCCNC(N)=[NH2+])NC(=O)[C@@H](N)CCCNC(N)=[NH2+],1,15.015474,0
CC[C@H](C)[C@H](NC(=O)[C@@H](NC(=O)[C@@H](N)Cc1c[nH]c2ccccc12)[C@@H](C)CC)C(=O)N[C@@H](Cc1ccccc1)C(=O)N[C@@H](CCCNC(N)=[NH2+])C(=O)N[C@@H](C)C(=O)N[C@@H](C)C(=O)N[C@@H](C)C(=O)N[C@@H](CO)C(=O)NC(CC1CNCN1)C(O)N[C@@H](CCCC[NH3+])C(=O)N[C@H](C=O)CCCC[NH3+],1,6.9385386,0
CC(C)C[C@H](NC(=O)[C@H](CCCNC(N)=[NH2+])NC(=O)[C@H](CCC(=O)O)NC(=O)[C@H](CC(=O)O)NC(=O)[C@H](C)NC(=O)[C@@H]1CCCN1C(=O)[C@H](CS)NC(=O)[C@H](CC(N)=O)NC(=O)[C@H](CCCNC(N)=[NH2+])NC(=O)[C@H](Cc1ccccc1)NC(=O)[C@H](CCCNC(N)=[NH2+])NC(=O)[C@H](CC(=O)O)NC(=O)[C@H](CCCNC(N)=[NH2+])NC(=O)[C@H](CS)NC(=O)[C@H](C)N)C(=O)N[C@@H](CS)C(=O)NCC=O,1,2.1084132,0
CC(C)C[C@H](NC(=O)[C@H](C)NC(=O)[C@H](CCCC[NH3+])NC(=O)[C@H](CC(C)C)NC(=O)[C@H](C)NC(=O)[C@H](CC(C)C)NC(=O)[C@H](CCCC[NH3+])NC(=O)[C@H](CC(C)C)NC(=O)[C@H](C)NC(=O)[C@H](CC(C)C)NC(=O)[C@@H](N)CCCC[NH3+])C(=O)N[C@@H](CCCC[NH3+])C(=O)N[C@@H](C)C(=O)N[C@@H](C)C(=O)N[C@@H](CC(C)C)C(=O)N[C@@H](CCCC[NH3+])C(=O)N[C@@H](CC(C)C)C(=O)N[C@@H](C)C(=O)NCC(=O)N[C@H](C=O)CS,1,7.883339,0
NC(=[NH2+])NCCC[C@H](NC(=O)[C@H](CCCNC(N)=[NH2+])NC(=O)[C@H](CCCNC(N)=[NH2+])NC(=O)[C@H](CCCNC(N)=[NH2+])NC(=O)[C@H](CCCNC(N)=[NH2+])NC(=O)[C@H](CCCNC(N)=[NH2+])NC(=O)[C@H](CCCNC(N)=[NH2+])NC(=O)[C@@H](N)CCCNC(N)=[NH2+])C(=O)NCC(=O)N[C@@H](CS)C(N)=O,1,6.312262,0
CC[C@H](C)[C@H](NC(=O)[C@H](CCCC[NH3+])NC(=O)[C@H](CCCC[NH3+])NC(=O)[C@H](C)NC(=O)[C@H](CC(C)C)NC(=O)[C@H](C)NC(=O)[C@H](C)NC(=O)[C@H](CC(C)C)NC(=O)[C@H](C)NC(=O)[C@H](CCCC[NH3+])NC(=O)[C@H](CC(C)C)NC(=O)[C@H](CC(N)=O)NC(=O)[C@@H](NC(=O)[C@H](CCCC[NH3+])NC(=O)CNC(=O)[C@H](CC(C)C)NC(=O)[C@H](CC(C)C)NC(=O)[C@H](Cc1ccc(O)cc1)NC(=O)CNC(=O)[C@H](C)NC(=O)[C@H](CO)NC(=O)[C@H](CC(N)=O)NC(=O)[C@@H](N)CC(C)C)[C@@H](C)CC)C(=O)N[C@H](C=O)CC(C)C,1,6.0649014,0
CC(=O)N[C@@H](CS)C(=O)N[C@@H](Cc1c[nH]c2ccccc12)C(=O)N[C@@H](CCCC[NH3+])C(=O)N[C@@H](CCCC[NH3+])C(=O)N[C@@H](CCCC[NH3+])C(=O)N[C@@H](CCCC[NH3+])C(=O)N[C@@H](CCCC[NH3+])C(=O)N[C@@H](CCCC[NH3+])C(=O)N[C@@H](CCCC[NH3+])C(=O)N[C@@H](CCCC[NH3+])C(=O)N[C@@H](CCCC[NH3+])C(=O)N[C@@H](CCCC[NH3+])C(=O)N[C@@H](CCCC[NH3+])C(=O)N[C@@H](CCCC[NH3+])C(=O)N[C@@H](CCCC[NH3+])C(=O)N[C@@H](CCCC[NH3+])C(=O)N[C@@H](CCCC[NH3+])C(=O)N[C@@H](CCCC[NH3+])C(=O)N[C@@H](CCCC[NH3+])C(=O)N[C@H](C=O)CCCC[NH3+],1,14.791854,0
CC[C@H](C)[C@H](NC(=O)[C@H](CCCC[NH3+])NC(=O)[C@@H](NC(=O)[C@H](CCC(N)=O)NC(=O)[C@@H]([NH3+])CCCNC(N)=[NH2+])[C@@H](C)CC)C(=O)N[C@@H](Cc1c[nH]c2ccccc12)C(=O)N[C@@H](Cc1ccccc1)C(=O)N[C@@H](CCC(N)=O)C(=O)N[C@@H](CC(N)=O)C(=O)N[C@@H](CCCNC(N)=[NH2+])C(=O)N[C@@H](CCCNC(N)=[NH2+])C(=O)N[C@@H](CCSC)C(=O)N[C@@H](CCCC[NH3+])C(=O)N[C@@H](Cc1c[nH]c2ccccc12)C(=O)N[C@@H](CCCC[NH3+])C(=O)N[C@@H](CCCC[NH3+])C(=O)O,1,7.664442,0
C[C@H](N)C(=O)N[C@@H](CS)C(=O)N[C@@H](CCCNC(N)=[NH2+])C(=O)N[C@@H](CCCNC(N)=[NH2+])C(=O)N[C@@H](CO)C(=O)N[C@@H](CCCNC(N)=[NH2+])C(=O)N[C@@H](CCCNC(N)=[NH2+])C(=O)NCC(=O)N[C@@H](CS)C(=O)NCC(=O)N[C@@H](CCCNC(N)=[NH2+])C(=O)N[C@@H](CCCNC(N)=[NH2+])C(=O)N[C@@H](CO)C(=O)N[C@@H](CCCNC(N)=[NH2+])C(=O)N[C@@H](CCCNC(N)=[NH2+])C(=O)N[C@@H](CS)C(=O)NCC=O,1,9.220376,0
CC(=O)N[C@@H](CCCNC(N)=[NH2+])C(=O)N[C@@H](CC(C)C)C(=O)N[C@@H](CC(C)C)C(=O)N[C@@H](CCCNC(N)=[NH2+])C(=O)N[C@@H](CC(C)C)C(=O)N[C@@H](CC(C)C)C(=O)N[C@@H](CC(C)C)C(=O)N[C@@H](CCCNC(N)=[NH2+])C(=O)N[C@@H](CC(C)C)C(=O)N[C@@H](Cc1c[nH]c2ccccc12)C(=O)N[C@@H](CCCNC(N)=[NH2+])C(=O)N[C@@H](CCCNC(N)=[NH2+])C(=O)N[C@@H](CC(C)C)C(=O)N[C@@H](CC(C)C)C(=O)N[C@@H](CCCNC(N)=[NH2+])C(=O)N[C@@H](CC(C)C)C(=O)N[C@@H](CC(C)C)C(=O)N[C@@H](CCCNC(N)=[NH2+])C(N)=O,1,1.424681,0
C[C@H](NC(=O)[C@H](CCCC[NH3+])NC(=O)[C@H](CO)NC(=O)[C@H](CCCNC(N)=[NH2+])NC(=O)[C@H](C)NC(O)C(CC1CNCN1)NC(O)C(CC1CNCN1)NC(=O)[C@H](CCCNC(N)=[NH2+])NC(=O)[C@H](CCCNC(N)=[NH2+])NC(=O)[C@@H](N)CO)C(=O)N[C@@H](CCCC[NH3+])C(=O)N[C@@H](CCCNC(N)=[NH2+])C(=O)N[C@@H](CO)C(=O)N[C@@H](CCCNC(N)=[NH2+])C(=O)NC(CC1CNCN1)C(O)NC(CO)CC1CNCN1,1,5.830517,0
NC(=[NH2+])NCCC[C@@H](C=O)NC(=O)[C@H](CCCNC(N)=[NH2+])NC(=O)[C@H](CCCNC(N)=[NH2+])NC(=O)[C@H](CCCNC(N)=[NH2+])NC(=O)[C@H](CCCNC(N)=[NH2+])NC(=O)[C@H](CCCNC(N)=[NH2+])NC(=O)[C@H](CCCNC(N)=[NH2+])NC(=O)[C@H](CCCNC(N)=[NH2+])NC(=O)[C@H](CCCNC(N)=[NH2+])NC(=O)[C@H](CCCNC(N)=[NH2+])NC(=O)[C@@H](N)CCCNC(N)=[NH2+],1,19.476002,0
C[C@H](NC(=O)[C@H](CCC(N)=O)NC(=O)[C@@H](N)CCCNC(N)=[NH2+])C(=O)N[C@@H](CCCNC(N)=[NH2+])C(=O)N[C@@H](CCCNC(N)=[NH2+])C(=O)N[C@@H](CC(N)=O)C(=O)N[C@@H](CCCNC(N)=[NH2+])C(=O)N[C@@H](CCCNC(N)=[NH2+])C(=O)N[C@@H](CCCNC(N)=[NH2+])C(=O)N[C@H](C=O)CS,1,12.214982,0
CC[C@H](C)[C@H](NC(=O)[C@H](CCCC[NH3+])NC(=O)[C@@H](NC(=O)[C@H](CCC(N)=O)NC(=O)[C@@H]([NH3+])CCCNC(N)=[NH2+])[C@@H](C)CC)C(=O)N[C@@H](Cc1c[nH]c2ccccc12)C(=O)N[C@@H](Cc1ccccc1)C(=O)N[C@@H](CCC(N)=O)C(=O)N[C@@H](CC(N)=O)C(=O)N[C@@H](CCCNC(N)=[NH2+])C(=O)N[C@@H](CCCNC(N)=[NH2+])C(=O)N[C@@H](CCSC)C(=O)N[C@@H](CCCC[NH3+])C(=O)N[C@@H](Cc1c[nH]c2ccccc12)C(=O)N[C@@H](CCCC[NH3+])C(=O)N[C@@H](CCCC[NH3+])C(=O)O,1,7.664442,0
NC(=[NH2+])NCCC[C@@H](NC(=O)[C@H](N)CS)C(=O)N[C@H](Cc1c[nH]c2ccccc12)C(=O)N[C@H](CCCNC(N)=[NH2+])C(=O)N[C@H](Cc1c[nH]c2ccccc12)C(=O)N[C@H](CCCC[NH3+])C(=O)N[C@H](CS)C(=O)N[C@H](CS)C(=O)N[C@H](CCCC[NH3+])C(=O)N[C@@H](C=O)CCCC[NH3+],1,8.050018,0
NC(=[NH2+])NCCC[C@H](NC(=O)[C@H](Cc1c[nH]c2ccccc12)NC(=O)[C@@H](CCCNC(N)=[NH2+])NC(=O)[C@@H](N)CS)C(=O)N[C@@H](Cc1c[nH]c2ccccc12)C(=O)N[C@@H](CCCC[NH3+])C(=O)N[C@@H](CS)C(=O)N[C@@H](CS)C(=O)N[C@@H](CCCC[NH3+])C(=O)N[C@H](C=O)CCCC[NH3+],1,7.320242,0
CC[C@H](C)[C@H](NC(=O)[C@H](CC(C)C)NC(=O)[C@@H](N)CCCC[NH3+])C(=O)N[C@@H](CCCC[NH3+])C(=O)NCC(=O)N[C@@H](CCCNC(N)=[NH2+])C(=O)N[C@H](C(=O)N1CCC[C@H]1C(=O)N[C@H](C(=O)N[C@@H](CCCC[NH3+])C(=O)N[C@@H](Cc1ccccc1)C(=O)NCC(=O)N[C@@H](CCCC[NH3+])C(=O)N[C@@H](C)C(=O)N[C@@H](CC(=O)O)C(=O)N[C@@H](CS)C(=O)N[C@@H](CC(=O)O)C(=O)N[C@@H](CCCNC(N)=[NH2+])C(=O)N1CCC[C@H]1C(=O)N1CCC[C@H]1C(=O)N[C@@H](CCCC[NH3+])C(=O)NC(CC1CNCN1)C(O)N[C@@H](CO)C(=O)NCC(=O)N[C@H](C=O)CCCC[NH3+])[C@@H](C)CC)[C@@H](C)O,1,6.9642386,0
CC[C@H](C)[C@H](NC(=O)[C@H](CCCC[NH3+])NC(=O)[C@@H](NC(=O)[C@H](CCC(N)=O)NC(=O)[C@@H]([NH3+])CCCNC(N)=[NH2+])[C@@H](C)CC)C(=O)N[C@@H](Cc1c[nH]c2ccccc12)C(=O)N[C@@H](Cc1ccccc1)C(=O)N[C@@H](CCC(N)=O)C(=O)N[C@@H](CC(N)=O)C(=O)N[C@@H](CCCNC(N)=[NH2+])C(=O)N[C@@H](CCCNC(N)=[NH2+])C(=O)N[C@@H](CCSC)C(=O)N[C@@H](CCCC[NH3+])C(=O)N[C@@H](Cc1c[nH]c2ccccc12)C(=O)N[C@@H](CCCC[NH3+])C(=O)N[C@@H](CCCC[NH3+])C(=O)O,1,7.664442,0
C[C@H](NC(=O)[C@H](CCCNC(N)=[NH2+])NC(=O)[C@H](CCCNC(N)=[NH2+])NC(=O)[C@H](CCC(=O)O)NC(=O)[C@H](CCCNC(N)=[NH2+])NC(=O)[C@H](CCCNC(N)=[NH2+])NC(=O)[C@@H](N)CCCNC(N)=[NH2+])C(=O)N[C@@H](CCC(=O)O)C(=O)N[C@H](C=O)CCCC[NH3+],1,15.336638,0
NCC(=O)N[C@@H](CCCNC(N)=[NH2+])C(=O)N[C@@H](CCCC[NH3+])C(=O)N[C@@H](CCCC[NH3+])C(=O)N[C@@H](CCCNC(N)=[NH2+])C(=O)N[C@@H](CCCNC(N)=[NH2+])C(=O)N[C@@H](CCC(N)=O)C(=O)N[C@@H](CCCNC(N)=[NH2+])C(=O)N[C@@H](CCCNC(N)=[NH2+])C(=O)N[C@@H](CCCNC(N)=[NH2+])C(=O)N1CCC[C@H]1C(=O)N1CCC[C@H]1C(=O)N[C@H](C=O)CCC(N)=O,1,11.518449,0
NC(=[NH2+])NCCC[C@@H](C=O)NC(=O)[C@H](CCCNC(N)=[NH2+])NC(=O)[C@H](CCCNC(N)=[NH2+])NC(=O)[C@H](CCCNC(N)=[NH2+])NC(=O)[C@H](CCCNC(N)=[NH2+])NC(=O)[C@H](CCCNC(N)=[NH2+])NC(=O)[C@H](CCCNC(N)=[NH2+])NC(=O)[C@H](CCCNC(N)=[NH2+])NC(=O)[C@H](Cc1c[nH]c2ccccc12)NC(=O)[C@H](Cc1c[nH]c2ccccc12)NC(=O)[C@H](Cc1c[nH]c2ccccc12)NC(=O)[C@@H](N)Cc1c[nH]c2ccccc12,1,11.370525,0
CC[C@H](C)[C@H](NC(=O)[C@H](CCCNC(N)=[NH2+])NC(=O)[C@@H](NC(=O)[C@H](CCC(N)=O)NC(=O)[C@@H](N)CCCNC(N)=[NH2+])[C@@H](C)CC)C(=O)N[C@@H](Cc1c[nH]c2ccccc12)C(=O)N[C@@H](Cc1ccccc1)C(=O)N[C@@H](CCC(N)=O)C(=O)N[C@@H](CC(N)=O)C(=O)N[C@@H](CCCNC(N)=[NH2+])C(=O)N[C@@H](CCCNC(N)=[NH2+])C(=O)N[C@@H](CCSC)C(=O)N[C@@H](CCCNC(N)=[NH2+])C(=O)N[C@@H](Cc1c[nH]c2ccccc12)C(=O)N[C@@H](CCCNC(N)=[NH2+])C(=O)N[C@H](C=O)CCCNC(N)=[NH2+],1,11.577829,0
CC(C)C[C@H](NC(=O)[C@H](CO)NC(=O)[C@H](CO)NC(=O)[C@H](Cc1c[nH]c2ccccc12)NC(=O)[C@H](CC(C)C)NC(=O)[C@H](CO)NC(=O)[C@@H]1CCCN1C(=O)[C@H](Cc1c[nH]c2ccccc12)NC(=O)[C@H](C)NC(=O)[C@H](CO)NC(=O)[C@H](Cc1c[nH]c2ccccc12)NC(=O)[C@H](CC(C)C)NC(=O)[C@@H](N)CCCC[NH3+])C(=O)N[C@@H](Cc1c[nH]c2ccccc12)C(=O)N[C@@H](CCCC[NH3+])C(=O)N1CCC[C@H]1C(N)=O,1,-6.591517,0
CC[C@H](C)[C@@H]1NC(=O)[C@@H]2CCCN2C(=O)[C@@H]2CCCN2C(=O)[C@H]([C@@H](C)CC)NC(=O)[C@H](CO)NC(=O)[C@H](CCCC[NH3+])NC(=O)[C@H]([C@@H](C)O)NC(=O)[C@@H]2CSSC[C@H](NC1=O)C(=O)N[C@@H](Cc1ccccc1)C(=O)N1CCC[C@H]1C(=O)N[C@@H](CC(=O)O)C(=O)NCC(=O)N[C@@H](CCCNC(N)=[NH2+])C(=O)N2,1,-1.8645642,0
CC(C)C[C@H](NC(=O)[C@@H](NC(=O)[C@H](CCCCN)NC(=O)[C@H](Cc1ccc(O)cc1)NC(=O)[C@@H](NC(=O)[C@H](Cc1ccc(O)cc1)NC(=O)[C@@H](NC(=O)[C@H](CO)NC(=O)[C@H](Cc1ccc(O)cc1)NC(=O)[C@H](CO)NC(=O)[C@H](CCC(=O)O)NC(=O)[C@H](CCCCN)NC(=O)[C@H](CCCNC(=N)N)NC(=O)[C@H](CO)NC(=O)[C@H](CCCNC(=N)N)NC1=[O+]C(CN)CC[C@@H]1NC(=O)[C@H](CCCNC(=N)N)NC(=O)[C@H](CCCCN)NC(=O)[C@H](CCCCN)NC(=O)CNC(=O)[C@H](CC(=O)O)NC(=O)[C@H](CCCCN)NC(=O)[C@H](CCCCN)NC(=O)[C@H](CCC(N)=O)NC(=O)[C@H](C)NC(=O)[C@H](CCCCN)NC(=O)[C@@H](NC(=O)[C@@H](NC(=O)[C@H](C)NC(=O)[C@H](CCCCN)NC(=O)[C@H](CCCCN)NC(=O)[C@H](CO)NC(=O)CNC(=O)[C@@H](N)CCCCN)C(C)C)[C@@H](C)O)C(C)C)C(C)C)C(C)C)C(=O)N[C@@H](CCCCN)C(=O)N[C@H](C=O)CCC(N)=O,1,3.1238675,0
C[C@@H](O)[C@@H](C=O)NC(=O)[C@H](CCCNC(N)=[NH2+])NC(=O)[C@H](CCCC[NH3+])NC(=O)[C@H](CCCC[NH3+])NC(=O)[C@H](CCCNC(N)=[NH2+])NC(=O)[C@H](CCCC[NH3+])NC(=O)[C@H](CCCNC(N)=[NH2+])NC(=O)CN,1,7.7110267,0
C[C@H](NC(=O)[C@H](CCCNC(N)=[NH2+])NC(=O)[C@H](CCCNC(N)=[NH2+])NC(=O)[C@H](CCCNC(N)=[NH2+])NC(=O)[C@H](CCCNC(N)=[NH2+])NC(=O)CN)C(=O)N[C@H](C(=O)N[C@@H](C)C(=O)N[C@@H](CCCC[NH3+])C(=O)N[C@@H](Cc1ccc(O)cc1)C(=O)N[C@@H](CCCNC(N)=[NH2+])C(=O)N[C@H](C(=O)N[C@@H](C)C(=O)NC(CO)CC1CNCN1)[C@@H](C)O)[C@@H](C)O,1,3.431271,0
CC[C@H](C)[C@H](NC(=O)[C@H](CCCC[NH3+])NC(=O)[C@H](C)NC(=O)[C@H](CCC(N)=O)NC(=O)[C@@H](N)CCCNC(N)=[NH2+])C(=O)N[C@@H](Cc1c[nH]c2ccccc12)C(=O)N[C@@H](Cc1ccccc1)C(=O)N[C@@H](CCC(N)=O)C(=O)N[C@@H](CC(N)=O)C(=O)N[C@@H](CCCNC(N)=[NH2+])C(=O)N[C@@H](CCCNC(N)=[NH2+])C(=O)N[C@@H](CCSC)C(=O)N[C@@H](CCCC[NH3+])C(=O)N[C@@H](Cc1c[nH]c2ccccc12)C(=O)N[C@@H](CCCC[NH3+])C(=O)N[C@H](C=O)CCCC[NH3+],1,11.596648,0
CC[C@H](C)[C@H](NC(=O)[C@H](CCCC[NH3+])NC(=O)[C@@H](NC(=O)[C@H](CCC(N)=O)NC(=O)[C@@H](N)CCCNC(N)=[NH2+])[C@@H](C)CC)C(=O)N[C@@H](Cc1c[nH]c2ccccc12)C(=O)N[C@@H](Cc1ccccc1)C(=O)N[C@@H](CCC(N)=O)C(=O)N[C@@H](CC(N)=O)C(=O)N[C@@H](CCCNC(N)=[NH2+])C(=O)N[C@@H](CCCNC(N)=[NH2+])C(=O)N[C@H](C=O)CCSC,1,8.874716,0
CC[C@H](C)[C@H](NC(=O)[C@@H](NC(=O)[C@@H]1CCCN1C(=O)[C@H](CCCC[NH3+])NC(=O)[C@H](CCCC[NH3+])NC(=O)[C@@H](NC(=O)[C@@H]1CCCN1C(=O)[C@H](CCCC[NH3+])NC(=O)[C@@H](NC(=O)[C@@H](NC(=O)[C@@H](NC(=O)[C@H](CCCC[NH3+])NC(=O)[C@H](CCCC[NH3+])NC(=O)CNC(=O)[C@@H]1CCCN1C(=O)[C@H](CCCC[NH3+])NC(=O)[C@H](CCCC[NH3+])NC(=O)[C@H](CC(N)=O)NC(=O)[C@@H]1CCCN1C(=O)[C@@H](NC(=O)[C@H](CCCNC(N)=[NH2+])NC(=O)[C@@H](N)CCCC[NH3+])[C@@H](C)CC)[C@@H](C)O)[C@@H](C)O)[C@@H](C)O)[C@@H](C)O)[C@@H](C)O)C(=O)N[C@@H](CCCC[NH3+])C(=O)N[C@H](C(=O)N[C@H](C(=O)N[C@@H](CCCC[NH3+])C(=O)N[C@H](C=O)CCCC[NH3+])[C@@H](C)O)[C@@H](C)O,1,7.596965,0
NC(=[NH2+])NCCC[C@@H](N)C(=O)N[C@H](CCCNC(N)=[NH2+])C(=O)N[C@H](CCCNC(N)=[NH2+])C(=O)N[C@H](CCCNC(N)=[NH2+])C(=O)N[C@H](CCCNC(N)=[NH2+])C(=O)N[C@H](CCCNC(N)=[NH2+])C(=O)N[C@H](CCCNC(N)=[NH2+])C(=O)N[C@H](CCCNC(N)=[NH2+])C(=O)N[C@H](CCCNC(N)=[NH2+])C(=O)N[C@H](CCCNC(N)=[NH2+])C(=O)N[C@H](CCCNC(N)=[NH2+])C(=O)N[C@H](CCCNC(N)=[NH2+])C(N)=O,1,9.963569,0
C[C@@H](O)[C@H](NC(=O)[C@H](CCCNC(N)=[NH2+])NC(=O)[C@H](CCCC[NH3+])NC(=O)[C@H](CC(N)=O)NC(=O)CNC(=O)[C@@H](N)CS)C(=O)N[C@@H](CCCNC(N)=[NH2+])C(=O)NCC(=O)N[C@H](C=O)CS,1,1.0004117,0
CC(C)C[C@H](NC(=O)CN)C(=O)N[C@@H](CCCC[NH3+])C(=O)N[C@@H](CCCC[NH3+])C(=O)N[C@@H](CC(C)C)C(=O)N[C@@H](C)C(=O)N[C@@H](CCC(=O)O)C(=O)N[C@@H](CC(C)C)C(=O)N[C@@H](C)C(=O)NC(CC1CNCN1)C(O)N[C@@H](CCCC[NH3+])C(=O)N[C@@H](CC(C)C)C(=O)N[C@@H](CC(C)C)C(=O)N[C@@H](CCCC[NH3+])C(=O)N[C@@H](CC(C)C)C(=O)NCC(=O)N[C@@H](CS)C(N)=O,1,-2.724618,0
CC[C@H](C)[C@H](NC(=O)[C@H](CCCNC(N)=[NH2+])NC(=O)[C@@H](N)CCCC[NH3+])C(=O)N1CCC[C@H]1C(=O)N[C@@H](CC(N)=O)C(=O)N[C@@H](CCCC[NH3+])C(=O)N[C@@H](CCCC[NH3+])C(=O)N1CCC[C@H]1C(=O)N[C@@H](CCCC[NH3+])C(=O)N[C@H](C=O)CCCC[NH3+],1,10.282649,0
CCC[C@@H](C=O)NC(=O)[C@H](C)NC(=O)[C@H](C)NC(=O)[C@H](Cc1c[nH]c2ccccc12)NC(=O)[C@H](CCC(=O)O)NC(=O)CNC(=O)[C@@H](NC(=O)[C@H](CC(C)C)NC(=O)[C@H](CCCNC(=N)N)NC(=O)[C@H](CCC)NC(=O)[C@@H](NC(=O)[C@H](Cc1c[nH]cn1)NC(=O)[C@@H](NC(=O)[C@@H](NC(=O)[C@H](Cc1ccccc1)NC(=O)[C@@H](NC(=O)[C@H](CCCNC(=N)N)NC(=O)[C@@H](NC(=O)[C@H](CCCNC(=N)N)NC(=O)[C@H](CCC)NC(=O)[C@H](CCC)NC(=O)CNC(=O)[C@H](CS)NC(=O)[C@H](C)NC(=O)[C@H](CCCNC(=N)N)NC(=O)[C@H](CCCNC(=N)N)NC(=O)[C@@H](NC(=O)[C@H](CCCNC(=N)N)NC(=O)[C@H](CC(C)C)NC(=O)[C@@H](NC(=O)[C@@H](NC(=O)[C@H](CC(C)C)NC(=O)[C@H](Cc1ccccc1)NC(=O)[C@H](CCCNC(=N)N)NC(=O)[C@H](CCCNC(=N)N)NC(=O)[C@@H](NC(=O)[C@@H](N)CCSC)C(C)C)C(C)C)[C@@H](C)O)[C@@H](C)CC)C(C)C)C(C)C)C(C)C)C(C)C)[C@@H](C)CC)[C@@H](C)O,1,0.6045578,0
CC(C)C[C@H](NC(=O)[C@H](CCCC[NH3+])NC(=O)[C@H](CCCNC(N)=[NH2+])NC(=O)[C@H](Cc1ccccc1)NC(=O)[C@H](Cc1ccccc1)NC(=O)[C@H](CCCC[NH3+])NC(=O)[C@H](CCCC[NH3+])NC(=O)[C@H](Cc1ccccc1)NC(=O)[C@H](CCCNC(N)=[NH2+])NC(=O)[C@H](CCCC[NH3+])NC(=O)[C@@H](N)C(C)C)C(=O)N[C@@H](CCCC[NH3+])C(=O)N[C@@H](CCCC[NH3+])C(=O)N[C@@H](CC(C)C)C(=O)N[C@H](C(N)=O)C(C)C,1,-0.04735563,0
CC[C@H](C)[C@H](NC(=O)[C@H](CC(C)C)NC(=O)[C@@H](NC(=O)[C@H](CCCNC(N)=[NH2+])NC(=O)[C@H](Cc1ccccc1)NC(=O)[C@@H](NC(=O)[C@@H](NC(=O)[C@@H](N)CC(C)C)[C@@H](C)CC)[C@@H](C)CC)[C@@H](C)CC)C(=O)N[C@@H](CO)C(=O)NC(CC1CNCN1)C(O)N[C@@H](CCCNC(N)=[NH2+])C(=O)N[C@H](C=O)CCCNC(N)=[NH2+],1,9.843198,0
CC[C@H](C)[C@H](NC(=O)[C@H](C)NC(=O)[C@@H](NC(=O)[C@@H](N)Cc1ccc(O)cc1)[C@@H](C)O)C(=O)N[C@@H](C)C(=O)N[C@@H](Cc1c[nH]c2ccccc12)C(=O)N[C@H](C(=O)N[C@@H](CCCC[NH3+])C(=O)N[C@@H](C)C(=O)N[C@@H](Cc1ccccc1)C(=O)N[C@H](C(=O)N[C@@H](CCCNC(N)=[NH2+])C(=O)N[C@@H](CCCC[NH3+])C(=O)N[C@@H](CC(C)C)C(=O)N[C@@H](CCCNC(N)=[NH2+])C(=O)N[C@H](C=O)CCCC[NH3+])[C@@H](C)CC)C(C)C,1,6.217176,0
CCC(NC(=O)[C@H](CC(=O)O)NC(=O)CN)C(O)N[C@@H](CC(C)C)C(=O)N1CCC[C@H]1C(=O)NC(CC1CNCN1)C(O)N[C@@H](CC(C)C)C(=O)N[C@@H](CCCCN)C(=O)N[C@@H](CC(C)C)C(=O)N[C@@H](CS)C(=O)O,1,-1.2685294,0
CC[C@H](C)[C@H](NC(=O)[C@H](CS)NC(=O)[C@H](CO)NC(=O)[C@@H](NC(=O)[C@@H]1CCCN1C(=O)[C@@H]1CCCN1C(=O)CNC(=O)[C@H](CCCNC(N)=[NH2+])NC(=O)[C@@H](NC(=O)[C@H](CCCC[NH3+])NC(=O)[C@H](CCCNC(N)=[NH2+])NC(=O)[C@H](CCSC)NC(=O)[C@H](CC(N)=O)NC(=O)[C@H](CCCNC(N)=[NH2+])NC(=O)[C@H](CCC(N)=O)NC(=O)[C@H](Cc1c[nH]c2ccccc12)NC(=O)[C@@H](N)CCC(N)=O)C(C)C)C(C)C)C(=O)N[C@@H](CCCC[NH3+])C(=O)N[C@H](C=O)CCCNC(N)=[NH2+],1,4.8045163,0
C[C@H](N)C(=O)N[C@@H](CS)C(=O)N[C@@H](CCCNC(N)=[NH2+])C(=O)NCC(=O)N[C@@H](CCCNC(N)=[NH2+])C(=O)NCC(=O)N[C@@H](CCCNC(N)=[NH2+])C(=O)NCC(=O)N[C@@H](CS)C(=O)N[C@@H](CCCNC(N)=[NH2+])C(=O)NCC(=O)N[C@@H](CCCNC(N)=[NH2+])C(=O)NCC(=O)N[C@@H](CCCNC(N)=[NH2+])C(=O)NCC(=O)N[C@@H](CS)C(=O)NCC=O,1,7.8216815,0
CC[C@H](C)[C@H](NC(=O)[C@H](CCCC[NH3+])NC(=O)[C@H](Cc1ccccc1)NC(=O)[C@@H](NC(=O)[C@@H](NC(=O)[C@@H](N)CCSC)[C@@H](C)CC)[C@@H](C)CC)C(=O)N[C@@H](C)C(=O)N[C@@H](C)C(=O)N[C@@H](CO)C(=O)NC(CC1CNCN1)C(O)N[C@@H](CCCC[NH3+])C(=O)N[C@H](C=O)CCCC[NH3+],1,10.078772,0
CC[C@H](C)[C@H](NC(=O)[C@H](CCCNC(N)=[NH2+])NC(=O)[C@H](CCCNC(N)=[NH2+])NC(=O)[C@H](CCCNC(N)=[NH2+])NC(=O)[C@H](CC(C)C)NC(=O)[C@@H](NC(=O)[C@@H](NC(=O)[C@H](CC(C)C)NC(=O)[C@@H](N)CC(C)C)[C@@H](C)CC)[C@@H](C)CC)C(=O)N[C@@H](CCCNC(N)=[NH2+])C(=O)N[C@@H](CCCC[NH3+])C(=O)N[C@@H](CCC(N)=O)C(=O)N[C@@H](C)C(=O)NC(CC1CNCN1)C(O)N[C@H](C)C(=O)NC(CC1CNCN1)C(O)N[C@@H](CO)C(=O)N[C@H](C=O)CCCC[NH3+],1,11.048702,0
CC[C@H](C)[C@H](NC(=O)[C@H](CC(C)C)NC(=O)[C@H](CC(=O)O)NC(=O)[C@H](CCCNC(N)=[NH2+])NC(=O)[C@H](C)NC(=O)[C@@H](NC(=O)[C@@H](NC(=O)[C@@H](N)CCSC)[C@@H](C)CC)[C@@H](C)CC)C(=O)N[C@H](C=O)CO,1,7.786664,0
CC[C@H](C)[C@H](NC(=O)[C@H](CCCC[NH3+])NC(=O)[C@H](CCCC[NH3+])NC(=O)[C@H](C)NC(=O)[C@H](CC(C)C)NC(=O)[C@H](C)NC(=O)[C@H](C)NC(=O)[C@H](CC(C)C)NC(=O)[C@H](C)NC(=O)[C@H](CCCC[NH3+])NC(=O)[C@H](CC(C)C)NC(=O)[C@H](CC(N)=O)NC(=O)[C@@H](NC(=O)[C@H](CCCC[NH3+])NC(=O)CNC(=O)[C@H](CC(C)C)NC(=O)[C@H](CC(C)C)NC(=O)[C@H](Cc1ccc(O)cc1)NC(=O)CNC(=O)[C@H](C)NC(=O)[C@H](CO)NC(=O)[C@H](CC(N)=O)NC(=O)[C@H](CC(C)C)NC(=O)[C@@H](NC(=O)[C@H](Cc1c[nH]c2ccccc12)NC(=O)CN)[C@@H](C)O)[C@@H](C)CC)C(=O)N[C@H](C=O)CC(C)C,1,5.042205,0
CC[C@H](C)[C@H](NC(=O)CNC(=O)[C@H](CC(=O)O)NC(=O)[C@H](CO)NC(=O)[C@@H]([NH3+])Cc1c[nH]cn1)C(=O)N[C@@H](Cc1ccccc1)C(=O)N[C@H](C(=O)N[C@@H](CC(=O)O)C(=O)N[C@@H](CO)C(=O)N[C@@H](Cc1ccc(O)cc1)C(=O)N[C@@H](CO)C(=O)N[C@@H](CCCNC(N)=[NH2+])C(=O)N[C@@H](Cc1ccc(O)cc1)C(=O)N[C@@H](CCCNC(N)=[NH2+])C(=O)N[C@@H](CCCC[NH3+])C(=O)N[C@@H](CCC(N)=O)C(=O)N[C@@H](CCSC)C(=O)N[C@@H](C)C(=O)N[C@H](C(=O)N[C@@H](CCCC[NH3+])C(=O)N[C@@H](CCCC[NH3+])C(=O)N[C@@H](Cc1ccc(O)cc1)C(=O)N[C@@H](CC(C)C)C(=O)N[C@@H](C)C(=O)N[C@@H](C)C(=O)N[C@H](C(=O)N[C@@H](CC(C)C)C(=O)NCC(=O)N[C@@H](CCCC[NH3+])C(=O)N[C@@H](CCCNC(N)=[NH2+])C(=O)N[C@@H](Cc1ccc(O)cc1)C(=O)N[C@@H](CCCC[NH3+])C(=O)N[C@@H](CCC(N)=O)C(=O)N[C@@H](CCCNC(N)=[NH2+])C(=O)N[C@H](C(=O)N[C@@H](CCCC[NH3+])C(=O)N[C@@H](CC(N)=O)C(=O)N[C@@H](CCCC[NH3+])C(N)=O)C(C)C)C(C)C)C(C)C)[C@@H](C)O,1,-1.9263713,0
CC[C@H](C)[C@H](NC(=O)[C@H](CC(N)=O)NC(=O)[C@H](C)NC(=O)[C@H](CC(C)C)NC(=O)[C@H](CC(C)C)NC(=O)[C@H](CC(N)=O)NC(=O)[C@H](CO)NC(O)C(CC1CNCN1)NC(O)C(CC1CNCN1)NC(=O)[C@H](CCCNC(N)=[NH2+])NC(=O)[C@H](CC(C)C)NC(O)C(CC1CNCN1)NC(=O)[C@H](CCCNC(N)=[NH2+])NC(=O)[C@H](CC(C)C)NC(=O)[C@H](CC(C)C)NC(=O)[C@H](CC(C)C)NC(=O)CNC(=O)[C@H](CC(C)C)NC(C)=O)C(N)=O,1,-2.8236618,0
NC(=[NH2+])NCCC[C@@H](N)C(=O)N[C@H](CCCNC(N)=[NH2+])C(=O)N[C@H](CCCNC(N)=[NH2+])C(=O)N[C@H](CCCNC(N)=[NH2+])C(=O)N[C@H](CCCNC(N)=[NH2+])C(=O)N[C@H](CCCNC(N)=[NH2+])C(=O)N[C@H](CCCNC(N)=[NH2+])C(=O)N[C@H](CCCNC(N)=[NH2+])C(=O)N[C@H](CCCNC(N)=[NH2+])C(=O)N[C@H](CCCNC(N)=[NH2+])C(=O)N[C@H](CCCNC(N)=[NH2+])C(=O)N[C@H](CCCNC(N)=[NH2+])C(=O)NCC(=O)N[C@@H](CS)C(N)=O,1,9.67579,0
CC(C)[C@H](NC(=O)[C@H](CCCNC(N)=[NH2+])NC(=O)[C@H](CCCNC(N)=[NH2+])NC(=O)[C@H](CCCNC(N)=[NH2+])NC(=O)[C@H](CC(N)=O)NC(=O)[C@H](CCCNC(N)=[NH2+])NC(=O)[C@H](CCCNC(N)=[NH2+])NC(=O)[C@@H](NC(=O)[C@@H](N)CCCNC(N)=[NH2+])[C@@H](C)O)C(=O)N[C@H](C=O)CCCNC(N)=[NH2+],1,12.23085,0
CC[C@H](C)[C@H](NC(=O)[C@H](CO)NC(=O)[C@H](CCCCN)NC(=O)[C@@H](NC(=O)[C@H](CCCNC(=N)N)NC(=O)[C@H](CCC(=O)O)NC(=O)[C@H](Cc1c[nH]c2ccccc12)NC(=O)[C@H](CCSC)NC(=O)[C@H](CO)NC(=O)[C@H](C)N)C(C)C)C(=O)N[C@H](C(=O)N[C@@H](CCCCN)C(=O)N[C@@H](CO)C(=O)N[C@@H](CO)C(=O)N[C@@H](CC(C)C)C(=O)N[C@@H](C)C(=O)N[C@@H](C)C(=O)N[C@@H](C)C(=O)N[C@@H](CO)C(=O)N[C@@H](CC(N)=O)C(=O)N[C@H](C=O)[C@@H](C)CC)[C@@H](C)CC,1,1.6735041,0
C[C@H](NC(=O)[C@H](CCC(N)=O)NC(=O)[C@H](CCCC[NH3+])NC(=O)[C@H](CCC(=O)O)NC(=O)[C@H](C)NC(=O)[C@H](CCCNC(N)=[NH2+])NC(=O)[C@H](CCCNC(N)=[NH2+])NC(=O)[C@H](CCC(=O)O)NC(=O)[C@H](CCCNC(N)=[NH2+])NC(=O)[C@H](CCCNC(N)=[NH2+])NC(=O)[C@H](CCCNC(N)=[NH2+])NC(=O)[C@@H](NC(=O)[C@@H](N)CCC(N)=O)[C@@H](C)O)C(=O)N[C@@H](CCC(N)=O)C(=O)N[C@H](C=O)Cc1c[nH]c2ccccc12,1,6.536375,0
CC[C@H](C)[C@H](NC(=O)[C@H](C)NC(=O)[C@H](CC(C)C)NC(=O)[C@H](CCCC[NH3+])NC(=O)[C@H](CC(C)C)NC(=O)[C@@H](NC(=O)[C@@H](NC(=O)[C@@H](N)CCCC[NH3+])[C@@H](C)CC)[C@@H](C)O)C(=O)N[C@@H](CCCC[NH3+])C(=O)N[C@@H](C)C(=O)N[C@@H](Cc1c[nH]c2ccccc12)C(=O)N[C@@H](CCCC[NH3+])C(=O)N[C@@H](CC(C)C)C(=O)N[C@@H](C)C(=O)N[C@@H](CC(C)C)C(=O)N[C@@H](CCCC[NH3+])C(=O)N[C@@H](C)C(=O)N[C@@H](C)C(N)=O,1,-1.0647299,0
NCC(=O)N[C@@H](CCCNC(N)=[NH2+])C(=O)NCC(=O)N[C@@H](CC(=O)O)C(=O)N[C@@H](CO)C(=O)N1CCC[C@H]1C(=O)N[C@@H](CCCNC(N)=[NH2+])C(=O)N[C@@H](CCCNC(N)=[NH2+])C(=O)N[C@@H](CO)C(=O)N1CCC[C@H]1C(=O)N[C@@H](CCCNC(N)=[NH2+])C(=O)N[C@H](C=O)CCCNC(N)=[NH2+],1,10.5487175,0
CC[C@H](C)[C@H](NC(=O)[C@H](CC(C)C)NC(=O)[C@@H](N)CCCC[NH3+])C(=O)N[C@@H](CCCC[NH3+])C(=O)NCC(=O)N[C@@H](CCCNC(N)=[NH2+])C(=O)N[C@H](C(=O)N1CCC[C@H]1C(=O)N[C@H](C(=O)N[C@@H](CCCC[NH3+])C(=O)N[C@@H](Cc1ccccc1)C(=O)NCC(=O)N[C@@H](CCCC[NH3+])C(=O)N[C@@H](C)C(=O)N[C@@H](CCCNC(N)=[NH2+])C(=O)N[C@@H](CS)C(=O)N[C@@H](CCCNC(N)=[NH2+])C(=O)N[C@@H](CCCNC(N)=[NH2+])C(=O)N1CCC[C@H]1C(=O)N1CCC[C@H]1C(=O)N[C@@H](CCCC[NH3+])C(=O)NC(CC1CNCN1)C(O)N[C@@H](CO)C(=O)NCC(=O)N[C@H](C=O)CCCC[NH3+])[C@@H](C)CC)[C@@H](C)O,1,9.426489,0
CC[C@H](C)[C@H](NC(=O)[C@H](CCCNC(N)=[NH2+])NC(=O)[C@H](CC(C)C)NC(=O)[C@H](CCC(N)=O)NC(=O)[C@@H](N)CCCNC(N)=[NH2+])C(=O)N[C@@H](C)C(=O)NCC(=O)N[C@@H](CCCNC(N)=[NH2+])C(=O)N[C@@H](CCCNC(N)=[NH2+])C(=O)N[C@@H](CC(C)C)C(=O)N[C@@H](CCCNC(N)=[NH2+])C(=O)NCC(=O)N[C@@H](CCCNC(N)=[NH2+])C(=O)N[C@@H](CO)C(=O)N[C@H](C=O)CCCNC(N)=[NH2+],1,11.66729,0
NC(=[NH2+])NCCC[C@H](NC(=O)[C@H](CCCNC(N)=[NH2+])NC(=O)[C@H](CCCNC(N)=[NH2+])NC(=O)[C@H](CCCNC(N)=[NH2+])NC(=O)[C@H](CCCNC(N)=[NH2+])NC(=O)[C@H](CCCNC(N)=[NH2+])NC(=O)[C@H](CCCNC(N)=[NH2+])NC(=O)[C@H](CCCNC(N)=[NH2+])NC(=O)[C@@H](N)CCCNC(N)=[NH2+])C(N)=O,1,6.9115715,0
CC(C)C[C@H](NC(=O)CN)C(=O)N[C@@H](Cc1c[nH]c2ccccc12)C(=O)N[C@@H](CCCNC(N)=[NH2+])C(=O)N[C@@H](C)C(=O)N[C@@H](CC(C)C)C(=O)N[C@@H](Cc1c[nH]c2ccccc12)C(=O)N[C@@H](CCCNC(N)=[NH2+])C(=O)N[C@@H](CC(C)C)C(=O)N[C@@H](CC(C)C)C(=O)N[C@@H](CCCNC(N)=[NH2+])C(=O)N[C@@H](CO)C(=O)N[C@@H](CC(C)C)C(=O)N[C@@H](Cc1c[nH]c2ccccc12)C(=O)N[C@@H](CCCNC(N)=[NH2+])C(=O)N[C@@H](CC(C)C)C(=O)N[C@@H](CC(C)C)C(=O)N[C@@H](Cc1c[nH]c2ccccc12)C(=O)N[C@@H](CCCNC(N)=[NH2+])C(=O)N[C@@H](C)C=O,1,8.794809,0
CC(C)C[C@H](NC(=O)CN)C(=O)N[C@@H](CCCC[NH3+])C(=O)N[C@@H](CCCC[NH3+])C(=O)N[C@@H](CC(C)C)C(=O)N[C@@H](C)C(=O)N[C@@H](CCC(=O)O)C(=O)N[C@@H](CC(C)C)C(=O)N[C@@H](Cc1ccccc1)C(=O)NC(CC1CNCN1)C(O)N[C@@H](CCCC[NH3+])C(=O)N[C@@H](CC(C)C)C(=O)N[C@@H](CC(C)C)C(=O)N[C@@H](CCCC[NH3+])C(=O)N[C@@H](CC(C)C)C(=O)NCC(=O)N[C@@H](CS)C(N)=O,1,-2.952892,0
CSCC[C@H](NC(=O)[C@@H](NC(=O)[C@H](CO)NC(=O)CNC(=O)[C@H](C)NC(=O)[C@H](C)NC(=O)CNC(=O)[C@H](CC(C)C)NC(=O)[C@H](Cc1ccccc1)NC(=O)CNC(=O)[C@H](CC(C)C)NC(=O)[C@H](Cc1ccccc1)NC(=O)[C@H](CC(C)C)NC(=O)[C@H](C)NC(=O)CN)[C@@H](C)O)C(=O)NCC(=O)N[C@@H](C)C(=O)N[C@@H](Cc1c[nH]c2ccccc12)C(=O)N[C@@H](CO)C(=O)N[C@@H](CCC(N)=O)C(=O)N1CCC[C@H]1C(=O)N[C@@H](CCCC[NH3+])C(=O)N[C@@H](CO)C(=O)N[C@@H](CCCC[NH3+])C(=O)N[C@@H](CCCNC(N)=[NH2+])C(=O)N[C@@H](CCCC[NH3+])C(=O)N[C@H](C=O)C(C)C,1,2.9086726,0
CC[C@H](C)[C@H](NC(=O)[C@H](C)NC(=O)[C@H](C)NC(=O)[C@@H]1CCCN1C(=O)[C@H](CCCNC(N)=[NH2+])NC(=O)[C@@H](N)CCCC[NH3+])C(=O)N[C@@H](CCCC[NH3+])C(=O)N[C@@H](CCCC[NH3+])C(=O)N[C@@H](C)C(=O)NCC(=O)N[C@@H](CCC(N)=O)C(=O)N[C@@H](C)C(=O)N[C@@H](CCCC[NH3+])C(=O)N[C@@H](CCCC[NH3+])C(=O)N[C@@H](CCCC[NH3+])C(=O)N[C@H](C=O)CCCC[NH3+],1,11.781341,0
C[C@H](NC(=O)[C@H](CCCC[NH3+])NC(=O)[C@H](CO)NC(=O)[C@H](CCCNC(N)=[NH2+])NC(=O)[C@H](CS)NC(O)C(CC1CNCN1)NC(O)C(CC1CNCN1)NC(=O)[C@H](CCCNC(N)=[NH2+])NC(=O)[C@H](CCCNC(N)=[NH2+])NC(=O)CN)C(=O)N[C@@H](CCCC[NH3+])C(=O)N[C@@H](CCCNC(N)=[NH2+])C(=O)N[C@@H](CO)C(=O)N[C@@H](CCCNC(N)=[NH2+])C(=O)NC(CC1CNCN1)C(O)NC(CO)CC1CNCN1,1,4.6441703,0
C[C@H](N)C(=O)N[C@@H](CS)C(=O)N[C@@H](CO)C(=O)NCC(=O)N[C@@H](CO)C(=O)NCC(=O)N[C@@H](CO)C(=O)NCC(=O)N[C@@H](CS)C(=O)NCC(=O)N[C@@H](CO)C(=O)NCC(=O)N[C@@H](CO)C(=O)NCC(=O)N[C@@H](CO)C(=O)N[C@@H](CS)C(=O)NCC=O,1,-6.667156,0
NC(=[NH2+])NCCC[C@@H](C=O)NC(=O)[C@H](CCCNC(N)=[NH2+])NC(=O)[C@H](CCCNC(N)=[NH2+])NC(=O)[C@H](CCCNC(N)=[NH2+])NC(=O)[C@H](CCCNC(N)=[NH2+])NC(=O)[C@H](CCCNC(N)=[NH2+])NC(=O)[C@H](CCCNC(N)=[NH2+])NC(=O)[C@@H](N)CCCNC(N)=[NH2+],1,17.605488,0
NCC(=O)N[C@@H](CCCC[NH3+])C(=O)NC(CC1CNCN1)C(O)N[C@@H](CCCNC(N)=[NH2+])C(=O)NC(CC1CNCN1)C(O)N[C@@H](CCC(=O)O)C(=O)N[C@@H](CCCNC(N)=[NH2+])C(=O)NCC(=O)NC(CC1CNCN1)C(O)NC(CC1CNCN1)C(O)N[C@@H](CCCNC(N)=[NH2+])C(=O)N[C@@H](CC(=O)O)C(=O)N[C@@H](CCCNC(N)=[NH2+])C(=O)N[C@@H](CCCNC(N)=[NH2+])C(=O)N[C@@H](CCC(=O)O)C(=O)N[C@H](C=O)CCCNC(N)=[NH2+],1,14.124599,0
NC(=[NH2+])NCCC[C@@H](C=O)NC(=O)[C@H](CCCNC(N)=[NH2+])NC(=O)[C@H](CCCNC(N)=[NH2+])NC(=O)[C@H](CCCNC(N)=[NH2+])NC(=O)[C@H](CCCNC(N)=[NH2+])NC(=O)[C@H](CCCNC(N)=[NH2+])NC(=O)[C@H](CCCNC(N)=[NH2+])NC(=O)[C@H](CCCNC(N)=[NH2+])NC(=O)[C@@H](N)Cc1c[nH]c2ccccc12,1,13.27026,0
CC[C@H](C)[C@H](NC(=O)[C@H](CCCC[NH3+])NC(=O)[C@H](CC(C)C)NC(=O)[C@@H](NC(=O)[C@H](CO)NC(=O)[C@H](CCCC[NH3+])NC(=O)[C@H](Cc1c[nH]c2ccccc12)NC(=O)[C@@H](NC(=O)[C@H](CCCC[NH3+])NC(=O)[C@H](C)NC(=O)[C@@H](NC(=O)[C@H](CO)NC(=O)[C@H](CCCC[NH3+])NC(=O)[C@H](C)NC(=O)[C@H](C)NC(=O)[C@@H](NC(=O)[C@@H](N)CCCC[NH3+])[C@@H](C)CC)[C@@H](C)CC)[C@@H](C)CC)[C@@H](C)CC)C(=O)N[C@@H](C)C(N)=O,1,-0.93317676,0
CC[C@H](C)[C@H](NC(=O)[C@H](CCCC[NH3+])NC(=O)[C@@H](NC(=O)[C@H](CCC(N)=O)NC(=O)[C@@H]([NH3+])CCCNC(N)=[NH2+])[C@@H](C)CC)C(=O)N[C@@H](Cc1c[nH]c2ccccc12)C(=O)N[C@@H](Cc1ccccc1)C(=O)N[C@@H](CCC(N)=O)C(=O)N[C@@H](CC(N)=O)C(=O)N[C@@H](CCCNC(N)=[NH2+])C(=O)N[C@@H](CCCNC(N)=[NH2+])C(=O)N[C@@H](CCSC)C(=O)N[C@@H](CCCC[NH3+])C(=O)N[C@@H](Cc1c[nH]c2ccccc12)C(=O)N[C@@H](CCCC[NH3+])C(=O)N[C@@H](CCCC[NH3+])C(=O)O,1,7.664442,0
CC(C)[C@@H](N)C(=O)N[C@H](CS)C(=O)N[C@@H](C(=O)N[C@@H](C=O)CCCNC(N)=[NH2+])C(C)C,1,2.2083833,0
CC(C)C[C@@H](C=O)NC(=O)[C@H](CCC(=O)O)NC(=O)[C@@H](NC(=O)[C@H](CC(C)C)NC(=O)[C@@H](NC(=O)[C@H](CCCC[NH3+])NC(=O)[C@@H](NC(=O)[C@H](CC(C)C)NC(=O)[C@H](CCC(=O)O)NC(=O)[C@H](CCCC[NH3+])NC(=O)[C@H](CC(C)C)NC(=O)[C@@H](NC(=O)[C@H](CCC(=O)O)NC(=O)[C@@H](NC(=O)[C@H](CC(C)C)NC(=O)[C@@H](NC(=O)[C@H](CCCC[NH3+])NC(=O)[C@@H](N)CC(C)C)[C@@H](C)O)[C@@H](C)O)[C@@H](C)O)[C@@H](C)O)[C@@H](C)O)[C@@H](C)O,1,2.957725,0
CC(C)C[C@H](NC(=O)CNC(=O)[C@H](C)NC(=O)[C@H](CCCNC(=N)N)NC(=O)[C@H](CO)NC(=O)[C@H](CO)NC(=O)[C@H](CCCNC(=N)N)NC(=O)[C@@H](NC(=O)[C@H](CCCCN)NC(=O)[C@H](C)NC(=O)[C@H](CCCCN)NC(=O)[C@H](C)NC(=O)[C@H](CCCNC(=N)N)NC(=O)[C@H](C)NC(=O)[C@H](CCCCN)NC(=O)CNC(=O)CNC(=O)[C@H](CCC(N)=O)NC(=O)[C@H](CCCCN)NC(=O)CNC(=O)[C@H](CCCNC(=N)N)NC(=O)CNC(=O)[C@@H](N)CO)[C@@H](C)O)C(=O)N[C@@H](CCC(N)=O)C(=O)N[C@@H](Cc1ccccc1)C(=O)N1CCC[C@H]1C(=O)N[C@H](C(=O)NCC(=O)N[C@@H](CCCNC(=N)N)C(=O)N[C@H](C(=O)N[C@@H](Cc1c[nH]cn1)C(=O)N[C@@H](CCCNC(=N)N)C(=O)N[C@@H](CC(C)C)C(=O)N[C@@H](CC(C)C)C(=O)N[C@@H](CCCNC(=N)N)C(=O)N[C@@H](CCCCN)C(=O)NCC=O)C(C)C)C(C)C,1,1.5174944,0
CC[C@H](C)[C@H](NC(=O)[C@H](CCCC[NH3+])NC(=O)[C@@H](NC(=O)[C@H](CCC(N)=O)NC(=O)[C@@H]([NH3+])CCCNC(N)=[NH2+])[C@@H](C)CC)C(=O)N[C@@H](Cc1c[nH]c2ccccc12)C(=O)N[C@@H](Cc1ccccc1)C(=O)N[C@@H](CCC(N)=O)C(=O)N[C@@H](CC(N)=O)C(=O)N[C@@H](CCCNC(N)=[NH2+])C(=O)N[C@@H](CCCNC(N)=[NH2+])C(=O)N[C@@H](CCSC)C(=O)N[C@@H](CCCC[NH3+])C(=O)N[C@@H](Cc1c[nH]c2ccccc12)C(=O)N[C@@H](CCCC[NH3+])C(=O)N[C@@H](CCCC[NH3+])C(=O)O,1,7.664442,0
NC(=[NH2+])NCCC[C@@H](N)C(=O)N[C@@H](CCCNC(N)=[NH2+])C(=O)N[C@H](CCCNC(N)=[NH2+])C(=O)NCC(=O)N[C@H](CCCNC(N)=[NH2+])C(=O)N[C@@H](CCCC[NH3+])C(=O)N[C@H](CCCC[NH3+])C(=O)N[C@@H](CCCNC(N)=[NH2+])C(=O)N[C@@H](C=O)CCCNC(N)=[NH2+],1,17.233038,0
CC[C@H](C)[C@H](NC(=O)[C@H](CCCC[NH3+])NC(=O)[C@@H](NC(=O)[C@H](CCC(N)=O)NC(=O)[C@@H](N)CCCNC(N)=[NH2+])[C@@H](C)CC)C(=O)N[C@@H](Cc1c[nH]c2ccccc12)C(=O)N[C@@H](Cc1ccccc1)C(=O)N[C@@H](CCC(N)=O)C(=O)N[C@H](C=O)CC(N)=O,1,3.0925858,0
C[C@H](NC(=O)[C@H](C)NC(=O)[C@H](CO)NC(=O)[C@H](CCCNC(N)=[NH2+])NC(=O)[C@H](CS)NC(O)C(CC1CNCN1)NC(O)C(CC1CNCN1)NC(=O)[C@H](CCCNC(N)=[NH2+])NC(=O)[C@H](CCCNC(N)=[NH2+])NC(=O)[C@@H](N)CO)C(=O)N[C@@H](CCCC[NH3+])C(=O)N[C@@H](CCCNC(N)=[NH2+])C(=O)N[C@@H](CO)C(=O)N[C@@H](CCCNC(N)=[NH2+])C(=O)NC(CC1CNCN1)C(O)NC(CO)CC1CNCN1,1,5.0485916,0
NC(=[NH2+])NCCC[C@H](NC(=O)[C@H](Cc1ccccc1)NC(=O)[C@H](CCCC[NH3+])NC(=O)[C@H](CCCC[NH3+])NC(=O)[C@@H](N)Cc1ccccc1)C(=O)N[C@@H](CCCC[NH3+])C(=O)N[C@H](C=O)Cc1ccccc1,1,9.187279,0
CCC[C@@H]1NC(=O)[C@@H]2CS34SC[C@H](NC(=O)[C@H]([C@@H](C)CC)NC(=O)[C@H](CS)NC(=O)[C@H](C)NC(=O)CNC1=O)C(=O)N[C@@H](CCCNC(=N)N)C(=O)NCC(=O)N[C@@H](CC(N)=O)C(=O)NCC(=O)N[C@@H](Cc1ccc(O)cc1)C(=O)N[C@H](C(=O)NCC(=O)N[C@@H](CO)C(=O)NCC(=O)N[C@@H](CO)C(=O)N[C@H](C=O)CC(=O)O)C[SH]3[SH]4C[C@H](NC(=O)[C@H](CCCCN)NC(=O)[C@H](CCCCN)NC(=O)[C@H](CC(C)C)NC(=O)[C@@H](NC(=O)[C@H](C)NC(=O)[C@H](CCC)NC(=O)[C@H](CS)NC(=O)[C@@H](NC(=O)CNC(=O)CN)C(C)C)[C@@H](C)CC)C(=O)N[C@@H](CCCNC(=N)N)C(=O)N[C@@H](CCCNC(=N)N)C(=O)N[C@@H](CC(=O)O)C(=O)N[C@@H](CO)C(=O)N[C@@H](CC(=O)O)C(=O)N2,1,-0.102155246,0
C[C@H](N)C(=O)N[C@@H](CS)C(=O)N[C@@H](CO)C(=O)NCC(=O)N[C@@H](CCCNC(N)=[NH2+])C(=O)NCC(=O)N[C@@H](CCCNC(N)=[NH2+])C(=O)NCC(=O)N[C@@H](CS)C(=O)NCC(=O)N[C@@H](CO)C(=O)NCC(=O)N[C@@H](CO)C(=O)NCC(=O)N[C@@H](CO)C(=O)N[C@@H](CS)C(=O)NCC=O,1,1.34583,0
CC[C@H](C)[C@H](NC(=O)[C@H](CC(C)C)NC(=O)[C@H](C)NC(=O)[C@H](CCCNC(N)=[NH2+])NC(=O)[C@H](Cc1ccccc1)NC(=O)[C@@H](NC(=O)[C@@H](NC(=O)[C@@H](N)CCSC)[C@@H](C)CC)[C@@H](C)CC)C(=O)N[C@@H](CO)C(=O)NC(CC1CNCN1)C(O)N[C@@H](CCCC[NH3+])C(=O)N[C@H](C=O)CCCC[NH3+],1,9.228758,0
CC(C)C[C@H](NC(=O)[C@H](CCCNC(N)=[NH2+])NC(=O)[C@H](CCCNC(N)=[NH2+])NC(=O)[C@H](CC(C)C)NC(=O)[C@H](CC(C)C)NC(=O)[C@H](CCCNC(N)=[NH2+])NC(=O)[C@@H](N)CCCNC(N)=[NH2+])C(=O)N[C@@H](CCCNC(N)=[NH2+])C(=O)N[C@H](C=O)CCCNC(N)=[NH2+],1,14.140238,0
CC[C@H](C)[C@H](NC(=O)[C@H](CCCNC(N)=[NH2+])NC(=O)[C@@H](N)CCCC[NH3+])C(=O)N1CCC[C@H]1C(=O)N[C@@H](CC(N)=O)C(=O)N[C@@H](CCCC[NH3+])C(=O)N[C@@H](CCCC[NH3+])C(=O)N1CCC[C@H]1C(=O)NCC(=O)N[C@@H](CCCC[NH3+])C(=O)N[C@H](C=O)CCCC[NH3+],1,9.331209,0
CC[C@H](C)[C@H](NC(=O)[C@H](CCCC[NH3+])NC(=O)[C@@H](NC(=O)[C@H](CCC(N)=O)NC(=O)[C@@H](N)CCCNC(N)=[NH2+])[C@@H](C)CC)C(=O)N[C@@H](Cc1c[nH]c2ccccc12)C(=O)N[C@@H](Cc1ccccc1)C(=O)N1CCC[C@H]1C(=O)N[C@@H](CC(N)=O)C(=O)N[C@@H](CCCNC(N)=[NH2+])C(=O)N[C@@H](CCCNC(N)=[NH2+])C(=O)N[C@@H](CCSC)C(=O)N[C@@H](CCCC[NH3+])C(=O)N[C@@H](Cc1c[nH]c2ccccc12)C(=O)N[C@@H](CCCC[NH3+])C(=O)N[C@H](C=O)CCCC[NH3+],1,11.03081,0
CC[C@H](C)[C@H](NC(=O)[C@H](CCCNC(N)=[NH2+])NC(=O)[C@@H](NC(=O)[C@@H](N)CCCNC(N)=[NH2+])C(C)C)C(=O)N[C@@H](CC(C)C)C(=O)N[C@@H](C)C(=O)N[C@@H](CCCNC(N)=[NH2+])C(=O)N[C@@H](Cc1ccccc1)C(=O)N[C@@H](CC(C)C)C(=O)N[C@@H](CCCNC(N)=[NH2+])C(=O)N[C@H](C(=O)N[C@@H](CCCNC(N)=[NH2+])C(=O)N[C@H](C=O)C(C)C)[C@@H](C)O,1,9.483717,0
CC[C@H](C)[C@H](NC(=O)[C@H](CCCCN)NC(=O)[C@H](CCCCN)NC(=O)[C@H](C)NC(=O)[C@H](CC(C)C)NC(=O)[C@H](C)NC(=O)[C@H](C)NC(=O)[C@H](CC(C)C)NC(=O)[C@H](C)NC(=O)[C@H](CCCCN)NC(=O)[C@H](CC(C)C)NC(=O)[C@H](CC(N)=O)NC(=O)[C@@H](NC(=O)[C@H](CCCCN)NC(=O)CNC(=O)[C@H](CC(C)C)NC(=O)[C@H](CC(C)C)NC(=O)[C@H](Cc1ccc(O)cc1)NC(=O)CNC(=O)[C@H](C)N)[C@@H](C)O)C(=O)N[C@H](C=O)CC(C)C,1,5.224586,0
NC(=[NH2+])NCCC[C@H](NC(=O)CNC(=O)[C@H](CCCNC(N)=[NH2+])NC(=O)[C@@H](N)CCCNC(N)=[NH2+])C(=O)N[C@@H](CCCNC(N)=[NH2+])C(=O)NCC=O,1,5.8792787,0
CC[C@H](C)[C@H](NC(=O)[C@H](CCCNC(N)=[NH2+])NC(=O)[C@H](CC(C)C)NC(=O)[C@@H](NC(=O)[C@@H](NC(=O)[C@H](CC(C)C)NC(=O)[C@H](Cc1ccccc1)NC(=O)[C@H](CCCNC(N)=[NH2+])NC(=O)[C@H](CCCNC(N)=[NH2+])NC(=O)[C@@H](N)C(C)C)C(C)C)[C@@H](C)O)C(=O)N[C@@H](CCCNC(N)=[NH2+])C(=O)N[C@@H](CCCNC(N)=[NH2+])C(=O)N[C@@H](C)C=O,1,9.823009,0
CCC[C@H](NC(=O)[C@@H](NC(=O)[C@H](CC(C)C)NC(=O)[C@H](CC(N)=O)NC(=O)[C@H](CCCNC(=N)N)NC(=O)[C@H](CC(C)C)NC(=O)[C@H](Cc1ccccc1)NC(=O)[C@H](CC(=O)O)NC(=O)[C@H](CCCCN)NC(=O)[C@@H](NC(=O)[C@H](CCCNC(=N)N)NC(=O)[C@H](CCC(N)=O)NC(=O)[C@@H](NC(=O)[C@@H](NC(=O)[C@H](CCCNC(=N)N)NC(=O)[C@H](CCCCN)NC(=O)[C@H](Cc1ccccc1)NC(=O)[C@H](CCC(=O)O)NC(=O)[C@H](CCCCN)NC(=O)CNC(=O)[C@@H](NC(=O)[C@H](CCCCN)NC(=O)[C@H](CCC(=O)O)NC(=O)[C@H](CCCCN)NC(=O)[C@H](CO)NC(=O)[C@H](CCCCN)NC(=O)[C@H](CCCNC(=N)N)NC(=O)[C@H](Cc1ccccc1)NC(=O)[C@H](Cc1ccccc1)NC(=O)[C@H](CC(=O)O)NC(=O)CNC(=O)[C@H](CC(C)C)NC(=O)[C@@H](N)CC(C)C)[C@@H](C)CC)[C@@H](C)CC)C(C)C)[C@@H](C)CC)C(C)C)C(=O)N[C@@H](CCCNC(=N)N)C(=O)N[C@H](C(=O)N[C@@H](CCC(=O)O)C(=O)N[C@@H](CO)C(=O)N[C@H](C=O)CS)[C@@H](C)O,1,1.0500267,0
CC[C@H](C)[C@H](NC(=O)[C@H](C)NC(=O)[C@@H](NC(=O)[C@H](CCC(N)=O)NC(=O)[C@@H]1CCCN1C(=O)[C@H](Cc1ccccc1)NC(=O)[C@@H](NC(O)C(CC1CNCN1)NC(=O)[C@H](Cc1ccccc1)NC(=O)[C@H](CCCC[NH3+])NC(=O)[C@H](CC(N)=O)NC(=O)[C@H](Cc1ccccc1)NC(=O)[C@H](CC(=O)O)NC(=O)[C@H](CCC(N)=O)NC(=O)[C@@H](NC(=O)[C@H](Cc1ccc(O)cc1)NC(=O)[C@@H](NC(=O)CNC(=O)[C@@H](N)CC(C)C)[C@@H](C)O)[C@@H](C)O)[C@@H](C)O)[C@@H](C)O)C(=O)NCC(=O)N[C@H](C(=O)NCC(=O)N[C@@H](C)C(=O)N1CCC[C@H]1C=O)C(C)C,1,0.75602394,0
CSCC[C@H](NC(=O)[C@H](CC(N)=O)NC(=O)[C@H](CCCNC(N)=[NH2+])NC(=O)[C@H](CCC(N)=O)NC(=O)[C@H](Cc1c[nH]c2ccccc12)NC(=O)[C@H](CCC(N)=O)NC(=O)[C@@H](N)Cc1ccccc1)C(=O)N[C@@H](CCCNC(N)=[NH2+])C(=O)N[C@@H](CCCC[NH3+])C(=O)N[C@H](C(=O)N[C@@H](CCCNC(N)=[NH2+])C(=O)NCC(=O)N1CCC[C@H]1C(=O)N1CCC[C@H]1C(=O)N[C@H](C(=O)N[C@H](C=O)CO)C(C)C)C(C)C,1,4.5441704,0
C[C@H](N)C(=O)N[C@@H](CS)C(=O)N[C@@H](CCCNC(N)=[NH2+])C(=O)NCC(=O)N[C@@H](CO)C(=O)NCC(=O)N[C@@H](CCCNC(N)=[NH2+])C(=O)NCC(=O)N[C@@H](CS)C(=O)NCC(=O)N[C@@H](CCCNC(N)=[NH2+])C(=O)NCC(=O)N[C@@H](CO)C(=O)NCC(=O)N[C@@H](CCCNC(N)=[NH2+])C(=O)N[C@@H](CS)C(=O)NCC=O,1,3.6423025,0
CC[C@H](C)[C@H](NC(=O)[C@H](CCCCN)NC(=O)[C@H](CCCCN)NC(=O)[C@H](C)NC(=O)[C@H](CC(C)C)NC(=O)[C@H](CCCCN)NC(=O)[C@H](C)NC(=O)[C@H](CC(C)C)NC(=O)[C@H](CCCCN)NC(=O)[C@H](C)NC(=O)[C@H](CC(C)C)NC(=O)[C@H](CCCCN)NC(=O)[C@H](C)NC(=O)[C@H](CC(C)C)NC(=O)[C@H](CCCCN)NC(=O)[C@H](C)NC(=O)[C@H](CC(C)C)NC(=O)[C@H](CCCCN)NC(=O)[C@H](C)NC(=O)[C@H](CC(C)C)NC(=O)[C@H](C)NC(=O)[C@H](CC(C)C)NC(=O)[C@H](C)NC(=O)[C@H](CC(C)C)NC(=O)[C@H](C)NC(=O)[C@H](CC(C)C)NC(=O)[C@H](C)NC(=O)[C@H](CC(C)C)NC(=O)[C@H](C)NC(=O)[C@H](CC(C)C)NC(=O)[C@H](C)NC(=O)[C@H](CC(C)C)NC(=O)[C@H](C)NC(=O)[C@@H](N)CC(C)C)C(=O)N[C@H](C=O)CCCCN,1,6.9815693,0
CC(C)C[C@H](NC(=O)[C@H](C)NC(=O)[C@H](CC(C)C)NC(=O)[C@H](CC(C)C)NC(=O)[C@@H](NC(=O)[C@H](C)NC(=O)[C@@H]1CCCN1C(=O)[C@H](CC(C)C)NC(=O)[C@H](CC(C)C)NC(=O)[C@H](C)NC(=O)[C@@H](NC(=O)[C@H](C)NC(=O)[C@H](C)NC(=O)[C@H](CCCC[NH3+])NC(=O)[C@H](Cc1ccccc1)NC(=O)[C@H](CCCNC(N)=[NH2+])NC(=O)[C@@H](N)Cc1c[nH]c2ccccc12)C(C)C)C(C)C)C(=O)N[C@@H](CC(C)C)C(=O)N[C@@H](C)C(=O)N1CCC[C@H]1C=O,1,6.4648104,0
CC(C)C[C@H](NC(=O)[C@H](C)NC(=O)[C@H](CC(C)C)NC(=O)[C@H](CCCC[NH3+])NC(=O)[C@H](CC(C)C)NC(=O)[C@H](CCCC[NH3+])NC(=O)[C@H](CC(C)C)NC(=O)[C@H](C)NC(=O)[C@@H](N)CCCC[NH3+])C(=O)N[C@@H](C)C(=O)N[C@@H](CC(C)C)C(=O)N[C@@H](CC(C)C)C(=O)N[C@@H](C)C(=O)N[C@@H](CCCC[NH3+])C(=O)N[C@@H](CC(C)C)C(=O)N[C@@H](CCCC[NH3+])C(=O)N[C@@H](CC(C)C)C(=O)N[C@@H](C)C=O,1,9.526326,0
CC[C@H](C)[C@H](NC(=O)[C@H](CC(C)C)NC(=O)[C@H](CC(=O)O)NC(=O)[C@H](CCCNC(N)=[NH2+])NC(=O)[C@H](Cc1ccc(O)cc1)NC(=O)[C@H](C)NC(=O)[C@@H](NC(=O)[C@@H](N)CCSC)[C@@H](C)CC)C(=O)N[C@H](C=O)CO,1,7.459319,0
CC(C)C[C@@H](NC(=O)[C@H](NC(=O)[C@H]1CCCN1C(=O)[C@H](N)C(C)C)[C@@H](C)O)C(=O)N[C@@H](C=O)CCCC[NH3+],1,2.3410501,0
CC(C)C[C@H](NC(=O)[C@H](C)NC(=O)[C@H](CCCC[NH3+])NC(=O)[C@H](CC(C)C)NC(=O)[C@H](C)NC(=O)[C@H](CC(C)C)NC(=O)[C@H](CCCC[NH3+])NC(=O)[C@H](CC(C)C)NC(=O)[C@H](C)NC(=O)[C@H](CC(C)C)NC(=O)[C@@H](N)CCCC[NH3+])C(=O)N[C@@H](CCC(N)=O)C(=O)N[C@@H](C)C(=O)N[C@@H](C)C(=O)N[C@@H](CC(C)C)C(=O)N[C@@H](CCC(N)=O)C(=O)N[C@@H](CC(C)C)C(=O)N[C@@H](C)C=O,1,7.146451,0
CC[C@H](C)[C@H](NC(=O)[C@H](CCCC[NH3+])NC(=O)[C@@H](NC(=O)[C@H](CCC(N)=O)NC(=O)[C@@H](N)CCCNC(N)=[NH2+])[C@@H](C)CC)C(=O)N[C@@H](Cc1c[nH]c2ccccc12)C(=O)N[C@@H](Cc1ccccc1)C(=O)N[C@@H](CCC(N)=O)C(=O)N[C@@H](CC(N)=O)C(=O)N[C@@H](CCCNC(N)=[NH2+])C(=O)N[C@@H](CCCNC(N)=[NH2+])C(=O)N[C@@H](C)C(=O)N[C@@H](CCCC[NH3+])C(=O)N[C@@H](Cc1c[nH]c2ccccc12)C(=O)N[C@@H](CCCC[NH3+])C(=O)N[C@H](C=O)CCCC[NH3+],1,10.976337,0
NC(=[NH2+])NCCC[C@@H](C=O)NC(=O)[C@H](CCCNC(N)=[NH2+])NC(=O)[C@H](CCCNC(N)=[NH2+])NC(=O)[C@H](CCC(N)=O)NC(=O)[C@H](CCCNC(N)=[NH2+])NC(=O)[C@H](CCCNC(N)=[NH2+])NC(=O)[C@H](CCCC[NH3+])NC(=O)[C@H](CCCC[NH3+])NC(=O)[C@H](CCCNC(N)=[NH2+])NC(=O)CNC(=O)[C@H](Cc1ccc(O)cc1)NC(=O)[C@H](CCCC[NH3+])NC(=O)[C@@H](N)CS,1,13.22154,0
CC(C)C[C@H](NC(=O)CNC(=O)[C@H](CO)NC(=O)[C@H](C)NC(=O)CNC(=O)[C@H](CO)NC(=O)[C@@H]1CCCN1C(=O)[C@H](C)NC(=O)[C@H](CC(C)C)NC(=O)[C@H](CC(C)C)NC(=O)[C@H](C)NC(=O)[C@H](CC(C)C)NC(=O)[C@H](CC(C)C)NC(=O)[C@@H](NC(=O)[C@H](C)NC(=O)[C@@H]1CCCN1C(=O)[C@H](CC(C)C)NC(=O)[C@H](CC(C)C)NC(=O)[C@H](C)NC(=O)[C@@H](NC(=O)[C@H](C)NC(=O)[C@H](C)N)C(C)C)C(C)C)C(=O)N[C@@H](CC(=O)O)C(=O)N[C@@H](CCCC[NH3+])C(=O)N[C@@H](CCCNC(N)=[NH2+])C(=O)N[C@@H](CC(=O)O)C(=O)N[C@@H](Cc1ccc(O)cc1)C(=O)N[C@H](C(N)=O)C(C)C,1,-1.4924502,0
CC[C@H](C)[C@H](NC(=O)[C@H](CCCNC(N)=[NH2+])NC(=O)[C@H](Cc1ccccc1)NC(=O)[C@@H](NC(=O)[C@@H](NC(=O)[C@@H](N)CCSC)[C@@H](C)CC)[C@@H](C)CC)C(=O)N[C@@H](C)C(=O)N[C@@H](C)C(=O)N[C@@H](CO)C(=O)NC(CC1CNCN1)C(O)N[C@@H](CCCC[NH3+])C(=O)N[C@H](C=O)CCCC[NH3+],1,10.793385,0
CC(=O)NC(CC1CNCN1)C(O)NC(CC1CNCN1)C(O)NC(CC1CNCN1)C(O)NC(CC1CNCN1)C(O)NC(CC1CNCN1)C(O)NC(CC1CNCN1)C(O)NC(CC1CNCN1)C(O)NC(CC1CNCN1)C(O)N[C@@H](CCCNC(N)=[NH2+])C(=O)N[C@@H](CCCNC(N)=[NH2+])C(=O)N[C@@H](CCCNC(N)=[NH2+])C(=O)N[C@@H](CCCNC(N)=[NH2+])C(=O)N[C@@H](CCCNC(N)=[NH2+])C(=O)N[C@@H](CCCNC(N)=[NH2+])C(=O)N[C@@H](CCCNC(N)=[NH2+])C(=O)N[C@@H](CCCNC(N)=[NH2+])C(=O)N[C@@H](CCCNC(N)=[NH2+])C(=O)N[C@@H](CCCNC(N)=[NH2+])C(=O)N[C@@H](CCCNC(N)=[NH2+])C(=O)N[C@@H](CCCNC(N)=[NH2+])C(=O)N[C@@H](CCCNC(N)=[NH2+])C(=O)N[C@@H](CCCNC(N)=[NH2+])C(=O)N[C@@H](CCCNC(N)=[NH2+])C(N)=O,1,6.513315,0
CC[C@H](C)[C@H](NC(=O)[C@H](CCCC[NH3+])NC(=O)[C@@H](NC(=O)[C@H](CCC(N)=O)NC(=O)[C@@H]([NH3+])CCCNC(N)=[NH2+])[C@@H](C)CC)C(=O)N[C@@H](Cc1c[nH]c2ccccc12)C(=O)N[C@@H](Cc1ccccc1)C(=O)N[C@@H](CCC(N)=O)C(=O)N[C@@H](CC(N)=O)C(=O)N[C@@H](CCCNC(N)=[NH2+])C(=O)N[C@@H](CCCNC(N)=[NH2+])C(=O)N[C@@H](CCSC)C(=O)N[C@@H](CCCC[NH3+])C(=O)N[C@@H](Cc1c[nH]c2ccccc12)C(=O)N[C@@H](CCCC[NH3+])C(=O)N[C@@H](CCCC[NH3+])C(=O)O,1,7.664442,0
NC(=[NH2+])NCCC[C@H](NC(=O)[C@H](Cc1c[nH]c2ccccc12)NC(=O)[C@H](CCCNC(N)=[NH2+])NC(=O)[C@@H](N)CS)C(=O)N[C@H](Cc1c[nH]c2ccccc12)C(=O)N[C@@H](CCCC[NH3+])C(=O)N[C@@H](CS)C(=O)N[C@@H](CS)C(=O)N[C@@H](CCCC[NH3+])C(=O)N[C@H](C=O)CCCC[NH3+],1,7.5728297,0
CC[C@H](C)[C@H](NC(=O)[C@H](CCCC[NH3+])NC(=O)[C@@H](NC(=O)[C@H](CCC(N)=O)NC(=O)[C@@H](N)CCCNC(N)=[NH2+])[C@@H](C)CC)C(=O)N[C@@H](Cc1ccccc1)C(=O)N[C@@H](Cc1ccccc1)C(=O)N[C@@H](CCC(N)=O)C(=O)N[C@@H](CC(N)=O)C(=O)N[C@@H](CCCNC(N)=[NH2+])C(=O)N[C@@H](CCCNC(N)=[NH2+])C(=O)N[C@@H](CCSC)C(=O)N[C@@H](CCCC[NH3+])C(=O)N[C@@H](Cc1c[nH]c2ccccc12)C(=O)N[C@@H](CCCC[NH3+])C(=O)N[C@H](C=O)CCCC[NH3+],1,12.333791,0
CC[C@H](C)[C@H](NC(=O)[C@H](CCCC[NH3+])NC(=O)[C@@H](NC(=O)[C@H](CCC(N)=O)NC(=O)[C@@H](N)CCCNC(N)=[NH2+])[C@@H](C)CC)C(=O)N[C@H](C=O)Cc1c[nH]c2ccccc12,1,4.6441774,0
NC(=[NH2+])NCCC[C@H](NC(=O)[C@@H](N)CS)C(=O)N[C@H](Cc1c[nH]c2ccccc12)C(=O)N[C@@H](CCCNC(N)=[NH2+])C(=O)N[C@@H](Cc1c[nH]c2ccccc12)C(=O)N[C@@H](CCCC[NH3+])C(=O)N[C@@H](CS)C(=O)N[C@@H](CS)C(=O)N[C@@H](CCCC[NH3+])C(=O)N[C@H](C=O)CCCC[NH3+],1,8.049699,0
CC[C@H](C)[C@H](NC(=O)[C@H](CCCC[NH3+])NC(=O)[C@@H](NC(=O)[C@H](CCC(N)=O)NC(=O)[C@@H]([NH3+])CCCNC(N)=[NH2+])[C@@H](C)CC)C(=O)N[C@@H](Cc1c[nH]c2ccccc12)C(=O)N[C@@H](Cc1ccccc1)C(=O)N[C@@H](CCC(N)=O)C(=O)N[C@@H](CC(N)=O)C(=O)N[C@@H](CCCNC(N)=[NH2+])C(=O)N[C@@H](CCCNC(N)=[NH2+])C(=O)N[C@@H](CCSC)C(=O)N[C@@H](CCCC[NH3+])C(=O)N[C@@H](Cc1c[nH]c2ccccc12)C(=O)N[C@@H](CCCC[NH3+])C(=O)N[C@@H](CCCC[NH3+])C(=O)O,1,7.664442,0
CC(C)C[C@@H](C=O)NC(=O)[C@@H](NC(=O)[C@@H](NC(=O)[C@H](CC(C)C)NC(=O)[C@@H](NC(=O)[C@H](CCCC[NH3+])NC(=O)[C@H](C)NC(=O)[C@H](CC(C)C)NC(=O)[C@H](CCCC[NH3+])NC(=O)[C@@H](NC(=O)[C@H](CC(C)C)NC(=O)[C@H](C)NC(=O)[C@@H](NC(=O)[C@H](C)NC(=O)[C@H](CC(C)C)NC(=O)[C@@H](NC(=O)[C@H](CCCC[NH3+])NC(=O)[C@@H](N)CC(C)C)[C@@H](C)O)[C@@H](C)O)[C@@H](C)O)[C@@H](C)O)[C@@H](C)O)[C@@H](C)O,1,4.4475923,0
CC(=O)NCC(=O)N[C@@H](CCCNC(N)=[NH2+])C(=O)NCC(=O)N[C@@H](CC(=O)O)C(=O)NCC(=O)N1CCC[C@H]1C(=O)N[C@@H](CCCNC(N)=[NH2+])C(=O)N[C@@H](CCCNC(N)=[NH2+])C(=O)N[C@@H](CCCC[NH3+])C(=O)N[C@@H](CCCC[NH3+])C(=O)N[C@@H](CCCC[NH3+])C(=O)N[C@@H](CCCC[NH3+])C(=O)NCC(=O)N1CCC[C@H]1C(=O)N[C@@H](CCCNC(N)=[NH2+])C(=O)N[C@@H](CCCNC(N)=[NH2+])C(=O)N[C@@H](CCCC[NH3+])C(=O)N[C@@H](CCCC[NH3+])C(=O)N[C@@H](CCCC[NH3+])C(=O)N[C@@H](CCCC[NH3+])C(=O)NCC(=O)N1CCC[C@H]1C(=O)N[C@@H](CCCNC(N)=[NH2+])C(=O)N[C@H](C=O)CCCNC(N)=[NH2+],1,13.94236,0
N=C(N)NCCC[C@@H](C=O)NC(=O)[C@H](CCCNC(=N)N)NC(=O)[C@H](CCCNC(=N)N)NC(=O)[C@H](CCCNC(=N)N)NC(=O)[C@H](CCCNC(=N)N)NC(=O)[C@H](CCCNC(=N)N)NC(=O)[C@H](CCCNC(=N)N)NC(=O)[C@H](CCCNC(=N)N)NC(=O)[C@H](CCCNC(=N)N)NC(=O)[C@H](CCCNC(=N)N)NC(=O)[C@H](CCCNC(=N)N)NC(=O)[C@H](CCCNC(=N)N)NC(=O)[C@H](CCCNC(=N)N)NC(=O)[C@H](CCCNC(=N)N)NC(=O)[C@H](CCCNC(=N)N)NC(=O)[C@H](Cc1c[nH]cn1)NC(=O)[C@H](Cc1c[nH]cn1)NC(=O)[C@H](Cc1c[nH]cn1)NC(=O)[C@H](Cc1c[nH]cn1)NC(=O)[C@H](Cc1c[nH]cn1)NC(=O)[C@H](Cc1c[nH]cn1)NC(=O)[C@H](Cc1c[nH]cn1)NC(=O)[C@H](Cc1c[nH]cn1)NC(=O)[C@H](Cc1c[nH]cn1)NC(=O)[C@H](Cc1c[nH]cn1)NC(=O)[C@H](Cc1c[nH]cn1)NC(=O)[C@H](Cc1c[nH]cn1)NC(=O)[C@H](Cc1c[nH]cn1)NC(=O)[C@H](Cc1c[nH]cn1)NC(=O)[C@H](Cc1c[nH]cn1)NC(=O)[C@H](Cc1c[nH]cn1)NC(=O)[C@H](Cc1c[nH]cn1)NC(=O)[C@H](Cc1c[nH]cn1)NC(=O)[C@H](Cc1c[nH]cn1)NC(=O)[C@@H](N)Cc1c[nH]cn1,1,5.0779285,0
CC(C)C[C@H](NC(=O)[C@H](C)NC(=O)[C@@H](NC(=O)[C@@H](NC(=O)[C@H](CCCC[NH3+])NC(=O)[C@H](CC(C)C)NC(=O)[C@@H](N)CC(C)C)[C@@H](C)O)[C@@H](C)O)C(=O)N[C@@H](CC(C)C)C(=O)N[C@@H](CCCC[NH3+])C(=O)N[C@H](C(=O)N[C@H](C(=O)N[C@@H](C)C(=O)N[C@@H](CC(C)C)C(=O)N[C@@H](CC(C)C)C(=O)N[C@@H](CCCC[NH3+])C(=O)N[C@H](C(=O)N[C@H](C(=O)N[C@@H](C)C=O)[C@@H](C)O)[C@@H](C)O)[C@@H](C)O)[C@@H](C)O,1,3.8505368,0
NC(=[NH2+])NCCC[C@H](NC(=O)CNC(=O)[C@@H](N)CCCC[NH3+])C(=O)N[C@@H](CCCC[NH3+])C(=O)N[C@@H](CCCC[NH3+])C(=O)N[C@@H](CCCNC(N)=[NH2+])C(=O)N[C@@H](CCCNC(N)=[NH2+])C(=O)N[C@@H](CCC(N)=O)C(=O)N[C@@H](CCCNC(N)=[NH2+])C(=O)N[C@@H](CCCNC(N)=[NH2+])C(=O)N[C@@H](CCCNC(N)=[NH2+])C(=O)N1CCC[C@H]1C(=O)N1CCC[C@H]1C(=O)N[C@H](C=O)CCC(N)=O,1,13.031801,0
NCC(=O)N[C@@H](CCCNC(N)=[NH2+])C(=O)N[C@@H](CCCC[NH3+])C(=O)N[C@@H](CCCC[NH3+])C(=O)N[C@@H](CCCNC(N)=[NH2+])C(=O)N[C@@H](CCCNC(N)=[NH2+])C(=O)N[C@@H](CCC(N)=O)C(=O)N[C@@H](CCCNC(N)=[NH2+])C(=O)N[C@@H](CCCNC(N)=[NH2+])C(=O)N[C@@H](CCCNC(N)=[NH2+])C(=O)N1CCC[C@H]1C(=O)N[C@@H](Cc1c[nH]c2ccccc12)C(=O)N[C@H](C=O)CCC(N)=O,1,7.6101136,0
CC[C@H](C)[C@@H](C=O)NC(=O)[C@H](CC(C)C)NC(=O)[C@H](Cc1ccc(O)cc1)NC(=O)[C@@H](NC(=O)[C@H](Cc1ccccc1)NC(=O)[C@@H]1CCCN1)C(C)C,1,2.3144479,0
N[C@@H](CCCC[NH3+])C(=O)N[C@@H](CCCC[NH3+])C(=O)N[C@@H](CCCC[NH3+])C(=O)N[C@@H](CCCC[NH3+])C(=O)N[C@@H](CCCC[NH3+])C(=O)N[C@@H](CCCC[NH3+])C(=O)N[C@@H](CCCC[NH3+])C(=O)N[C@@H](CCCC[NH3+])C(=O)N[C@H](C=O)CCCC[NH3+],1,14.900837,0
CC(=O)N[C@@H](CCCC[NH3+])C(=O)N[C@@H](CCC(=O)O)C(=O)N[C@H](C(=O)N[C@@H](Cc1c[nH]c2ccccc12)C(=O)N[C@@H](Cc1c[nH]c2ccccc12)C(=O)N[C@@H](CCC(=O)O)C(=O)N[C@H](C(=O)N[C@@H](Cc1c[nH]c2ccccc12)C(=O)N[C@@H](Cc1c[nH]c2ccccc12)C(=O)N[C@H](C(=O)N[C@@H](CCC(=O)O)C(=O)N[C@@H](Cc1c[nH]c2ccccc12)C(=O)N[C@@H](CO)C(=O)N[C@@H](CCC(N)=O)C(=O)N1CCC[C@H]1C(=O)N[C@@H](CCCC[NH3+])C(=O)N[C@@H](CCCC[NH3+])C(=O)N[C@@H](CCCC[NH3+])C(=O)N[C@@H](CCCNC(N)=[NH2+])C(=O)N[C@@H](CCCC[NH3+])C(=O)N[C@H](C(N)=O)C(C)C)[C@@H](C)O)[C@@H](C)O)[C@@H](C)O,1,-3.1773229,0
NC(=[NH2+])NCCC[C@@H](C=O)NC(=O)[C@H](CCCNC(N)=[NH2+])NC(=O)[C@H](CCCNC(N)=[NH2+])NC(=O)[C@H](CCCNC(N)=[NH2+])NC(=O)[C@H](CCCNC(N)=[NH2+])NC(=O)[C@H](CCCNC(N)=[NH2+])NC(=O)[C@H](CCCNC(N)=[NH2+])NC(=O)[C@H](CCCNC(N)=[NH2+])NC(=O)[C@@H](N)CCCNC(N)=[NH2+],1,18.459839,0
CC[C@H](C)[C@H](NC(=O)[C@H](CCCC[NH3+])NC(=O)[C@@H](NC(=O)[C@H](CCC(N)=O)NC(=O)[C@H](CCCNC(N)=[NH2+])NC(=O)[C@@H](N)CS)[C@@H](C)CC)C(=O)N[C@@H](Cc1c[nH]c2ccccc12)C(=O)N[C@@H](Cc1ccccc1)C(=O)N1CCC[C@H]1C(=O)N[C@@H](CC(N)=O)C(=O)N[C@@H](CCCNC(N)=[NH2+])C(=O)N[C@@H](CCCNC(N)=[NH2+])C(=O)N[C@@H](CCSC)C(=O)N[C@@H](CCCC[NH3+])C(=O)N[C@@H](Cc1c[nH]c2ccccc12)C(=O)N[C@@H](CCCC[NH3+])C(=O)N[C@@H](CCCC[NH3+])C(=O)N[C@H](C=O)CS,1,7.8980913,0
NCC(=O)N[C@@H](CCCNC(N)=[NH2+])C(=O)N[C@@H](CCCC[NH3+])C(=O)N[C@@H](CCCC[NH3+])C(=O)N[C@@H](CCCNC(N)=[NH2+])C(=O)N[C@@H](CCCNC(N)=[NH2+])C(=O)N[C@@H](CCC(N)=O)C(=O)N[C@@H](CCCNC(N)=[NH2+])C(=O)N[C@@H](CCCNC(N)=[NH2+])C(=O)N[C@@H](CCCNC(N)=[NH2+])C(=O)N1CCC[C@H]1C(=O)N1CCC[C@H]1C(=O)N[C@H](C=O)CCC(N)=O,1,11.518449,0
CC(C)C[C@H](NC(=O)CN)C(=O)N[C@@H](Cc1c[nH]c2ccccc12)C(=O)N[C@@H](CCCNC(N)=[NH2+])C(=O)N[C@@H](C)C(=O)N[C@@H](CC(C)C)C(=O)N[C@@H](Cc1c[nH]c2ccccc12)C(=O)N[C@@H](CCCNC(N)=[NH2+])C(=O)N[C@@H](C)C(=O)N[C@@H](CC(C)C)C(=O)N[C@@H](Cc1c[nH]c2ccccc12)C(=O)N[C@@H](CCCNC(N)=[NH2+])C(=O)N[C@@H](CO)C(=O)N[C@@H](CC(C)C)C(=O)N[C@@H](Cc1c[nH]c2ccccc12)C(=O)N[C@@H](CCCC[NH3+])C(=O)N[C@@H](CCCC[NH3+])C(=O)N[C@@H](CCCC[NH3+])C(=O)N[C@@H](CCCNC(N)=[NH2+])C(=O)N[C@@H](CCCC[NH3+])C(=O)N[C@H](C=O)C(C)C,1,8.588205,0
NC(=[NH2+])NCCC[C@H](NC(=O)[C@H](CCCNC(N)=[NH2+])NC(=O)[C@H](CCCNC(N)=[NH2+])NC(=O)[C@H](CCCNC(N)=[NH2+])NC(=O)[C@H](CCCNC(N)=[NH2+])NC(=O)[C@H](CCCNC(N)=[NH2+])NC(=O)[C@@H](N)CCCNC(N)=[NH2+])C(=O)N[C@H](C=O)Cc1c[nH]c2ccccc12,1,12.473673,0
CC[C@H](C)[C@H](NC(=O)[C@H](CCCNC(N)=[NH2+])NC(=O)[C@H](CCCNC(N)=[NH2+])NC(=O)[C@H](CCCNC(N)=[NH2+])NC(=O)[C@H](CC(C)C)NC(=O)[C@@H](NC(=O)[C@@H](NC(=O)[C@H](CC(C)C)NC(=O)[C@@H](N)CC(C)C)[C@@H](C)CC)[C@@H](C)CC)C(=O)N[C@@H](CCCNC(N)=[NH2+])C(=O)N[C@@H](CCCC[NH3+])C(=O)N[C@@H](CCC(N)=O)C(=O)N[C@@H](C)C(=O)NC(CC1CNCN1)C(O)N[C@@H](C)C(=O)NC(CC1CNCN1)C(O)N[C@@H](CO)C(=O)N[C@@H](C)C=O,1,8.876218,0
CC(C)[C@@H](C=O)NC(=O)[C@H](CCCC[NH3+])NC(=O)[C@H](CCCNC(N)=[NH2+])NC(=O)[C@H](CCCC[NH3+])NC(=O)[C@H](CO)NC(=O)[C@H](CCCC[NH3+])NC(=O)[C@H](CCCC[NH3+])NC(=O)[C@H](Cc1ccccc1)NC(=O)[C@H](CCCNC(N)=[NH2+])NC(=O)[C@@H](N)Cc1c[nH]c2ccccc12,1,3.7883472,0
CC(C)C[C@H](NC(=O)[C@H](C)NC(=O)[C@H](CC(C)C)NC(=O)[C@H](CCCC[NH3+])NC(=O)[C@H](CC(C)C)NC(=O)[C@H](CCCC[NH3+])NC(=O)[C@H](CC(C)C)NC(=O)[C@H](C)NC(=O)[C@@H](N)CCCC[NH3+])C(=O)N[C@@H](C)C(=O)N[C@@H](CC(C)C)C(=O)N[C@@H](CC(C)C)C(=O)N[C@@H](C)C(=O)N[C@@H](CCCC[NH3+])C(=O)N[C@@H](CC(C)C)C(=O)N[C@@H](CCCC[NH3+])C(=O)N[C@@H](CC(C)C)C(=O)N[C@@H](C)C(N)=O,1,0.5812871,0
CC[C@H](C)[C@H](NC(=O)[C@H](CCCC[NH3+])NC(=O)[C@@H](NC(=O)[C@H](CCC(N)=O)NC(=O)[C@@H](N)CCCNC(N)=[NH2+])[C@@H](C)CC)C(=O)N[C@@H](C)C(=O)N[C@@H](Cc1ccccc1)C(=O)N[C@@H](CCC(N)=O)C(=O)N[C@@H](CC(N)=O)C(=O)N[C@@H](CCCNC(N)=[NH2+])C(=O)N[C@@H](CCCNC(N)=[NH2+])C(=O)N[C@@H](CCSC)C(=O)N[C@@H](CCCC[NH3+])C(=O)N[C@@H](Cc1c[nH]c2ccccc12)C(=O)N[C@@H](CCCC[NH3+])C(=O)N[C@H](C=O)CCCC[NH3+],1,12.435806,0
CC(C)C[C@H](NC(=O)CNC(=O)[C@H](CCCC[NH3+])NC(=O)[C@H](CC(C)C)NC(=O)CNC(=O)[C@H](CC(C)C)NC(=O)[C@H](CCCC[NH3+])NC(=O)[C@H](CC(C)C)NC(=O)CNC(=O)[C@H](CC(C)C)NC(=O)[C@@H](N)CCCC[NH3+])C(=O)N[C@@H](CCCC[NH3+])C(=O)NCC(=O)NCC(=O)N[C@@H](CC(C)C)C(=O)N[C@@H](CCCC[NH3+])C(=O)N[C@@H](CC(C)C)C(=O)NCC=O,1,1.2656469,0
C[C@H](N)C(=O)N[C@@H](CS)C(=O)N[C@@H](CO)C(=O)NCC(=O)N[C@@H](CO)C(=O)NCC(=O)N[C@@H](CO)C(=O)NCC(=O)N[C@@H](CS)C(=O)NCC(=O)N[C@@H](CO)C(=O)NCC(=O)N[C@@H](CO)C(=O)NCC(=O)N[C@@H](CO)C(=O)N[C@@H](CS)C(=O)NCC(=O)N[C@@H](CCCNC(N)=[NH2+])C(=O)N[C@@H](CCCNC(N)=[NH2+])C(=O)N[C@@H](CCCNC(N)=[NH2+])C(=O)N[C@@H](CCCNC(N)=[NH2+])C(=O)N[C@@H](CCCNC(N)=[NH2+])C(=O)N[C@@H](CCCNC(N)=[NH2+])C(=O)N[C@@H](CCCNC(N)=[NH2+])C(=O)N[C@H](C=O)CCCNC(N)=[NH2+],1,12.611662,0
CC[C@H](C)[C@H](NC(=O)[C@H](CCCNC(N)=[NH2+])NC(=O)[C@H](C)NC(O)C(N)CC1CNCN1)C(=O)N[C@@H](CCCC[NH3+])C(=O)N1CCC[C@H]1C(=O)N[C@H](C(=O)N[C@@H](Cc1ccccc1)C(=O)N[C@@H](CCCNC(N)=[NH2+])C(=O)N[C@@H](CCCNC(N)=[NH2+])C(=O)N[C@@H](CC(C)C)C(=O)N[C@@H](CCCC[NH3+])C(=O)N[C@@H](Cc1c[nH]c2ccccc12)C(=O)N[C@@H](CCCC[NH3+])C(=O)N[C@@H](Cc1ccc(O)cc1)C(=O)N[C@@H](CCCC[NH3+])C(=O)NCC(=O)N[C@@H](CCCC[NH3+])C(=O)N[C@@H](Cc1ccccc1)C(=O)N[C@H](C=O)Cc1c[nH]c2ccccc12)[C@@H](C)O,1,5.6459765,0
CC(C)[C@@H](C=O)NC(=O)[C@H](CCCC[NH3+])NC(=O)[C@H](CCCNC(N)=[NH2+])NC(=O)[C@H](CCCC[NH3+])NC(=O)[C@H](CCCC[NH3+])NC(=O)[C@H](CCCC[NH3+])NC(=O)[C@@H]1CCCN1C(=O)[C@H](CCC(N)=O)NC(=O)[C@H](CO)NC(=O)[C@H](Cc1c[nH]c2ccccc12)NC(=O)[C@H](CCC(=O)O)NC(=O)[C@@H](NC(=O)[C@H](Cc1c[nH]c2ccccc12)NC(=O)[C@H](Cc1c[nH]c2ccccc12)NC(=O)[C@@H](NC(=O)[C@H](CCC(=O)O)NC(=O)[C@H](Cc1c[nH]c2ccccc12)NC(=O)[C@H](Cc1c[nH]c2ccccc12)NC(=O)[C@@H](NC(=O)[C@H](CCC(=O)O)NC(=O)[C@@H](N)CCCC[NH3+])[C@@H](C)O)[C@@H](C)O)[C@@H](C)O,1,2.5274029,0
CC(C)C[C@H](NC(=O)[C@H](C)NC(=O)[C@H](CCCC[NH3+])NC(=O)[C@H](CC(C)C)NC(=O)[C@H](C)NC(=O)[C@H](CC(C)C)NC(=O)[C@@H](N)CCCC[NH3+])C(=O)N[C@@H](CCCC[NH3+])C(=O)N[C@@H](C)C(=O)N[C@@H](C)C(=O)N[C@@H](CC(C)C)C(=O)N[C@@H](CCCC[NH3+])C(=O)N[C@@H](CC(C)C)C(=O)N[C@@H](C)C=O,1,9.294849,0
CSCC[C@H](NC(=O)[C@H](CC(C)C)NC(=O)CNC(=O)[C@H](Cc1ccccc1)NC(=O)[C@H](Cc1ccccc1)NC(=O)[C@H](CCC(N)=O)NC(=O)[C@H](CCC(N)=O)NC(=O)[C@H](CC(C)C)NC(=O)[C@H](CC(C)C)NC(=O)[C@H](CCCC[NH3+])NC(=O)[C@H](Cc1c[nH]c2ccccc12)NC(=O)[C@@H](NC(=O)[C@H](CCCC[NH3+])NC(=O)[C@H](CCCNC(N)=[NH2+])NC(=O)[C@H](CCCC[NH3+])NC(=O)[C@H](CCCC[NH3+])NC(=O)[C@H](CCCC[NH3+])NC(=O)[C@@H]1CCCN1)C(C)C)C(N)=O,1,-1.9705956,0
CC[C@H](C)[C@H](NC(=O)[C@H](C)NC(=O)[C@H](Cc1ccccc1)NC(=O)[C@@H](NC(=O)[C@@H](NC(=O)[C@@H](N)CCSC)[C@@H](C)CC)[C@@H](C)CC)C(=O)N[C@@H](C)C(=O)N[C@@H](C)C(=O)N[C@@H](CO)C(=O)NC(CC1CNCN1)C(O)N[C@@H](CCCC[NH3+])C(=O)N[C@H](C=O)CCCC[NH3+],1,8.811968,0
CC[C@H](C)[C@H](NC(=O)[C@H](CCCNC(N)=[NH2+])NC(=O)[C@H](Cc1ccc(O)cc1)NC(O)C(N)CC1CNCN1)C(=O)N[C@@H](CCCC[NH3+])C(=O)N1CCC[C@H]1C(=O)N[C@H](C(=O)N[C@@H](Cc1ccccc1)C(=O)N[C@@H](CCCNC(N)=[NH2+])C(=O)N[C@@H](CCCNC(N)=[NH2+])C(=O)N[C@@H](CC(C)C)C(=O)N[C@@H](CCCC[NH3+])C(=O)N[C@@H](Cc1c[nH]c2ccccc12)C(=O)N[C@@H](CCCC[NH3+])C(=O)N[C@@H](Cc1ccc(O)cc1)C(=O)N[C@@H](CCCC[NH3+])C(=O)NCC(=O)N[C@@H](CCCC[NH3+])C(=O)N[C@@H](Cc1ccccc1)C(=O)N[C@@H](C)C=O)[C@@H](C)O,1,5.4086137,0
NC(=[NH2+])NCCC[C@H](NC(=O)[C@H](CCCNC(N)=[NH2+])NC(=O)[C@H](CCCNC(N)=[NH2+])NC(=O)[C@H](CCC(N)=O)NC(=O)[C@H](CCCNC(N)=[NH2+])NC(=O)[C@H](CCCNC(N)=[NH2+])NC(=O)[C@H](CCCC[NH3+])NC(=O)[C@H](CCCC[NH3+])NC(=O)[C@H](CCCNC(N)=[NH2+])NC(=O)CNC(=O)[C@@H](N)Cc1ccc(O)cc1)C(N)=O,1,4.027254,0
CCC[C@H](NC(=O)[C@H](CS)NC(=O)[C@@H](NC(=O)CNC(=O)CN)C(C)C)C(=O)N[C@@H](CCCCN)C(=O)N[C@H](C(=O)N[C@@H](CC(C)C)C(=O)N[C@@H](C)C(=O)N[C@@H](CCCCN)C(=O)N[C@H]1C[SH]2[SH]3C[C@@H](C(=O)NCC(=O)N[C@@H](CO)C(=O)NCC(=O)N[C@@H](CO)C(=O)N[C@H](C=O)CC(=O)O)NC(=O)[C@H](Cc4ccc(O)cc4)NC(=O)CNC(=O)[C@H](CC(N)=O)NC(=O)CNC(=O)[C@H](CCCNC(=N)N)NC(=O)[C@@H]4CSS32C[C@H](NC(=O)[C@H](CC(=O)O)NC(=O)[C@H](CO)NC(=O)[C@H](CC(=O)O)NC(=O)[C@H](CCCNC(=N)N)NC(=O)[C@H](CCCNC(=N)N)NC1=O)C(=O)N1CCC[C@H]1C(=O)NCC(=O)N[C@@H](C)C(=O)N[C@@H](CS)C(=O)N[C@@H]([C@@H](C)CC)C(=O)N4)[C@@H](C)CC,1,0.160685,0
CC[C@H](C)[C@H](NC(=O)[C@H](CCCC[NH3+])NC(=O)[C@@H](NC(=O)[C@H](CCC(N)=O)NC(=O)[C@@H]([NH3+])CCCNC(N)=[NH2+])[C@@H](C)CC)C(=O)N[C@@H](Cc1c[nH]c2ccccc12)C(=O)N[C@@H](Cc1ccccc1)C(=O)N[C@@H](CCC(N)=O)C(=O)N[C@@H](CC(N)=O)C(=O)N[C@@H](CCCNC(N)=[NH2+])C(=O)N[C@@H](CCCNC(N)=[NH2+])C(=O)N[C@@H](CCSC)C(=O)N[C@@H](CCCC[NH3+])C(=O)N[C@@H](Cc1c[nH]c2ccccc12)C(=O)N[C@@H](CCCC[NH3+])C(=O)N[C@@H](CCCC[NH3+])C(=O)O,1,7.664442,0
CC[C@H](C)[C@H](NC(=O)[C@H](CCCC[NH3+])NC(=O)[C@@H](NC(=O)[C@H](CCC(N)=O)NC(=O)[C@@H]([NH3+])CCCNC(N)=[NH2+])[C@@H](C)CC)C(=O)N[C@@H](Cc1c[nH]c2ccccc12)C(=O)N[C@@H](Cc1ccccc1)C(=O)N[C@@H](CCC(N)=O)C(=O)N[C@@H](CC(N)=O)C(=O)N[C@@H](CCCNC(N)=[NH2+])C(=O)N[C@@H](CCCNC(N)=[NH2+])C(=O)N[C@@H](CCSC)C(=O)N[C@@H](CCCC[NH3+])C(=O)N[C@@H](Cc1c[nH]c2ccccc12)C(=O)N[C@@H](CCCC[NH3+])C(=O)N[C@@H](CCCC[NH3+])C(=O)O,1,7.664442,0
NC(=[NH2+])NCCC[C@@H](C=O)NC(=O)[C@H](CCCNC(N)=[NH2+])NC(=O)[C@H](CCCNC(N)=[NH2+])NC(=O)[C@H](CCC(N)=O)NC(=O)[C@H](CCCNC(N)=[NH2+])NC(=O)[C@H](CCCNC(N)=[NH2+])NC(=O)[C@H](CCCC[NH3+])NC(=O)[C@H](CCCC[NH3+])NC(=O)[C@H](CCCNC(N)=[NH2+])NC(=O)CNC(=O)[C@@H](N)Cc1ccc(O)cc1,1,13.290985,0
NC(=[NH2+])NCCC[C@@H](N)C(=O)N[C@H](CCCNC(N)=[NH2+])C(=O)N[C@H](CCCNC(N)=[NH2+])C(=O)N[C@H](CCCNC(N)=[NH2+])C(=O)N[C@H](CCCNC(N)=[NH2+])C(=O)N[C@H](CCCNC(N)=[NH2+])C(=O)N[C@H](CCCNC(N)=[NH2+])C(=O)N[C@@H](C=O)CCCNC(N)=[NH2+],1,19.216621,0
CC[C@H](C)[C@H](NC(=O)[C@@H](NC(=O)[C@H](CO)NC(=O)[C@H](C)NC(=O)[C@@H](NC(=O)[C@H](CCCC[NH3+])NC(=O)[C@H](CCCC[NH3+])NC(=O)[C@@H](NC(=O)[C@@H](NC(=O)[C@H](CCCC[NH3+])NC(=O)[C@H](Cc1ccccc1)NC(=O)[C@H](CC(C)C)NC(=O)CN)C(C)C)[C@@H](C)CC)C(C)C)C(C)C)C(=O)NCC(=O)NCC(=O)N[C@@H](CC(C)C)C(N)=O,0,-4.133816,0
CC(C)[C@H](NC(=O)[C@H](CCCNC(N)=[NH2+])NC(=O)[C@H](CS)NC(=O)[C@H](C)NC(=O)[C@@H]1CCCN1C(O)C(CC1CNCN1)NC(=O)[C@H](CO)NC(=O)[C@H](CS)NC(=O)[C@H](CS)NC(=O)CN)C(=O)NC(CC1CNCN1)C(O)N[C@@H](Cc1ccc(O)cc1)C(=O)N1CCC[C@H]1C(=O)NC(CC1CNCN1)C(O)N[C@H](C(=O)N[C@@H](CS)C(=O)N[C@@H](Cc1ccc(O)cc1)C(N)=O)C(C)C,0,-7.302682,0
CSCC[C@H](NC(=O)[C@H](C)NC(C)=O)C(=O)N[C@H](C(=O)N[C@@H](CO)C(=O)N[C@H](C=O)CO)C(C)C,0,0.62606823,0
CSCC[C@H](NC(=O)CNC(=O)[C@H](Cc1ccccc1)NC(=O)CN)C(=O)N[C@@H](C)C(=O)N[C@@H](CC(C)C)C(=O)NC(CCC[NH3+])C(O)N[C@@H](CC(C)C)C(=O)N[C@@H](CC(C)C)C(=O)NC(CCC[NH3+])C(O)NC(CCC[NH3+])C(O)N[C@H](C(=O)N[C@@H](CC(C)C)C(N)=O)C(C)C,0,-4.970721,0
CC[C@H](C)[C@H](NC(=O)CNC(=O)[C@H](CCCC[NH3+])NC(=O)[C@@H](NC(=O)[C@H](CC(C)C)NC(=O)[C@H](CO)NC(=O)CNC(=O)[C@H](CC(C)C)NC(=O)CNC(=O)[C@H](C)NC(=O)[C@H](CCCC[NH3+])NC(=O)[C@H](Cc1ccccc1)NC(=O)[C@@H](NC(=O)[C@H](CC(=O)O)NC(=O)[C@H](CCCC[NH3+])NC(=O)[C@H](CC(C)C)NC(=O)CN)[C@@H](C)CC)C(C)C)C(=O)N[C@@H](C)C(=O)N[C@@H](C)C(=O)NC(CC1CNCN1)C(O)N[C@H](C(=O)N[C@@H](C)C(=O)N[C@@H](CC(N)=O)C(N)=O)C(C)C,0,-5.444457,0
CC(C)[C@H](N)C(=O)NCC(=O)N[C@@H](CCC(=O)O)C(=O)N[C@@H](C)C(=O)N[C@@H](CS)C(=O)N[C@@H](CS)C(=O)N[C@@H](CCCC[NH3+])C(=O)N[C@@H](CC(N)=O)C(=O)NCC(=O)N[C@@H](CCCC[NH3+])C(=O)N[C@@H](CCCNC(N)=[NH2+])C(=O)NCC(=O)N[C@@H](CS)C(=O)NCC(=O)N[C@@H](CCCNC(N)=[NH2+])C(=O)N[C@@H](Cc1c[nH]c2ccccc12)C(=O)N[C@@H](CS)C(=O)N[C@@H](CCCNC(N)=[NH2+])C(=O)N[C@@H](CC(=O)O)C(=O)NC(CC1CNCN1)C(O)N[C@@H](CO)C(=O)N[C@@H](CCCNC(N)=[NH2+])C(=O)N[C@@H](CS)C(=O)N[C@@H](CS)C(N)=O,0,-6.86115,0
CC[C@H](C)[C@H](NC(=O)[C@H](Cc1ccccc1)NC(=O)[C@H](CO)NC(=O)[C@H](CCCC[NH3+])NC(=O)[C@H](Cc1c[nH]c2ccccc12)NC(=O)[C@@H](N)CCCC[NH3+])C(=O)N[C@@H](CCCC[NH3+])C(=O)N[C@@H](CCCC[NH3+])C(=O)N[C@@H](CC(C)C)C(=O)N[C@H](C(=O)N[C@@H](CO)C(=O)N[C@@H](CCCC[NH3+])C(=O)N[C@@H](Cc1ccccc1)C(=O)N[C@@H](CC(C)C)C(=O)NC(CC1CNCN1)C(O)N[C@@H](CO)C(=O)N[C@@H](C)C(=O)N[C@@H](CC(=O)O)C(=O)N[C@@H](CCCC[NH3+])C(=O)N[C@@H](Cc1ccccc1)C(N)=O)[C@@H](C)O,0,-5.942604,0
CC[C@H](C)[C@H](NC(=O)[C@H](CC(C)C)NC(=O)[C@H](CCCC[NH3+])NC(=O)CNC(=O)[C@H](CC(C)C)NC(=O)[C@@H](NC(=O)[C@H](CCCC[NH3+])NC(=O)[C@H](CCCC[NH3+])NC(=O)[C@H](Cc1c[nH]c2ccccc12)NC(=O)[C@H](CCCC[NH3+])NC(=O)CN)[C@@H](C)CC)C(=O)N[C@@H](CCCNC(N)=[NH2+])C(N)=O,0,-3.6516647,0
CC[C@H](C)[C@H](NC(=O)[C@H](CO)NC(=O)[C@H](C)NC(=O)[C@@H](NC(=O)[C@H](CCCC[NH3+])NC(=O)[C@H](CCCC[NH3+])NC(=O)[C@H](Cc1c[nH]c2ccccc12)NC(=O)[C@@H](NC(=O)[C@@H](N)CC(N)=O)[C@@H](C)CC)[C@@H](C)CC)C(=O)N[C@@H](C)C(=O)N[C@@H](CCCC[NH3+])C(=O)N[C@@H](CCC(=O)O)C(=O)N[C@H](C(=O)N[C@@H](CC(C)C)C(=O)N[C@@H](CCCC[NH3+])C(=O)N[C@@H](C)C(=O)N[C@@H](CC(C)C)C(N)=O)C(C)C,0,-3.7746449,0
CC[C@H](C)[C@H](NC(=O)[C@H](CCCC[NH3+])NC(=O)CNC(=O)[C@H](CC(C)C)NC(=O)[C@H](CO)NC(=O)[C@H](CCCC[NH3+])NC(=O)[C@H](CCCC[NH3+])NC(=O)[C@H](Cc1c[nH]c2ccccc12)NC(=O)[C@H](CO)NC(=O)[C@@H](N)C(C)C)C(=O)N[C@H](C(=O)N[C@@H](CCCC[NH3+])C(=O)N[C@H](C(=O)N[C@H](C(=O)N[C@@H](CCCC[NH3+])C(N)=O)C(C)C)C(C)C)[C@@H](C)CC,0,-6.1243763,0
CSCC[C@H](N)C(=O)N[C@@H](CS)C(=O)N1CCC[C@H]1C(=O)N1CCC[C@H]1C(=O)N[C@@H](CC(C)C)C(=O)N[C@@H](CS)C(=O)N[C@@H](C)C(=O)N1CCC[C@H]1C(=O)N[C@@H](CO)C(=O)N[C@@H](CS)C(=O)N[C@H](C(=O)N[C@@H](CC(N)=O)C(=O)N[C@@H](CS)C(N)=O)[C@@H](C)O,0,-7.748607,0
CC[C@H](C)[C@H](N)C(=O)N[C@@H](CC(C)C)C(=O)N1CCC[C@H]1C(=O)N[C@@H](Cc1c[nH]c2ccccc12)C(=O)N[C@@H](CCCC[NH3+])C(=O)N[C@@H](C)C(=O)N1CCC[C@H]1C(=O)N[C@@H](C)C(=O)N[C@@H](C)C(=O)N1CCC[C@H]1C(=O)N[C@@H](C)C(=O)N[C@@H](CCCNC(N)=[NH2+])C(=O)N[C@@H](CCCNC(N)=[NH2+])C(N)=O,0,-2.6368783,0
CC[C@H](C)[C@H](NC(=O)[C@H](CO)NC(=O)[C@@H](NC(=O)[C@H](CS)NC(=O)[C@H](CCCC[NH3+])NC(=O)CNC(=O)[C@H](CCCNC(N)=[NH2+])NC(=O)[C@H](CO)NC(=O)[C@H](CS)NC(=O)[C@H](CCSC)NC(=O)[C@H](CC(C)C)NC(=O)CNC(=O)[C@H](CCSC)NC(=O)[C@H](CS)NC(=O)[C@H](CS)NC(=O)[C@@H](NC(O)C1CC(O)CN1C(O)C1CC(O)CN1C(=O)[C@H](CS)NC(=O)[C@H](CCCNC(N)=[NH2+])NC(=O)[C@H](CO)NC(=O)[C@H](CC(=O)O)NC(=O)[C@H](CCCNC(N)=[NH2+])NC(=O)CNC(=O)[C@H](CO)NC(=O)[C@H](CS)NC(=O)[C@@H](N)CO)C(C)C)C(C)C)C(=O)N[C@@H](Cc1ccc(O)cc1)C(=O)NCC(=O)N[C@H](C=O)CCC(=O)O,0,-1.9232266,0
CC[C@H](C)[C@H](NC(=O)CN)C(=O)NCC(=O)N[C@@H](CO)C(=O)N[C@@H](C)C(=O)N[C@H](C(=O)N[C@@H](CC(C)C)C(=O)N[C@@H](CO)C(=O)N[C@@H](C)C(=O)NCC(=O)N[C@@H](CCCC[NH3+])C(=O)N[C@@H](CO)C(=O)N[C@@H](C)C(=O)N[C@@H](CC(C)C)C(=O)N[C@@H](CCCC[NH3+])C(=O)NCC(=O)N[C@@H](CC(C)C)C(=O)N[C@@H](C)C(=O)N[C@@H](CCCC[NH3+])C(=O)NCC(=O)N[C@@H](CC(C)C)C(=O)N[C@@H](C)C(=O)N[C@@H](CCC(=O)O)C(=O)NC(CC1CNCN1)C(O)N[C@@H](Cc1ccccc1)C(=O)N[C@@H](C)C(=O)N[C@@H](CC(N)=O)C(N)=O)[C@@H](C)CC,0,-5.2583017,0
CC[C@H](C)[C@H](N)C(=O)N[C@@H](CC(C)C)C(=O)NCC(=O)N[C@@H](CCCC[NH3+])C(=O)N[C@@H](CC(C)C)C(=O)N[C@@H](CC(C)C)C(=O)N[C@@H](CCCC[NH3+])C(=O)N[C@H](C(=O)N[C@@H](C)C(=O)N[C@@H](C)C(=O)N[C@@H](CCCC[NH3+])C(=O)N[C@@H](CC(C)C)C(=O)N[C@@H](CC(C)C)C(=O)N[C@@H](CO)C(=O)N[C@@H](CC(N)=O)C(=O)N[C@@H](CC(C)C)C(N)=O)[C@@H](C)O,0,-5.292534,0
C[C@H](NC(=O)[C@@H]1CCCN1C(O)C(CC1CNCN1)NC(=O)[C@H](CS)NC(=O)[C@H](CS)NC(=O)[C@@H](N)CCC(=O)O)C(=O)N[C@@H](CS)C(=O)NCC(=O)N[C@@H](CCCC[NH3+])C(=O)NC(CC1CNCN1)C(O)N[C@@H](Cc1ccccc1)C(=O)N[C@@H](CO)C(=O)N[C@@H](CS)C(N)=O,0,-7.6704493,0
C[C@H](NC(=O)[C@H](C)NC(=O)[C@H](CCCC[NH3+])NC(=O)[C@H](C)NC(=O)[C@H](Cc1ccccc1)NC(=O)[C@H](Cc1c[nH]c2ccccc12)NC(=O)[C@H](CCCC[NH3+])NC(=O)[C@H](Cc1ccccc1)NC(=O)[C@H](CCCC[NH3+])NC(=O)[C@H](CCCC[NH3+])NC(=O)[C@H](C)NC(=O)[C@H](Cc1ccccc1)NC(=O)[C@@H](N)CCCC[NH3+])C(=O)N[C@@H](Cc1ccccc1)C(=O)N[C@@H](CCCC[NH3+])C(=O)N[C@@H](Cc1ccccc1)C(=O)N[C@@H](Cc1ccccc1)C(=O)N[C@@H](CCCC[NH3+])C(=O)N[C@@H](CCCC[NH3+])C(N)=O,0,-1.3600144,0
CC(C)C[C@H](NC(=O)[C@H](CCCC[NH3+])NC(=O)[C@@H](N)CCCC[NH3+])C(=O)N[C@@H](Cc1ccccc1)C(=O)N[C@@H](CCCC[NH3+])C(=O)N[C@@H](CCCC[NH3+])C(=O)N[C@H](CC(C)C)C(=O)N[C@H](CC(C)C)C(=O)N[C@H](CCCC[NH3+])C(=O)N[C@H](Cc1ccc(O)cc1)C(=O)N[C@H](CC(C)C)C(N)=O,0,-1.8163209,0
CC[C@H](C)[C@H](NC(=O)[C@H](Cc1ccccc1)NC(=O)[C@H](CCCC[NH3+])NC(=O)[C@H](C)NC(=O)[C@@H](NC(=O)[C@H](CO)NC(=O)[C@H](CCCC[NH3+])NC(=O)[C@H](CCSC)NC(=O)[C@H](C)NC(=O)[C@H](CCCC[NH3+])NC(=O)[C@H](Cc1ccccc1)NC(=O)[C@H](Cc1c[nH]c2ccccc12)NC(=O)CNC(=O)[C@H](CCCC[NH3+])NC(=O)[C@@H](N)CCCNC(N)=[NH2+])[C@@H](C)CC)C(=O)N[C@@H](C)C(=O)N[C@@H](CCCC[NH3+])C(=O)N[C@@H](CCC(=O)O)C(=O)N[C@@H](CCCC[NH3+])C(=O)N[C@@H](CC(C)C)C(=O)N[C@@H](CCCC[NH3+])C(=O)N[C@@H](CCC(=O)O)C(=O)NC(CC1CNCN1)C(O)N[C@@H](CC(C)C)C(N)=O,0,-3.7553473,0
C[C@H](NC(=O)[C@H](C)NC(=O)[C@H](Cc1ccccc1)NC(=O)[C@H](C)NC(=O)[C@H](C)NC(=O)[C@H](Cc1c[nH]c2ccccc12)NC(=O)[C@H](C)NC(=O)[C@H](C)NC(=O)[C@H](Cc1ccccc1)NC(=O)[C@H](C)NC(=O)[C@H](C)NC(=O)[C@H](CCCC[NH3+])NC(=O)[C@H](CCCC[NH3+])NC(=O)[C@H](CCCC[NH3+])NC(=O)[C@H](CCCC[NH3+])NC(=O)[C@H](CCCC[NH3+])NC(=O)[C@@H](N)CCCC[NH3+])C(N)=O,0,-3.2250144,0
CC(C)C[C@@H](NC(=O)[C@@H](C)NC(=O)[C@H]1CCCN1C(=O)[C@@H](CC(C)C)NC(=O)[C@@H](Cc1c[nH]c2ccccc12)NC(O)C(CC1CNCN1)NC(=O)[C@@H](CCCC[NH3+])NC(=O)[C@@H](CC(C)C)NC(=O)[C@@H](C)NC(=O)[C@@H](CCCC[NH3+])NC(=O)[C@@H](C)NC(=O)[C@@H](CC(C)C)NC(=O)[C@@H](C)NC(=O)[C@@H](CCCC[NH3+])NC(=O)[C@H](N)CCCC[NH3+])C(=O)NC(CC1CNCN1)C(O)N[C@H](CCCC[NH3+])C(=O)N[C@H](CC(C)C)C(=O)N[C@H](C)C(=O)N[C@H](CCCC[NH3+])C(=O)N[C@H](C)C(=O)N[C@H](CC(C)C)C(=O)N[C@H](C)C(=O)N[C@H](CCCC[NH3+])C(=O)N[C@H](CCCC[NH3+])C(N)=O,0,-3.6970441,0
CC[C@H](C)[C@H](NC(=O)CN)C(=O)NCC(=O)N[C@@H](C)C(=O)N[C@H](C(=O)N[C@@H](CC(C)C)C(=O)N[C@@H](CCCC[NH3+])C(=O)N[C@H](C(=O)N[C@@H](CC(C)C)C(=O)N[C@@H](C)C(=O)N[C@@H](CC(C)C)C(=O)N[C@H](C(=O)N[C@@H](CO)C(=O)N[C@@H](Cc1c[nH]c2ccccc12)C(=O)N[C@H](C(=O)N[C@@H](CCCC[NH3+])C(=O)N[C@@H](CCCNC(N)=[NH2+])C(=O)N[C@@H](CCCC[NH3+])C(=O)N[C@@H](CCCNC(N)=[NH2+])C(N)=O)[C@@H](C)CC)[C@@H](C)CC)C(C)C)C(C)C,0,-3.899487,0
CC[C@H](C)[C@H](NC(=O)[C@H](CCCC[NH3+])NC(=O)[C@H](CCCC[NH3+])NC(=O)[C@H](C)NC(=O)[C@@H](NC(=O)CNC(=O)[C@H](CCCNC(N)=[NH2+])NC(=O)[C@H](CC(C)C)NC(=O)[C@@H](NC(=O)[C@@H](N)CCCC[NH3+])[C@@H](C)CC)C(C)C)C(=O)N[C@@H](CCSC)C(=O)N[C@@H](CCCNC(N)=[NH2+])C(=O)N[C@H](C(=O)N[C@@H](Cc1ccccc1)C(=O)N[C@@H](CC(C)C)C(=O)N[C@@H](CCCNC(N)=[NH2+])C(=O)N[C@@H](CCCNC(N)=[NH2+])C(=O)N[C@H](C(=O)N[C@@H](CO)C(=O)N[C@@H](CCCC[NH3+])C(=O)N[C@@H](CC(=O)O)C(=O)N[C@H](C(=O)N[C@@H](CC(C)C)C(=O)N[C@H](C(=O)NCC(=O)N[C@@H](CCCC[NH3+])C(=O)N[C@@H](CCCC[NH3+])C(N)=O)[C@@H](C)O)[C@@H](C)CC)[C@@H](C)CC)[C@@H](C)O,0,-2.5841124,0
CC[C@H](C)[C@H](NC(=O)[C@H](C)NC(O)C(CC1CNCN1)NC(=O)[C@@H]1CCCN1C(=O)[C@@H](NC(=O)[C@H](CC(C)C)NC(=O)[C@H](CO)NC(=O)[C@H](CC(C)C)NC(=O)[C@@H](N)Cc1ccccc1)[C@@H](C)CC)C(=O)N[C@@H](CC(N)=O)C(=O)N[C@@H](C)C(=O)N[C@H](C(=O)N[C@@H](CO)C(=O)N[C@H](C(=O)N[C@@H](CC(C)C)C(=O)N[C@H](C(=O)NC(CC1CNCN1)C(O)NC(CC1CNCN1)C(O)N[C@@H](CO)C(N)=O)C(C)C)[C@@H](C)O)C(C)C,0,-5.2926693,0
CC(C)C[C@H](NC(=O)[C@H](CCCC[NH3+])NC(=O)[C@H](Cc1ccc(O)cc1)NC(=O)CNC(=O)[C@H](CS)NC(=O)[C@H](CS)NC(=O)[C@@H](NC(=O)CNC(=O)[C@@H](N)CC(N)=O)C(C)C)C(=O)N[C@@H](CS)C(=O)NC(CC1CNCN1)C(O)N1CC(O)CC1C(O)N[C@H](C=O)CS,0,-3.9290042,0
CC[C@H](C)[C@H](N)C(=O)N[C@@H](Cc1c[nH]c2ccccc12)C(=O)N[C@@H](CC(C)C)C(=O)N[C@H](C(=O)N[C@@H](C)C(=O)N[C@@H](CC(C)C)C(=O)N[C@@H](CCCC[NH3+])C(=O)N[C@@H](Cc1ccccc1)C(=O)N[C@@H](CC(C)C)C(=O)NCC(=O)N[C@@H](CCCC[NH3+])C(=O)NC(CC1CNCN1)C(O)N[C@@H](C)C(=O)N[C@@H](C)C(=O)N[C@@H](CCCC[NH3+])C(=O)NC(CC1CNCN1)C(O)N[C@@H](CC(C)C)C(=O)N[C@@H](C)C(=O)N[C@@H](CCCC[NH3+])C(=O)N[C@@H](CCC(N)=O)C(=O)N[C@@H](CCC(N)=O)C(=O)N[C@@H](CC(C)C)C(=O)N[C@@H](CO)C(=O)N[C@@H](CCCC[NH3+])C(=O)N[C@@H](CC(C)C)C(N)=O)[C@@H](C)O,0,-4.040045,0
CCCC(CO)NC(=O)[C@@H]1CCCN1C(=O)[C@@H](NC(=O)[C@@H](NC(=O)[C@H](CC(=O)O)NC(C)=O)[C@@H](C)CC)C(C)C,0,-3.5878634,0
CC(C)C[C@H](NC(=O)[C@H](CC(C)C)NC(=O)[C@H](CCCC[NH3+])NC(=O)[C@H](CCCC[NH3+])NC(=O)[C@H](CC(C)C)NC(=O)[C@H](CC(C)C)NC(=O)[C@H](CCCC[NH3+])NC(=O)[C@H](CC(C)C)NC(=O)[C@@H]1CCCN1C(=O)[C@H](CCCC[NH3+])NC(=O)[C@H](CCCC[NH3+])NC(=O)[C@H](CC(C)C)NC(=O)[C@H](CC(C)C)NC(=O)[C@H](CCCC[NH3+])NC(=O)[C@H](CCCC[NH3+])NC(=O)[C@H](Cc1c[nH]c2ccccc12)NC(=O)[C@@H](N)CCCC[NH3+])C(N)=O,0,-3.7825177,0
N=C(N)NCCC[C@H](NC(=O)[C@@H]1CCCN1C(=O)[C@@H]1CSSC[C@H](N)C(=O)N[C@@H](Cc2ccc(O)cc2)C(=O)N[C@@H](Cc2ccccc2)C(=O)N[C@@H](CCC(N)=O)C(=O)N[C@@H](CC(N)=O)C(=O)N1)C(=O)NCC(N)=O,0,-2.9335542,0
CC[C@H](C)[C@@H](NC(=O)[C@@H](C)NC(=O)[C@@H](CCCC[NH3+])NC(=O)[C@@H](CC(C)C)NC(=O)[C@@H](CC(C)C)NC(=O)[C@H](NC(O)C(CC1CNCN1)NC(=O)[C@@H](CC(C)C)NC(=O)[C@H](NC(=O)[C@H](NC(=O)[C@@H](CCCC[NH3+])NC(=O)[C@@H](CCCC[NH3+])NC(=O)[C@@H](CC(C)C)NC(=O)[C@@H](CO)NC(=O)[C@@H](CCCC[NH3+])NC(=O)[C@@H](Cc1ccccc1)NC(=O)[C@H](NC(=O)[C@@H](CCCC[NH3+])NC(=O)[C@@H](CC(C)C)NC(=O)[C@@H](Cc1ccccc1)NC(=O)[C@@H](CO)NC(=O)[C@@H](CCCC[NH3+])NC(=O)[C@@H](Cc1c[nH]c2ccccc12)NC(=O)[C@@H](CCCC[NH3+])NC(C)=O)[C@@H](C)O)[C@@H](C)O)C(C)C)[C@@H](C)O)C(=O)N[C@H](CO)C(=O)N[C@@H](CO)C(N)=O,0,-5.1787457,0
C[C@@H]1NC(=O)[C@@H]2CSSC[C@H](NC(=O)C[NH3+])C(=O)N[C@@H](CSSC[C@@H](C(N)=O)NC(=O)[C@H](CCCNC(N)=[NH2+])NC(=O)[C@H](Cc3c[nH]c4ccccc34)NC1=O)C(=O)N[C@@H](CO)C(=O)N[C@@H](CC(=O)O)C(=O)N1CCC[C@H]1C(=O)N[C@@H](CCCNC(N)=[NH2+])C(=O)N2,0,-3.6588364,0
CC(C)C[C@@H]1NC(=O)[C@@H](Cc2c[nH]c3ccccc23)NC(=O)[C@H](CCCC[NH3+])NC(O)C(CO)N(C)C(=O)[C@H](CC(N)=O)NC(=O)[C@@H](CCC(=O)O)NC(=O)[C@H](CO)NC(O)C(CC2CNC3CCCCC23)N(C)C1=O,0,-8.442217,0
CC[C@H](C)[C@H](NC(O)C(CC1CNCN1)NC(=O)[C@H](CCCC[NH3+])NC(=O)[C@H](CC(C)C)NC(=O)[C@H](CC(C)C)NC(=O)[C@H](CO)NC(=O)[C@H](CCSC)NC(=O)[C@H](Cc1c[nH]c2ccccc12)NC(=O)[C@H](CCCC[NH3+])NC(=O)CN)C(=O)N[C@@H](CC(C)C)C(=O)N[C@@H](CCCC[NH3+])C(N)=O,0,-5.9402876,0
CSCC[C@H](NC(=O)[C@H](CCC(=O)O)NC(=O)[C@H](CC(=O)O)NC(C)=O)C(=O)N[C@@H](CCC(=O)O)C(=O)NC(CC1CCC2CCCCC2C1)C(O)N[C@H](C=O)CS,0,0.32156068,0
CC(C)C[C@H]1NC(=O)CNC(=O)[C@@H](CC(N)=O)NC(=O)[C@H](CCCNC(N)=[NH2+])NC(=O)[C@H]([C@@H](C)O)NC(=O)[C@H](CS)NC(=O)[C@H](C(C)C)NC(=O)[C@@H]2CCCN2C(=O)[C@H](Cc2c[nH]c3ccccc23)NC(=O)[C@H](CO)NC(=O)[C@H](CS)NC(=O)[C@H](CO)NC(=O)[C@H](CS)NC(=O)CNC(=O)[C@@H]2CCCN2C(=O)[C@H]([C@@H](C)O)NC(=O)[C@H](Cc2ccc(O)cc2)NC(=O)[C@H](CS)NC(=O)[C@H](CO)NC(=O)CNC(=O)[C@H](Cc2ccccc2)NC(=O)[C@H](C)NC(=O)[C@H](CS)NC(=O)[C@H]([C@@H](C)O)NC(=O)[C@H](CCC(=O)O)NC(=O)CNC(=O)[C@H](CS)NC(=O)[C@H](C(C)C)NC(=O)[C@@H]2CCCN2C1=O,0,-11.480169,0
CC(C)[C@@H]1NC(=O)[C@H](CCCC[NH3+])NC(=O)[C@H](C)NC(=O)[C@@H]2CCCN2C(=O)[C@@H](Cc2ccc(O)cc2)NC(=O)[C@H](C(C)C)NC(=O)[C@@H](CCCC[NH3+])NC(=O)[C@H](C)NC(=O)[C@H](CCCC[NH3+])NC(=O)[C@H](C(C)C)NC(=O)[C@H]2CCCN2C(=O)[C@@H](Cc2ccc(O)cc2)NC(=O)[C@H](C)NC(=O)[C@H](CCCC[NH3+])NC1=O,0,-3.8435721,0
CC[C@H](C)[C@H](NC(=O)CNC(=O)[C@H](C)NC(=O)[C@H](CS)NC(=O)[C@H](C)NC(=O)[C@H](C)NC(=O)[C@H](CCCNC(N)=[NH2+])NC(=O)[C@H](CO)NC(=O)[C@H](CS)NC(=O)[C@H](CS)NC(=O)CN)C(=O)NC(CC1CNCN1)C(O)N[C@@H](CCC(N)=O)C(=O)N[C@@H](CCC(=O)O)C(=O)N[C@@H](CC(C)C)C(=O)N[C@@H](CS)C(N)=O,0,-7.5848465,0
CC(C)C[C@H](NC(=O)[C@H](CCCNC(N)=[NH2+])NC(=O)[C@H](CCCC[NH3+])NC(=O)[C@H](CCCC[NH3+])NC(=O)[C@H](CC(C)C)NC(=O)[C@H](CC(N)=O)NC(=O)[C@H](C)NC(=O)[C@H](Cc1ccccc1)NC(=O)[C@H](CCCNC(N)=[NH2+])NC(=O)[C@H](CCCNC(N)=[NH2+])NC(=O)[C@H](CCCC[NH3+])NC(=O)[C@H](Cc1ccccc1)NC(=O)[C@H](CO)NC(=O)[C@H](C)NC(=O)CNC(=O)[C@H](Cc1ccccc1)NC(=O)[C@H](CCCC[NH3+])NC(=O)[C@H](CCCC[NH3+])NC(=O)[C@H](Cc1ccccc1)NC(=O)[C@H](Cc1ccc(O)cc1)NC(=O)[C@H](CCC(=O)O)NC(=O)[C@H](CCCC[NH3+])NC(=O)[C@H](CCCNC(N)=[NH2+])NC(=O)[C@H](CCCC[NH3+])NC(=O)CNC(=O)[C@H](Cc1ccccc1)NC(=O)[C@H](Cc1ccccc1)NC(=O)CN)C(N)=O,0,-2.0739596,0
CC[C@H](C)[C@H](NC(=O)[C@@H](N)CCCC[NH3+])C(=O)N[C@@H](CCCC[NH3+])C(=O)N[C@H](C(=O)N1CCC[C@H]1C(=O)N[C@@H](Cc1c[nH]c2ccccc12)C(=O)NCC(=O)N[C@@H](CCCC[NH3+])C(=O)N[C@H](C(=O)N[C@@H](CCCC[NH3+])C(=O)N[C@@H](CC(=O)O)C(=O)N[C@@H](Cc1ccccc1)C(=O)N[C@@H](CC(C)C)C(=O)N[C@H](C(=O)NCC(=O)NCC(=O)N[C@@H](CCSC)C(=O)N[C@@H](CCCC[NH3+])C(=O)N[C@@H](C)C(=O)N[C@H](C(N)=O)C(C)C)C(C)C)C(C)C)[C@@H](C)CC,0,-3.6620164,0
CC[C@H](C)[C@H](NC(=O)[C@H](Cc1ccccc1)NC(=O)[C@@H]1CCCN1C(=O)[C@H](C)NC(=O)[C@@H](NC(=O)[C@@H](N)CC(C)C)[C@@H](C)CC)C(=O)N[C@@H](CCCNC(N)=[NH2+])C(=O)N[C@@H](CC(=O)O)C(=O)N[C@@H](Cc1ccc(O)cc1)C(=O)N[C@@H](CS)C(=O)N[C@@H](CS)C(=O)N1CCC[C@H]1C(=O)N[C@@H](CCCNC(N)=[NH2+])C(=O)NCC(=O)N1CCC[C@H]1C(=O)N[C@@H](CS)C(=O)N[C@@H](CCSC)C(=O)N[C@H](C(=O)N[C@@H](Cc1c[nH]c2ccccc12)C(=O)N[C@@H](CS)C(N)=O)C(C)C,0,-4.584386,0
C[C@H](NC(=O)[C@H](C)NC(=O)[C@H](C)NC(=O)[C@H](Cc1ccccc1)NC(=O)[C@H](C)NC(=O)[C@H](C)NC(=O)[C@H](Cc1c[nH]c2ccccc12)NC(=O)[C@H](C)NC(=O)[C@H](C)NC(=O)[C@H](Cc1ccccc1)NC(=O)[C@H](C)NC(=O)[C@H](C)NC(=O)[C@H](C)NC(=O)[C@H](C)NC(=O)[C@H](C)NC(=O)[C@H](Cc1ccccc1)NC(=O)[C@H](C)NC(=O)[C@H](C)NC(=O)[C@H](C)NC(=O)[C@H](CCCC[NH3+])NC(=O)[C@H](CCCC[NH3+])NC(=O)[C@H](CCCC[NH3+])NC(=O)[C@H](CCCC[NH3+])NC(=O)[C@H](CCCC[NH3+])NC(=O)[C@@H](N)CCCC[NH3+])C(N)=O,0,-2.0812361,0
CC(C)C[C@H](NC(=O)[C@H](C)NC(=O)[C@H](CC(C)C)NC(=O)[C@H](C)NC(=O)[C@@H](N)Cc1c[nH]c2ccccc12)C(N)=O,0,-5.60556,0
CC[C@H](C)[C@H](NC(=O)[C@H](CC(C)C)NC(=O)[C@H](CO)NC(=O)[C@@H](NC(=O)[C@@H](NC(=O)[C@H](CC(C)C)NC(=O)CN)C(C)C)[C@@H](C)O)C(=O)N[C@@H](CCCC[NH3+])C(=O)NCC(=O)N[C@@H](C)C(=O)NCC(=O)N[C@@H](CCCC[NH3+])C(=O)N[C@@H](CC(C)C)C(=O)N[C@@H](CC(C)C)C(=O)NCC(=O)NCC(=O)N[C@@H](CC(C)C)C(=O)N[C@@H](Cc1ccccc1)C(=O)NCC(=O)N[C@@H](CO)C(=O)N[C@H](C(=O)N[C@H](C(=O)NCC(N)=O)[C@@H](C)O)C(C)C,0,-5.1231475,0
CC[C@H](C)[C@H](NC(=O)[C@@H](NC(=O)[C@@H]1CCCN1C(=O)[C@H](CC(C)C)NC(=O)[C@@H](N)Cc1ccccc1)[C@@H](C)CC)C(=O)N[C@H](C(=O)N[C@@H](CC(N)=O)C(=O)N[C@@H](CC(C)C)C(=O)N[C@@H](CC(C)C)C(=O)NCC(=O)N[C@@H](CCCC[NH3+])C(=O)N[C@@H](CC(C)C)C(=O)N[C@@H](CC(C)C)C(N)=O)[C@@H](C)O,0,-5.3457956,0
CC[C@H](C)[C@H](NC(=O)[C@@H]1CCCN1C(=O)[C@H](CC(C)C)NC(=O)[C@@H](N)Cc1ccccc1)C(=O)N[C@H](C(=O)NCC(=O)N[C@@H](CCCC[NH3+])C(=O)N[C@@H](CC(C)C)C(=O)N[C@@H](CC(C)C)C(=O)N[C@@H](CO)C(=O)NCC(=O)N[C@@H](CC(C)C)C(=O)N[C@@H](CC(C)C)C(N)=O)C(C)C,0,-5.83171,0
C[C@H](NC(O)C(CC1CNCN1)NC(=O)[C@H](Cc1ccc(O)cc1)NC(=O)[C@H](CCC(=O)O)NC(=O)[C@H](Cc1c[nH]c2ccccc12)NC(=O)[C@@H](N)CC(=O)O)C(=O)NC(CC1CNCN1)C(O)N1CCC[C@H]1C(=O)N[C@@H](CCCC[NH3+])C(=O)N1CC(O)CC1C(O)N[C@@H](CC(N)=O)C(=O)N[C@@H](CO)C(=O)N[C@H](Cc1ccccc1)C(=O)N[C@@H](Cc1c[nH]c2ccccc12)C(=O)N[C@H](C=O)[C@@H](C)O,0,-1.791935,0
CC[C@H](C)[C@H](NC(=O)[C@H](CC(=O)O)NC(=O)[C@H](CCSC)NC(=O)[C@@H](NC(=O)[C@@H](NC(=O)[C@H](CCC(=O)O)NC(=O)[C@H](Cc1ccc(O)cc1)NC(=O)[C@H](Cc1ccccc1)NC(=O)[C@H](CCCCN)NC(=O)[C@H](CCC(N)=O)NC(=O)[C@H](CCC(N)=O)NC(=O)[C@H](CC(C)C)NC(=O)[C@H](CC(=O)O)NC(=O)[C@H](CCCCN)NC(=O)[C@@H](NC(=O)[C@H](CCC(N)=O)NC(=O)[C@H](CC(N)=O)NC(=O)[C@H](Cc1ccc(O)cc1)NC(=O)[C@H](Cc1c[nH]c2ccccc12)NC(=O)[C@H](CCC(=O)O)NC(=O)CNC(=O)[C@H](CC(C)C)NC(=O)[C@@H](NC(=O)[C@@H](NC(=O)[C@H](CC(N)=O)NC(=O)CNC(=O)[C@H](Cc1c[nH]cn1)NC(=O)[C@H](CC(N)=O)NC(=O)[C@@H](N)Cc1c[nH]c2ccccc12)[C@@H](C)CC)[C@@H](C)O)[C@@H](C)O)[C@@H](C)CC)[C@@H](C)CC)C(=O)N[C@@H](CCC(=O)O)C(=O)N[C@@H](CCC(N)=O)C(=O)N[C@@H](CC(N)=O)C(=O)N[C@@H](CC(N)=O)C(=O)N[C@H](C(=O)N[C@@H](CCC(N)=O)C(=O)O)C(C)C,0,-3.4479196,0
CC[C@H](C)[C@@H]1NC(=O)[C@H](C)NC(=O)[C@H](CO)NC(=O)[C@H](CO)NC(=O)[C@H]([C@@H](C)CC)NC(=O)[C@H](CS)NC(=O)[C@@H]2CCCN2C(=O)[C@H]([C@@H](C)CC)NC(=O)[C@H](Cc2c[nH]c3ccccc23)NC(=O)[C@H](C(C)C)NC(=O)[C@H](CS)NC(=O)[C@H](CO)NC(=O)[C@H](CCC(=O)O)NC(=O)CNC(=O)[C@H](CS)NC(=O)[C@H]2CCCN2C(=O)[C@H]([C@@H](C)CC)NC(=O)CNC(=O)[C@H](CC(N)=O)NC(=O)[C@H](CCCNC(N)=[NH2+])NC(=O)[C@H](Cc2ccc(O)cc2)NC(=O)[C@H](CS)NC(=O)[C@H](C(C)C)NC(=O)[C@H](CCCC[NH3+])NC(=O)[C@H](CO)NC(=O)[C@H](CCCC[NH3+])NC(=O)[C@H](CS)NC(=O)[C@H](CO)NC(=O)[C@H](CS)NC(=O)CNC1=O,0,-10.30411,0
CSCC[C@@H](C=O)NC(=O)[C@H](CC(C)C)NC(=O)CNC(=O)[C@@H](NC(=O)[C@H](Cc1ccccc1)NC(=O)[C@H](CCC(N)=O)NC(=O)[C@H](CC(=O)O)NC(=O)[C@H](CO)NC(=O)[C@H](CCCCN)NC(=O)[C@@H]1CCCN1C(=O)[C@@H](NC(=O)[C@@H](N)CC(=O)O)C(C)C)C(C)C,0,0.4028739,0
CC[C@H](C)[C@H](NC(=O)[C@H](CCC(N)=O)NC(=O)[C@@H]1CCCN1C(=O)[C@H](CC(N)=O)NC(O)C(CC1CNCN1)NC(=O)[C@@H](NC(=O)[C@@H](NC(=O)[C@H](CS)NC(=O)[C@@H](NC(=O)[C@@H]1CCCN1C(=O)[C@H](CC(N)=O)NC(=O)[C@H](CO)NC(=O)[C@H](CS)NC(=O)[C@@H](N)CS)C(C)C)[C@@H](C)O)C(C)C)C(=O)N[C@@H](CS)C(N)=O,0,-8.203251,0
CC(=O)N[C@@H](CC(=O)O)C(=O)N[C@@H](CCC(=O)O)C(=O)N[C@@H](Cc1ccccc1)C(=O)N[C@@H](CCC(=O)O)C(=O)NC(CC1CCCCC1)C(O)N[C@H](C=O)CS,0,-0.35215166,0
CC(C)C[C@H](NC(=O)[C@H](CCCC[NH3+])NC(=O)[C@H](CC(C)C)NC(=O)[C@H](CCCC[NH3+])NC(=O)[C@H](CC(C)C)NC(=O)[C@H](C)NC(=O)[C@H](CCCC[NH3+])NC(=O)[C@H](C)NC(=O)[C@H](CC(C)C)NC(=O)[C@H](CC(C)C)NC(=O)[C@H](CCCC[NH3+])NC(=O)[C@H](C)NC(=O)[C@@H](N)Cc1ccccc1)C(N)=O,0,-3.2176824,0
CC(C)C[C@H](NC(=O)[C@H](CC(N)=O)NC(=O)[C@H](CO)NC(O)C(CC1CNCN1)NC(=O)[C@H](CCC(=O)O)NC(=O)[C@H](CC(C)C)NC(O)C(CC1CNCN1)NC(=O)[C@H](CS)NC(=O)[C@@H](NC(=O)[C@@H]1CCCN1C(=O)[C@H](CC(N)=O)NC(=O)[C@H](CO)NC(=O)[C@H](CS)NC(=O)[C@H](CS)NC(=O)CNC(=O)[C@@H]1CCCN1C(=O)[C@H](CC(=O)O)NC(=O)[C@@H](N)CCCNC(N)=[NH2+])C(C)C)C(=O)N[C@@H](CS)C(N)=O,0,-8.812581,0
C[C@H](NC(=O)[C@H](CS)NC(=O)[C@H](CCCNC(N)=[NH2+])NC(=O)[C@@H]1CCCN1C(=O)[C@H](CC(=O)O)NC(=O)[C@H](CO)NC(=O)[C@H](CS)NC(=O)[C@H](CS)NC(=O)CN)C(=O)N[C@H](C(=O)N[C@@H](CCCNC(N)=[NH2+])C(=O)N[C@@H](CS)C(N)=O)[C@@H](C)O,0,-8.094366,0
CC(C)C[C@@H](NC(=O)[C@@H](C)NC(=O)[C@@H](CC(C)C)NC(=O)[C@@H](CCCC[NH3+])NC(=O)[C@@H](CCCC[NH3+])NC(=O)[C@@H](CC(C)C)NC(=O)[C@@H](C)NC(=O)[C@H]1CCCN1C(=O)[C@@H](CC(C)C)NC(=O)[C@@H](Cc1c[nH]c2ccccc12)NC(=O)[C@@H](CCCC[NH3+])NC(=O)[C@@H](CCCC[NH3+])NC(=O)[C@@H](CC(C)C)NC(=O)[C@@H](C)NC(=O)[C@@H](CC(C)C)NC(=O)[C@@H](CC(C)C)NC(=O)[C@@H](C)NC(=O)[C@@H](CC(C)C)NC(=O)[C@@H](CCCC[NH3+])NC(=O)[C@H](N)CCCC[NH3+])C(=O)N[C@H](CC(C)C)C(=O)N[C@H](C)C(=O)N[C@H](CC(C)C)C(=O)N[C@H](CCCC[NH3+])C(=O)N[C@H](CCCC[NH3+])C(N)=O,0,-1.8131084,0
C[C@@H]1NC(=O)[C@@H]2CSSC[C@H](NC(=O)[C@@H](NC(=O)CN)CSSC[C@@H](C(=O)O)NC(=O)[C@H](CCCNC(N)=[NH2+])NC(=O)[C@H](Cc3c[nH]c4ccccc34)NC1=O)C(=O)N[C@@H](CO)C(=O)N[C@@H](CC(=O)O)C(=O)N[C@@H](CCCCN)C(=O)N[C@@H](CCCNC(N)=[NH2+])C(=O)N2,0,-2.181481,0
CC[C@H](C)[C@H](NC(=O)[C@@H](NC(=O)[C@@H]1CCCN1C(=O)[C@@H](NC(=O)[C@@H](NC(O)C(CC1CNCN1)NC(=O)[C@@H]1CCCN1C(=O)[C@H](CC(C)C)NC(=O)[C@H](CC(C)C)NC(O)C(CC1CNCN1)NC(=O)[C@H](CCCC[NH3+])NC(=O)[C@H](C)NC(=O)[C@@H](NC(=O)[C@H](CO)NC(=O)CNC(=O)[C@H](CC(C)C)NC(=O)[C@@H](NC(=O)[C@H](CO)NC(=O)[C@H](Cc1ccccc1)NC(=O)[C@H](CC(C)C)NC(=O)CN)C(C)C)C(C)C)C(C)C)C(C)C)C(C)C)C(=O)N[C@@H](C)C(=O)N[C@@H](CCC(=O)O)C(=O)N[C@@H](CCCC[NH3+])C(=O)N[C@@H](CC(C)C)C(N)=O,0,-5.1158247,0
CC[C@H](C)[C@H](NC(=O)CNC(=O)[C@H](CO)NC(=O)[C@H](CC(C)C)NC(=O)[C@H](C)NC(=O)[C@H](CCCNC(N)=[NH2+])NC(=O)CNC(=O)[C@@H](NC(=O)[C@H](CC(C)C)NC(=O)[C@@H]1CCCN1C(=O)[C@H](CC(C)C)NC(=O)[C@@H](N)Cc1ccccc1)[C@@H](C)CC)C(=O)N[C@@H](CC(C)C)C(N)=O,0,-4.018743,0
CC(C)C[C@H](NC(=O)[C@H](CCCC[NH3+])NC(=O)[C@H](CCCC[NH3+])NC(=O)[C@H](CC(C)C)NC(=O)[C@H](C)NC(=O)[C@H](CCCC[NH3+])NC(=O)[C@H](CC(C)C)NC(=O)[C@H](C)NC(=O)[C@H](CC(C)C)NC(=O)[C@H](C)NC(=O)[C@@H](N)C(C)C)C(N)=O,0,-3.8778543,0
C[C@H](NC(=O)[C@@H]1CCCN1C(=O)[C@H](CC(N)=O)NC(=O)[C@H](CCCNC(N)=[NH2+])NC(=O)[C@H](CS)NC(=O)[C@H](CS)NC(=O)CNC(=O)[C@@H](N)CC(N)=O)C(=O)N[C@@H](CS)C(=O)N[C@@H](CCC(=O)O)C(=O)N[C@@H](CO)C(=O)NC(CC1CNCN1)C(O)N[C@@H](CCCNC(N)=[NH2+])C(=O)N[C@@H](CS)C(N)=O,0,-7.3024855,0
C[C@H](NC(=O)[C@H](CS)NC(=O)[C@H](CC(=O)O)NC(=O)[C@@H]1CCCN1C(=O)[C@H](CCCNC(N)=[NH2+])NC(=O)[C@H](CO)NC(=O)[C@H](CS)NC(=O)[C@H](CS)NC(=O)CN)C(=O)N[C@@H](Cc1c[nH]c2ccccc12)C(=O)N[C@@H](CCCNC(N)=[NH2+])C(=O)N[C@@H](CS)C(N)=O,0,-8.677289,0
CC(C)C[C@H]1NC(=O)CNC(=O)[C@H](CC(N)=O)NC(=O)[C@@H](CCCNC(N)=[NH2+])NC(=O)[C@H]([C@@H](C)O)NC(=O)[C@H](CS)NC(=O)[C@H](CCCC[NH3+])NC(=O)[C@@H]2CCCN2C(=O)[C@H](Cc2c[nH]c3ccccc23)NC(=O)[C@H](CO)NC(=O)[C@H](CS)NC(=O)[C@H]([C@@H](C)O)NC(=O)[C@H](CS)NC(=O)CNC(=O)[C@@H]2CCCN2C(=O)[C@H]([C@@H](C)O)NC(=O)[C@H](CC(N)=O)NC(=O)[C@H](CS)NC(=O)[C@H]([C@@H](C)O)NC(=O)CNC(=O)CNC(=O)[C@H](C(C)C)NC(=O)[C@H](CS)NC(=O)[C@H]([C@@H](C)O)NC(=O)[C@H](CCC(=O)O)NC(=O)CNC(=O)[C@H](CS)NC(=O)[C@H](C(C)C)NC(=O)[C@@H]2CCCN2C1=O,0,-11.586636,0
CC(C)C[C@H](NC(=O)[C@H](Cc1ccc(O)cc1)NC(=O)[C@@H]1CCCN1C(=O)[C@@H](N)Cc1c[nH]c2ccccc12)C(=O)N1CCC[C@H]1C(=O)N[C@@H](Cc1c[nH]c2ccccc12)C(=O)N[C@@H](CCCNC(N)=[NH2+])C(=O)N[C@@H](CCCNC(N)=[NH2+])C(N)=O,0,-5.171774,0
CC[C@H](C)[C@H](NC(=O)[C@H](C)NC(=O)[C@H](CO)NC(=O)CNC(=O)[C@@H]1CCCN1C(=O)CN)C(=O)N[C@@H](CS)C(=O)N[C@@H](CC(N)=O)C(=O)N[C@@H](CCSC)C(=O)N[C@@H](C)C(=O)N[C@@H](CS)C(=O)N[C@@H](CCCNC(N)=[NH2+])C(=O)N[C@@H](CC(C)C)C(=O)N[C@@H](CCC(=O)O)C(=O)NC(CC1CNCN1)C(O)NCC(=O)NC(CC1CNCN1)C(O)N[C@@H](CC(C)C)C(=O)N[C@@H](Cc1ccc(O)cc1)C(=O)N1CCC[C@H]1C(=O)N[C@@H](Cc1ccccc1)C(=O)N[C@@H](CS)C(=O)N[C@@H](CC(N)=O)C(=O)N[C@@H](CS)C(=O)N[C@@H](CC(=O)O)C(N)=O,0,-6.6822267,0
CC(C)C[C@H](NC(=O)[C@H](C)NC(=O)[C@H](CC(C)C)NC(=O)[C@H](C)NC(=O)[C@H](CCCC[NH3+])NC(=O)[C@H](CCCC[NH3+])NC(=O)[C@H](C)NC(=O)[C@H](CC(C)C)NC(=O)[C@H](CCCC[NH3+])NC(=O)[C@H](C)NC(=O)[C@H](CC(C)C)NC(=O)[C@H](CCCC[NH3+])NC(=O)[C@H](CCCC[NH3+])NC(=O)[C@H](C)NC(=O)[C@@H](N)Cc1ccccc1)C(N)=O,0,-2.5302048,0
CC[C@H](C)[C@H](NC(=O)[C@@H](N)Cc1ccccc1)C(=O)N[C@H](C(=O)N[C@H](C(=O)NC(CC1CNCN1)C(N)O)C(C)C)[C@@H](C)O,0,-2.6983433,0
CC[C@H](C)[C@H](NC(=O)[C@H](CC(=O)O)NC(=O)[C@H](Cc1ccccc1)NC(=O)[C@H](CC(C)C)NC(=O)CN)C(=O)N[C@H](C(=O)N[C@@H](CCCC[NH3+])C(=O)N[C@@H](CCCC[NH3+])C(=O)N[C@H](C(=O)N[C@H](C(=O)NCC(=O)N[C@@H](C)C(=O)N[C@@H](CC(C)C)C(=O)NCC(=O)N[C@@H](CO)C(=O)N[C@@H](CC(C)C)C(N)=O)C(C)C)C(C)C)C(C)C,0,-5.73602,0
CC[C@H](C)[C@@H]1NC(=O)[C@H](CC(C)C)NC(=O)[C@H](C)NC(=O)[C@H]([C@@H](C)O)NC(=O)[C@H](C(C)C)NC(=O)[C@H]([C@@H](C)O)NC(=O)[C@H](CS)NC(=O)[C@@H]2CCCN2C(=O)[C@H]([C@@H](C)CC)NC(=O)[C@H](Cc2c[nH]c3ccccc23)NC(=O)[C@H](C(C)C)NC(=O)[C@H](CS)NC(=O)[C@H](CO)NC(=O)[C@H](CCC(=O)O)NC(=O)[C@H](C)NC(=O)[C@H](CS)NC(=O)[C@@H]2CCCN2C(=O)[C@@H]([C@@H](C)CC)NC(=O)CNC(=O)[C@H](CC(N)=O)NC(=O)[C@@H](Cc2ccc(O)cc2)NC(=O)[C@H](CS)NC(=O)[C@H](C(C)C)NC(=O)[C@H](CCCC[NH3+])NC(=O)[C@H](CC(N)=O)NC(=O)[C@H](CO)NC(=O)[C@H](CS)NC(=O)CNC(=O)[C@H](CS)NC(=O)CNC1=O,0,-11.4197235,0
CC(C)C[C@H](NC(=O)[C@H](CCCC[NH3+])NC(=O)[C@H](CCCC[NH3+])NC(=O)[C@H](Cc1c[nH]c2ccccc12)NC(=O)[C@@H](N)CCCC[NH3+])C(=O)N[C@@H](CC(C)C)C(=O)N[C@@H](CCCC[NH3+])C(=O)N[C@@H](CCCC[NH3+])C(=O)N1CCC[C@H]1C(=O)N[C@@H](CC(C)C)C(=O)N[C@@H](CC(C)C)C(=O)N[C@@H](CCCC[NH3+])C(=O)N[C@@H](CCCC[NH3+])C(N)=O,0,-2.9331844,0
CC[C@H](C)[C@H](NC(=O)[C@H](CO)NC(=O)[C@H](CCCC[NH3+])NC(=O)[C@H](CC(C)C)NC(=O)[C@H](CCCC[NH3+])NC(=O)[C@@H](N)CC(C)C)C(=O)N[C@H](C(=O)N[C@@H](CO)C(=O)N[C@@H](Cc1c[nH]c2ccccc12)C(=O)N[C@@H](C)C(=O)N[C@@H](CCCC[NH3+])C(=O)N[C@@H](CC(C)C)C(=O)N[C@H](C(=O)N[C@@H](CC(C)C)C(N)=O)C(C)C)C(C)C,0,-5.3738475,0
CC[C@H](C)[C@@H]1NC(=O)[C@H](CS)NC(=O)[C@@H]2CCCN2C(=O)[C@H]([C@@H](C)CC)NC(=O)[C@H](Cc2c[nH]c3ccccc23)NC(=O)[C@H](C(C)C)NC(=O)[C@H](CS)NC(=O)[C@H](CO)NC(=O)[C@H](CCC(=O)O)NC(=O)[C@@H](CS)NC(=O)[C@H]2CCCN2C(=O)[C@H](CC(C)C)NC(=O)[C@@H]([C@@H](C)O)NC(=O)CNC(=O)[C@H](CC(N)=O)NC(=O)[C@H](CCCC[NH3+])NC(=O)[C@H](Cc2ccc(O)cc2)NC(=O)[C@H](CS)NC(=O)[C@H](C(C)C)NC(=O)[C@H](CCCC[NH3+])NC(=O)[C@H](CO)NC(=O)[C@H](CCCC[NH3+])NC(=O)[C@H](CS)NC(=O)[C@H](CO)NC(=O)[C@H](CS)NC(=O)CNC(=O)[C@H](C(C)C)NC(=O)[C@H](C(C)C)NC(=O)[C@H](CO)NC(=O)[C@H](CO)NC1=O,0,-11.051898,0
CC(=O)N[C@@H](CCCNC(N)=[NH2+])C(=O)N[C@@H](CCCNC(N)=[NH2+])C(=O)N[C@@H](Cc1c[nH]c2ccccc12)C(=O)N[C@@H](Cc1c[nH]c2ccccc12)C(=O)N[C@@H](CS)C(=O)N[C@@H](CCCNC(N)=[NH2+])C(=O)N[C@H](C(N)=O)C(C)C,0,-4.070344,0
CCCC(CO)NC(=O)[C@@H]1CCCN1C(=O)[C@@H](NC(=O)[C@@H](NC(=O)[C@H](CC(=O)O)NC(=O)[C@@H](CC(=O)O)NC(C)=O)[C@@H](C)CC)C(C)C,0,-3.506956,0
CC[C@H](C)[C@H](NC(O)C(C)(C)NC(=O)[C@H](CCCC[NH3+])NC(=O)CNC(=O)[C@H](CC(C)C)NC(O)C(C)(C)NC(=O)[C@H](CCCC[NH3+])NC(=O)[C@H](CCCC[NH3+])NC(=O)[C@H](Cc1c[nH]c2ccccc12)NC(=O)[C@H](CC(N)=O)NC(=O)[C@@H](N)C(C)C)C(=O)N[C@@H](CCCC[NH3+])C(=O)NC(C)(C)C(O)N[C@H](C(=O)N[C@@H](CCCC[NH3+])C(N)=O)C(C)C,0,-6.508844,0
CC[C@H](C)[C@H](NC(=O)[C@H](CC(C)C)NC(=O)[C@H](CCC(=O)O)NC(=O)[C@@H](CC(=O)O)NC(C)=O)C(=O)NC(CC1CCCCC1)C(O)N[C@@H](CS)C(=O)N1CCC[C@H]1C(=O)NC(CC1CCCCC1)C(O)N[C@@H](CC(=O)O)C(=O)N[C@@H](CC(C)C)C(=O)N1CCC[C@@H]1C(=O)N[C@@H](Cc1ccc(O)cc1)C(=O)N[C@@H](CCCC[NH3+])C(N)=O,0,-4.5791993,0
CC(C)C[C@H](NC(=O)[C@H](CCCNC(N)=[NH2+])NC(=O)[C@H](CCCNC(N)=[NH2+])NC(=O)[C@H](Cc1ccc(O)cc1)NC(=O)[C@H](CC(C)C)NC(=O)[C@H](CCCNC(N)=[NH2+])NC(=O)[C@H](CCCNC(N)=[NH2+])NC(=O)[C@H](Cc1ccc(O)cc1)NC(=O)[C@H](CC(C)C)NC(=O)[C@H](CCCNC(N)=[NH2+])NC(=O)[C@H](CCCNC(N)=[NH2+])NC(=O)[C@H](Cc1ccc(O)cc1)NC(=O)[C@H](CC(C)C)NC(=O)[C@@H](N)CCCNC(N)=[NH2+])C(=O)N[C@@H](Cc1ccc(O)cc1)C(=O)N[C@@H](CCCNC(N)=[NH2+])C(=O)N[C@@H](CCCC[NH3+])C(=O)N[C@@H](CCCC[NH3+])C(=O)N[C@@H](CCCC[NH3+])C(N)=O,0,2.682525,0
CC[C@H](C)[C@H](NC(=O)[C@H](CCCC[NH3+])NC(=O)[C@H](CCCNC(N)=[NH2+])NC(=O)[C@H](CCCC[NH3+])NC(=O)[C@H](CC(C)C)NC(=O)[C@H](CCCNC(N)=[NH2+])NC(=O)[C@H](CCCNC(N)=[NH2+])NC(=O)[C@H](CC(C)C)NC(=O)[C@H](CCCC[NH3+])NC(=O)[C@@H](N)CCCNC(N)=[NH2+])C(=O)N[C@@H](C)C(=O)NC(CC1CNCN1)C(O)N[C@@H](CCCC[NH3+])C(=O)N[C@H](C(=O)N[C@@H](CCCC[NH3+])C(=O)N[C@@H](CCCC[NH3+])C(=O)N[C@@H](Cc1ccc(O)cc1)C(N)=O)C(C)C,0,-1.1961594,0
CC[C@H](C)[C@H](NC(=O)[C@@H](NC(=O)[C@H](CO)NC(=O)[C@H](C)NC(=O)[C@@H](NC(=O)[C@H](CCCC[NH3+])NC(=O)[C@H](CCCC[NH3+])NC(=O)[C@@H](NC(=O)[C@@H](NC(=O)[C@H](CC(=O)O)NC(=O)[C@H](Cc1ccccc1)NC(=O)[C@H](CC(C)C)NC(=O)CN)C(C)C)[C@@H](C)CC)C(C)C)C(C)C)C(=O)N[C@@H](CCCC[NH3+])C(=O)N[C@@H](CCCC[NH3+])C(=O)N[C@@H](CC(C)C)C(N)=O,0,-4.1150455,0
CC(C)C[C@H](NC(=O)[C@H](CCCNC(N)=[NH2+])NC(=O)[C@@H](N)CCCNC(N)=[NH2+])C(=O)N[C@@H](CO)C(=O)N[C@@H](Cc1ccc(O)cc1)C(=O)N[C@@H](CO)C(=O)N[C@@H](CCCNC(N)=[NH2+])C(=O)N[C@@H](CCCNC(N)=[NH2+])C(=O)N[C@@H](CCCNC(N)=[NH2+])C(=O)N[C@@H](Cc1ccccc1)C(N)=O,0,-1.0800226,0
C[C@H](NC(=O)[C@H](CCC(=O)O)NC(=O)[C@@H]1CCCN1C(O)C(CC1CNCN1)NC(=O)[C@H](CC(=O)O)NC(=O)[C@H](Cc1ccc(O)cc1)NC(=O)[C@H](CC(N)=O)NC(=O)[C@H](CS)NC(=O)[C@H](CCCNC(N)=[NH2+])NC(=O)[C@@H]1CCCN1C(=O)[C@H](CC(=O)O)NC(=O)[C@H](CO)NC(=O)[C@H](CS)NC(=O)[C@H](CS)NC(=O)CN)C(=O)N[C@@H](CS)C(N)=O,0,-6.8164177,0
CSCC[C@H](NC(=O)[C@@H](NC(=O)[C@H](CCCC[NH3+])NC(=O)[C@H](CCCNC(N)=[NH2+])NC(=O)[C@H](CS)NC(=O)[C@H](CO)NC(=O)[C@H](C)NC(=O)CNC(=O)[C@H](CCCC[NH3+])NC(=O)CNC(=O)[C@H](CCCC[NH3+])NC(=O)[C@@H](N)CS)[C@@H](C)O)C(=O)N[C@@H](Cc1ccc(O)cc1)C(=O)N[C@@H](CC(=O)O)C(=O)N[C@@H](CS)C(=O)N[C@@H](CS)C(=O)N[C@@H](CCCNC(N)=[NH2+])C(=O)NCC(=O)N[C@@H](CO)C(=O)N[C@@H](CS)C(=O)N[C@@H](CCCNC(N)=[NH2+])C(=O)N[C@@H](CO)C(=O)NCC(=O)N[C@@H](CCCNC(N)=[NH2+])C(=O)N[C@@H](CS)C(N)=O,0,-5.881777,0
CC[C@H](C)[C@H](NC(O)C(CC1CNCN1)NC(=O)[C@H](CCCC[NH3+])NC(=O)[C@H](CC(C)C)NC(=O)[C@H](CC(C)C)NC(=O)[C@H](CO)NC(=O)[C@H](CCCC[NH3+])NC(=O)[C@H](Cc1c[nH]c2ccccc12)NC(=O)[C@H](CCCC[NH3+])NC(=O)CN)C(=O)N[C@@H](CC(C)C)C(=O)N[C@@H](CCCC[NH3+])C(N)=O,0,-6.609509,0
CC[C@H](C)[C@H](N)C(=O)N[C@@H](CC(C)C)C(=O)N1CCC[C@H]1C(=O)N[C@H](C(=O)N[C@@H](CC(C)C)C(=O)NCC(=O)N[C@@H](CC(N)=O)C(=O)N[C@@H](CC(C)C)C(=O)N[C@@H](CC(C)C)C(=O)N[C@@H](CC(N)=O)C(=O)N[C@@H](CO)C(=O)N[C@@H](CC(C)C)C(=O)N[C@@H](CC(C)C)C(N)=O)[C@@H](C)CC,0,-3.5030112,0
CC[C@H](C)[C@@H]1NC(=O)[C@H](CC(C)C)NC(=O)[C@H](Cc2ccccc2)NC(=O)[C@H](Cc2ccccc2)NC(=O)[C@H](C)NC(=O)[C@@H]2CCCN2C(=O)[C@H](C(C)C)NC(=O)[C@H](CC(C)C)NC(=O)[C@H]([C@@H](C)CC)NC1=O,0,-2.9337177,0
CC[C@H](C)[C@H](NC(=O)[C@H](CCCC[NH3+])NC(=O)[C@H](CC(N)=O)NC(=O)[C@H](Cc1c[nH]c2ccccc12)NC(=O)[C@H](CC(C)C)NC(=O)CN)C(=O)N[C@@H](CCCC[NH3+])C(=O)N[C@@H](CCC(=O)O)C(=O)N[C@@H](C)C(=O)N[C@@H](C)C(=O)N[C@@H](CO)C(=O)N[C@@H](CCCC[NH3+])C(=O)N[C@@H](C)C(=O)N[C@@H](C)C(=O)NCC(=O)N[C@@H](CCCC[NH3+])C(=O)N[C@@H](C)C(=O)N[C@@H](C)C(=O)N[C@@H](CC(C)C)C(=O)NCC(=O)N[C@@H](Cc1ccccc1)C(=O)N[C@H](C(=O)N[C@@H](CC(N)=O)C(=O)N[C@@H](CCC(=O)O)C(=O)N[C@@H](CCSC)C(=O)N[C@H](C(N)=O)C(C)C)C(C)C,0,-4.1537285,0
CC[C@H](C)[C@H](NC(=O)[C@H](CCCC[NH3+])NC(=O)[C@@H]1CCCN1C(=O)[C@H](CC(C)C)NC(=O)[C@H](Cc1ccccc1)NC(=O)[C@H](CC(N)=O)NC(=O)[C@H](C)NC(=O)[C@H](C)NC(=O)[C@H](CC(C)C)NC(=O)CNC(=O)[C@H](C)NC(=O)[C@H](CC(C)C)NC(=O)[C@H](CC(C)C)NC(=O)[C@@H]1CCCN1C(=O)[C@H](CC(C)C)NC(=O)[C@@H](N)Cc1ccccc1)C(=O)N[C@@H](Cc1ccccc1)C(=O)N[C@@H](CS)C(=O)N[C@@H](CCCC[NH3+])C(=O)N[C@H](C(=O)N[C@H](C(=O)N[C@@H](CCCNC(N)=[NH2+])C(=O)N[C@@H](CCCC[NH3+])C(=O)N[C@@H](CS)C(N)=O)[C@@H](C)O)[C@@H](C)CC,0,-5.625098,0
C[C@H](NC(O)C(CC1CNCN1)NC(=O)[C@H](Cc1ccc(O)cc1)NC(=O)[C@H](CCC(=O)O)NC(=O)[C@H](Cc1c[nH]c2ccccc12)NC(=O)[C@@H](N)CC(=O)O)C(=O)NC(CC1CNCN1)C(O)N1CCC[C@H]1C(=O)N[C@@H](CCCC[NH3+])C(=O)N1CC(O)CC1C(O)N[C@@H](CC(N)=O)C(=O)N[C@@H](CO)C(=O)N[C@@H](Cc1ccccc1)C(=O)N[C@@H](Cc1c[nH]c2ccccc12)C(=O)N[C@H](C=O)[C@@H](C)O,0,-1.945612,0
CC[C@H](C)[C@H](NC(=O)CNC(=O)[C@H](CO)NC(=O)[C@@H](NC(=O)[C@H](CC(C)C)NC(=O)[C@H](CCCNC(N)=[NH2+])NC(=O)CNC(=O)[C@@H](NC(=O)[C@@H](NC(=O)[C@@H]1CCCN1C(=O)[C@H](CC(C)C)NC(=O)[C@@H](N)Cc1ccccc1)[C@@H](C)CC)C(C)C)[C@@H](C)CC)C(=O)N[C@@H](CC(C)C)C(N)=O,0,-3.98597,0
CC[C@H](C)[C@H](NC(=O)[C@H](CC(C)C)NC(=O)[C@H](CC(N)=O)NC(=O)[C@@H](NC(=O)[C@H](CC(C)C)NC(=O)[C@@H](NC(=O)[C@@H]1CCCN1C(=O)[C@H](CC(C)C)NC(=O)[C@@H](N)Cc1ccccc1)[C@@H](C)CC)[C@@H](C)CC)C(=O)NC(CC1CNCN1)C(O)N[C@@H](CCCC[NH3+])C(=O)NCC(=O)N[C@@H](CC(C)C)C(=O)N[C@@H](CC(C)C)C(N)=O,0,-3.8783588,0
CC[C@H](C)[C@@H]1NC(=O)[C@H](Cc2c[nH]c[nH+]2)NC(=O)[C@H](CCC(N)=O)NC(=O)[C@H](CC(N)=O)NC(=O)[C@H](CC(N)=O)NC(=O)CNC(=O)[C@H](C)NC(=O)[C@@H]2CSSC[C@H](NC(=O)C[NH3+])C(=O)N[C@@H](CSSC[C@@H](C(N)=O)NC1=O)C(=O)N[C@@H](CO)C(=O)N[C@@H](Cc1c[nH]c[nH+]1)C(=O)N1CCC[C@H]1C(=O)N[C@@H](C)C(=O)N2,0,-3.8883667,0
CC[C@H](C)[C@H](NC(=O)CN)C(=O)NCC(=O)N[C@@H](CCCC[NH3+])C(=O)N[C@@H](Cc1ccccc1)C(=O)N[C@@H](CC(C)C)C(=O)NC(CC1CNCN1)C(O)N[C@@H](CO)C(=O)N[C@H](C)C(=O)N[C@@H](CCCC[NH3+])C(=O)N[C@@H](CCCC[NH3+])C(=O)N[C@@H](Cc1ccccc1)C(=O)N[C@H](C)C(=O)N[C@@H](CCCC[NH3+])C(=O)N[C@@H](C)C(=O)N[C@@H](Cc1ccccc1)C(=O)N[C@H](C(=O)N[C@H](C)C(=O)N[C@@H](CCC(=O)O)C(=O)N[C@H](C(=O)N[C@@H](CCSC)C(=O)N[C@@H](CC(N)=O)C(=O)N[C@@H](CO)C(N)=O)[C@@H](C)CC)C(C)C,0,-5.331621,0
CC(C)C[C@@H]1NC(=O)[C@H](CC(=O)O)NC(=O)[C@@H]2CCCN2C(=O)[C@H](Cc2c[nH]c[nH+]2)NC(=O)[C@H](CCCC[NH3+])NC(=O)[C@H](CC(N)=O)NC(=O)[C@H](CCCNC(N)=[NH2+])NC(=O)[C@@H]2CSSC[C@H](NC(=O)C[NH3+])C(=O)N[C@@H](CSSC[C@@H](C(N)=O)NC1=O)C(=O)N[C@@H](CO)C(=O)N[C@@H](CC(=O)O)C(=O)N1CCC[C@H]1C(=O)N1CCC[C@H]1C(=O)N2,0,-4.8316927,0
CC[C@H](C)[C@H](NC(=O)CN)C(=O)NCC(=O)NCC(=O)N[C@@H](C)C(=O)N[C@@H](CC(C)C)C(=O)N[C@@H](CC(C)C)C(=O)N[C@@H](CO)C(=O)N[C@@H](C)C(=O)NCC(=O)N[C@@H](CCCC[NH3+])C(=O)N[C@@H](C)C(=O)N[C@@H](C)C(=O)N[C@@H](CC(C)C)C(=O)N[C@@H](CCCC[NH3+])C(=O)NCC(=O)N[C@@H](CC(C)C)C(=O)N[C@@H](C)C(=O)N[C@@H](CCCC[NH3+])C(=O)N[C@H](C(=O)N[C@@H](CC(C)C)C(=O)N[C@H](C(N)=O)C(C)C)C(C)C,0,-4.1039925,0
CC(C)C[C@H](NC(=O)[C@@H](NC(=O)[C@H](C)NC(=O)[C@H](CS)NC(=O)[C@@H]1CCCN1C(=O)[C@@H]1CCCN1C(=O)[C@@H](NC(=O)[C@H](CO)NC(=O)[C@H](CS)NC(=O)[C@H](CS)NC(=O)CN)[C@@H](C)O)C(C)C)C(=O)N[C@@H](C)C(=O)N[C@@H](CS)C(N)=O,0,-9.399712,0
CC(=O)NCC(=O)N[C@@H](CCCC[NH3+])C(=O)N[C@@H](CCCC[NH3+])C(=O)N[C@@H](CC(C)C)C(=O)N[C@@H](CC(C)C)C(=O)N[C@@H](CCCC[NH3+])C(=O)N[C@@H](CCCC[NH3+])C(=O)N[C@@H](Cc1c[nH]c2ccccc12)C(=O)N[C@@H](CCCC[NH3+])C(=O)N[C@@H](CCCC[NH3+])C(=O)N[C@@H](CC(C)C)C(=O)N[C@@H](Cc1c[nH]c2ccccc12)C(=O)N[C@@H](CCCC[NH3+])C(=O)N[C@@H](CCCC[NH3+])C(=O)N[C@@H](Cc1c[nH]c2ccccc12)C(N)=O,0,-4.08853,0
CC(C)C[C@H](NC(=O)[C@H](C)NC(=O)[C@H](CCCC[NH3+])NC(=O)[C@H](CCCC[NH3+])NC(=O)[C@H](CC(C)C)NC(=O)[C@H](C)NC(=O)[C@H](CCCC[NH3+])NC(=O)[C@H](CC(C)C)NC(=O)[C@H](C)NC(=O)[C@H](CC(C)C)NC(=O)[C@H](C)NC(=O)[C@@H](N)Cc1ccccc1)C(N)=O,0,-4.0794706,0
CSCC[C@@H]1NC(=O)[C@H](CCCNC(N)=[NH2+])NC(=O)[C@H](C)NC(=O)[C@H](C)NC(=O)[C@H](Cc2c[nH]c3ccccc23)NC(=O)[C@H](CCCNC(N)=[NH2+])NC(=O)[C@H](Cc2ccccc2)NC(=O)[C@H](C)NC(=O)[C@H](CCCC[NH3+])NC(=O)[C@H](CCCNC(N)=[NH2+])NC(=O)[C@H](Cc2c[nH]c3ccccc23)NC(=O)[C@H](C)NC(=O)[C@@H]2CCCN2C(=O)[C@H](C)NC(=O)[C@H](C)NC(=O)[C@H](CCCC[NH3+])NC(=O)[C@H](CCCC[NH3+])NC(=O)[C@H](CC(C)C)NC1=O,0,-3.48498,0
CC[C@H](C)[C@H](NC(=O)[C@@H](NC(=O)CN)C(C)C)C(=O)N[C@@H](CC(=O)O)C(=O)N[C@@H](C)C(=O)N[C@@H](C)C(=O)N[C@@H](CCCC[NH3+])C(=O)N[C@@H](CCCC[NH3+])C(=O)N[C@H](C(=O)N[C@H](C(=O)N[C@@H](CC(N)=O)C(=O)N[C@H](C(=O)N[C@@H](CC(C)C)C(=O)N[C@@H](CCCC[NH3+])C(=O)N[C@@H](CC(N)=O)C(=O)N[C@@H](CC(C)C)C(=O)N1CCC[C@H]1C(N)=O)C(C)C)C(C)C)C(C)C,0,-2.516625,0
CC[C@H](C)[C@H](NC(=O)[C@H](C)NC(=O)[C@H](C)NC(=O)[C@H](CCC(=O)O)NC(=O)[C@H](CCCC[NH3+])NC(=O)CNC(=O)[C@@H](NC(=O)[C@H](CC(N)=O)NC(=O)[C@H](CCCC[NH3+])NC(=O)[C@@H](NC(=O)[C@@H](NC(=O)[C@H](CO)NC(=O)[C@H](Cc1c[nH]c2ccccc12)NC(=O)[C@H](CC(C)C)NC(=O)CN)[C@@H](C)O)[C@@H](C)CC)C(C)C)C(=O)N[C@@H](C)C(=O)N[C@@H](C)C(=O)NCC(=O)N[C@@H](CCCC[NH3+])C(=O)N[C@@H](C)C(=O)N[C@H](C(=O)N[C@@H](CC(C)C)C(=O)NCC(=O)N[C@@H](CO)C(=O)N[C@@H](CC(C)C)C(N)=O)C(C)C,0,-6.2332096,0
CC[C@H](C)[C@H](NC(=O)[C@H](CCCC[NH3+])NC(=O)[C@H](CCCC[NH3+])NC(=O)[C@H](CC(C)C)NC(=O)[C@H](CC(=O)O)NC(=O)[C@@H](NC(=O)[C@@H](N)Cc1ccccc1)C(C)C)C(=O)N[C@@H](C)C(=O)N[C@@H](CC(N)=O)C(=O)N[C@H](C(=O)N[C@H](C(=O)N[C@@H](CC(N)=O)C(=O)N[C@@H](CO)C(=O)N[C@H](C(=O)N[C@@H](Cc1ccccc1)C(=O)NCC(=O)N[C@@H](CCCC[NH3+])C(N)=O)[C@@H](C)CC)[C@@H](C)CC)[C@@H](C)CC,0,-4.6854615,0
CC[C@H](C)[C@H](N)C(=O)N[C@@H](CC(C)C)C(=O)N1CCC[C@H]1C(=O)N[C@@H](CC(C)C)C(=O)N[C@@H](CCCC[NH3+])C(=O)N[C@@H](Cc1c[nH]c2ccccc12)C(=O)N1CCC[C@H]1C(=O)N[C@@H](Cc1c[nH]c2ccccc12)C(=O)N[C@@H](Cc1c[nH]c2ccccc12)C(=O)N1CCC[C@H]1C(=O)N[C@@H](Cc1c[nH]c2ccccc12)C(=O)N[C@@H](CCCNC(N)=[NH2+])C(=O)N[C@@H](CCCNC(N)=[NH2+])C(N)=O,0,-2.3379428,0
CC[C@H](C)[C@H](NC(=O)[C@H](CO)NC(=O)[C@@H]1CCCN1C(=O)[C@H](CC(C)C)NC(=O)[C@@H](NC(=O)CNC(=O)[C@H](C)NC(=O)[C@H](CC(C)C)NC(=O)[C@@H](NC(=O)[C@H](CCCC[NH3+])NC(=O)[C@H](CC(C)C)NC(=O)[C@H](C)NC(=O)[C@H](CO)NC(=O)CNC(=O)[C@@H](NC(=O)[C@@H](N)Cc1ccccc1)[C@@H](C)CC)C(C)C)C(C)C)C(=O)N[C@H](C(=O)N[C@@H](CO)C(=O)N[C@@H](Cc1c[nH]c2ccccc12)C(=O)N[C@H](C(=O)N[C@@H](CCCC[NH3+])C(=O)N[C@@H](CCC(N)=O)C(N)=O)C(C)C)C(C)C,0,-6.6448565,0
CC(C)C[C@H](NC(=O)[C@H](CCC(=O)O)NC(=O)[C@@H]1CCCN1C(=O)[C@H](C)NC(=O)[C@H](CC(N)=O)NC(=O)[C@@H](NC(=O)[C@H](CO)NC(=O)[C@H](CS)NC(=O)[C@H](C)NC(=O)[C@@H]1CCCN1C(O)C(CC1CNCN1)NC(=O)[C@H](CO)NC(=O)[C@H](CS)NC(=O)[C@H](CS)NC(=O)CN)C(C)C)C(=O)N[C@@H](CS)C(N)=O,0,-8.603616,0
CC[C@H](C)[C@H](N)C(=O)N[C@@H](CC(C)C)C(=O)N1CCC[C@H]1C(=O)N[C@H](C(=O)N[C@@H](CC(C)C)C(=O)N[C@@H](C)C(=O)N1CCC[C@H]1C(=O)N[C@@H](CC(C)C)C(=O)N[C@H](C(=O)NCC(=O)NCC(=O)N[C@@H](CC(C)C)C(=O)N[C@@H](CC(C)C)C(N)=O)[C@@H](C)CC)[C@@H](C)CC,0,0.15455994,0
CC[C@H](C)[C@H](NC(=O)[C@H](C)NC(=O)[C@H](CCCC[NH3+])NC(=O)[C@H](CC(C)C)NC(=O)[C@H](CC(C)C)NC(=O)CNC(O)C(CC1CNCN1)NC(=O)[C@H](CC(C)C)NC(=O)[C@@H](NC(=O)[C@@H](NC(=O)[C@H](CCCC[NH3+])NC(=O)[C@H](CCCC[NH3+])NC(=O)[C@H](C)NC(=O)[C@H](CO)NC(=O)[C@H](CCCC[NH3+])NC(=O)[C@H](Cc1ccccc1)NC(=O)[C@@H](NC(=O)[C@H](CCCC[NH3+])NC(=O)[C@H](CC(C)C)NC(=O)[C@H](Cc1ccccc1)NC(=O)[C@H](CO)NC(=O)[C@H](CCCC[NH3+])NC(=O)[C@H](Cc1c[nH]c2ccccc12)NC(=O)[C@H](CCCC[NH3+])NC(C)=O)[C@@H](C)O)[C@@H](C)O)C(C)C)C(=O)N[C@@H](CO)C(=O)N[C@@H](CO)C(N)=O,0,-4.994383,0
CC[C@H](C)[C@H](NC(=O)[C@H](CCCC[NH3+])NC(=O)CNC(=O)[C@H](CC(C)C)NC(=O)[C@H](Cc1ccccc1)NC(=O)[C@H](CCCC[NH3+])NC(=O)[C@H](CO)NC(=O)[C@H](Cc1ccccc1)NC(=O)[C@H](Cc1c[nH]c2ccccc12)NC(=O)[C@H](CCC(N)=O)NC(=O)[C@@H](NC(=O)[C@@H](N)Cc1ccccc1)C(C)C)C(=O)N[C@@H](CC(C)C)C(N)=O,0,-5.493348,0
CSCC[C@H](NC(=O)CNC(=O)[C@H](CCCNC(N)=[NH2+])NC(=O)[C@H](CO)NC(=O)[C@H](CS)NC(O)C1CC(O)CN1C(=O)[C@@H](NC(=O)CNC(O)C1CC(O)CN1C(=O)[C@H](CO)NC(=O)[C@H](CCCC[NH3+])NC(=O)[C@@H](N)CS)[C@@H](C)O)C(=O)N[C@@H](CCCNC(N)=[NH2+])C(=O)N[C@@H](CC(=O)O)C(=O)N[C@@H](CS)C(=O)N[C@@H](CS)C(=O)N[C@H](C(=O)N[C@@H](CO)C(=O)N[C@@H](CS)C(=O)N[C@@H](CC(C)C)C(=O)N[C@@H](CC(C)C)C(=O)N[C@@H](Cc1ccc(O)cc1)C(=O)N[C@@H](CO)C(=O)N[C@@H](CC(N)=O)C(=O)N[C@@H](CCCC[NH3+])C(=O)N[C@@H](CS)C(=O)N[C@@H](CCCNC(N)=[NH2+])C(=O)N[C@@H](CCCNC(N)=[NH2+])C(=O)N[C@H](C=O)Cc1ccc(O)cc1)[C@@H](C)O,0,-3.0545402,0
CC(C)C[C@@H]1NC(=O)[C@H](CC(C)C)NC(=O)[C@H](CCC(N)=O)NC(=O)[C@H](CCCNC(=N)N)NC(=O)[C@H](Cc2c[nH]cn2)NC(=O)[C@@H]2CSSC[C@@H](C(=O)N[C@@H](CC(C)C)C(=O)N[C@@H](CCCNC(=N)N)C(=O)N[C@@H](Cc3ccccc3)C(=O)N[C@H](C(N)=O)C(C)C)NC(=O)[C@H](CSSC[C@H](NC(=O)[C@@H](N)CCC(=O)O)C(=O)N2)NC1=O,0,-4.454603,0
CC(=O)N[C@@H](CCCNC(N)=[NH2+])C(=O)N[C@@H](Cc1c[nH]c2ccccc12)C(=O)N[C@@H](Cc1ccc(O)cc1)C(=O)N[C@@H](CS)C(=O)NCC(N)=O,0,-6.048895,0
CC(=O)N[C@@H](CC(C)C)C(=O)N[C@@H](CC(C)C)C(=O)N[C@@H](CCCNC(N)=[NH2+])C(=O)N[C@H](C(=O)N[C@@H](CCCC[NH3+])C(=O)N[C@@H](CCCNC(N)=[NH2+])C(N)=O)C(C)C,0,-4.014611,0
CC(C)[C@H](NC(=O)[C@@H](NC(=O)[C@H](CS)NC(=O)CNC(=O)[C@H](CS)NC(O)C1CC(O)CN1C(O)C(CC1CNCN1)NC(=O)[C@H](CS)NC(=O)[C@H](C)NC(=O)[C@H](C)NC(=O)[C@H](CC(N)=O)NC(O)C1CC(O)CN1C(=O)[C@H](Cc1ccc(O)cc1)NC(=O)[C@H](CCCC[NH3+])NC(=O)CNC(=O)[C@H](CS)NC(=O)[C@H](CS)NC(=O)CN)[C@@H](C)O)C(=O)NCC(=O)N[C@@H](CCCNC(N)=[NH2+])C(=O)N1CC(O)CC1C(O)N1CC(O)CC1C(O)N[C@@H](Cc1ccc(O)cc1)C(=O)N[C@@H](CS)C(=O)N[C@@H](CC(=O)O)C(=O)N[C@@H](CCCNC(N)=[NH2+])C(=O)N1CC(O)CC1C(O)N[C@@H](CO)C(=O)NCC(=O)NCC=O,0,-6.629629,0
CC[C@H](C)[C@H](NC(=O)[C@@H](N)CCC(N)=O)C(=O)N1CCC[C@H]1C(=O)N[C@@H](Cc1c[nH]c2ccccc12)C(=O)N[C@@H](Cc1ccccc1)C(=O)NC(CC1CNCN1)C(O)N[C@@H](CCCNC(N)=[NH2+])C(N)=O,0,-5.4386373,0
CC(C)C[C@H](NC(=O)[C@H](CC(C)C)NC(=O)[C@@H](CCCC[NH3+])NC(=O)[C@H](CC(C)C)NC(=O)[C@H](CC(C)C)NC(=O)[C@H](CCCC[NH3+])NC(=O)[C@@H](CCCC[NH3+])NC(=O)[C@@H](CC(C)C)NC(=O)[C@H](CC(C)C)NC(=O)[C@@H](CCCC[NH3+])NC(=O)[C@H](CCCC[NH3+])NC(=O)[C@H](CC(C)C)NC(=O)[C@@H](CC(C)C)NC(=O)[C@H](CCCC[NH3+])NC(=O)[C@@H](N)CC(C)C)C(N)=O,0,-2.0953922,0
CC[C@H](C)[C@H](NC(=O)[C@H](CCCC[NH3+])NC(=O)[C@H](CCCC[NH3+])NC(=O)[C@H](Cc1ccccc1)NC(=O)[C@H](CC(C)C)NC(=O)[C@H](CCCC[NH3+])NC(=O)[C@@H](N)CC(C)C)C(=O)N[C@@H](CC(C)C)C(=O)N[C@@H](CCCC[NH3+])C(=O)N[C@@H](Cc1ccc(O)cc1)C(=O)N[C@@H](CC(C)C)C(N)=O,0,-2.2205703,0
CC[C@H](C)[C@H](N)C(=O)N[C@@H](CC(N)=O)C(=O)N[C@@H](Cc1c[nH]c2ccccc12)C(=O)N[C@@H](CC(C)C)C(=O)N[C@@H](CCCC[NH3+])C(=O)N[C@@H](CC(C)C)C(=O)NCC(=O)N[C@@H](CCCC[NH3+])C(=O)N[C@@H](CCCC[NH3+])C(=O)N[C@H](C(=O)N[C@@H](CC(C)C)C(=O)NCC(=O)N[C@@H](C)C(=O)N[C@H](C(N)=O)[C@@H](C)CC)[C@@H](C)CC,0,-2.5959716,0
C[C@H](NC(=O)[C@H](C)NC(=O)[C@H](Cc1ccccc1)NC(=O)[C@H](C)NC(=O)[C@H](C)NC(=O)[C@H](CCCNC(N)=[NH2+])NC(=O)[C@H](CCCNC(N)=[NH2+])NC(=O)[C@@H](N)CCCNC(N)=[NH2+])C(=O)N[C@@H](Cc1c[nH]c2ccccc12)C(=O)N[C@@H](C)C(=O)N[C@@H](C)C(=O)N[C@@H](Cc1ccccc1)C(=O)N[C@@H](C)C(=O)N[C@@H](C)C(=O)N[C@@H](CCCNC(N)=[NH2+])C(=O)N[C@@H](CCCNC(N)=[NH2+])C(=O)N[C@@H](CCCNC(N)=[NH2+])C(N)=O,0,0.74528986,0
CC(C)C[C@H](NC(=O)[C@H](CC(N)=O)NC(=O)[C@H](CO)NC(O)C(CC1CNCN1)NC(=O)[C@H](CCC(=O)O)NC(=O)[C@H](C)NC(O)C(CC1CNCN1)NC(=O)[C@H](CS)NC(=O)[C@@H](NC(=O)[C@@H]1CCCN1C(=O)[C@H](CC(N)=O)NC(=O)[C@H](CO)NC(=O)[C@H](CS)NC(=O)[C@H](CS)NC(=O)CN)C(C)C)C(=O)N[C@@H](CS)C(N)=O,0,-9.284927,0
CC[C@H](C)[C@H](NC(=O)[C@@H](N)CCCNC(N)=[NH2+])C(=O)N[C@@H](CC(C)C)C(=O)N[C@@H](CCCNC(N)=[NH2+])C(=O)NCC(N)=O,0,-0.98686993,0
CC[C@H](C)[C@H](NC(=O)CN)C(=O)NCC(=O)NCC(=O)N[C@@H](CCCC[NH3+])C(=O)N[C@H](C(=O)N[C@@H](CC(C)C)C(=O)NCC(=O)NCC(=O)N[C@@H](CC(C)C)C(=O)N[C@@H](CCCC[NH3+])C(=O)N[C@H](C(=O)N[C@@H](C)C(=O)N[C@@H](CC(C)C)C(=O)N[C@@H](CCCC[NH3+])C(=O)NCC(=O)N[C@@H](C)C(=O)N[C@@H](C)C(=O)N[C@@H](CCCC[NH3+])C(=O)N[C@@H](CCC(=O)O)C(=O)N[C@@H](CC(C)C)C(=O)N[C@@H](C)C(=O)N[C@@H](CO)C(=O)N[C@H](C(=O)N[C@@H](Cc1ccc(O)cc1)C(=O)N[C@@H](CC(C)C)C(=O)NC(CC1CNCN1)C(N)O)[C@@H](C)O)[C@@H](C)O)[C@@H](C)CC,0,-1.3427272,0
CC[C@H](C)[C@H](NC(=O)[C@H](CCC(N)=O)NC(=O)[C@@H]1CCCN1C(=O)[C@H](CC(N)=O)NC(O)C(CC1CNCN1)NC(=O)[C@@H](NC(=O)[C@@H](NC(=O)[C@H](CS)NC(=O)[C@@H](NC(=O)[C@@H]1CCCN1C(=O)[C@H](CC(N)=O)NC(=O)[C@H](CO)NC(=O)[C@H](CS)NC(=O)[C@H](CS)NC(=O)[C@@H]1CCCN1C(=O)[C@H](CC(=O)O)NC(O)C(N)CCCNC(N)N(C)C)C(C)C)[C@@H](C)O)C(C)C)C(=O)N[C@@H](CS)C(N)=O,0,-8.046022,0
CC[C@H](C)[C@H](NC(=O)CN)C(=O)NCC(=O)N[C@@H](CCCC[NH3+])C(=O)N[C@@H](Cc1ccccc1)C(=O)N[C@@H](CC(C)C)C(=O)NC(CC1CNCN1)C(O)N[C@@H](CCCC[NH3+])C(=O)N[C@H](C(=O)NCC(=O)N[C@@H](CO)C(=O)N[C@@H](Cc1ccccc1)C(=O)N[C@H](C(=O)N[C@@H](CCCC[NH3+])C(=O)N[C@@H](CO)C(=O)N[C@@H](Cc1c[nH]c2ccccc12)C(=O)N[C@@H](CCCC[NH3+])C(=O)NCC(=O)N[C@@H](CCC(=O)O)C(=O)N[C@H](C(=O)N[C@@H](CCSC)C(=O)N[C@@H](CC(N)=O)C(=O)N[C@@H](CO)C(N)=O)[C@@H](C)CC)[C@@H](C)CC)C(C)C,0,-6.93151,0
CCCCC(NC(=O)[C@@H](NC(=O)[C@H](CCCC[NH3+])NC(=O)[C@@H]1CCCN1C(=O)[C@H](CC(C)C)NC(=O)[C@H](CO)NC(=O)[C@H](CCCC[NH3+])NC(=O)[C@H](CCCC[NH3+])NC(=O)[C@H](CC(C)C)NC(=O)[C@H](CO)NC(=O)[C@H](CO)NC(=O)[C@H](CC(C)C)NC(=O)[C@H](Cc1ccccc1)NC(=O)CN)C(C)C)C(O)N[C@@H](C)C(=O)NC(CC1CNCN1)C(O)NC(CCCC)C(O)N[C@@H](CCCC[NH3+])C(N)=O,0,-6.462932,0
CC(C)C[C@@H]1NC(=O)[C@H](CCCC[NH3+])NC(=O)[C@H](C(C)C)NC(=O)[C@@H]2CCCN2C(=O)[C@@H](Cc2ccc(O)cc2)NC(=O)[C@H](CC(C)C)NC(=O)[C@H](CCCC[NH3+])NC(=O)[C@H](C(C)C)NC(=O)[C@H](CCCC[NH3+])NC(=O)[C@H](CC(C)C)NC(=O)[C@H]2CCCN2C(=O)[C@@H](Cc2ccc(O)cc2)NC(=O)[C@H](C(C)C)NC(=O)[C@H](CCCC[NH3+])NC1=O,0,-4.411402,0
CC[C@H](C)[C@H](NC(=O)[C@H](CCCC[NH3+])NC(=O)[C@H](CCCC[NH3+])NC(=O)[C@H](CCC(N)=O)NC(=O)CN)C(=O)N[C@@H](CCCNC(N)=[NH2+])C(=O)N[C@H](C(=O)N[C@@H](CCCNC(N)=[NH2+])C(=O)N[C@@H](CC(C)C)C(=O)N[C@@H](CO)C(N)=O)C(C)C,0,-3.6911254,0
CC[C@H](C)[C@H](NC(=O)[C@H](CCCC[NH3+])NC(=O)CNC(=O)[C@@H](NC(=O)[C@H](CC(C)C)NC(O)C(CC1CNCN1)NC(=O)[C@H](C)NC(=O)[C@H](CC(C)C)NC(=O)[C@H](CC(C)C)NC(=O)[C@H](CC(=O)O)NC(=O)[C@H](CCCC[NH3+])NC(=O)CNC(=O)[C@H](C)NC(=O)CNC(=O)[C@H](CCCC[NH3+])NC(=O)[C@H](CC(C)C)NC(=O)[C@@H](NC(=O)[C@H](CC(=O)O)NC(=O)[C@@H](NC(=O)[C@@H](NC(=O)CN)C(C)C)C(C)C)[C@@H](C)CC)C(C)C)C(=O)N[C@@H](CO)C(=O)N[C@@H](CCC(=O)O)C(=O)N[C@@H](CCCC[NH3+])C(=O)N[C@H](C(N)=O)C(C)C,0,-3.513504,0
CC[C@H](C)[C@@H]1NC(=O)[C@H](CCCNC(=N)N)NC(=O)CNC(=O)[C@@H]2CSSC[C@@H](C(=O)N3CCC[C@H]3C(=O)N[C@@H](CCC(=O)O)C(=O)N[C@H](C(=O)N[C@H](C(=O)N[C@@H](CS)C(=O)N3CCC[C@H]3C(=O)N[C@@H](CCCCN)C(=O)N[C@@H](CC(N)=O)C(=O)O)C(C)C)C(C)C)NC(=O)[C@H]([C@@H](C)CC)NC(=O)[C@H](CS)NC(=O)[C@H](CCCNC(=N)N)NC(=O)[C@H](CO)NC(=O)[C@H](CSSC[C@H](NC(=O)[C@H](CCC(=O)O)NC(=O)[C@@H](NC(=O)[C@H](Cc3c[nH]c4ccccc34)NC(=O)[C@H](Cc3ccc(O)cc3)NC(=O)[C@H](CCC(N)=O)NC(=O)[C@@H]3CCCN3C(=O)[C@@H](NC(=O)[C@H](CC(C)C)NC(=O)[C@H](CC(=O)O)NC(=O)[C@H](CC(N)=O)NC(=O)[C@@H](N)CC(C)C)C(C)C)[C@@H](C)O)C(=O)N2)NC(=O)[C@H](Cc2c[nH]cn2)NC(=O)[C@@H]2CCCN2C(=O)CNC1=O,0,-5.73756,0
CC(C)C[C@H](NC(=O)[C@H](Cc1ccccc1)NC(=O)[C@H](C)NC(=O)CNC(=O)[C@H](Cc1c[nH]c2ccccc12)NC(=O)[C@H](CC(N)=O)NC(=O)[C@@H](N)CC(C)C)C(=O)N[C@@H](CCCC[NH3+])C(=O)NC(CC1CNCN1)C(O)N[C@@H](Cc1ccccc1)C(=O)N[C@@H](Cc1ccccc1)C(=O)N[C@@H](CCCC[NH3+])C(N)=O,0,-5.918113,0
CC[C@H](C)[C@H](N)C(=O)N[C@@H](CC(N)=O)C(=O)N[C@@H](Cc1c[nH]c2ccccc12)C(=O)N[C@@H](CCCC[NH3+])C(=O)N[C@@H](CCCC[NH3+])C(=O)N[C@H](C(=O)N[C@@H](C)C(=O)N[C@@H](CO)C(=O)N[C@H](C(=O)NCC(=O)N[C@@H](CCCC[NH3+])C(=O)N[C@@H](CCC(=O)O)C(=O)N[C@H](C(=O)N[C@@H](CC(C)C)C(=O)N[C@@H](CCCC[NH3+])C(=O)N[C@@H](C)C(=O)N[C@@H](CC(C)C)C(N)=O)C(C)C)[C@@H](C)CC)[C@@H](C)CC,0,-5.951033,0
CC[C@H](C)[C@H](NC(=O)[C@H](CCC(=O)O)NC(=O)[C@@H]1CCCN1C(O)C(CC1CNCN1)NC(=O)[C@H](CC(=O)O)NC(=O)[C@H](Cc1ccc(O)cc1)NC(=O)[C@H](CC(N)=O)NC(=O)[C@H](CS)NC(=O)[C@H](CCCNC(N)=[NH2+])NC(=O)[C@@H]1CCCN1C(=O)[C@H](CC(=O)O)NC(=O)[C@H](CO)NC(=O)[C@H](CS)NC(=O)[C@H](CS)NC(=O)[C@H](C)N)C(=O)N[C@@H](CS)C(N)=O,0,-6.4856753,0
CC[C@H](C)[C@H](NC(=O)[C@H](CCC(=O)O)NC(=O)[C@@H]1CCCN1C(O)C(CC1CNCN1)NC(=O)[C@H](CC(=O)O)NC(=O)[C@H](Cc1ccc(O)cc1)NC(=O)[C@H](C)NC(=O)[C@H](CS)NC(=O)[C@H](CCCNC(N)=[NH2+])NC(=O)[C@@H]1CCCN1C(=O)[C@H](CC(=O)O)NC(=O)[C@H](CO)NC(=O)[C@H](CS)NC(=O)[C@H](CS)NC(=O)CN)C(=O)N[C@@H](CS)C(N)=O,0,-6.331947,0
CC[C@H](C)[C@H](NC(=O)[C@@H](NC(=O)[C@@H]1CCCN1C(=O)[C@@H](NC(=O)[C@@H](NC(=O)[C@H](CCCNC(N)=[NH2+])NC(=O)[C@@H]1CCCN1C(=O)[C@@H](NC(=O)[C@@H](NC(O)C(CC1CNCN1)NC(=O)[C@H](CCCC[NH3+])NC(=O)[C@H](C)NC(=O)[C@@H](NC(=O)[C@H](CO)NC(=O)CNC(=O)[C@H](CC(C)C)NC(=O)[C@@H](NC(=O)[C@H](CO)NC(=O)[C@H](Cc1ccccc1)NC(=O)[C@H](CC(C)C)NC(=O)CN)C(C)C)C(C)C)C(C)C)C(C)C)C(C)C)C(C)C)C(C)C)C(=O)N[C@@H](C)C(=O)N[C@@H](CCC(=O)O)C(=O)NC(CC1CNCN1)C(O)N[C@@H](CC(C)C)C(N)=O,0,-5.292384,0
CC(C)[C@H](NC(=O)[C@H](CCCC[NH3+])NC(=O)[C@@H](NC(=O)[C@H](CCCC[NH3+])NC(=O)[C@@H](NC(=O)[C@H](CCCC[NH3+])NC(=O)[C@@H](NC(=O)[C@@H]1CCCN1C(=O)[C@H]1CCCN1C(=O)[C@@H](NC(=O)[C@H](CCCC[NH3+])NC(=O)[C@@H](NC(=O)[C@H](CCCC[NH3+])NC(=O)[C@@H](NC(=O)[C@H](CCCC[NH3+])NC(=O)[C@@H](NC(=O)[C@@H](N)CCCC[NH3+])C(C)C)C(C)C)C(C)C)C(C)C)[C@@H](C)O)C(C)C)C(C)C)C(=O)N[C@@H](CCCC[NH3+])C(N)=O,0,-4.2471657,0
CC(C)C[C@H](NC(=O)[C@H](CC(C)C)NC(=O)[C@H](CCCC[NH3+])NC(=O)CNC(=O)[C@H](CC(C)C)NC(=O)[C@H](CC(C)C)NC(=O)[C@H](CO)NC(=O)[C@H](C)NC(=O)[C@H](Cc1ccccc1)NC(=O)[C@H](Cc1ccccc1)NC(=O)[C@@H]1CCCN1C(=O)[C@H](CC(C)C)NC(=O)[C@@H](N)Cc1ccccc1)C(N)=O,0,-6.226514,0
C[C@H](NC(=O)[C@H](Cc1ccc(O)cc1)NC(=O)[C@H](CC(N)=O)NC(=O)[C@H](CCCC[NH3+])NC(=O)CNC(=O)[C@H](CS)NC(=O)[C@H](C)NC(=O)[C@@H]1CCCN1C(O)C(CC1CNCN1)NC(=O)[C@H](CS)NC(=O)[C@H](CS)NC(=O)[C@H](CCCNC(N)=[NH2+])NC(=O)CN)C(=O)N[C@@H](CS)C(N)=O,0,-7.276132,0
CC(C)C[C@H]1NC(=O)[C@@H](C(C)C)NC(=O)[C@@H]2CCCN2C(=O)[C@@H](CC(=O)O)NC(=O)[C@@H](Cc2c[nH]c3ccccc23)NC1=O,0,-6.4943395,0
CC[C@H](C)[C@@H]1NC(=O)CNC(=O)[C@H](CCCNC(N)=[NH2+])NC(=O)[C@H](Cc2ccc(O)cc2)NC(=O)[C@@H]2CSSC[C@H](NC1=O)C(=O)N[C@@H](Cc1ccc(O)cc1)C(=O)N[C@@H](CCCNC(N)=[NH2+])C(=O)N[C@@H](CCCNC(N)=[NH2+])C(=O)N[C@H](C(=O)N[C@@H](CCCNC(N)=[NH2+])C(=O)O)CSSC[C@H](NC(=O)[C@H](Cc1c[nH]c3ccccc13)NC(=O)[C@@H]([NH3+])CCCC[NH3+])C(=O)N[C@@H](Cc1ccccc1)C(=O)N[C@@H](CCCNC(N)=[NH2+])C(=O)N[C@@H](C(C)C)C(=O)N2,0,-0.61587846,0
CC[C@H](C)[C@H](NC(=O)[C@H](CO)NC(=O)[C@H](C)NC(=O)[C@@H]1CCCN1C(=O)[C@H](CC(C)C)NC(=O)CN)C(=O)N[C@@H](CO)C(=O)N[C@@H](Cc1c[nH]c2ccccc12)C(=O)N[C@H](C(=O)N[C@@H](CCCC[NH3+])C(=O)N[C@@H](CCCNC(N)=[NH2+])C(=O)N[C@@H](CCCC[NH3+])C(=O)N[C@@H](CCCNC(N)=[NH2+])C(=O)N[C@@H](CCC(N)=O)C(=O)N[C@@H](CCC(N)=O)C(N)=O)[C@@H](C)CC,0,-2.6333432,0
CC[C@H](C)[C@H](NC(=O)[C@H](CC(C)C)NC(=O)[C@@H]1CCCN1C(=O)[C@H](CC(C)C)NC(=O)[C@@H](N)C(C)C)C(=O)N[C@@H](CO)C(=O)N[C@@H](CCSC)C(=O)N[C@@H](C)C(=O)N[C@@H](CC(C)C)C(=O)NCC(=O)N[C@@H](CCCC[NH3+])C(=O)N[C@@H](CC(C)C)C(=O)N[C@@H](CC(C)C)C(N)=O,0,-3.8418646,0
C[C@H](NC(=O)CNC(=O)[C@H](CS)NC(=O)[C@H](C)NC(=O)[C@@H]1CCCN1C(=O)[C@H](CC(N)=O)NC(=O)[C@H](CS)NC(=O)[C@H](CS)NC(=O)[C@@H](N)CCC(=O)O)C(=O)NC(CC1CNCN1)C(O)N[C@@H](Cc1ccc(O)cc1)C(=O)N[C@@H](CO)C(=O)N[C@@H](CS)C(N)=O,0,-8.239414,0
CC[C@H](C)[C@H](NC(=O)[C@H](Cc1c[nH]c2ccccc12)NC(=O)[C@H](CS)NC(=O)[C@H](CS)NC(=O)[C@@H](N)CC(C)C)C(=O)NC(CC1CNCN1)C(O)N[C@@H](Cc1c[nH]c2ccccc12)C(=O)N[C@@H](CS)C(=O)NC(CC1CNCN1)C(O)N[C@@H](C)C(=O)N[C@@H](CCCNC(N)=[NH2+])C(=O)N[C@@H](CS)C(=O)N[C@H](C(=O)N[C@@H](CS)C(=O)N[C@@H](CS)C(N)=O)[C@@H](C)O,0,-8.176225,0
CC(C)C[C@@H]1NC(O)C(CCC[NH3+])NC(=O)[C@H](C(C)C)NC(=O)[C@@H]2CCCN2C(O)C(CC2CCCC3CCCCC32)NC(=O)[C@H](CC(C)C)NC(O)C(CCC[NH3+])NC(=O)[C@H](C(C)C)NC(=O)[C@@H]2CCCN2C(O)C(CC2CCCC3CCCCC32)NC1=O,0,-3.5468826,0
NC(=O)[C@H](Cc1c[nH]c2ccccc12)NC(O)C(CC1CNCN1)NC(=O)[C@H](CS)NC(=O)[C@H](CS)NC(=O)[C@H](CCC(=O)O)NC(=O)[C@H](Cc1ccccc1)NC=O,0,-5.460808,0
CC(C)C[C@H](NC(=O)[C@H](C)NC(=O)[C@H](CCCC[NH3+])NC(=O)[C@H](CCCC[NH3+])NC(=O)[C@H](C)NC(=O)CNC(=O)[C@H](CCCC[NH3+])NC(=O)[C@H](CC(C)C)NC(=O)[C@H](CC(C)C)NC(=O)[C@H](CC(=O)O)NC(=O)[C@H](CCCC[NH3+])NC(=O)[C@H](Cc1ccccc1)NC(=O)CN)C(=O)N[C@H](C(=O)N[C@@H](CCCC[NH3+])C(=O)N[C@H](C(=O)N[C@H](C(=O)N[C@@H](CC(C)C)C(=O)N[C@@H](Cc1ccccc1)C(N)=O)C(C)C)[C@@H](C)O)C(C)C,0,-6.049491,0
CC[C@H](C)[C@H](NC(=O)[C@H](CC(C)C)NC(O)C(CC1CNCN1)NC(=O)CNC(=O)[C@H](CC(C)C)NC(=O)[C@@H](NC(=O)[C@H](CCCC[NH3+])NC(=O)[C@H](CO)NC(=O)[C@H](Cc1c[nH]c2ccccc12)NC(=O)[C@H](CCSC)NC(=O)CN)[C@@H](C)CC)C(=O)N[C@@H](CCCC[NH3+])C(N)=O,0,-5.421485,0
CC[C@H](C)[C@H](NC(=O)[C@H](CCCNC(N)=[NH2+])NC(=O)[C@H](CS)NC(=O)[C@H](Cc1c[nH]c2ccccc12)NC(=O)[C@H](Cc1c[nH]c2ccccc12)NC(=O)[C@H](CCCNC(N)=[NH2+])NC(=O)[C@H](CCCNC(N)=[NH2+])NC(C)=O)C(N)=O,0,-3.5521858,0
CSCC[C@@H]1NC(=O)[C@H](CCCNC(N)=[NH2+])NC(=O)[C@H](Cc2c[nH]c3ccccc23)NC(=O)[C@H](C)NC(=O)[C@H](C)NC(=O)[C@H](CCCNC(N)=[NH2+])NC(=O)[C@H](Cc2ccccc2)NC(=O)[C@H](C)NC(=O)[C@H](CCCC[NH3+])NC(=O)[C@H](CCCNC(N)=[NH2+])NC(=O)[C@H](Cc2c[nH]c3ccccc23)NC(=O)[C@H](C)NC(=O)[C@H]2CCCN2C(=O)[C@@H](C)NC(=O)[C@H](C)NC(=O)[C@H](CCCC[NH3+])NC(=O)[C@H](CCCC[NH3+])NC(=O)[C@H](CC(C)C)NC1=O,0,-3.313006,0
CC[C@H](C)[C@H]([NH3+])C(=O)N[C@H](C(=O)NCC(=O)N1CCC[C@H]1C(=O)N[C@H](C(=O)N[C@@H](CC(C)C)C(=O)NCC(=O)N[C@@H](CC(C)C)C(=O)N[C@H](C(=O)NCC(=O)N[C@@H](CO)C(=O)N[C@@H](C)C(=O)N[C@@H](CC(C)C)C(=O)NCC(=O)NCC(=O)N[C@@H](CC(C)C)C(=O)N[C@@H](CC(C)C)C(=O)N[C@@H](CCCC[NH3+])C(=O)N[C@@H](CCCC[NH3+])C(=O)N[C@H](C(=O)O)[C@@H](C)CC)C(C)C)C(C)C)[C@@H](C)CC,0,-0.8782832,0
CC[C@H](C)[C@H](NC(=O)[C@H](CCCC[NH3+])NC(=O)[C@H](Cc1ccc(O)cc1)NC(=O)CNC(O)C(CC1CNCN1)NC(O)C(CC1CNCN1)NC(=O)[C@H](CCCNC(N)=[NH2+])NC(=O)[C@H](CCCC[NH3+])NC(=O)[C@H](C)NC(O)C(CC1CNCN1)NC(=O)[C@H](CO)NC(=O)[C@@H](N)CC(=O)O)C(=O)N[C@@H](CCCC[NH3+])C(=O)N[C@@H](Cc1ccccc1)C(=O)NC(CC1CNCN1)C(O)N[C@@H](CCC(=O)O)C(=O)N[C@@H](CC(N)=O)C(=O)NC(CC1CNCN1)C(O)NC(CC1CNCN1)C(O)N[C@@H](CO)C(=O)NC(CC1CNCN1)C(O)N[C@@H](CCCNC(N)=[NH2+])C(=O)NCC(=O)N[C@@H](Cc1ccc(O)cc1)C(N)=O,0,-2.3753793,0
CC[C@@H](C)[C@H]1NC(=O)[C@H]2CCCN2C(=O)[C@H](Cc2c[nH]c3ccccc23)NC(=O)[C@H](CO)NC(=O)[C@@H](CS)NC(=O)[C@H]([C@@H](C)O)NC(=O)[C@@H](CS)NC(=O)CNC(=O)[C@H](CCC(N)=O)NC(=O)[C@H]([C@@H](C)O)NC(=O)[C@H](Cc2ccc(O)cc2)NC(=O)[C@H](CS)NC(=O)[C@H]([C@@H](C)O)NC(=O)CNC(=O)[C@H](CC(C)C)NC(=O)[C@H]([C@@H](C)O)NC(=O)[C@H](CS)NC(=O)[C@H]([C@@H](C)O)NC(=O)[C@H](CCC(=O)O)NC(=O)CNC(=O)[C@H](CS)NC(=O)[C@H](C(C)C)NC(=O)[C@@H]2CCCN2C(=O)[C@H](CC(C)C)NC(=O)CNC(=O)[C@H](CC(N)=O)NC(=O)[C@H](CCCNC(N)=[NH2+])NC(=O)[C@H](CCCC[NH3+])NC(=O)[C@H](CS)NC1=O,0,-11.025321,0
CC(C)C[C@H](NC(=O)[C@H](CCC(=O)O)NC(O)C1CC(O)CN1C(O)C(CC1CNCN1)NC(=O)[C@H](CC(N)=O)NC(=O)[C@@H](NC(=O)[C@H](CO)NC(=O)[C@H](CS)NC(=O)[C@H](C)NC(=O)[C@@H]1CCCN1C(O)C(CC1CNCN1)NC(=O)[C@H](CO)NC(=O)[C@H](CS)NC(=O)[C@H](CS)NC(=O)CN)C(C)C)C(=O)N[C@H](C=O)CS,0,-2.9799972,0
CC(C)C[C@H](NC(=O)[C@H](CCCC[NH3+])NC(=O)[C@H](CCCNC(N)=[NH2+])NC(=O)[C@H](Cc1ccccc1)NC(=O)[C@H](Cc1ccccc1)NC(=O)[C@H](CCCC[NH3+])NC(=O)[C@H](CCCC[NH3+])NC(=O)[C@H](Cc1ccccc1)NC(=O)[C@H](CCCNC(N)=[NH2+])NC(=O)[C@H](CCCC[NH3+])NC(=O)[C@@H](N)C(C)C)C(=O)N[C@@H](CCCC[NH3+])C(=O)N[C@@H](CCCC[NH3+])C(=O)N[C@@H](CCCC[NH3+])C(=O)N[C@H](C(N)=O)C(C)C,1,-0.03451569,1
NC(=[NH2+])NCCC[C@H](NC(=O)[C@H](CCCNC(N)=[NH2+])NC(=O)[C@H](CCCNC(N)=[NH2+])NC(=O)[C@H](CCC(N)=O)NC(=O)[C@H](CCCNC(N)=[NH2+])NC(=O)[C@H](CCCNC(N)=[NH2+])NC(=O)[C@H](CCCC[NH3+])NC(=O)[C@H](CCCC[NH3+])NC(=O)[C@@H](N)CCCNC(N)=[NH2+])C(=O)NCC(=O)NCC(=O)NCC(N)=O,1,9.204076,1
CNCCC[C@H](NC(=O)[C@H](CCCNC)NC(=O)[C@H](CCCNC)NC(=O)[C@H](CCCNC)NC(=O)[C@H](CCCNC)NC(=O)[C@H](CCCNC)NC(=O)[C@H](CCCNC)NC(O)C(C)CN)C(N)=O,1,-3.8100576,1
CC(C)C[C@H](NC(=O)[C@H](CC(C)C)NC(=O)[C@H](C)NC(=O)[C@H](C)NC(=O)[C@H](C)NC(=O)[C@H](CC(C)C)NC(=O)[C@H](CCCC[NH3+])NC(=O)[C@H](CCCC[NH3+])NC(=O)[C@H](Cc1c[nH]c2ccccc12)NC(=O)[C@H](CCCC[NH3+])NC(=O)[C@H](CCCC[NH3+])NC(=O)[C@H](CC(C)C)NC(=O)[C@H](CC(C)C)NC(=O)[C@H](C)NC(=O)[C@H](C)NC(=O)[C@H](C)NC(=O)[C@H](CC(C)C)NC(=O)[C@@H](N)CCCC[NH3+])C(N)=O,1,-1.1849008,1
CC[C@H](C)[C@H](NC(=O)[C@H](CC(C)C)NC(=O)[C@@H](NC(=O)[C@H](CCCNC(N)=[NH2+])NC(=O)[C@H](Cc1ccccc1)NC(=O)[C@@H](NC(=O)[C@@H](NC(=O)[C@@H](N)CC(C)C)[C@@H](C)CC)[C@@H](C)CC)[C@@H](C)CC)C(=O)N[C@@H](CO)C(=O)NC(CC1CNCN1)C(O)NC(CC1CNCN1)C(O)NC(CO)CC1CNCN1,1,3.8124657,1
CC[C@H](C)[C@H](NC(=O)[C@H](CCCNC(N)=[NH2+])NC(=O)[C@H](CCCNC(N)=[NH2+])NC(=O)[C@H](CCCNC(N)=[NH2+])NC(=O)[C@H](CC(C)C)NC(=O)[C@@H](NC(=O)[C@@H](NC(=O)[C@H](CC(C)C)NC(=O)[C@H](C)N)[C@@H](C)CC)[C@@H](C)CC)C(=O)N[C@@H](CCCNC(N)=[NH2+])C(=O)N[C@@H](CCCC[NH3+])C(=O)N[C@@H](CCC(N)=O)C(=O)N[C@@H](C)C(=O)NC(CC1CNCN1)C(O)N[C@@H](C)C(=O)NC(CC1CNCN1)C(O)N[C@@H](CO)C(=O)N[C@H](C=O)CCCC[NH3+],1,11.519475,1
CC[C@H](C)[C@H](NC(=O)[C@H](CCCC[NH3+])NC(=O)[C@H](CCCC[NH3+])NC(=O)[C@H](C)NC(=O)[C@H](CC(C)C)NC(=O)[C@H](C)NC(=O)[C@H](C)NC(=O)[C@H](CC(C)C)NC(=O)[C@H](C)NC(=O)[C@H](CCCC[NH3+])NC(=O)[C@H](CC(C)C)NC(=O)[C@H](CC(N)=O)NC(=O)[C@@H](NC(=O)[C@H](CCCC[NH3+])NC(=O)CNC(=O)[C@H](CC(C)C)NC(=O)[C@H](CC(C)C)NC(=O)[C@H](Cc1ccc(O)cc1)NC(=O)CNC(=O)[C@H](C)N)[C@@H](C)CC)C(=O)N[C@H](C=O)CC(C)C,1,6.941199,1
C[C@H](N)C(=O)N[C@@H](CS)C(=O)N[C@@H](CCCNC(N)=[NH2+])C(=O)NCC(=O)N[C@@H](CCCNC(N)=[NH2+])C(=O)NCC(=O)N[C@@H](CCCNC(N)=[NH2+])C(=O)NCC(=O)N[C@@H](CS)C(=O)NCC(=O)N[C@@H](CO)C(=O)NCC(=O)N[C@@H](CO)C(=O)N[C@@H](CCCNC(N)=[NH2+])C(=O)N[C@@H](CO)C(=O)N[C@@H](CS)C(=O)NCC=O,1,4.7651277,1
CC[C@H](C)[C@H](NC(=O)[C@H](C)NC(=O)[C@@H](NC(=O)[C@H](CCC(N)=O)NC(=O)[C@@H](N)CCCNC(N)=[NH2+])[C@@H](C)CC)C(=O)N[C@@H](Cc1c[nH]c2ccccc12)C(=O)N[C@@H](Cc1ccccc1)C(=O)N[C@@H](CCC(N)=O)C(=O)N[C@@H](CC(N)=O)C(=O)N[C@@H](CCCNC(N)=[NH2+])C(=O)N[C@@H](CCCNC(N)=[NH2+])C(=O)N[C@@H](CCSC)C(=O)N[C@@H](CCCC[NH3+])C(=O)N[C@@H](Cc1c[nH]c2ccccc12)C(=O)N[C@@H](CCCC[NH3+])C(=O)N[C@H](C=O)CCCC[NH3+],1,11.557668,1
NCC(=O)N[C@@H](CCCNC(N)=[NH2+])C(=O)N[C@@H](CCCC[NH3+])C(=O)N[C@@H](CCCC[NH3+])C(=O)N[C@@H](CCCNC(N)=[NH2+])C(=O)N[C@@H](CCCNC(N)=[NH2+])C(=O)N[C@@H](CCC(N)=O)C(=O)N[C@@H](CCCNC(N)=[NH2+])C(=O)N[C@@H](CCCNC(N)=[NH2+])C(=O)N[C@@H](CCCNC(N)=[NH2+])C(=O)N1CCC[C@H]1C(=O)N1CCC[C@H]1C(=O)N[C@@H](CCC(N)=O)C(=O)N[C@H](C=O)Cc1ccc(O)cc1,1,12.652194,1
CC(=O)N[C@@H](CCCNC(N)=[NH2+])C(=O)N[C@@H](CCCNC(N)=[NH2+])C(=O)N[C@@H](CCCNC(N)=[NH2+])C(=O)N[C@@H](CCCNC(N)=[NH2+])C(=O)N[C@@H](CCCNC(N)=[NH2+])C(=O)N[C@@H](CCCNC(N)=[NH2+])C(=O)N[C@@H](CCCNC(N)=[NH2+])C(=O)N[C@@H](CCCNC(N)=[NH2+])C(N)=O,1,5.8635325,1
NC(=[NH2+])NCCC[C@@H](N)C(=O)N[C@H](CCCNC(N)=[NH2+])C(=O)N[C@H](CCCNC(N)=[NH2+])C(=O)N[C@H](CCCNC(N)=[NH2+])C(=O)N[C@H](CCCNC(N)=[NH2+])C(=O)N[C@@H](C=O)CCCNC(N)=[NH2+],1,17.979101,1
NC(=[NH2+])NCCC[C@@H](C=O)NC(=O)[C@H](CCCNC(N)=[NH2+])NC(=O)[C@H](CCCNC(N)=[NH2+])NC(=O)[C@H](CCCNC(N)=[NH2+])NC(=O)[C@H](CCCNC(N)=[NH2+])NC(=O)[C@@H](N)CCCNC(N)=[NH2+],1,16.232912,1
CC[C@H](C)[C@H](NC(=O)[C@@H](NC(=O)[C@@H](N)Cc1c[nH]c2ccccc12)[C@@H](C)CC)C(=O)N[C@@H](Cc1ccccc1)C(=O)N[C@@H](CCCNC(N)=[NH2+])C(=O)N[C@@H](C)C(=O)N[C@@H](C)C(=O)N[C@@H](C)C(=O)N[C@@H](CO)C(=O)NC(CC1CNCN1)C(O)N[C@@H](CCCC[NH3+])C(=O)N[C@H](C=O)CCCC[NH3+],1,8.676409,1
CC(C)C[C@H](NC(=O)[C@H](CCCNC(N)=[NH2+])NC(=O)[C@H](CCC(=O)O)NC(=O)[C@H](CC(=O)O)NC(=O)[C@H](C)NC(=O)[C@@H]1CCCN1C(=O)[C@H](CS)NC(=O)[C@H](CC(N)=O)NC(=O)[C@H](CCCNC(N)=[NH2+])NC(=O)[C@H](Cc1ccccc1)NC(=O)[C@H](CCCNC(N)=[NH2+])NC(=O)[C@H](CC(=O)O)NC(=O)[C@H](CCCNC(N)=[NH2+])NC(=O)[C@H](CS)NC(=O)[C@H](C)N)C(=O)N[C@@H](CS)C(=O)NCC=O,1,1.6508586,1
CC(C)C[C@H](NC(=O)[C@H](C)NC(=O)[C@H](CCCC[NH3+])NC(=O)[C@H](CC(C)C)NC(=O)[C@H](C)NC(=O)[C@H](CC(C)C)NC(=O)[C@H](CCCC[NH3+])NC(=O)[C@H](CC(C)C)NC(=O)[C@H](C)NC(=O)[C@H](CC(C)C)NC(=O)[C@@H](N)CCCC[NH3+])C(=O)N[C@@H](CCCC[NH3+])C(=O)N[C@@H](C)C(=O)N[C@@H](C)C(=O)N[C@@H](CC(C)C)C(=O)N[C@@H](CCCC[NH3+])C(=O)N[C@@H](CC(C)C)C(=O)N[C@@H](C)C(=O)NCC(=O)N[C@H](C=O)CS,1,6.8439527,1
NC(=[NH2+])NCCC[C@H](NC(=O)[C@H](CCCNC(N)=[NH2+])NC(=O)[C@H](CCCNC(N)=[NH2+])NC(=O)[C@H](CCCNC(N)=[NH2+])NC(=O)[C@H](CCCNC(N)=[NH2+])NC(=O)[C@H](CCCNC(N)=[NH2+])NC(=O)[C@H](CCCNC(N)=[NH2+])NC(=O)[C@@H](N)CCCNC(N)=[NH2+])C(=O)NCC(=O)N[C@@H](CS)C(N)=O,1,6.2850566,1
CC[C@H](C)[C@H](NC(=O)[C@H](CCCC[NH3+])NC(=O)[C@H](CCCC[NH3+])NC(=O)[C@H](C)NC(=O)[C@H](CC(C)C)NC(=O)[C@H](C)NC(=O)[C@H](C)NC(=O)[C@H](CC(C)C)NC(=O)[C@H](C)NC(=O)[C@H](CCCC[NH3+])NC(=O)[C@H](CC(C)C)NC(=O)[C@H](CC(N)=O)NC(=O)[C@@H](NC(=O)[C@H](CCCC[NH3+])NC(=O)CNC(=O)[C@H](CC(C)C)NC(=O)[C@H](CC(C)C)NC(=O)[C@H](Cc1ccc(O)cc1)NC(=O)CNC(=O)[C@H](C)NC(=O)[C@H](CO)NC(=O)[C@H](CC(N)=O)NC(=O)[C@@H](N)CC(C)C)[C@@H](C)CC)C(=O)N[C@H](C=O)CC(C)C,1,4.311214,1
CC(=O)N[C@@H](CS)C(=O)N[C@@H](Cc1c[nH]c2ccccc12)C(=O)N[C@@H](CCCC[NH3+])C(=O)N[C@@H](CCCC[NH3+])C(=O)N[C@@H](CCCC[NH3+])C(=O)N[C@@H](CCCC[NH3+])C(=O)N[C@@H](CCCC[NH3+])C(=O)N[C@@H](CCCC[NH3+])C(=O)N[C@@H](CCCC[NH3+])C(=O)N[C@@H](CCCC[NH3+])C(=O)N[C@@H](CCCC[NH3+])C(=O)N[C@@H](CCCC[NH3+])C(=O)N[C@@H](CCCC[NH3+])C(=O)N[C@@H](CCCC[NH3+])C(=O)N[C@@H](CCCC[NH3+])C(=O)N[C@@H](CCCC[NH3+])C(=O)N[C@@H](CCCC[NH3+])C(=O)N[C@@H](CCCC[NH3+])C(=O)N[C@@H](CCCC[NH3+])C(=O)N[C@H](C=O)CCCC[NH3+],1,15.683776,1
CC[C@H](C)[C@H](NC(=O)[C@H](CCCC[NH3+])NC(=O)[C@@H](NC(=O)[C@H](CCC(N)=O)NC(=O)[C@@H]([NH3+])CCCNC(N)=[NH2+])[C@@H](C)CC)C(=O)N[C@@H](Cc1c[nH]c2ccccc12)C(=O)N[C@@H](Cc1ccccc1)C(=O)N[C@@H](CCC(N)=O)C(=O)N[C@@H](CC(N)=O)C(=O)N[C@@H](CCCNC(N)=[NH2+])C(=O)N[C@@H](CCCNC(N)=[NH2+])C(=O)N[C@@H](CCSC)C(=O)N[C@@H](CCCC[NH3+])C(=O)N[C@@H](Cc1c[nH]c2ccccc12)C(=O)N[C@@H](CCCC[NH3+])C(=O)N[C@@H](CCCC[NH3+])C(=O)O,1,9.322648,1
C[C@H](N)C(=O)N[C@@H](CS)C(=O)N[C@@H](CCCNC(N)=[NH2+])C(=O)N[C@@H](CCCNC(N)=[NH2+])C(=O)N[C@@H](CO)C(=O)N[C@@H](CCCNC(N)=[NH2+])C(=O)N[C@@H](CCCNC(N)=[NH2+])C(=O)NCC(=O)N[C@@H](CS)C(=O)NCC(=O)N[C@@H](CCCNC(N)=[NH2+])C(=O)N[C@@H](CCCNC(N)=[NH2+])C(=O)N[C@@H](CO)C(=O)N[C@@H](CCCNC(N)=[NH2+])C(=O)N[C@@H](CCCNC(N)=[NH2+])C(=O)N[C@@H](CS)C(=O)NCC=O,1,9.395719,1
CC(=O)N[C@@H](CCCNC(N)=[NH2+])C(=O)N[C@@H](CC(C)C)C(=O)N[C@@H](CC(C)C)C(=O)N[C@@H](CCCNC(N)=[NH2+])C(=O)N[C@@H](CC(C)C)C(=O)N[C@@H](CC(C)C)C(=O)N[C@@H](CC(C)C)C(=O)N[C@@H](CCCNC(N)=[NH2+])C(=O)N[C@@H](CC(C)C)C(=O)N[C@@H](Cc1c[nH]c2ccccc12)C(=O)N[C@@H](CCCNC(N)=[NH2+])C(=O)N[C@@H](CCCNC(N)=[NH2+])C(=O)N[C@@H](CC(C)C)C(=O)N[C@@H](CC(C)C)C(=O)N[C@@H](CCCNC(N)=[NH2+])C(=O)N[C@@H](CC(C)C)C(=O)N[C@@H](CC(C)C)C(=O)N[C@@H](CCCNC(N)=[NH2+])C(N)=O,1,3.057655,1
C[C@H](NC(=O)[C@H](CCCC[NH3+])NC(=O)[C@H](CO)NC(=O)[C@H](CCCNC(N)=[NH2+])NC(=O)[C@H](C)NC(O)C(CC1CNCN1)NC(O)C(CC1CNCN1)NC(=O)[C@H](CCCNC(N)=[NH2+])NC(=O)[C@H](CCCNC(N)=[NH2+])NC(=O)[C@@H](N)CO)C(=O)N[C@@H](CCCC[NH3+])C(=O)N[C@@H](CCCNC(N)=[NH2+])C(=O)N[C@@H](CO)C(=O)N[C@@H](CCCNC(N)=[NH2+])C(=O)NC(CC1CNCN1)C(O)NC(CO)CC1CNCN1,1,6.389502,1
NC(=[NH2+])NCCC[C@@H](C=O)NC(=O)[C@H](CCCNC(N)=[NH2+])NC(=O)[C@H](CCCNC(N)=[NH2+])NC(=O)[C@H](CCCNC(N)=[NH2+])NC(=O)[C@H](CCCNC(N)=[NH2+])NC(=O)[C@H](CCCNC(N)=[NH2+])NC(=O)[C@H](CCCNC(N)=[NH2+])NC(=O)[C@H](CCCNC(N)=[NH2+])NC(=O)[C@H](CCCNC(N)=[NH2+])NC(=O)[C@H](CCCNC(N)=[NH2+])NC(=O)[C@@H](N)CCCNC(N)=[NH2+],1,21.454597,1
C[C@H](NC(=O)[C@H](CCC(N)=O)NC(=O)[C@@H](N)CCCNC(N)=[NH2+])C(=O)N[C@@H](CCCNC(N)=[NH2+])C(=O)N[C@@H](CCCNC(N)=[NH2+])C(=O)N[C@@H](CC(N)=O)C(=O)N[C@@H](CCCNC(N)=[NH2+])C(=O)N[C@@H](CCCNC(N)=[NH2+])C(=O)N[C@@H](CCCNC(N)=[NH2+])C(=O)N[C@H](C=O)CS,1,14.638049,1
CC[C@H](C)[C@H](NC(=O)[C@H](CCCC[NH3+])NC(=O)[C@@H](NC(=O)[C@H](CCC(N)=O)NC(=O)[C@@H]([NH3+])CCCNC(N)=[NH2+])[C@@H](C)CC)C(=O)N[C@@H](Cc1c[nH]c2ccccc12)C(=O)N[C@@H](Cc1ccccc1)C(=O)N[C@@H](CCC(N)=O)C(=O)N[C@@H](CC(N)=O)C(=O)N[C@@H](CCCNC(N)=[NH2+])C(=O)N[C@@H](CCCNC(N)=[NH2+])C(=O)N[C@@H](CCSC)C(=O)N[C@@H](CCCC[NH3+])C(=O)N[C@@H](Cc1c[nH]c2ccccc12)C(=O)N[C@@H](CCCC[NH3+])C(=O)N[C@@H](CCCC[NH3+])C(=O)O,1,9.322648,1
NC(=[NH2+])NCCC[C@@H](NC(=O)[C@H](N)CS)C(=O)N[C@H](Cc1c[nH]c2ccccc12)C(=O)N[C@H](CCCNC(N)=[NH2+])C(=O)N[C@H](Cc1c[nH]c2ccccc12)C(=O)N[C@H](CCCC[NH3+])C(=O)N[C@H](CS)C(=O)N[C@H](CS)C(=O)N[C@H](CCCC[NH3+])C(=O)N[C@@H](C=O)CCCC[NH3+],1,10.577766,1
NC(=[NH2+])NCCC[C@H](NC(=O)[C@H](Cc1c[nH]c2ccccc12)NC(=O)[C@@H](CCCNC(N)=[NH2+])NC(=O)[C@@H](N)CS)C(=O)N[C@@H](Cc1c[nH]c2ccccc12)C(=O)N[C@@H](CCCC[NH3+])C(=O)N[C@@H](CS)C(=O)N[C@@H](CS)C(=O)N[C@@H](CCCC[NH3+])C(=O)N[C@H](C=O)CCCC[NH3+],1,7.944844,1
CC[C@H](C)[C@H](NC(=O)[C@H](CC(C)C)NC(=O)[C@@H](N)CCCC[NH3+])C(=O)N[C@@H](CCCC[NH3+])C(=O)NCC(=O)N[C@@H](CCCNC(N)=[NH2+])C(=O)N[C@H](C(=O)N1CCC[C@H]1C(=O)N[C@H](C(=O)N[C@@H](CCCC[NH3+])C(=O)N[C@@H](Cc1ccccc1)C(=O)NCC(=O)N[C@@H](CCCC[NH3+])C(=O)N[C@@H](C)C(=O)N[C@@H](CC(=O)O)C(=O)N[C@@H](CS)C(=O)N[C@@H](CC(=O)O)C(=O)N[C@@H](CCCNC(N)=[NH2+])C(=O)N1CCC[C@H]1C(=O)N1CCC[C@H]1C(=O)N[C@@H](CCCC[NH3+])C(=O)NC(CC1CNCN1)C(O)N[C@@H](CO)C(=O)NCC(=O)N[C@H](C=O)CCCC[NH3+])[C@@H](C)CC)[C@@H](C)O,1,7.309532,1
CC[C@H](C)[C@H](NC(=O)[C@H](CCCC[NH3+])NC(=O)[C@@H](NC(=O)[C@H](CCC(N)=O)NC(=O)[C@@H]([NH3+])CCCNC(N)=[NH2+])[C@@H](C)CC)C(=O)N[C@@H](Cc1c[nH]c2ccccc12)C(=O)N[C@@H](Cc1ccccc1)C(=O)N[C@@H](CCC(N)=O)C(=O)N[C@@H](CC(N)=O)C(=O)N[C@@H](CCCNC(N)=[NH2+])C(=O)N[C@@H](CCCNC(N)=[NH2+])C(=O)N[C@@H](CCSC)C(=O)N[C@@H](CCCC[NH3+])C(=O)N[C@@H](Cc1c[nH]c2ccccc12)C(=O)N[C@@H](CCCC[NH3+])C(=O)N[C@@H](CCCC[NH3+])C(=O)O,1,9.322648,1
C[C@H](NC(=O)[C@H](CCCNC(N)=[NH2+])NC(=O)[C@H](CCCNC(N)=[NH2+])NC(=O)[C@H](CCC(=O)O)NC(=O)[C@H](CCCNC(N)=[NH2+])NC(=O)[C@H](CCCNC(N)=[NH2+])NC(=O)[C@@H](N)CCCNC(N)=[NH2+])C(=O)N[C@@H](CCC(=O)O)C(=O)N[C@H](C=O)CCCC[NH3+],1,15.676787,1
NCC(=O)N[C@@H](CCCNC(N)=[NH2+])C(=O)N[C@@H](CCCC[NH3+])C(=O)N[C@@H](CCCC[NH3+])C(=O)N[C@@H](CCCNC(N)=[NH2+])C(=O)N[C@@H](CCCNC(N)=[NH2+])C(=O)N[C@@H](CCC(N)=O)C(=O)N[C@@H](CCCNC(N)=[NH2+])C(=O)N[C@@H](CCCNC(N)=[NH2+])C(=O)N[C@@H](CCCNC(N)=[NH2+])C(=O)N1CCC[C@H]1C(=O)N1CCC[C@H]1C(=O)N[C@H](C=O)CCC(N)=O,1,14.293544,1
NC(=[NH2+])NCCC[C@@H](C=O)NC(=O)[C@H](CCCNC(N)=[NH2+])NC(=O)[C@H](CCCNC(N)=[NH2+])NC(=O)[C@H](CCCNC(N)=[NH2+])NC(=O)[C@H](CCCNC(N)=[NH2+])NC(=O)[C@H](CCCNC(N)=[NH2+])NC(=O)[C@H](CCCNC(N)=[NH2+])NC(=O)[C@H](CCCNC(N)=[NH2+])NC(=O)[C@H](Cc1c[nH]c2ccccc12)NC(=O)[C@H](Cc1c[nH]c2ccccc12)NC(=O)[C@H](Cc1c[nH]c2ccccc12)NC(=O)[C@@H](N)Cc1c[nH]c2ccccc12,1,11.9042015,1
CC[C@H](C)[C@H](NC(=O)[C@H](CCCNC(N)=[NH2+])NC(=O)[C@@H](NC(=O)[C@H](CCC(N)=O)NC(=O)[C@@H](N)CCCNC(N)=[NH2+])[C@@H](C)CC)C(=O)N[C@@H](Cc1c[nH]c2ccccc12)C(=O)N[C@@H](Cc1ccccc1)C(=O)N[C@@H](CCC(N)=O)C(=O)N[C@@H](CC(N)=O)C(=O)N[C@@H](CCCNC(N)=[NH2+])C(=O)N[C@@H](CCCNC(N)=[NH2+])C(=O)N[C@@H](CCSC)C(=O)N[C@@H](CCCNC(N)=[NH2+])C(=O)N[C@@H](Cc1c[nH]c2ccccc12)C(=O)N[C@@H](CCCNC(N)=[NH2+])C(=O)N[C@H](C=O)CCCNC(N)=[NH2+],1,12.608359,1
CC(C)C[C@H](NC(=O)[C@H](CO)NC(=O)[C@H](CO)NC(=O)[C@H](Cc1c[nH]c2ccccc12)NC(=O)[C@H](CC(C)C)NC(=O)[C@H](CO)NC(=O)[C@@H]1CCCN1C(=O)[C@H](Cc1c[nH]c2ccccc12)NC(=O)[C@H](C)NC(=O)[C@H](CO)NC(=O)[C@H](Cc1c[nH]c2ccccc12)NC(=O)[C@H](CC(C)C)NC(=O)[C@@H](N)CCCC[NH3+])C(=O)N[C@@H](Cc1c[nH]c2ccccc12)C(=O)N[C@@H](CCCC[NH3+])C(=O)N1CCC[C@H]1C(N)=O,1,-5.96086,1
CC[C@H](C)[C@@H]1NC(=O)[C@@H]2CCCN2C(=O)[C@@H]2CCCN2C(=O)[C@H]([C@@H](C)CC)NC(=O)[C@H](CO)NC(=O)[C@H](CCCC[NH3+])NC(=O)[C@H]([C@@H](C)O)NC(=O)[C@@H]2CSSC[C@H](NC1=O)C(=O)N[C@@H](Cc1ccccc1)C(=O)N1CCC[C@H]1C(=O)N[C@@H](CC(=O)O)C(=O)NCC(=O)N[C@@H](CCCNC(N)=[NH2+])C(=O)N2,1,-1.3791972,1
CC(C)C[C@H](NC(=O)[C@@H](NC(=O)[C@H](CCCCN)NC(=O)[C@H](Cc1ccc(O)cc1)NC(=O)[C@@H](NC(=O)[C@H](Cc1ccc(O)cc1)NC(=O)[C@@H](NC(=O)[C@H](CO)NC(=O)[C@H](Cc1ccc(O)cc1)NC(=O)[C@H](CO)NC(=O)[C@H](CCC(=O)O)NC(=O)[C@H](CCCCN)NC(=O)[C@H](CCCNC(=N)N)NC(=O)[C@H](CO)NC(=O)[C@H](CCCNC(=N)N)NC1=[O+]C(CN)CC[C@@H]1NC(=O)[C@H](CCCNC(=N)N)NC(=O)[C@H](CCCCN)NC(=O)[C@H](CCCCN)NC(=O)CNC(=O)[C@H](CC(=O)O)NC(=O)[C@H](CCCCN)NC(=O)[C@H](CCCCN)NC(=O)[C@H](CCC(N)=O)NC(=O)[C@H](C)NC(=O)[C@H](CCCCN)NC(=O)[C@@H](NC(=O)[C@@H](NC(=O)[C@H](C)NC(=O)[C@H](CCCCN)NC(=O)[C@H](CCCCN)NC(=O)[C@H](CO)NC(=O)CNC(=O)[C@@H](N)CCCCN)C(C)C)[C@@H](C)O)C(C)C)C(C)C)C(C)C)C(=O)N[C@@H](CCCCN)C(=O)N[C@H](C=O)CCC(N)=O,1,2.6364856,1
C[C@@H](O)[C@@H](C=O)NC(=O)[C@H](CCCNC(N)=[NH2+])NC(=O)[C@H](CCCC[NH3+])NC(=O)[C@H](CCCC[NH3+])NC(=O)[C@H](CCCNC(N)=[NH2+])NC(=O)[C@H](CCCC[NH3+])NC(=O)[C@H](CCCNC(N)=[NH2+])NC(=O)CN,1,7.833273,1
C[C@H](NC(=O)[C@H](CCCNC(N)=[NH2+])NC(=O)[C@H](CCCNC(N)=[NH2+])NC(=O)[C@H](CCCNC(N)=[NH2+])NC(=O)[C@H](CCCNC(N)=[NH2+])NC(=O)CN)C(=O)N[C@H](C(=O)N[C@@H](C)C(=O)N[C@@H](CCCC[NH3+])C(=O)N[C@@H](Cc1ccc(O)cc1)C(=O)N[C@@H](CCCNC(N)=[NH2+])C(=O)N[C@H](C(=O)N[C@@H](C)C(=O)NC(CO)CC1CNCN1)[C@@H](C)O)[C@@H](C)O,1,3.0061064,1
CC[C@H](C)[C@H](NC(=O)[C@H](CCCC[NH3+])NC(=O)[C@H](C)NC(=O)[C@H](CCC(N)=O)NC(=O)[C@@H](N)CCCNC(N)=[NH2+])C(=O)N[C@@H](Cc1c[nH]c2ccccc12)C(=O)N[C@@H](Cc1ccccc1)C(=O)N[C@@H](CCC(N)=O)C(=O)N[C@@H](CC(N)=O)C(=O)N[C@@H](CCCNC(N)=[NH2+])C(=O)N[C@@H](CCCNC(N)=[NH2+])C(=O)N[C@@H](CCSC)C(=O)N[C@@H](CCCC[NH3+])C(=O)N[C@@H](Cc1c[nH]c2ccccc12)C(=O)N[C@@H](CCCC[NH3+])C(=O)N[C@H](C=O)CCCC[NH3+],1,12.283566,1
CC[C@H](C)[C@H](NC(=O)[C@H](CCCC[NH3+])NC(=O)[C@@H](NC(=O)[C@H](CCC(N)=O)NC(=O)[C@@H](N)CCCNC(N)=[NH2+])[C@@H](C)CC)C(=O)N[C@@H](Cc1c[nH]c2ccccc12)C(=O)N[C@@H](Cc1ccccc1)C(=O)N[C@@H](CCC(N)=O)C(=O)N[C@@H](CC(N)=O)C(=O)N[C@@H](CCCNC(N)=[NH2+])C(=O)N[C@@H](CCCNC(N)=[NH2+])C(=O)N[C@H](C=O)CCSC,1,9.908999,1
CC[C@H](C)[C@H](NC(=O)[C@@H](NC(=O)[C@@H]1CCCN1C(=O)[C@H](CCCC[NH3+])NC(=O)[C@H](CCCC[NH3+])NC(=O)[C@@H](NC(=O)[C@@H]1CCCN1C(=O)[C@H](CCCC[NH3+])NC(=O)[C@@H](NC(=O)[C@@H](NC(=O)[C@@H](NC(=O)[C@H](CCCC[NH3+])NC(=O)[C@H](CCCC[NH3+])NC(=O)CNC(=O)[C@@H]1CCCN1C(=O)[C@H](CCCC[NH3+])NC(=O)[C@H](CCCC[NH3+])NC(=O)[C@H](CC(N)=O)NC(=O)[C@@H]1CCCN1C(=O)[C@@H](NC(=O)[C@H](CCCNC(N)=[NH2+])NC(=O)[C@@H](N)CCCC[NH3+])[C@@H](C)CC)[C@@H](C)O)[C@@H](C)O)[C@@H](C)O)[C@@H](C)O)[C@@H](C)O)C(=O)N[C@@H](CCCC[NH3+])C(=O)N[C@H](C(=O)N[C@H](C(=O)N[C@@H](CCCC[NH3+])C(=O)N[C@H](C=O)CCCC[NH3+])[C@@H](C)O)[C@@H](C)O,1,9.584218,1
NC(=[NH2+])NCCC[C@@H](N)C(=O)N[C@H](CCCNC(N)=[NH2+])C(=O)N[C@H](CCCNC(N)=[NH2+])C(=O)N[C@H](CCCNC(N)=[NH2+])C(=O)N[C@H](CCCNC(N)=[NH2+])C(=O)N[C@H](CCCNC(N)=[NH2+])C(=O)N[C@H](CCCNC(N)=[NH2+])C(=O)N[C@H](CCCNC(N)=[NH2+])C(=O)N[C@H](CCCNC(N)=[NH2+])C(=O)N[C@H](CCCNC(N)=[NH2+])C(=O)N[C@H](CCCNC(N)=[NH2+])C(=O)N[C@H](CCCNC(N)=[NH2+])C(N)=O,1,11.064005,1
C[C@@H](O)[C@H](NC(=O)[C@H](CCCNC(N)=[NH2+])NC(=O)[C@H](CCCC[NH3+])NC(=O)[C@H](CC(N)=O)NC(=O)CNC(=O)[C@@H](N)CS)C(=O)N[C@@H](CCCNC(N)=[NH2+])C(=O)NCC(=O)N[C@H](C=O)CS,1,1.0071399,1
CC(C)C[C@H](NC(=O)CN)C(=O)N[C@@H](CCCC[NH3+])C(=O)N[C@@H](CCCC[NH3+])C(=O)N[C@@H](CC(C)C)C(=O)N[C@@H](C)C(=O)N[C@@H](CCC(=O)O)C(=O)N[C@@H](CC(C)C)C(=O)N[C@@H](C)C(=O)NC(CC1CNCN1)C(O)N[C@@H](CCCC[NH3+])C(=O)N[C@@H](CC(C)C)C(=O)N[C@@H](CC(C)C)C(=O)N[C@@H](CCCC[NH3+])C(=O)N[C@@H](CC(C)C)C(=O)NCC(=O)N[C@@H](CS)C(N)=O,1,-2.7268414,1
CC[C@H](C)[C@H](NC(=O)[C@H](CCCNC(N)=[NH2+])NC(=O)[C@@H](N)CCCC[NH3+])C(=O)N1CCC[C@H]1C(=O)N[C@@H](CC(N)=O)C(=O)N[C@@H](CCCC[NH3+])C(=O)N[C@@H](CCCC[NH3+])C(=O)N1CCC[C@H]1C(=O)N[C@@H](CCCC[NH3+])C(=O)N[C@H](C=O)CCCC[NH3+],1,9.863998,1
CCC[C@@H](C=O)NC(=O)[C@H](C)NC(=O)[C@H](C)NC(=O)[C@H](Cc1c[nH]c2ccccc12)NC(=O)[C@H](CCC(=O)O)NC(=O)CNC(=O)[C@@H](NC(=O)[C@H](CC(C)C)NC(=O)[C@H](CCCNC(=N)N)NC(=O)[C@H](CCC)NC(=O)[C@@H](NC(=O)[C@H](Cc1c[nH]cn1)NC(=O)[C@@H](NC(=O)[C@@H](NC(=O)[C@H](Cc1ccccc1)NC(=O)[C@@H](NC(=O)[C@H](CCCNC(=N)N)NC(=O)[C@@H](NC(=O)[C@H](CCCNC(=N)N)NC(=O)[C@H](CCC)NC(=O)[C@H](CCC)NC(=O)CNC(=O)[C@H](CS)NC(=O)[C@H](C)NC(=O)[C@H](CCCNC(=N)N)NC(=O)[C@H](CCCNC(=N)N)NC(=O)[C@@H](NC(=O)[C@H](CCCNC(=N)N)NC(=O)[C@H](CC(C)C)NC(=O)[C@@H](NC(=O)[C@@H](NC(=O)[C@H](CC(C)C)NC(=O)[C@H](Cc1ccccc1)NC(=O)[C@H](CCCNC(=N)N)NC(=O)[C@H](CCCNC(=N)N)NC(=O)[C@@H](NC(=O)[C@@H](N)CCSC)C(C)C)C(C)C)[C@@H](C)O)[C@@H](C)CC)C(C)C)C(C)C)C(C)C)C(C)C)[C@@H](C)CC)[C@@H](C)O,1,2.1562035,1
CC(C)C[C@H](NC(=O)[C@H](CCCC[NH3+])NC(=O)[C@H](CCCNC(N)=[NH2+])NC(=O)[C@H](Cc1ccccc1)NC(=O)[C@H](Cc1ccccc1)NC(=O)[C@H](CCCC[NH3+])NC(=O)[C@H](CCCC[NH3+])NC(=O)[C@H](Cc1ccccc1)NC(=O)[C@H](CCCNC(N)=[NH2+])NC(=O)[C@H](CCCC[NH3+])NC(=O)[C@@H](N)C(C)C)C(=O)N[C@@H](CCCC[NH3+])C(=O)N[C@@H](CCCC[NH3+])C(=O)N[C@@H](CC(C)C)C(=O)N[C@H](C(N)=O)C(C)C,1,-0.9493138,1
CC[C@H](C)[C@H](NC(=O)[C@H](CC(C)C)NC(=O)[C@@H](NC(=O)[C@H](CCCNC(N)=[NH2+])NC(=O)[C@H](Cc1ccccc1)NC(=O)[C@@H](NC(=O)[C@@H](NC(=O)[C@@H](N)CC(C)C)[C@@H](C)CC)[C@@H](C)CC)[C@@H](C)CC)C(=O)N[C@@H](CO)C(=O)NC(CC1CNCN1)C(O)N[C@@H](CCCNC(N)=[NH2+])C(=O)N[C@H](C=O)CCCNC(N)=[NH2+],1,10.680065,1
CC[C@H](C)[C@H](NC(=O)[C@H](C)NC(=O)[C@@H](NC(=O)[C@@H](N)Cc1ccc(O)cc1)[C@@H](C)O)C(=O)N[C@@H](C)C(=O)N[C@@H](Cc1c[nH]c2ccccc12)C(=O)N[C@H](C(=O)N[C@@H](CCCC[NH3+])C(=O)N[C@@H](C)C(=O)N[C@@H](Cc1ccccc1)C(=O)N[C@H](C(=O)N[C@@H](CCCNC(N)=[NH2+])C(=O)N[C@@H](CCCC[NH3+])C(=O)N[C@@H](CC(C)C)C(=O)N[C@@H](CCCNC(N)=[NH2+])C(=O)N[C@H](C=O)CCCC[NH3+])[C@@H](C)CC)C(C)C,1,7.769008,1
CCC(NC(=O)[C@H](CC(=O)O)NC(=O)CN)C(O)N[C@@H](CC(C)C)C(=O)N1CCC[C@H]1C(=O)NC(CC1CNCN1)C(O)N[C@@H](CC(C)C)C(=O)N[C@@H](CCCCN)C(=O)N[C@@H](CC(C)C)C(=O)N[C@@H](CS)C(=O)O,1,-3.0792887,1
CC[C@H](C)[C@H](NC(=O)[C@H](CS)NC(=O)[C@H](CO)NC(=O)[C@@H](NC(=O)[C@@H]1CCCN1C(=O)[C@@H]1CCCN1C(=O)CNC(=O)[C@H](CCCNC(N)=[NH2+])NC(=O)[C@@H](NC(=O)[C@H](CCCC[NH3+])NC(=O)[C@H](CCCNC(N)=[NH2+])NC(=O)[C@H](CCSC)NC(=O)[C@H](CC(N)=O)NC(=O)[C@H](CCCNC(N)=[NH2+])NC(=O)[C@H](CCC(N)=O)NC(=O)[C@H](Cc1c[nH]c2ccccc12)NC(=O)[C@@H](N)CCC(N)=O)C(C)C)C(C)C)C(=O)N[C@@H](CCCC[NH3+])C(=O)N[C@H](C=O)CCCNC(N)=[NH2+],1,5.9484234,1
C[C@H](N)C(=O)N[C@@H](CS)C(=O)N[C@@H](CCCNC(N)=[NH2+])C(=O)NCC(=O)N[C@@H](CCCNC(N)=[NH2+])C(=O)NCC(=O)N[C@@H](CCCNC(N)=[NH2+])C(=O)NCC(=O)N[C@@H](CS)C(=O)N[C@@H](CCCNC(N)=[NH2+])C(=O)NCC(=O)N[C@@H](CCCNC(N)=[NH2+])C(=O)NCC(=O)N[C@@H](CCCNC(N)=[NH2+])C(=O)NCC(=O)N[C@@H](CS)C(=O)NCC=O,1,8.071633,1
CC[C@H](C)[C@H](NC(=O)[C@H](CCCC[NH3+])NC(=O)[C@H](Cc1ccccc1)NC(=O)[C@@H](NC(=O)[C@@H](NC(=O)[C@@H](N)CCSC)[C@@H](C)CC)[C@@H](C)CC)C(=O)N[C@@H](C)C(=O)N[C@@H](C)C(=O)N[C@@H](CO)C(=O)NC(CC1CNCN1)C(O)N[C@@H](CCCC[NH3+])C(=O)N[C@H](C=O)CCCC[NH3+],1,9.3682,1
CC[C@H](C)[C@H](NC(=O)[C@H](CCCNC(N)=[NH2+])NC(=O)[C@H](CCCNC(N)=[NH2+])NC(=O)[C@H](CCCNC(N)=[NH2+])NC(=O)[C@H](CC(C)C)NC(=O)[C@@H](NC(=O)[C@@H](NC(=O)[C@H](CC(C)C)NC(=O)[C@@H](N)CC(C)C)[C@@H](C)CC)[C@@H](C)CC)C(=O)N[C@@H](CCCNC(N)=[NH2+])C(=O)N[C@@H](CCCC[NH3+])C(=O)N[C@@H](CCC(N)=O)C(=O)N[C@@H](C)C(=O)NC(CC1CNCN1)C(O)N[C@H](C)C(=O)NC(CC1CNCN1)C(O)N[C@@H](CO)C(=O)N[C@H](C=O)CCCC[NH3+],1,10.520889,1
CC[C@H](C)[C@H](NC(=O)[C@H](CC(C)C)NC(=O)[C@H](CC(=O)O)NC(=O)[C@H](CCCNC(N)=[NH2+])NC(=O)[C@H](C)NC(=O)[C@@H](NC(=O)[C@@H](NC(=O)[C@@H](N)CCSC)[C@@H](C)CC)[C@@H](C)CC)C(=O)N[C@H](C=O)CO,1,6.0623875,1
CC[C@H](C)[C@H](NC(=O)[C@H](CCCC[NH3+])NC(=O)[C@H](CCCC[NH3+])NC(=O)[C@H](C)NC(=O)[C@H](CC(C)C)NC(=O)[C@H](C)NC(=O)[C@H](C)NC(=O)[C@H](CC(C)C)NC(=O)[C@H](C)NC(=O)[C@H](CCCC[NH3+])NC(=O)[C@H](CC(C)C)NC(=O)[C@H](CC(N)=O)NC(=O)[C@@H](NC(=O)[C@H](CCCC[NH3+])NC(=O)CNC(=O)[C@H](CC(C)C)NC(=O)[C@H](CC(C)C)NC(=O)[C@H](Cc1ccc(O)cc1)NC(=O)CNC(=O)[C@H](C)NC(=O)[C@H](CO)NC(=O)[C@H](CC(N)=O)NC(=O)[C@H](CC(C)C)NC(=O)[C@@H](NC(=O)[C@H](Cc1c[nH]c2ccccc12)NC(=O)CN)[C@@H](C)O)[C@@H](C)CC)C(=O)N[C@H](C=O)CC(C)C,1,4.6537457,1
CC[C@H](C)[C@H](NC(=O)CNC(=O)[C@H](CC(=O)O)NC(=O)[C@H](CO)NC(=O)[C@@H]([NH3+])Cc1c[nH]cn1)C(=O)N[C@@H](Cc1ccccc1)C(=O)N[C@H](C(=O)N[C@@H](CC(=O)O)C(=O)N[C@@H](CO)C(=O)N[C@@H](Cc1ccc(O)cc1)C(=O)N[C@@H](CO)C(=O)N[C@@H](CCCNC(N)=[NH2+])C(=O)N[C@@H](Cc1ccc(O)cc1)C(=O)N[C@@H](CCCNC(N)=[NH2+])C(=O)N[C@@H](CCCC[NH3+])C(=O)N[C@@H](CCC(N)=O)C(=O)N[C@@H](CCSC)C(=O)N[C@@H](C)C(=O)N[C@H](C(=O)N[C@@H](CCCC[NH3+])C(=O)N[C@@H](CCCC[NH3+])C(=O)N[C@@H](Cc1ccc(O)cc1)C(=O)N[C@@H](CC(C)C)C(=O)N[C@@H](C)C(=O)N[C@@H](C)C(=O)N[C@H](C(=O)N[C@@H](CC(C)C)C(=O)NCC(=O)N[C@@H](CCCC[NH3+])C(=O)N[C@@H](CCCNC(N)=[NH2+])C(=O)N[C@@H](Cc1ccc(O)cc1)C(=O)N[C@@H](CCCC[NH3+])C(=O)N[C@@H](CCC(N)=O)C(=O)N[C@@H](CCCNC(N)=[NH2+])C(=O)N[C@H](C(=O)N[C@@H](CCCC[NH3+])C(=O)N[C@@H](CC(N)=O)C(=O)N[C@@H](CCCC[NH3+])C(N)=O)C(C)C)C(C)C)C(C)C)[C@@H](C)O,1,-1.8988636,1
CC[C@H](C)[C@H](NC(=O)[C@H](CC(N)=O)NC(=O)[C@H](C)NC(=O)[C@H](CC(C)C)NC(=O)[C@H](CC(C)C)NC(=O)[C@H](CC(N)=O)NC(=O)[C@H](CO)NC(O)C(CC1CNCN1)NC(O)C(CC1CNCN1)NC(=O)[C@H](CCCNC(N)=[NH2+])NC(=O)[C@H](CC(C)C)NC(O)C(CC1CNCN1)NC(=O)[C@H](CCCNC(N)=[NH2+])NC(=O)[C@H](CC(C)C)NC(=O)[C@H](CC(C)C)NC(=O)[C@H](CC(C)C)NC(=O)CNC(=O)[C@H](CC(C)C)NC(C)=O)C(N)=O,1,-3.5430384,1
NC(=[NH2+])NCCC[C@@H](N)C(=O)N[C@H](CCCNC(N)=[NH2+])C(=O)N[C@H](CCCNC(N)=[NH2+])C(=O)N[C@H](CCCNC(N)=[NH2+])C(=O)N[C@H](CCCNC(N)=[NH2+])C(=O)N[C@H](CCCNC(N)=[NH2+])C(=O)N[C@H](CCCNC(N)=[NH2+])C(=O)N[C@H](CCCNC(N)=[NH2+])C(=O)N[C@H](CCCNC(N)=[NH2+])C(=O)N[C@H](CCCNC(N)=[NH2+])C(=O)N[C@H](CCCNC(N)=[NH2+])C(=O)N[C@H](CCCNC(N)=[NH2+])C(=O)NCC(=O)N[C@@H](CS)C(N)=O,1,12.443492,1
CC(C)[C@H](NC(=O)[C@H](CCCNC(N)=[NH2+])NC(=O)[C@H](CCCNC(N)=[NH2+])NC(=O)[C@H](CCCNC(N)=[NH2+])NC(=O)[C@H](CC(N)=O)NC(=O)[C@H](CCCNC(N)=[NH2+])NC(=O)[C@H](CCCNC(N)=[NH2+])NC(=O)[C@@H](NC(=O)[C@@H](N)CCCNC(N)=[NH2+])[C@@H](C)O)C(=O)N[C@H](C=O)CCCNC(N)=[NH2+],1,14.936511,1
CC[C@H](C)[C@H](NC(=O)[C@H](CO)NC(=O)[C@H](CCCCN)NC(=O)[C@@H](NC(=O)[C@H](CCCNC(=N)N)NC(=O)[C@H](CCC(=O)O)NC(=O)[C@H](Cc1c[nH]c2ccccc12)NC(=O)[C@H](CCSC)NC(=O)[C@H](CO)NC(=O)[C@H](C)N)C(C)C)C(=O)N[C@H](C(=O)N[C@@H](CCCCN)C(=O)N[C@@H](CO)C(=O)N[C@@H](CO)C(=O)N[C@@H](CC(C)C)C(=O)N[C@@H](C)C(=O)N[C@@H](C)C(=O)N[C@@H](C)C(=O)N[C@@H](CO)C(=O)N[C@@H](CC(N)=O)C(=O)N[C@H](C=O)[C@@H](C)CC)[C@@H](C)CC,1,1.8377674,1
C[C@H](NC(=O)[C@H](CCC(N)=O)NC(=O)[C@H](CCCC[NH3+])NC(=O)[C@H](CCC(=O)O)NC(=O)[C@H](C)NC(=O)[C@H](CCCNC(N)=[NH2+])NC(=O)[C@H](CCCNC(N)=[NH2+])NC(=O)[C@H](CCC(=O)O)NC(=O)[C@H](CCCNC(N)=[NH2+])NC(=O)[C@H](CCCNC(N)=[NH2+])NC(=O)[C@H](CCCNC(N)=[NH2+])NC(=O)[C@@H](NC(=O)[C@@H](N)CCC(N)=O)[C@@H](C)O)C(=O)N[C@@H](CCC(N)=O)C(=O)N[C@H](C=O)Cc1c[nH]c2ccccc12,1,8.538782,1
CC[C@H](C)[C@H](NC(=O)[C@H](C)NC(=O)[C@H](CC(C)C)NC(=O)[C@H](CCCC[NH3+])NC(=O)[C@H](CC(C)C)NC(=O)[C@@H](NC(=O)[C@@H](NC(=O)[C@@H](N)CCCC[NH3+])[C@@H](C)CC)[C@@H](C)O)C(=O)N[C@@H](CCCC[NH3+])C(=O)N[C@@H](C)C(=O)N[C@@H](Cc1c[nH]c2ccccc12)C(=O)N[C@@H](CCCC[NH3+])C(=O)N[C@@H](CC(C)C)C(=O)N[C@@H](C)C(=O)N[C@@H](CC(C)C)C(=O)N[C@@H](CCCC[NH3+])C(=O)N[C@@H](C)C(=O)N[C@@H](C)C(N)=O,1,-0.993421,1
NCC(=O)N[C@@H](CCCNC(N)=[NH2+])C(=O)NCC(=O)N[C@@H](CC(=O)O)C(=O)N[C@@H](CO)C(=O)N1CCC[C@H]1C(=O)N[C@@H](CCCNC(N)=[NH2+])C(=O)N[C@@H](CCCNC(N)=[NH2+])C(=O)N[C@@H](CO)C(=O)N1CCC[C@H]1C(=O)N[C@@H](CCCNC(N)=[NH2+])C(=O)N[C@H](C=O)CCCNC(N)=[NH2+],1,10.664035,1
CC[C@H](C)[C@H](NC(=O)[C@H](CC(C)C)NC(=O)[C@@H](N)CCCC[NH3+])C(=O)N[C@@H](CCCC[NH3+])C(=O)NCC(=O)N[C@@H](CCCNC(N)=[NH2+])C(=O)N[C@H](C(=O)N1CCC[C@H]1C(=O)N[C@H](C(=O)N[C@@H](CCCC[NH3+])C(=O)N[C@@H](Cc1ccccc1)C(=O)NCC(=O)N[C@@H](CCCC[NH3+])C(=O)N[C@@H](C)C(=O)N[C@@H](CCCNC(N)=[NH2+])C(=O)N[C@@H](CS)C(=O)N[C@@H](CCCNC(N)=[NH2+])C(=O)N[C@@H](CCCNC(N)=[NH2+])C(=O)N1CCC[C@H]1C(=O)N1CCC[C@H]1C(=O)N[C@@H](CCCC[NH3+])C(=O)NC(CC1CNCN1)C(O)N[C@@H](CO)C(=O)NCC(=O)N[C@H](C=O)CCCC[NH3+])[C@@H](C)CC)[C@@H](C)O,1,9.0998535,1
CC[C@H](C)[C@H](NC(=O)[C@H](CCCNC(N)=[NH2+])NC(=O)[C@H](CC(C)C)NC(=O)[C@H](CCC(N)=O)NC(=O)[C@@H](N)CCCNC(N)=[NH2+])C(=O)N[C@@H](C)C(=O)NCC(=O)N[C@@H](CCCNC(N)=[NH2+])C(=O)N[C@@H](CCCNC(N)=[NH2+])C(=O)N[C@@H](CC(C)C)C(=O)N[C@@H](CCCNC(N)=[NH2+])C(=O)NCC(=O)N[C@@H](CCCNC(N)=[NH2+])C(=O)N[C@@H](CO)C(=O)N[C@H](C=O)CCCNC(N)=[NH2+],1,11.204982,1
NC(=[NH2+])NCCC[C@H](NC(=O)[C@H](CCCNC(N)=[NH2+])NC(=O)[C@H](CCCNC(N)=[NH2+])NC(=O)[C@H](CCCNC(N)=[NH2+])NC(=O)[C@H](CCCNC(N)=[NH2+])NC(=O)[C@H](CCCNC(N)=[NH2+])NC(=O)[C@H](CCCNC(N)=[NH2+])NC(=O)[C@H](CCCNC(N)=[NH2+])NC(=O)[C@@H](N)CCCNC(N)=[NH2+])C(N)=O,1,6.777912,1
CC(C)C[C@H](NC(=O)CN)C(=O)N[C@@H](Cc1c[nH]c2ccccc12)C(=O)N[C@@H](CCCNC(N)=[NH2+])C(=O)N[C@@H](C)C(=O)N[C@@H](CC(C)C)C(=O)N[C@@H](Cc1c[nH]c2ccccc12)C(=O)N[C@@H](CCCNC(N)=[NH2+])C(=O)N[C@@H](CC(C)C)C(=O)N[C@@H](CC(C)C)C(=O)N[C@@H](CCCNC(N)=[NH2+])C(=O)N[C@@H](CO)C(=O)N[C@@H](CC(C)C)C(=O)N[C@@H](Cc1c[nH]c2ccccc12)C(=O)N[C@@H](CCCNC(N)=[NH2+])C(=O)N[C@@H](CC(C)C)C(=O)N[C@@H](CC(C)C)C(=O)N[C@@H](Cc1c[nH]c2ccccc12)C(=O)N[C@@H](CCCNC(N)=[NH2+])C(=O)N[C@@H](C)C=O,1,8.907443,1
CC(C)C[C@H](NC(=O)CN)C(=O)N[C@@H](CCCC[NH3+])C(=O)N[C@@H](CCCC[NH3+])C(=O)N[C@@H](CC(C)C)C(=O)N[C@@H](C)C(=O)N[C@@H](CCC(=O)O)C(=O)N[C@@H](CC(C)C)C(=O)N[C@@H](Cc1ccccc1)C(=O)NC(CC1CNCN1)C(O)N[C@@H](CCCC[NH3+])C(=O)N[C@@H](CC(C)C)C(=O)N[C@@H](CC(C)C)C(=O)N[C@@H](CCCC[NH3+])C(=O)N[C@@H](CC(C)C)C(=O)NCC(=O)N[C@@H](CS)C(N)=O,1,-2.4493484,1
CSCC[C@H](NC(=O)[C@@H](NC(=O)[C@H](CO)NC(=O)CNC(=O)[C@H](C)NC(=O)[C@H](C)NC(=O)CNC(=O)[C@H](CC(C)C)NC(=O)[C@H](Cc1ccccc1)NC(=O)CNC(=O)[C@H](CC(C)C)NC(=O)[C@H](Cc1ccccc1)NC(=O)[C@H](CC(C)C)NC(=O)[C@H](C)NC(=O)CN)[C@@H](C)O)C(=O)NCC(=O)N[C@@H](C)C(=O)N[C@@H](Cc1c[nH]c2ccccc12)C(=O)N[C@@H](CO)C(=O)N[C@@H](CCC(N)=O)C(=O)N1CCC[C@H]1C(=O)N[C@@H](CCCC[NH3+])C(=O)N[C@@H](CO)C(=O)N[C@@H](CCCC[NH3+])C(=O)N[C@@H](CCCNC(N)=[NH2+])C(=O)N[C@@H](CCCC[NH3+])C(=O)N[C@H](C=O)C(C)C,1,3.5780268,1
CC[C@H](C)[C@H](NC(=O)[C@H](C)NC(=O)[C@H](C)NC(=O)[C@@H]1CCCN1C(=O)[C@H](CCCNC(N)=[NH2+])NC(=O)[C@@H](N)CCCC[NH3+])C(=O)N[C@@H](CCCC[NH3+])C(=O)N[C@@H](CCCC[NH3+])C(=O)N[C@@H](C)C(=O)NCC(=O)N[C@@H](CCC(N)=O)C(=O)N[C@@H](C)C(=O)N[C@@H](CCCC[NH3+])C(=O)N[C@@H](CCCC[NH3+])C(=O)N[C@@H](CCCC[NH3+])C(=O)N[C@H](C=O)CCCC[NH3+],1,13.649144,1
C[C@H](NC(=O)[C@H](CCCC[NH3+])NC(=O)[C@H](CO)NC(=O)[C@H](CCCNC(N)=[NH2+])NC(=O)[C@H](CS)NC(O)C(CC1CNCN1)NC(O)C(CC1CNCN1)NC(=O)[C@H](CCCNC(N)=[NH2+])NC(=O)[C@H](CCCNC(N)=[NH2+])NC(=O)CN)C(=O)N[C@@H](CCCC[NH3+])C(=O)N[C@@H](CCCNC(N)=[NH2+])C(=O)N[C@@H](CO)C(=O)N[C@@H](CCCNC(N)=[NH2+])C(=O)NC(CC1CNCN1)C(O)NC(CO)CC1CNCN1,1,5.6597147,1
C[C@H](N)C(=O)N[C@@H](CS)C(=O)N[C@@H](CO)C(=O)NCC(=O)N[C@@H](CO)C(=O)NCC(=O)N[C@@H](CO)C(=O)NCC(=O)N[C@@H](CS)C(=O)NCC(=O)N[C@@H](CO)C(=O)NCC(=O)N[C@@H](CO)C(=O)NCC(=O)N[C@@H](CO)C(=O)N[C@@H](CS)C(=O)NCC=O,1,-5.0375786,1
NC(=[NH2+])NCCC[C@@H](C=O)NC(=O)[C@H](CCCNC(N)=[NH2+])NC(=O)[C@H](CCCNC(N)=[NH2+])NC(=O)[C@H](CCCNC(N)=[NH2+])NC(=O)[C@H](CCCNC(N)=[NH2+])NC(=O)[C@H](CCCNC(N)=[NH2+])NC(=O)[C@H](CCCNC(N)=[NH2+])NC(=O)[C@@H](N)CCCNC(N)=[NH2+],1,19.648508,1
NCC(=O)N[C@@H](CCCC[NH3+])C(=O)NC(CC1CNCN1)C(O)N[C@@H](CCCNC(N)=[NH2+])C(=O)NC(CC1CNCN1)C(O)N[C@@H](CCC(=O)O)C(=O)N[C@@H](CCCNC(N)=[NH2+])C(=O)NCC(=O)NC(CC1CNCN1)C(O)NC(CC1CNCN1)C(O)N[C@@H](CCCNC(N)=[NH2+])C(=O)N[C@@H](CC(=O)O)C(=O)N[C@@H](CCCNC(N)=[NH2+])C(=O)N[C@@H](CCCNC(N)=[NH2+])C(=O)N[C@@H](CCC(=O)O)C(=O)N[C@H](C=O)CCCNC(N)=[NH2+],1,14.5258,1
NC(=[NH2+])NCCC[C@@H](C=O)NC(=O)[C@H](CCCNC(N)=[NH2+])NC(=O)[C@H](CCCNC(N)=[NH2+])NC(=O)[C@H](CCCNC(N)=[NH2+])NC(=O)[C@H](CCCNC(N)=[NH2+])NC(=O)[C@H](CCCNC(N)=[NH2+])NC(=O)[C@H](CCCNC(N)=[NH2+])NC(=O)[C@H](CCCNC(N)=[NH2+])NC(=O)[C@@H](N)Cc1c[nH]c2ccccc12,1,13.881581,1
CC[C@H](C)[C@H](NC(=O)[C@H](CCCC[NH3+])NC(=O)[C@H](CC(C)C)NC(=O)[C@@H](NC(=O)[C@H](CO)NC(=O)[C@H](CCCC[NH3+])NC(=O)[C@H](Cc1c[nH]c2ccccc12)NC(=O)[C@@H](NC(=O)[C@H](CCCC[NH3+])NC(=O)[C@H](C)NC(=O)[C@@H](NC(=O)[C@H](CO)NC(=O)[C@H](CCCC[NH3+])NC(=O)[C@H](C)NC(=O)[C@H](C)NC(=O)[C@@H](NC(=O)[C@@H](N)CCCC[NH3+])[C@@H](C)CC)[C@@H](C)CC)[C@@H](C)CC)[C@@H](C)CC)C(=O)N[C@@H](C)C(N)=O,1,0.3059256,1
CC[C@H](C)[C@H](NC(=O)[C@H](CCCC[NH3+])NC(=O)[C@@H](NC(=O)[C@H](CCC(N)=O)NC(=O)[C@@H]([NH3+])CCCNC(N)=[NH2+])[C@@H](C)CC)C(=O)N[C@@H](Cc1c[nH]c2ccccc12)C(=O)N[C@@H](Cc1ccccc1)C(=O)N[C@@H](CCC(N)=O)C(=O)N[C@@H](CC(N)=O)C(=O)N[C@@H](CCCNC(N)=[NH2+])C(=O)N[C@@H](CCCNC(N)=[NH2+])C(=O)N[C@@H](CCSC)C(=O)N[C@@H](CCCC[NH3+])C(=O)N[C@@H](Cc1c[nH]c2ccccc12)C(=O)N[C@@H](CCCC[NH3+])C(=O)N[C@@H](CCCC[NH3+])C(=O)O,1,9.322648,1
CC(C)[C@@H](N)C(=O)N[C@H](CS)C(=O)N[C@@H](C(=O)N[C@@H](C=O)CCCNC(N)=[NH2+])C(C)C,1,2.470846,1
CC(C)C[C@@H](C=O)NC(=O)[C@H](CCC(=O)O)NC(=O)[C@@H](NC(=O)[C@H](CC(C)C)NC(=O)[C@@H](NC(=O)[C@H](CCCC[NH3+])NC(=O)[C@@H](NC(=O)[C@H](CC(C)C)NC(=O)[C@H](CCC(=O)O)NC(=O)[C@H](CCCC[NH3+])NC(=O)[C@H](CC(C)C)NC(=O)[C@@H](NC(=O)[C@H](CCC(=O)O)NC(=O)[C@@H](NC(=O)[C@H](CC(C)C)NC(=O)[C@@H](NC(=O)[C@H](CCCC[NH3+])NC(=O)[C@@H](N)CC(C)C)[C@@H](C)O)[C@@H](C)O)[C@@H](C)O)[C@@H](C)O)[C@@H](C)O)[C@@H](C)O,1,3.1384115,1
CC(C)C[C@H](NC(=O)CNC(=O)[C@H](C)NC(=O)[C@H](CCCNC(=N)N)NC(=O)[C@H](CO)NC(=O)[C@H](CO)NC(=O)[C@H](CCCNC(=N)N)NC(=O)[C@@H](NC(=O)[C@H](CCCCN)NC(=O)[C@H](C)NC(=O)[C@H](CCCCN)NC(=O)[C@H](C)NC(=O)[C@H](CCCNC(=N)N)NC(=O)[C@H](C)NC(=O)[C@H](CCCCN)NC(=O)CNC(=O)CNC(=O)[C@H](CCC(N)=O)NC(=O)[C@H](CCCCN)NC(=O)CNC(=O)[C@H](CCCNC(=N)N)NC(=O)CNC(=O)[C@@H](N)CO)[C@@H](C)O)C(=O)N[C@@H](CCC(N)=O)C(=O)N[C@@H](Cc1ccccc1)C(=O)N1CCC[C@H]1C(=O)N[C@H](C(=O)NCC(=O)N[C@@H](CCCNC(=N)N)C(=O)N[C@H](C(=O)N[C@@H](Cc1c[nH]cn1)C(=O)N[C@@H](CCCNC(=N)N)C(=O)N[C@@H](CC(C)C)C(=O)N[C@@H](CC(C)C)C(=O)N[C@@H](CCCNC(=N)N)C(=O)N[C@@H](CCCCN)C(=O)NCC=O)C(C)C)C(C)C,1,2.450509,1
CC[C@H](C)[C@H](NC(=O)[C@H](CCCC[NH3+])NC(=O)[C@@H](NC(=O)[C@H](CCC(N)=O)NC(=O)[C@@H]([NH3+])CCCNC(N)=[NH2+])[C@@H](C)CC)C(=O)N[C@@H](Cc1c[nH]c2ccccc12)C(=O)N[C@@H](Cc1ccccc1)C(=O)N[C@@H](CCC(N)=O)C(=O)N[C@@H](CC(N)=O)C(=O)N[C@@H](CCCNC(N)=[NH2+])C(=O)N[C@@H](CCCNC(N)=[NH2+])C(=O)N[C@@H](CCSC)C(=O)N[C@@H](CCCC[NH3+])C(=O)N[C@@H](Cc1c[nH]c2ccccc12)C(=O)N[C@@H](CCCC[NH3+])C(=O)N[C@@H](CCCC[NH3+])C(=O)O,1,9.322648,1
NC(=[NH2+])NCCC[C@@H](N)C(=O)N[C@@H](CCCNC(N)=[NH2+])C(=O)N[C@H](CCCNC(N)=[NH2+])C(=O)NCC(=O)N[C@H](CCCNC(N)=[NH2+])C(=O)N[C@@H](CCCC[NH3+])C(=O)N[C@H](CCCC[NH3+])C(=O)N[C@@H](CCCNC(N)=[NH2+])C(=O)N[C@@H](C=O)CCCNC(N)=[NH2+],1,19.215012,1
CC[C@H](C)[C@H](NC(=O)[C@H](CCCC[NH3+])NC(=O)[C@@H](NC(=O)[C@H](CCC(N)=O)NC(=O)[C@@H](N)CCCNC(N)=[NH2+])[C@@H](C)CC)C(=O)N[C@@H](Cc1c[nH]c2ccccc12)C(=O)N[C@@H](Cc1ccccc1)C(=O)N[C@@H](CCC(N)=O)C(=O)N[C@H](C=O)CC(N)=O,1,3.6860423,1
C[C@H](NC(=O)[C@H](C)NC(=O)[C@H](CO)NC(=O)[C@H](CCCNC(N)=[NH2+])NC(=O)[C@H](CS)NC(O)C(CC1CNCN1)NC(O)C(CC1CNCN1)NC(=O)[C@H](CCCNC(N)=[NH2+])NC(=O)[C@H](CCCNC(N)=[NH2+])NC(=O)[C@@H](N)CO)C(=O)N[C@@H](CCCC[NH3+])C(=O)N[C@@H](CCCNC(N)=[NH2+])C(=O)N[C@@H](CO)C(=O)N[C@@H](CCCNC(N)=[NH2+])C(=O)NC(CC1CNCN1)C(O)NC(CO)CC1CNCN1,1,5.0075126,1
NC(=[NH2+])NCCC[C@H](NC(=O)[C@H](Cc1ccccc1)NC(=O)[C@H](CCCC[NH3+])NC(=O)[C@H](CCCC[NH3+])NC(=O)[C@@H](N)Cc1ccccc1)C(=O)N[C@@H](CCCC[NH3+])C(=O)N[C@H](C=O)Cc1ccccc1,1,9.846398,1
CCC[C@@H]1NC(=O)[C@@H]2CS34SC[C@H](NC(=O)[C@H]([C@@H](C)CC)NC(=O)[C@H](CS)NC(=O)[C@H](C)NC(=O)CNC1=O)C(=O)N[C@@H](CCCNC(=N)N)C(=O)NCC(=O)N[C@@H](CC(N)=O)C(=O)NCC(=O)N[C@@H](Cc1ccc(O)cc1)C(=O)N[C@H](C(=O)NCC(=O)N[C@@H](CO)C(=O)NCC(=O)N[C@@H](CO)C(=O)N[C@H](C=O)CC(=O)O)C[SH]3[SH]4C[C@H](NC(=O)[C@H](CCCCN)NC(=O)[C@H](CCCCN)NC(=O)[C@H](CC(C)C)NC(=O)[C@@H](NC(=O)[C@H](C)NC(=O)[C@H](CCC)NC(=O)[C@H](CS)NC(=O)[C@@H](NC(=O)CNC(=O)CN)C(C)C)[C@@H](C)CC)C(=O)N[C@@H](CCCNC(=N)N)C(=O)N[C@@H](CCCNC(=N)N)C(=O)N[C@@H](CC(=O)O)C(=O)N[C@@H](CO)C(=O)N[C@@H](CC(=O)O)C(=O)N2,1,0.50682646,1
C[C@H](N)C(=O)N[C@@H](CS)C(=O)N[C@@H](CO)C(=O)NCC(=O)N[C@@H](CCCNC(N)=[NH2+])C(=O)NCC(=O)N[C@@H](CCCNC(N)=[NH2+])C(=O)NCC(=O)N[C@@H](CS)C(=O)NCC(=O)N[C@@H](CO)C(=O)NCC(=O)N[C@@H](CO)C(=O)NCC(=O)N[C@@H](CO)C(=O)N[C@@H](CS)C(=O)NCC=O,1,2.1141517,1
CC[C@H](C)[C@H](NC(=O)[C@H](CC(C)C)NC(=O)[C@H](C)NC(=O)[C@H](CCCNC(N)=[NH2+])NC(=O)[C@H](Cc1ccccc1)NC(=O)[C@@H](NC(=O)[C@@H](NC(=O)[C@@H](N)CCSC)[C@@H](C)CC)[C@@H](C)CC)C(=O)N[C@@H](CO)C(=O)NC(CC1CNCN1)C(O)N[C@@H](CCCC[NH3+])C(=O)N[C@H](C=O)CCCC[NH3+],1,8.974662,1
CC(C)C[C@H](NC(=O)[C@H](CCCNC(N)=[NH2+])NC(=O)[C@H](CCCNC(N)=[NH2+])NC(=O)[C@H](CC(C)C)NC(=O)[C@H](CC(C)C)NC(=O)[C@H](CCCNC(N)=[NH2+])NC(=O)[C@@H](N)CCCNC(N)=[NH2+])C(=O)N[C@@H](CCCNC(N)=[NH2+])C(=O)N[C@H](C=O)CCCNC(N)=[NH2+],1,15.706855,1
CC[C@H](C)[C@H](NC(=O)[C@H](CCCNC(N)=[NH2+])NC(=O)[C@@H](N)CCCC[NH3+])C(=O)N1CCC[C@H]1C(=O)N[C@@H](CC(N)=O)C(=O)N[C@@H](CCCC[NH3+])C(=O)N[C@@H](CCCC[NH3+])C(=O)N1CCC[C@H]1C(=O)NCC(=O)N[C@@H](CCCC[NH3+])C(=O)N[C@H](C=O)CCCC[NH3+],1,9.604346,1
CC[C@H](C)[C@H](NC(=O)[C@H](CCCC[NH3+])NC(=O)[C@@H](NC(=O)[C@H](CCC(N)=O)NC(=O)[C@@H](N)CCCNC(N)=[NH2+])[C@@H](C)CC)C(=O)N[C@@H](Cc1c[nH]c2ccccc12)C(=O)N[C@@H](Cc1ccccc1)C(=O)N1CCC[C@H]1C(=O)N[C@@H](CC(N)=O)C(=O)N[C@@H](CCCNC(N)=[NH2+])C(=O)N[C@@H](CCCNC(N)=[NH2+])C(=O)N[C@@H](CCSC)C(=O)N[C@@H](CCCC[NH3+])C(=O)N[C@@H](Cc1c[nH]c2ccccc12)C(=O)N[C@@H](CCCC[NH3+])C(=O)N[C@H](C=O)CCCC[NH3+],1,12.434493,1
CC[C@H](C)[C@H](NC(=O)[C@H](CCCNC(N)=[NH2+])NC(=O)[C@@H](NC(=O)[C@@H](N)CCCNC(N)=[NH2+])C(C)C)C(=O)N[C@@H](CC(C)C)C(=O)N[C@@H](C)C(=O)N[C@@H](CCCNC(N)=[NH2+])C(=O)N[C@@H](Cc1ccccc1)C(=O)N[C@@H](CC(C)C)C(=O)N[C@@H](CCCNC(N)=[NH2+])C(=O)N[C@H](C(=O)N[C@@H](CCCNC(N)=[NH2+])C(=O)N[C@H](C=O)C(C)C)[C@@H](C)O,1,10.794546,1
CC[C@H](C)[C@H](NC(=O)[C@H](CCCCN)NC(=O)[C@H](CCCCN)NC(=O)[C@H](C)NC(=O)[C@H](CC(C)C)NC(=O)[C@H](C)NC(=O)[C@H](C)NC(=O)[C@H](CC(C)C)NC(=O)[C@H](C)NC(=O)[C@H](CCCCN)NC(=O)[C@H](CC(C)C)NC(=O)[C@H](CC(N)=O)NC(=O)[C@@H](NC(=O)[C@H](CCCCN)NC(=O)CNC(=O)[C@H](CC(C)C)NC(=O)[C@H](CC(C)C)NC(=O)[C@H](Cc1ccc(O)cc1)NC(=O)CNC(=O)[C@H](C)N)[C@@H](C)O)C(=O)N[C@H](C=O)CC(C)C,1,4.6490655,1
NC(=[NH2+])NCCC[C@H](NC(=O)CNC(=O)[C@H](CCCNC(N)=[NH2+])NC(=O)[C@@H](N)CCCNC(N)=[NH2+])C(=O)N[C@@H](CCCNC(N)=[NH2+])C(=O)NCC=O,1,5.245477,1
CC[C@H](C)[C@H](NC(=O)[C@H](CCCNC(N)=[NH2+])NC(=O)[C@H](CC(C)C)NC(=O)[C@@H](NC(=O)[C@@H](NC(=O)[C@H](CC(C)C)NC(=O)[C@H](Cc1ccccc1)NC(=O)[C@H](CCCNC(N)=[NH2+])NC(=O)[C@H](CCCNC(N)=[NH2+])NC(=O)[C@@H](N)C(C)C)C(C)C)[C@@H](C)O)C(=O)N[C@@H](CCCNC(N)=[NH2+])C(=O)N[C@@H](CCCNC(N)=[NH2+])C(=O)N[C@@H](C)C=O,1,9.822826,1
CCC[C@H](NC(=O)[C@@H](NC(=O)[C@H](CC(C)C)NC(=O)[C@H](CC(N)=O)NC(=O)[C@H](CCCNC(=N)N)NC(=O)[C@H](CC(C)C)NC(=O)[C@H](Cc1ccccc1)NC(=O)[C@H](CC(=O)O)NC(=O)[C@H](CCCCN)NC(=O)[C@@H](NC(=O)[C@H](CCCNC(=N)N)NC(=O)[C@H](CCC(N)=O)NC(=O)[C@@H](NC(=O)[C@@H](NC(=O)[C@H](CCCNC(=N)N)NC(=O)[C@H](CCCCN)NC(=O)[C@H](Cc1ccccc1)NC(=O)[C@H](CCC(=O)O)NC(=O)[C@H](CCCCN)NC(=O)CNC(=O)[C@@H](NC(=O)[C@H](CCCCN)NC(=O)[C@H](CCC(=O)O)NC(=O)[C@H](CCCCN)NC(=O)[C@H](CO)NC(=O)[C@H](CCCCN)NC(=O)[C@H](CCCNC(=N)N)NC(=O)[C@H](Cc1ccccc1)NC(=O)[C@H](Cc1ccccc1)NC(=O)[C@H](CC(=O)O)NC(=O)CNC(=O)[C@H](CC(C)C)NC(=O)[C@@H](N)CC(C)C)[C@@H](C)CC)[C@@H](C)CC)C(C)C)[C@@H](C)CC)C(C)C)C(=O)N[C@@H](CCCNC(=N)N)C(=O)N[C@H](C(=O)N[C@@H](CCC(=O)O)C(=O)N[C@@H](CO)C(=O)N[C@H](C=O)CS)[C@@H](C)O,1,1.4788636,1
CC[C@H](C)[C@H](NC(=O)[C@H](C)NC(=O)[C@@H](NC(=O)[C@H](CCC(N)=O)NC(=O)[C@@H]1CCCN1C(=O)[C@H](Cc1ccccc1)NC(=O)[C@@H](NC(O)C(CC1CNCN1)NC(=O)[C@H](Cc1ccccc1)NC(=O)[C@H](CCCC[NH3+])NC(=O)[C@H](CC(N)=O)NC(=O)[C@H](Cc1ccccc1)NC(=O)[C@H](CC(=O)O)NC(=O)[C@H](CCC(N)=O)NC(=O)[C@@H](NC(=O)[C@H](Cc1ccc(O)cc1)NC(=O)[C@@H](NC(=O)CNC(=O)[C@@H](N)CC(C)C)[C@@H](C)O)[C@@H](C)O)[C@@H](C)O)[C@@H](C)O)C(=O)NCC(=O)N[C@H](C(=O)NCC(=O)N[C@@H](C)C(=O)N1CCC[C@H]1C=O)C(C)C,1,1.5513015,1
CSCC[C@H](NC(=O)[C@H](CC(N)=O)NC(=O)[C@H](CCCNC(N)=[NH2+])NC(=O)[C@H](CCC(N)=O)NC(=O)[C@H](Cc1c[nH]c2ccccc12)NC(=O)[C@H](CCC(N)=O)NC(=O)[C@@H](N)Cc1ccccc1)C(=O)N[C@@H](CCCNC(N)=[NH2+])C(=O)N[C@@H](CCCC[NH3+])C(=O)N[C@H](C(=O)N[C@@H](CCCNC(N)=[NH2+])C(=O)NCC(=O)N1CCC[C@H]1C(=O)N1CCC[C@H]1C(=O)N[C@H](C(=O)N[C@H](C=O)CO)C(C)C)C(C)C,1,5.4125075,1
C[C@H](N)C(=O)N[C@@H](CS)C(=O)N[C@@H](CCCNC(N)=[NH2+])C(=O)NCC(=O)N[C@@H](CO)C(=O)NCC(=O)N[C@@H](CCCNC(N)=[NH2+])C(=O)NCC(=O)N[C@@H](CS)C(=O)NCC(=O)N[C@@H](CCCNC(N)=[NH2+])C(=O)NCC(=O)N[C@@H](CO)C(=O)NCC(=O)N[C@@H](CCCNC(N)=[NH2+])C(=O)N[C@@H](CS)C(=O)NCC=O,1,4.2624397,1
CC[C@H](C)[C@H](NC(=O)[C@H](CCCCN)NC(=O)[C@H](CCCCN)NC(=O)[C@H](C)NC(=O)[C@H](CC(C)C)NC(=O)[C@H](CCCCN)NC(=O)[C@H](C)NC(=O)[C@H](CC(C)C)NC(=O)[C@H](CCCCN)NC(=O)[C@H](C)NC(=O)[C@H](CC(C)C)NC(=O)[C@H](CCCCN)NC(=O)[C@H](C)NC(=O)[C@H](CC(C)C)NC(=O)[C@H](CCCCN)NC(=O)[C@H](C)NC(=O)[C@H](CC(C)C)NC(=O)[C@H](CCCCN)NC(=O)[C@H](C)NC(=O)[C@H](CC(C)C)NC(=O)[C@H](C)NC(=O)[C@H](CC(C)C)NC(=O)[C@H](C)NC(=O)[C@H](CC(C)C)NC(=O)[C@H](C)NC(=O)[C@H](CC(C)C)NC(=O)[C@H](C)NC(=O)[C@H](CC(C)C)NC(=O)[C@H](C)NC(=O)[C@H](CC(C)C)NC(=O)[C@H](C)NC(=O)[C@H](CC(C)C)NC(=O)[C@H](C)NC(=O)[C@@H](N)CC(C)C)C(=O)N[C@H](C=O)CCCCN,1,6.47431,1
CC(C)C[C@H](NC(=O)[C@H](C)NC(=O)[C@H](CC(C)C)NC(=O)[C@H](CC(C)C)NC(=O)[C@@H](NC(=O)[C@H](C)NC(=O)[C@@H]1CCCN1C(=O)[C@H](CC(C)C)NC(=O)[C@H](CC(C)C)NC(=O)[C@H](C)NC(=O)[C@@H](NC(=O)[C@H](C)NC(=O)[C@H](C)NC(=O)[C@H](CCCC[NH3+])NC(=O)[C@H](Cc1ccccc1)NC(=O)[C@H](CCCNC(N)=[NH2+])NC(=O)[C@@H](N)Cc1c[nH]c2ccccc12)C(C)C)C(C)C)C(=O)N[C@@H](CC(C)C)C(=O)N[C@@H](C)C(=O)N1CCC[C@H]1C=O,1,6.0561266,1
CC(C)C[C@H](NC(=O)[C@H](C)NC(=O)[C@H](CC(C)C)NC(=O)[C@H](CCCC[NH3+])NC(=O)[C@H](CC(C)C)NC(=O)[C@H](CCCC[NH3+])NC(=O)[C@H](CC(C)C)NC(=O)[C@H](C)NC(=O)[C@@H](N)CCCC[NH3+])C(=O)N[C@@H](C)C(=O)N[C@@H](CC(C)C)C(=O)N[C@@H](CC(C)C)C(=O)N[C@@H](C)C(=O)N[C@@H](CCCC[NH3+])C(=O)N[C@@H](CC(C)C)C(=O)N[C@@H](CCCC[NH3+])C(=O)N[C@@H](CC(C)C)C(=O)N[C@@H](C)C=O,1,7.8643517,1
CC[C@H](C)[C@H](NC(=O)[C@H](CC(C)C)NC(=O)[C@H](CC(=O)O)NC(=O)[C@H](CCCNC(N)=[NH2+])NC(=O)[C@H](Cc1ccc(O)cc1)NC(=O)[C@H](C)NC(=O)[C@@H](NC(=O)[C@@H](N)CCSC)[C@@H](C)CC)C(=O)N[C@H](C=O)CO,1,6.065889,1
CC(C)C[C@@H](NC(=O)[C@H](NC(=O)[C@H]1CCCN1C(=O)[C@H](N)C(C)C)[C@@H](C)O)C(=O)N[C@@H](C=O)CCCC[NH3+],1,3.3132615,1
CC(C)C[C@H](NC(=O)[C@H](C)NC(=O)[C@H](CCCC[NH3+])NC(=O)[C@H](CC(C)C)NC(=O)[C@H](C)NC(=O)[C@H](CC(C)C)NC(=O)[C@H](CCCC[NH3+])NC(=O)[C@H](CC(C)C)NC(=O)[C@H](C)NC(=O)[C@H](CC(C)C)NC(=O)[C@@H](N)CCCC[NH3+])C(=O)N[C@@H](CCC(N)=O)C(=O)N[C@@H](C)C(=O)N[C@@H](C)C(=O)N[C@@H](CC(C)C)C(=O)N[C@@H](CCC(N)=O)C(=O)N[C@@H](CC(C)C)C(=O)N[C@@H](C)C=O,1,6.017033,1
CC[C@H](C)[C@H](NC(=O)[C@H](CCCC[NH3+])NC(=O)[C@@H](NC(=O)[C@H](CCC(N)=O)NC(=O)[C@@H](N)CCCNC(N)=[NH2+])[C@@H](C)CC)C(=O)N[C@@H](Cc1c[nH]c2ccccc12)C(=O)N[C@@H](Cc1ccccc1)C(=O)N[C@@H](CCC(N)=O)C(=O)N[C@@H](CC(N)=O)C(=O)N[C@@H](CCCNC(N)=[NH2+])C(=O)N[C@@H](CCCNC(N)=[NH2+])C(=O)N[C@@H](C)C(=O)N[C@@H](CCCC[NH3+])C(=O)N[C@@H](Cc1c[nH]c2ccccc12)C(=O)N[C@@H](CCCC[NH3+])C(=O)N[C@H](C=O)CCCC[NH3+],1,12.329448,1
NC(=[NH2+])NCCC[C@@H](C=O)NC(=O)[C@H](CCCNC(N)=[NH2+])NC(=O)[C@H](CCCNC(N)=[NH2+])NC(=O)[C@H](CCC(N)=O)NC(=O)[C@H](CCCNC(N)=[NH2+])NC(=O)[C@H](CCCNC(N)=[NH2+])NC(=O)[C@H](CCCC[NH3+])NC(=O)[C@H](CCCC[NH3+])NC(=O)[C@H](CCCNC(N)=[NH2+])NC(=O)CNC(=O)[C@H](Cc1ccc(O)cc1)NC(=O)[C@H](CCCC[NH3+])NC(=O)[C@@H](N)CS,1,13.563137,1
CC(C)C[C@H](NC(=O)CNC(=O)[C@H](CO)NC(=O)[C@H](C)NC(=O)CNC(=O)[C@H](CO)NC(=O)[C@@H]1CCCN1C(=O)[C@H](C)NC(=O)[C@H](CC(C)C)NC(=O)[C@H](CC(C)C)NC(=O)[C@H](C)NC(=O)[C@H](CC(C)C)NC(=O)[C@H](CC(C)C)NC(=O)[C@@H](NC(=O)[C@H](C)NC(=O)[C@@H]1CCCN1C(=O)[C@H](CC(C)C)NC(=O)[C@H](CC(C)C)NC(=O)[C@H](C)NC(=O)[C@@H](NC(=O)[C@H](C)NC(=O)[C@H](C)N)C(C)C)C(C)C)C(=O)N[C@@H](CC(=O)O)C(=O)N[C@@H](CCCC[NH3+])C(=O)N[C@@H](CCCNC(N)=[NH2+])C(=O)N[C@@H](CC(=O)O)C(=O)N[C@@H](Cc1ccc(O)cc1)C(=O)N[C@H](C(N)=O)C(C)C,1,-1.8464795,1
CC[C@H](C)[C@H](NC(=O)[C@H](CCCNC(N)=[NH2+])NC(=O)[C@H](Cc1ccccc1)NC(=O)[C@@H](NC(=O)[C@@H](NC(=O)[C@@H](N)CCSC)[C@@H](C)CC)[C@@H](C)CC)C(=O)N[C@@H](C)C(=O)N[C@@H](C)C(=O)N[C@@H](CO)C(=O)NC(CC1CNCN1)C(O)N[C@@H](CCCC[NH3+])C(=O)N[C@H](C=O)CCCC[NH3+],1,10.879898,1
CC(=O)NC(CC1CNCN1)C(O)NC(CC1CNCN1)C(O)NC(CC1CNCN1)C(O)NC(CC1CNCN1)C(O)NC(CC1CNCN1)C(O)NC(CC1CNCN1)C(O)NC(CC1CNCN1)C(O)NC(CC1CNCN1)C(O)N[C@@H](CCCNC(N)=[NH2+])C(=O)N[C@@H](CCCNC(N)=[NH2+])C(=O)N[C@@H](CCCNC(N)=[NH2+])C(=O)N[C@@H](CCCNC(N)=[NH2+])C(=O)N[C@@H](CCCNC(N)=[NH2+])C(=O)N[C@@H](CCCNC(N)=[NH2+])C(=O)N[C@@H](CCCNC(N)=[NH2+])C(=O)N[C@@H](CCCNC(N)=[NH2+])C(=O)N[C@@H](CCCNC(N)=[NH2+])C(=O)N[C@@H](CCCNC(N)=[NH2+])C(=O)N[C@@H](CCCNC(N)=[NH2+])C(=O)N[C@@H](CCCNC(N)=[NH2+])C(=O)N[C@@H](CCCNC(N)=[NH2+])C(=O)N[C@@H](CCCNC(N)=[NH2+])C(=O)N[C@@H](CCCNC(N)=[NH2+])C(N)=O,1,11.94255,1
CC[C@H](C)[C@H](NC(=O)[C@H](CCCC[NH3+])NC(=O)[C@@H](NC(=O)[C@H](CCC(N)=O)NC(=O)[C@@H]([NH3+])CCCNC(N)=[NH2+])[C@@H](C)CC)C(=O)N[C@@H](Cc1c[nH]c2ccccc12)C(=O)N[C@@H](Cc1ccccc1)C(=O)N[C@@H](CCC(N)=O)C(=O)N[C@@H](CC(N)=O)C(=O)N[C@@H](CCCNC(N)=[NH2+])C(=O)N[C@@H](CCCNC(N)=[NH2+])C(=O)N[C@@H](CCSC)C(=O)N[C@@H](CCCC[NH3+])C(=O)N[C@@H](Cc1c[nH]c2ccccc12)C(=O)N[C@@H](CCCC[NH3+])C(=O)N[C@@H](CCCC[NH3+])C(=O)O,1,9.322648,1
NC(=[NH2+])NCCC[C@H](NC(=O)[C@H](Cc1c[nH]c2ccccc12)NC(=O)[C@H](CCCNC(N)=[NH2+])NC(=O)[C@@H](N)CS)C(=O)N[C@H](Cc1c[nH]c2ccccc12)C(=O)N[C@@H](CCCC[NH3+])C(=O)N[C@@H](CS)C(=O)N[C@@H](CS)C(=O)N[C@@H](CCCC[NH3+])C(=O)N[C@H](C=O)CCCC[NH3+],1,7.936622,1
CC[C@H](C)[C@H](NC(=O)[C@H](CCCC[NH3+])NC(=O)[C@@H](NC(=O)[C@H](CCC(N)=O)NC(=O)[C@@H](N)CCCNC(N)=[NH2+])[C@@H](C)CC)C(=O)N[C@@H](Cc1ccccc1)C(=O)N[C@@H](Cc1ccccc1)C(=O)N[C@@H](CCC(N)=O)C(=O)N[C@@H](CC(N)=O)C(=O)N[C@@H](CCCNC(N)=[NH2+])C(=O)N[C@@H](CCCNC(N)=[NH2+])C(=O)N[C@@H](CCSC)C(=O)N[C@@H](CCCC[NH3+])C(=O)N[C@@H](Cc1c[nH]c2ccccc12)C(=O)N[C@@H](CCCC[NH3+])C(=O)N[C@H](C=O)CCCC[NH3+],1,12.116171,1
CC[C@H](C)[C@H](NC(=O)[C@H](CCCC[NH3+])NC(=O)[C@@H](NC(=O)[C@H](CCC(N)=O)NC(=O)[C@@H](N)CCCNC(N)=[NH2+])[C@@H](C)CC)C(=O)N[C@H](C=O)Cc1c[nH]c2ccccc12,1,6.6403527,1
NC(=[NH2+])NCCC[C@H](NC(=O)[C@@H](N)CS)C(=O)N[C@H](Cc1c[nH]c2ccccc12)C(=O)N[C@@H](CCCNC(N)=[NH2+])C(=O)N[C@@H](Cc1c[nH]c2ccccc12)C(=O)N[C@@H](CCCC[NH3+])C(=O)N[C@@H](CS)C(=O)N[C@@H](CS)C(=O)N[C@@H](CCCC[NH3+])C(=O)N[C@H](C=O)CCCC[NH3+],1,9.677375,1
CC[C@H](C)[C@H](NC(=O)[C@H](CCCC[NH3+])NC(=O)[C@@H](NC(=O)[C@H](CCC(N)=O)NC(=O)[C@@H]([NH3+])CCCNC(N)=[NH2+])[C@@H](C)CC)C(=O)N[C@@H](Cc1c[nH]c2ccccc12)C(=O)N[C@@H](Cc1ccccc1)C(=O)N[C@@H](CCC(N)=O)C(=O)N[C@@H](CC(N)=O)C(=O)N[C@@H](CCCNC(N)=[NH2+])C(=O)N[C@@H](CCCNC(N)=[NH2+])C(=O)N[C@@H](CCSC)C(=O)N[C@@H](CCCC[NH3+])C(=O)N[C@@H](Cc1c[nH]c2ccccc12)C(=O)N[C@@H](CCCC[NH3+])C(=O)N[C@@H](CCCC[NH3+])C(=O)O,1,9.322648,1
CC(C)C[C@@H](C=O)NC(=O)[C@@H](NC(=O)[C@@H](NC(=O)[C@H](CC(C)C)NC(=O)[C@@H](NC(=O)[C@H](CCCC[NH3+])NC(=O)[C@H](C)NC(=O)[C@H](CC(C)C)NC(=O)[C@H](CCCC[NH3+])NC(=O)[C@@H](NC(=O)[C@H](CC(C)C)NC(=O)[C@H](C)NC(=O)[C@@H](NC(=O)[C@H](C)NC(=O)[C@H](CC(C)C)NC(=O)[C@@H](NC(=O)[C@H](CCCC[NH3+])NC(=O)[C@@H](N)CC(C)C)[C@@H](C)O)[C@@H](C)O)[C@@H](C)O)[C@@H](C)O)[C@@H](C)O)[C@@H](C)O,1,4.085075,1
CC(=O)NCC(=O)N[C@@H](CCCNC(N)=[NH2+])C(=O)NCC(=O)N[C@@H](CC(=O)O)C(=O)NCC(=O)N1CCC[C@H]1C(=O)N[C@@H](CCCNC(N)=[NH2+])C(=O)N[C@@H](CCCNC(N)=[NH2+])C(=O)N[C@@H](CCCC[NH3+])C(=O)N[C@@H](CCCC[NH3+])C(=O)N[C@@H](CCCC[NH3+])C(=O)N[C@@H](CCCC[NH3+])C(=O)NCC(=O)N1CCC[C@H]1C(=O)N[C@@H](CCCNC(N)=[NH2+])C(=O)N[C@@H](CCCNC(N)=[NH2+])C(=O)N[C@@H](CCCC[NH3+])C(=O)N[C@@H](CCCC[NH3+])C(=O)N[C@@H](CCCC[NH3+])C(=O)N[C@@H](CCCC[NH3+])C(=O)NCC(=O)N1CCC[C@H]1C(=O)N[C@@H](CCCNC(N)=[NH2+])C(=O)N[C@H](C=O)CCCNC(N)=[NH2+],1,15.944566,1
N=C(N)NCCC[C@@H](C=O)NC(=O)[C@H](CCCNC(=N)N)NC(=O)[C@H](CCCNC(=N)N)NC(=O)[C@H](CCCNC(=N)N)NC(=O)[C@H](CCCNC(=N)N)NC(=O)[C@H](CCCNC(=N)N)NC(=O)[C@H](CCCNC(=N)N)NC(=O)[C@H](CCCNC(=N)N)NC(=O)[C@H](CCCNC(=N)N)NC(=O)[C@H](CCCNC(=N)N)NC(=O)[C@H](CCCNC(=N)N)NC(=O)[C@H](CCCNC(=N)N)NC(=O)[C@H](CCCNC(=N)N)NC(=O)[C@H](CCCNC(=N)N)NC(=O)[C@H](CCCNC(=N)N)NC(=O)[C@H](Cc1c[nH]cn1)NC(=O)[C@H](Cc1c[nH]cn1)NC(=O)[C@H](Cc1c[nH]cn1)NC(=O)[C@H](Cc1c[nH]cn1)NC(=O)[C@H](Cc1c[nH]cn1)NC(=O)[C@H](Cc1c[nH]cn1)NC(=O)[C@H](Cc1c[nH]cn1)NC(=O)[C@H](Cc1c[nH]cn1)NC(=O)[C@H](Cc1c[nH]cn1)NC(=O)[C@H](Cc1c[nH]cn1)NC(=O)[C@H](Cc1c[nH]cn1)NC(=O)[C@H](Cc1c[nH]cn1)NC(=O)[C@H](Cc1c[nH]cn1)NC(=O)[C@H](Cc1c[nH]cn1)NC(=O)[C@H](Cc1c[nH]cn1)NC(=O)[C@H](Cc1c[nH]cn1)NC(=O)[C@H](Cc1c[nH]cn1)NC(=O)[C@H](Cc1c[nH]cn1)NC(=O)[C@H](Cc1c[nH]cn1)NC(=O)[C@@H](N)Cc1c[nH]cn1,1,4.600343,1
CC(C)C[C@H](NC(=O)[C@H](C)NC(=O)[C@@H](NC(=O)[C@@H](NC(=O)[C@H](CCCC[NH3+])NC(=O)[C@H](CC(C)C)NC(=O)[C@@H](N)CC(C)C)[C@@H](C)O)[C@@H](C)O)C(=O)N[C@@H](CC(C)C)C(=O)N[C@@H](CCCC[NH3+])C(=O)N[C@H](C(=O)N[C@H](C(=O)N[C@@H](C)C(=O)N[C@@H](CC(C)C)C(=O)N[C@@H](CC(C)C)C(=O)N[C@@H](CCCC[NH3+])C(=O)N[C@H](C(=O)N[C@H](C(=O)N[C@@H](C)C=O)[C@@H](C)O)[C@@H](C)O)[C@@H](C)O)[C@@H](C)O,1,2.936215,1
NC(=[NH2+])NCCC[C@H](NC(=O)CNC(=O)[C@@H](N)CCCC[NH3+])C(=O)N[C@@H](CCCC[NH3+])C(=O)N[C@@H](CCCC[NH3+])C(=O)N[C@@H](CCCNC(N)=[NH2+])C(=O)N[C@@H](CCCNC(N)=[NH2+])C(=O)N[C@@H](CCC(N)=O)C(=O)N[C@@H](CCCNC(N)=[NH2+])C(=O)N[C@@H](CCCNC(N)=[NH2+])C(=O)N[C@@H](CCCNC(N)=[NH2+])C(=O)N1CCC[C@H]1C(=O)N1CCC[C@H]1C(=O)N[C@H](C=O)CCC(N)=O,1,16.404028,1
NCC(=O)N[C@@H](CCCNC(N)=[NH2+])C(=O)N[C@@H](CCCC[NH3+])C(=O)N[C@@H](CCCC[NH3+])C(=O)N[C@@H](CCCNC(N)=[NH2+])C(=O)N[C@@H](CCCNC(N)=[NH2+])C(=O)N[C@@H](CCC(N)=O)C(=O)N[C@@H](CCCNC(N)=[NH2+])C(=O)N[C@@H](CCCNC(N)=[NH2+])C(=O)N[C@@H](CCCNC(N)=[NH2+])C(=O)N1CCC[C@H]1C(=O)N[C@@H](Cc1c[nH]c2ccccc12)C(=O)N[C@H](C=O)CCC(N)=O,1,10.491124,1
CC[C@H](C)[C@@H](C=O)NC(=O)[C@H](CC(C)C)NC(=O)[C@H](Cc1ccc(O)cc1)NC(=O)[C@@H](NC(=O)[C@H](Cc1ccccc1)NC(=O)[C@@H]1CCCN1)C(C)C,1,2.541104,1
N[C@@H](CCCC[NH3+])C(=O)N[C@@H](CCCC[NH3+])C(=O)N[C@@H](CCCC[NH3+])C(=O)N[C@@H](CCCC[NH3+])C(=O)N[C@@H](CCCC[NH3+])C(=O)N[C@@H](CCCC[NH3+])C(=O)N[C@@H](CCCC[NH3+])C(=O)N[C@@H](CCCC[NH3+])C(=O)N[C@H](C=O)CCCC[NH3+],1,13.1428585,1
CC(=O)N[C@@H](CCCC[NH3+])C(=O)N[C@@H](CCC(=O)O)C(=O)N[C@H](C(=O)N[C@@H](Cc1c[nH]c2ccccc12)C(=O)N[C@@H](Cc1c[nH]c2ccccc12)C(=O)N[C@@H](CCC(=O)O)C(=O)N[C@H](C(=O)N[C@@H](Cc1c[nH]c2ccccc12)C(=O)N[C@@H](Cc1c[nH]c2ccccc12)C(=O)N[C@H](C(=O)N[C@@H](CCC(=O)O)C(=O)N[C@@H](Cc1c[nH]c2ccccc12)C(=O)N[C@@H](CO)C(=O)N[C@@H](CCC(N)=O)C(=O)N1CCC[C@H]1C(=O)N[C@@H](CCCC[NH3+])C(=O)N[C@@H](CCCC[NH3+])C(=O)N[C@@H](CCCC[NH3+])C(=O)N[C@@H](CCCNC(N)=[NH2+])C(=O)N[C@@H](CCCC[NH3+])C(=O)N[C@H](C(N)=O)C(C)C)[C@@H](C)O)[C@@H](C)O)[C@@H](C)O,1,-2.311947,1
NC(=[NH2+])NCCC[C@@H](C=O)NC(=O)[C@H](CCCNC(N)=[NH2+])NC(=O)[C@H](CCCNC(N)=[NH2+])NC(=O)[C@H](CCCNC(N)=[NH2+])NC(=O)[C@H](CCCNC(N)=[NH2+])NC(=O)[C@H](CCCNC(N)=[NH2+])NC(=O)[C@H](CCCNC(N)=[NH2+])NC(=O)[C@H](CCCNC(N)=[NH2+])NC(=O)[C@@H](N)CCCNC(N)=[NH2+],1,20.326248,1
CC[C@H](C)[C@H](NC(=O)[C@H](CCCC[NH3+])NC(=O)[C@@H](NC(=O)[C@H](CCC(N)=O)NC(=O)[C@H](CCCNC(N)=[NH2+])NC(=O)[C@@H](N)CS)[C@@H](C)CC)C(=O)N[C@@H](Cc1c[nH]c2ccccc12)C(=O)N[C@@H](Cc1ccccc1)C(=O)N1CCC[C@H]1C(=O)N[C@@H](CC(N)=O)C(=O)N[C@@H](CCCNC(N)=[NH2+])C(=O)N[C@@H](CCCNC(N)=[NH2+])C(=O)N[C@@H](CCSC)C(=O)N[C@@H](CCCC[NH3+])C(=O)N[C@@H](Cc1c[nH]c2ccccc12)C(=O)N[C@@H](CCCC[NH3+])C(=O)N[C@@H](CCCC[NH3+])C(=O)N[C@H](C=O)CS,1,9.995872,1
NCC(=O)N[C@@H](CCCNC(N)=[NH2+])C(=O)N[C@@H](CCCC[NH3+])C(=O)N[C@@H](CCCC[NH3+])C(=O)N[C@@H](CCCNC(N)=[NH2+])C(=O)N[C@@H](CCCNC(N)=[NH2+])C(=O)N[C@@H](CCC(N)=O)C(=O)N[C@@H](CCCNC(N)=[NH2+])C(=O)N[C@@H](CCCNC(N)=[NH2+])C(=O)N[C@@H](CCCNC(N)=[NH2+])C(=O)N1CCC[C@H]1C(=O)N1CCC[C@H]1C(=O)N[C@H](C=O)CCC(N)=O,1,14.293544,1
CC(C)C[C@H](NC(=O)CN)C(=O)N[C@@H](Cc1c[nH]c2ccccc12)C(=O)N[C@@H](CCCNC(N)=[NH2+])C(=O)N[C@@H](C)C(=O)N[C@@H](CC(C)C)C(=O)N[C@@H](Cc1c[nH]c2ccccc12)C(=O)N[C@@H](CCCNC(N)=[NH2+])C(=O)N[C@@H](C)C(=O)N[C@@H](CC(C)C)C(=O)N[C@@H](Cc1c[nH]c2ccccc12)C(=O)N[C@@H](CCCNC(N)=[NH2+])C(=O)N[C@@H](CO)C(=O)N[C@@H](CC(C)C)C(=O)N[C@@H](Cc1c[nH]c2ccccc12)C(=O)N[C@@H](CCCC[NH3+])C(=O)N[C@@H](CCCC[NH3+])C(=O)N[C@@H](CCCC[NH3+])C(=O)N[C@@H](CCCNC(N)=[NH2+])C(=O)N[C@@H](CCCC[NH3+])C(=O)N[C@H](C=O)C(C)C,1,10.207639,1
NC(=[NH2+])NCCC[C@H](NC(=O)[C@H](CCCNC(N)=[NH2+])NC(=O)[C@H](CCCNC(N)=[NH2+])NC(=O)[C@H](CCCNC(N)=[NH2+])NC(=O)[C@H](CCCNC(N)=[NH2+])NC(=O)[C@H](CCCNC(N)=[NH2+])NC(=O)[C@@H](N)CCCNC(N)=[NH2+])C(=O)N[C@H](C=O)Cc1c[nH]c2ccccc12,1,14.480451,1
CC[C@H](C)[C@H](NC(=O)[C@H](CCCNC(N)=[NH2+])NC(=O)[C@H](CCCNC(N)=[NH2+])NC(=O)[C@H](CCCNC(N)=[NH2+])NC(=O)[C@H](CC(C)C)NC(=O)[C@@H](NC(=O)[C@@H](NC(=O)[C@H](CC(C)C)NC(=O)[C@@H](N)CC(C)C)[C@@H](C)CC)[C@@H](C)CC)C(=O)N[C@@H](CCCNC(N)=[NH2+])C(=O)N[C@@H](CCCC[NH3+])C(=O)N[C@@H](CCC(N)=O)C(=O)N[C@@H](C)C(=O)NC(CC1CNCN1)C(O)N[C@@H](C)C(=O)NC(CC1CNCN1)C(O)N[C@@H](CO)C(=O)N[C@@H](C)C=O,1,8.770368,1
CC(C)[C@@H](C=O)NC(=O)[C@H](CCCC[NH3+])NC(=O)[C@H](CCCNC(N)=[NH2+])NC(=O)[C@H](CCCC[NH3+])NC(=O)[C@H](CO)NC(=O)[C@H](CCCC[NH3+])NC(=O)[C@H](CCCC[NH3+])NC(=O)[C@H](Cc1ccccc1)NC(=O)[C@H](CCCNC(N)=[NH2+])NC(=O)[C@@H](N)Cc1c[nH]c2ccccc12,1,3.7176752,1
CC(C)C[C@H](NC(=O)[C@H](C)NC(=O)[C@H](CC(C)C)NC(=O)[C@H](CCCC[NH3+])NC(=O)[C@H](CC(C)C)NC(=O)[C@H](CCCC[NH3+])NC(=O)[C@H](CC(C)C)NC(=O)[C@H](C)NC(=O)[C@@H](N)CCCC[NH3+])C(=O)N[C@@H](C)C(=O)N[C@@H](CC(C)C)C(=O)N[C@@H](CC(C)C)C(=O)N[C@@H](C)C(=O)N[C@@H](CCCC[NH3+])C(=O)N[C@@H](CC(C)C)C(=O)N[C@@H](CCCC[NH3+])C(=O)N[C@@H](CC(C)C)C(=O)N[C@@H](C)C(N)=O,1,0.5811159,1
CC[C@H](C)[C@H](NC(=O)[C@H](CCCC[NH3+])NC(=O)[C@@H](NC(=O)[C@H](CCC(N)=O)NC(=O)[C@@H](N)CCCNC(N)=[NH2+])[C@@H](C)CC)C(=O)N[C@@H](C)C(=O)N[C@@H](Cc1ccccc1)C(=O)N[C@@H](CCC(N)=O)C(=O)N[C@@H](CC(N)=O)C(=O)N[C@@H](CCCNC(N)=[NH2+])C(=O)N[C@@H](CCCNC(N)=[NH2+])C(=O)N[C@@H](CCSC)C(=O)N[C@@H](CCCC[NH3+])C(=O)N[C@@H](Cc1c[nH]c2ccccc12)C(=O)N[C@@H](CCCC[NH3+])C(=O)N[C@H](C=O)CCCC[NH3+],1,13.026589,1
CC(C)C[C@H](NC(=O)CNC(=O)[C@H](CCCC[NH3+])NC(=O)[C@H](CC(C)C)NC(=O)CNC(=O)[C@H](CC(C)C)NC(=O)[C@H](CCCC[NH3+])NC(=O)[C@H](CC(C)C)NC(=O)CNC(=O)[C@H](CC(C)C)NC(=O)[C@@H](N)CCCC[NH3+])C(=O)N[C@@H](CCCC[NH3+])C(=O)NCC(=O)NCC(=O)N[C@@H](CC(C)C)C(=O)N[C@@H](CCCC[NH3+])C(=O)N[C@@H](CC(C)C)C(=O)NCC=O,1,-1.3510073,1
C[C@H](N)C(=O)N[C@@H](CS)C(=O)N[C@@H](CO)C(=O)NCC(=O)N[C@@H](CO)C(=O)NCC(=O)N[C@@H](CO)C(=O)NCC(=O)N[C@@H](CS)C(=O)NCC(=O)N[C@@H](CO)C(=O)NCC(=O)N[C@@H](CO)C(=O)NCC(=O)N[C@@H](CO)C(=O)N[C@@H](CS)C(=O)NCC(=O)N[C@@H](CCCNC(N)=[NH2+])C(=O)N[C@@H](CCCNC(N)=[NH2+])C(=O)N[C@@H](CCCNC(N)=[NH2+])C(=O)N[C@@H](CCCNC(N)=[NH2+])C(=O)N[C@@H](CCCNC(N)=[NH2+])C(=O)N[C@@H](CCCNC(N)=[NH2+])C(=O)N[C@@H](CCCNC(N)=[NH2+])C(=O)N[C@H](C=O)CCCNC(N)=[NH2+],1,15.676081,1
CC[C@H](C)[C@H](NC(=O)[C@H](CCCNC(N)=[NH2+])NC(=O)[C@H](C)NC(O)C(N)CC1CNCN1)C(=O)N[C@@H](CCCC[NH3+])C(=O)N1CCC[C@H]1C(=O)N[C@H](C(=O)N[C@@H](Cc1ccccc1)C(=O)N[C@@H](CCCNC(N)=[NH2+])C(=O)N[C@@H](CCCNC(N)=[NH2+])C(=O)N[C@@H](CC(C)C)C(=O)N[C@@H](CCCC[NH3+])C(=O)N[C@@H](Cc1c[nH]c2ccccc12)C(=O)N[C@@H](CCCC[NH3+])C(=O)N[C@@H](Cc1ccc(O)cc1)C(=O)N[C@@H](CCCC[NH3+])C(=O)NCC(=O)N[C@@H](CCCC[NH3+])C(=O)N[C@@H](Cc1ccccc1)C(=O)N[C@H](C=O)Cc1c[nH]c2ccccc12)[C@@H](C)O,1,6.0764465,1
CC(C)[C@@H](C=O)NC(=O)[C@H](CCCC[NH3+])NC(=O)[C@H](CCCNC(N)=[NH2+])NC(=O)[C@H](CCCC[NH3+])NC(=O)[C@H](CCCC[NH3+])NC(=O)[C@H](CCCC[NH3+])NC(=O)[C@@H]1CCCN1C(=O)[C@H](CCC(N)=O)NC(=O)[C@H](CO)NC(=O)[C@H](Cc1c[nH]c2ccccc12)NC(=O)[C@H](CCC(=O)O)NC(=O)[C@@H](NC(=O)[C@H](Cc1c[nH]c2ccccc12)NC(=O)[C@H](Cc1c[nH]c2ccccc12)NC(=O)[C@@H](NC(=O)[C@H](CCC(=O)O)NC(=O)[C@H](Cc1c[nH]c2ccccc12)NC(=O)[C@H](Cc1c[nH]c2ccccc12)NC(=O)[C@@H](NC(=O)[C@H](CCC(=O)O)NC(=O)[C@@H](N)CCCC[NH3+])[C@@H](C)O)[C@@H](C)O)[C@@H](C)O,1,3.950954,1
CC(C)C[C@H](NC(=O)[C@H](C)NC(=O)[C@H](CCCC[NH3+])NC(=O)[C@H](CC(C)C)NC(=O)[C@H](C)NC(=O)[C@H](CC(C)C)NC(=O)[C@@H](N)CCCC[NH3+])C(=O)N[C@@H](CCCC[NH3+])C(=O)N[C@@H](C)C(=O)N[C@@H](C)C(=O)N[C@@H](CC(C)C)C(=O)N[C@@H](CCCC[NH3+])C(=O)N[C@@H](CC(C)C)C(=O)N[C@@H](C)C=O,1,8.47378,1
CSCC[C@H](NC(=O)[C@H](CC(C)C)NC(=O)CNC(=O)[C@H](Cc1ccccc1)NC(=O)[C@H](Cc1ccccc1)NC(=O)[C@H](CCC(N)=O)NC(=O)[C@H](CCC(N)=O)NC(=O)[C@H](CC(C)C)NC(=O)[C@H](CC(C)C)NC(=O)[C@H](CCCC[NH3+])NC(=O)[C@H](Cc1c[nH]c2ccccc12)NC(=O)[C@@H](NC(=O)[C@H](CCCC[NH3+])NC(=O)[C@H](CCCNC(N)=[NH2+])NC(=O)[C@H](CCCC[NH3+])NC(=O)[C@H](CCCC[NH3+])NC(=O)[C@H](CCCC[NH3+])NC(=O)[C@@H]1CCCN1)C(C)C)C(N)=O,1,-2.2453928,1
CC[C@H](C)[C@H](NC(=O)[C@H](C)NC(=O)[C@H](Cc1ccccc1)NC(=O)[C@@H](NC(=O)[C@@H](NC(=O)[C@@H](N)CCSC)[C@@H](C)CC)[C@@H](C)CC)C(=O)N[C@@H](C)C(=O)N[C@@H](C)C(=O)N[C@@H](CO)C(=O)NC(CC1CNCN1)C(O)N[C@@H](CCCC[NH3+])C(=O)N[C@H](C=O)CCCC[NH3+],1,8.580224,1
CC[C@H](C)[C@H](NC(=O)[C@H](CCCNC(N)=[NH2+])NC(=O)[C@H](Cc1ccc(O)cc1)NC(O)C(N)CC1CNCN1)C(=O)N[C@@H](CCCC[NH3+])C(=O)N1CCC[C@H]1C(=O)N[C@H](C(=O)N[C@@H](Cc1ccccc1)C(=O)N[C@@H](CCCNC(N)=[NH2+])C(=O)N[C@@H](CCCNC(N)=[NH2+])C(=O)N[C@@H](CC(C)C)C(=O)N[C@@H](CCCC[NH3+])C(=O)N[C@@H](Cc1c[nH]c2ccccc12)C(=O)N[C@@H](CCCC[NH3+])C(=O)N[C@@H](Cc1ccc(O)cc1)C(=O)N[C@@H](CCCC[NH3+])C(=O)NCC(=O)N[C@@H](CCCC[NH3+])C(=O)N[C@@H](Cc1ccccc1)C(=O)N[C@@H](C)C=O)[C@@H](C)O,1,4.06282,1
NC(=[NH2+])NCCC[C@H](NC(=O)[C@H](CCCNC(N)=[NH2+])NC(=O)[C@H](CCCNC(N)=[NH2+])NC(=O)[C@H](CCC(N)=O)NC(=O)[C@H](CCCNC(N)=[NH2+])NC(=O)[C@H](CCCNC(N)=[NH2+])NC(=O)[C@H](CCCC[NH3+])NC(=O)[C@H](CCCC[NH3+])NC(=O)[C@H](CCCNC(N)=[NH2+])NC(=O)CNC(=O)[C@@H](N)Cc1ccc(O)cc1)C(N)=O,1,6.028369,1
CCC[C@H](NC(=O)[C@H](CS)NC(=O)[C@@H](NC(=O)CNC(=O)CN)C(C)C)C(=O)N[C@@H](CCCCN)C(=O)N[C@H](C(=O)N[C@@H](CC(C)C)C(=O)N[C@@H](C)C(=O)N[C@@H](CCCCN)C(=O)N[C@H]1C[SH]2[SH]3C[C@@H](C(=O)NCC(=O)N[C@@H](CO)C(=O)NCC(=O)N[C@@H](CO)C(=O)N[C@H](C=O)CC(=O)O)NC(=O)[C@H](Cc4ccc(O)cc4)NC(=O)CNC(=O)[C@H](CC(N)=O)NC(=O)CNC(=O)[C@H](CCCNC(=N)N)NC(=O)[C@@H]4CSS32C[C@H](NC(=O)[C@H](CC(=O)O)NC(=O)[C@H](CO)NC(=O)[C@H](CC(=O)O)NC(=O)[C@H](CCCNC(=N)N)NC(=O)[C@H](CCCNC(=N)N)NC1=O)C(=O)N1CCC[C@H]1C(=O)NCC(=O)N[C@@H](C)C(=O)N[C@@H](CS)C(=O)N[C@@H]([C@@H](C)CC)C(=O)N4)[C@@H](C)CC,1,1.4384338,1
CC[C@H](C)[C@H](NC(=O)[C@H](CCCC[NH3+])NC(=O)[C@@H](NC(=O)[C@H](CCC(N)=O)NC(=O)[C@@H]([NH3+])CCCNC(N)=[NH2+])[C@@H](C)CC)C(=O)N[C@@H](Cc1c[nH]c2ccccc12)C(=O)N[C@@H](Cc1ccccc1)C(=O)N[C@@H](CCC(N)=O)C(=O)N[C@@H](CC(N)=O)C(=O)N[C@@H](CCCNC(N)=[NH2+])C(=O)N[C@@H](CCCNC(N)=[NH2+])C(=O)N[C@@H](CCSC)C(=O)N[C@@H](CCCC[NH3+])C(=O)N[C@@H](Cc1c[nH]c2ccccc12)C(=O)N[C@@H](CCCC[NH3+])C(=O)N[C@@H](CCCC[NH3+])C(=O)O,1,9.322648,1
CC[C@H](C)[C@H](NC(=O)[C@H](CCCC[NH3+])NC(=O)[C@@H](NC(=O)[C@H](CCC(N)=O)NC(=O)[C@@H]([NH3+])CCCNC(N)=[NH2+])[C@@H](C)CC)C(=O)N[C@@H](Cc1c[nH]c2ccccc12)C(=O)N[C@@H](Cc1ccccc1)C(=O)N[C@@H](CCC(N)=O)C(=O)N[C@@H](CC(N)=O)C(=O)N[C@@H](CCCNC(N)=[NH2+])C(=O)N[C@@H](CCCNC(N)=[NH2+])C(=O)N[C@@H](CCSC)C(=O)N[C@@H](CCCC[NH3+])C(=O)N[C@@H](Cc1c[nH]c2ccccc12)C(=O)N[C@@H](CCCC[NH3+])C(=O)N[C@@H](CCCC[NH3+])C(=O)O,1,9.322648,1
NC(=[NH2+])NCCC[C@@H](C=O)NC(=O)[C@H](CCCNC(N)=[NH2+])NC(=O)[C@H](CCCNC(N)=[NH2+])NC(=O)[C@H](CCC(N)=O)NC(=O)[C@H](CCCNC(N)=[NH2+])NC(=O)[C@H](CCCNC(N)=[NH2+])NC(=O)[C@H](CCCC[NH3+])NC(=O)[C@H](CCCC[NH3+])NC(=O)[C@H](CCCNC(N)=[NH2+])NC(=O)CNC(=O)[C@@H](N)Cc1ccc(O)cc1,1,14.417466,1
NC(=[NH2+])NCCC[C@@H](N)C(=O)N[C@H](CCCNC(N)=[NH2+])C(=O)N[C@H](CCCNC(N)=[NH2+])C(=O)N[C@H](CCCNC(N)=[NH2+])C(=O)N[C@H](CCCNC(N)=[NH2+])C(=O)N[C@H](CCCNC(N)=[NH2+])C(=O)N[C@H](CCCNC(N)=[NH2+])C(=O)N[C@@H](C=O)CCCNC(N)=[NH2+],1,20.191206,1
CC[C@H](C)[C@H](NC(=O)[C@@H](NC(=O)[C@H](CO)NC(=O)[C@H](C)NC(=O)[C@@H](NC(=O)[C@H](CCCC[NH3+])NC(=O)[C@H](CCCC[NH3+])NC(=O)[C@@H](NC(=O)[C@@H](NC(=O)[C@H](CCCC[NH3+])NC(=O)[C@H](Cc1ccccc1)NC(=O)[C@H](CC(C)C)NC(=O)CN)C(C)C)[C@@H](C)CC)C(C)C)C(C)C)C(=O)NCC(=O)NCC(=O)N[C@@H](CC(C)C)C(N)=O,0,-5.851535,1
CC(C)[C@H](NC(=O)[C@H](CCCNC(N)=[NH2+])NC(=O)[C@H](CS)NC(=O)[C@H](C)NC(=O)[C@@H]1CCCN1C(O)C(CC1CNCN1)NC(=O)[C@H](CO)NC(=O)[C@H](CS)NC(=O)[C@H](CS)NC(=O)CN)C(=O)NC(CC1CNCN1)C(O)N[C@@H](Cc1ccc(O)cc1)C(=O)N1CCC[C@H]1C(=O)NC(CC1CNCN1)C(O)N[C@H](C(=O)N[C@@H](CS)C(=O)N[C@@H](Cc1ccc(O)cc1)C(N)=O)C(C)C,0,-7.170468,1
CSCC[C@H](NC(=O)[C@H](C)NC(C)=O)C(=O)N[C@H](C(=O)N[C@@H](CO)C(=O)N[C@H](C=O)CO)C(C)C,0,0.30876064,1
CSCC[C@H](NC(=O)CNC(=O)[C@H](Cc1ccccc1)NC(=O)CN)C(=O)N[C@@H](C)C(=O)N[C@@H](CC(C)C)C(=O)NC(CCC[NH3+])C(O)N[C@@H](CC(C)C)C(=O)N[C@@H](CC(C)C)C(=O)NC(CCC[NH3+])C(O)NC(CCC[NH3+])C(O)N[C@H](C(=O)N[C@@H](CC(C)C)C(N)=O)C(C)C,0,-5.8880486,1
CC[C@H](C)[C@H](NC(=O)CNC(=O)[C@H](CCCC[NH3+])NC(=O)[C@@H](NC(=O)[C@H](CC(C)C)NC(=O)[C@H](CO)NC(=O)CNC(=O)[C@H](CC(C)C)NC(=O)CNC(=O)[C@H](C)NC(=O)[C@H](CCCC[NH3+])NC(=O)[C@H](Cc1ccccc1)NC(=O)[C@@H](NC(=O)[C@H](CC(=O)O)NC(=O)[C@H](CCCC[NH3+])NC(=O)[C@H](CC(C)C)NC(=O)CN)[C@@H](C)CC)C(C)C)C(=O)N[C@@H](C)C(=O)N[C@@H](C)C(=O)NC(CC1CNCN1)C(O)N[C@H](C(=O)N[C@@H](C)C(=O)N[C@@H](CC(N)=O)C(N)=O)C(C)C,0,-5.7904778,1
CC(C)[C@H](N)C(=O)NCC(=O)N[C@@H](CCC(=O)O)C(=O)N[C@@H](C)C(=O)N[C@@H](CS)C(=O)N[C@@H](CS)C(=O)N[C@@H](CCCC[NH3+])C(=O)N[C@@H](CC(N)=O)C(=O)NCC(=O)N[C@@H](CCCC[NH3+])C(=O)N[C@@H](CCCNC(N)=[NH2+])C(=O)NCC(=O)N[C@@H](CS)C(=O)NCC(=O)N[C@@H](CCCNC(N)=[NH2+])C(=O)N[C@@H](Cc1c[nH]c2ccccc12)C(=O)N[C@@H](CS)C(=O)N[C@@H](CCCNC(N)=[NH2+])C(=O)N[C@@H](CC(=O)O)C(=O)NC(CC1CNCN1)C(O)N[C@@H](CO)C(=O)N[C@@H](CCCNC(N)=[NH2+])C(=O)N[C@@H](CS)C(=O)N[C@@H](CS)C(N)=O,0,-5.4939327,1
CC[C@H](C)[C@H](NC(=O)[C@H](Cc1ccccc1)NC(=O)[C@H](CO)NC(=O)[C@H](CCCC[NH3+])NC(=O)[C@H](Cc1c[nH]c2ccccc12)NC(=O)[C@@H](N)CCCC[NH3+])C(=O)N[C@@H](CCCC[NH3+])C(=O)N[C@@H](CCCC[NH3+])C(=O)N[C@@H](CC(C)C)C(=O)N[C@H](C(=O)N[C@@H](CO)C(=O)N[C@@H](CCCC[NH3+])C(=O)N[C@@H](Cc1ccccc1)C(=O)N[C@@H](CC(C)C)C(=O)NC(CC1CNCN1)C(O)N[C@@H](CO)C(=O)N[C@@H](C)C(=O)N[C@@H](CC(=O)O)C(=O)N[C@@H](CCCC[NH3+])C(=O)N[C@@H](Cc1ccccc1)C(N)=O)[C@@H](C)O,0,-5.5903525,1
CC[C@H](C)[C@H](NC(=O)[C@H](CC(C)C)NC(=O)[C@H](CCCC[NH3+])NC(=O)CNC(=O)[C@H](CC(C)C)NC(=O)[C@@H](NC(=O)[C@H](CCCC[NH3+])NC(=O)[C@H](CCCC[NH3+])NC(=O)[C@H](Cc1c[nH]c2ccccc12)NC(=O)[C@H](CCCC[NH3+])NC(=O)CN)[C@@H](C)CC)C(=O)N[C@@H](CCCNC(N)=[NH2+])C(N)=O,0,-5.1445947,1
CC[C@H](C)[C@H](NC(=O)[C@H](CO)NC(=O)[C@H](C)NC(=O)[C@@H](NC(=O)[C@H](CCCC[NH3+])NC(=O)[C@H](CCCC[NH3+])NC(=O)[C@H](Cc1c[nH]c2ccccc12)NC(=O)[C@@H](NC(=O)[C@@H](N)CC(N)=O)[C@@H](C)CC)[C@@H](C)CC)C(=O)N[C@@H](C)C(=O)N[C@@H](CCCC[NH3+])C(=O)N[C@@H](CCC(=O)O)C(=O)N[C@H](C(=O)N[C@@H](CC(C)C)C(=O)N[C@@H](CCCC[NH3+])C(=O)N[C@@H](C)C(=O)N[C@@H](CC(C)C)C(N)=O)C(C)C,0,-3.9368834,1
CC[C@H](C)[C@H](NC(=O)[C@H](CCCC[NH3+])NC(=O)CNC(=O)[C@H](CC(C)C)NC(=O)[C@H](CO)NC(=O)[C@H](CCCC[NH3+])NC(=O)[C@H](CCCC[NH3+])NC(=O)[C@H](Cc1c[nH]c2ccccc12)NC(=O)[C@H](CO)NC(=O)[C@@H](N)C(C)C)C(=O)N[C@H](C(=O)N[C@@H](CCCC[NH3+])C(=O)N[C@H](C(=O)N[C@H](C(=O)N[C@@H](CCCC[NH3+])C(N)=O)C(C)C)C(C)C)[C@@H](C)CC,0,-7.0417447,1
CSCC[C@H](N)C(=O)N[C@@H](CS)C(=O)N1CCC[C@H]1C(=O)N1CCC[C@H]1C(=O)N[C@@H](CC(C)C)C(=O)N[C@@H](CS)C(=O)N[C@@H](C)C(=O)N1CCC[C@H]1C(=O)N[C@@H](CO)C(=O)N[C@@H](CS)C(=O)N[C@H](C(=O)N[C@@H](CC(N)=O)C(=O)N[C@@H](CS)C(N)=O)[C@@H](C)O,0,-7.029819,1
CC[C@H](C)[C@H](N)C(=O)N[C@@H](CC(C)C)C(=O)N1CCC[C@H]1C(=O)N[C@@H](Cc1c[nH]c2ccccc12)C(=O)N[C@@H](CCCC[NH3+])C(=O)N[C@@H](C)C(=O)N1CCC[C@H]1C(=O)N[C@@H](C)C(=O)N[C@@H](C)C(=O)N1CCC[C@H]1C(=O)N[C@@H](C)C(=O)N[C@@H](CCCNC(N)=[NH2+])C(=O)N[C@@H](CCCNC(N)=[NH2+])C(N)=O,0,-1.9322264,1
CC[C@H](C)[C@H](NC(=O)[C@H](CO)NC(=O)[C@@H](NC(=O)[C@H](CS)NC(=O)[C@H](CCCC[NH3+])NC(=O)CNC(=O)[C@H](CCCNC(N)=[NH2+])NC(=O)[C@H](CO)NC(=O)[C@H](CS)NC(=O)[C@H](CCSC)NC(=O)[C@H](CC(C)C)NC(=O)CNC(=O)[C@H](CCSC)NC(=O)[C@H](CS)NC(=O)[C@H](CS)NC(=O)[C@@H](NC(O)C1CC(O)CN1C(O)C1CC(O)CN1C(=O)[C@H](CS)NC(=O)[C@H](CCCNC(N)=[NH2+])NC(=O)[C@H](CO)NC(=O)[C@H](CC(=O)O)NC(=O)[C@H](CCCNC(N)=[NH2+])NC(=O)CNC(=O)[C@H](CO)NC(=O)[C@H](CS)NC(=O)[C@@H](N)CO)C(C)C)C(C)C)C(=O)N[C@@H](Cc1ccc(O)cc1)C(=O)NCC(=O)N[C@H](C=O)CCC(=O)O,0,-2.1976023,1
CC[C@H](C)[C@H](NC(=O)CN)C(=O)NCC(=O)N[C@@H](CO)C(=O)N[C@@H](C)C(=O)N[C@H](C(=O)N[C@@H](CC(C)C)C(=O)N[C@@H](CO)C(=O)N[C@@H](C)C(=O)NCC(=O)N[C@@H](CCCC[NH3+])C(=O)N[C@@H](CO)C(=O)N[C@@H](C)C(=O)N[C@@H](CC(C)C)C(=O)N[C@@H](CCCC[NH3+])C(=O)NCC(=O)N[C@@H](CC(C)C)C(=O)N[C@@H](C)C(=O)N[C@@H](CCCC[NH3+])C(=O)NCC(=O)N[C@@H](CC(C)C)C(=O)N[C@@H](C)C(=O)N[C@@H](CCC(=O)O)C(=O)NC(CC1CNCN1)C(O)N[C@@H](Cc1ccccc1)C(=O)N[C@@H](C)C(=O)N[C@@H](CC(N)=O)C(N)=O)[C@@H](C)CC,0,-5.8183513,1
CC[C@H](C)[C@H](N)C(=O)N[C@@H](CC(C)C)C(=O)NCC(=O)N[C@@H](CCCC[NH3+])C(=O)N[C@@H](CC(C)C)C(=O)N[C@@H](CC(C)C)C(=O)N[C@@H](CCCC[NH3+])C(=O)N[C@H](C(=O)N[C@@H](C)C(=O)N[C@@H](C)C(=O)N[C@@H](CCCC[NH3+])C(=O)N[C@@H](CC(C)C)C(=O)N[C@@H](CC(C)C)C(=O)N[C@@H](CO)C(=O)N[C@@H](CC(N)=O)C(=O)N[C@@H](CC(C)C)C(N)=O)[C@@H](C)O,0,-5.867451,1
C[C@H](NC(=O)[C@@H]1CCCN1C(O)C(CC1CNCN1)NC(=O)[C@H](CS)NC(=O)[C@H](CS)NC(=O)[C@@H](N)CCC(=O)O)C(=O)N[C@@H](CS)C(=O)NCC(=O)N[C@@H](CCCC[NH3+])C(=O)NC(CC1CNCN1)C(O)N[C@@H](Cc1ccccc1)C(=O)N[C@@H](CO)C(=O)N[C@@H](CS)C(N)=O,0,-8.014499,1
C[C@H](NC(=O)[C@H](C)NC(=O)[C@H](CCCC[NH3+])NC(=O)[C@H](C)NC(=O)[C@H](Cc1ccccc1)NC(=O)[C@H](Cc1c[nH]c2ccccc12)NC(=O)[C@H](CCCC[NH3+])NC(=O)[C@H](Cc1ccccc1)NC(=O)[C@H](CCCC[NH3+])NC(=O)[C@H](CCCC[NH3+])NC(=O)[C@H](C)NC(=O)[C@H](Cc1ccccc1)NC(=O)[C@@H](N)CCCC[NH3+])C(=O)N[C@@H](Cc1ccccc1)C(=O)N[C@@H](CCCC[NH3+])C(=O)N[C@@H](Cc1ccccc1)C(=O)N[C@@H](Cc1ccccc1)C(=O)N[C@@H](CCCC[NH3+])C(=O)N[C@@H](CCCC[NH3+])C(N)=O,0,-3.702512,1
CC(C)C[C@H](NC(=O)[C@H](CCCC[NH3+])NC(=O)[C@@H](N)CCCC[NH3+])C(=O)N[C@@H](Cc1ccccc1)C(=O)N[C@@H](CCCC[NH3+])C(=O)N[C@@H](CCCC[NH3+])C(=O)N[C@H](CC(C)C)C(=O)N[C@H](CC(C)C)C(=O)N[C@H](CCCC[NH3+])C(=O)N[C@H](Cc1ccc(O)cc1)C(=O)N[C@H](CC(C)C)C(N)=O,0,-4.195762,1
CC[C@H](C)[C@H](NC(=O)[C@H](Cc1ccccc1)NC(=O)[C@H](CCCC[NH3+])NC(=O)[C@H](C)NC(=O)[C@@H](NC(=O)[C@H](CO)NC(=O)[C@H](CCCC[NH3+])NC(=O)[C@H](CCSC)NC(=O)[C@H](C)NC(=O)[C@H](CCCC[NH3+])NC(=O)[C@H](Cc1ccccc1)NC(=O)[C@H](Cc1c[nH]c2ccccc12)NC(=O)CNC(=O)[C@H](CCCC[NH3+])NC(=O)[C@@H](N)CCCNC(N)=[NH2+])[C@@H](C)CC)C(=O)N[C@@H](C)C(=O)N[C@@H](CCCC[NH3+])C(=O)N[C@@H](CCC(=O)O)C(=O)N[C@@H](CCCC[NH3+])C(=O)N[C@@H](CC(C)C)C(=O)N[C@@H](CCCC[NH3+])C(=O)N[C@@H](CCC(=O)O)C(=O)NC(CC1CNCN1)C(O)N[C@@H](CC(C)C)C(N)=O,0,-3.5212638,1
C[C@H](NC(=O)[C@H](C)NC(=O)[C@H](Cc1ccccc1)NC(=O)[C@H](C)NC(=O)[C@H](C)NC(=O)[C@H](Cc1c[nH]c2ccccc12)NC(=O)[C@H](C)NC(=O)[C@H](C)NC(=O)[C@H](Cc1ccccc1)NC(=O)[C@H](C)NC(=O)[C@H](C)NC(=O)[C@H](CCCC[NH3+])NC(=O)[C@H](CCCC[NH3+])NC(=O)[C@H](CCCC[NH3+])NC(=O)[C@H](CCCC[NH3+])NC(=O)[C@H](CCCC[NH3+])NC(=O)[C@@H](N)CCCC[NH3+])C(N)=O,0,-2.683939,1
CC(C)C[C@@H](NC(=O)[C@@H](C)NC(=O)[C@H]1CCCN1C(=O)[C@@H](CC(C)C)NC(=O)[C@@H](Cc1c[nH]c2ccccc12)NC(O)C(CC1CNCN1)NC(=O)[C@@H](CCCC[NH3+])NC(=O)[C@@H](CC(C)C)NC(=O)[C@@H](C)NC(=O)[C@@H](CCCC[NH3+])NC(=O)[C@@H](C)NC(=O)[C@@H](CC(C)C)NC(=O)[C@@H](C)NC(=O)[C@@H](CCCC[NH3+])NC(=O)[C@H](N)CCCC[NH3+])C(=O)NC(CC1CNCN1)C(O)N[C@H](CCCC[NH3+])C(=O)N[C@H](CC(C)C)C(=O)N[C@H](C)C(=O)N[C@H](CCCC[NH3+])C(=O)N[C@H](C)C(=O)N[C@H](CC(C)C)C(=O)N[C@H](C)C(=O)N[C@H](CCCC[NH3+])C(=O)N[C@H](CCCC[NH3+])C(N)=O,0,-2.7866023,1
CC[C@H](C)[C@H](NC(=O)CN)C(=O)NCC(=O)N[C@@H](C)C(=O)N[C@H](C(=O)N[C@@H](CC(C)C)C(=O)N[C@@H](CCCC[NH3+])C(=O)N[C@H](C(=O)N[C@@H](CC(C)C)C(=O)N[C@@H](C)C(=O)N[C@@H](CC(C)C)C(=O)N[C@H](C(=O)N[C@@H](CO)C(=O)N[C@@H](Cc1c[nH]c2ccccc12)C(=O)N[C@H](C(=O)N[C@@H](CCCC[NH3+])C(=O)N[C@@H](CCCNC(N)=[NH2+])C(=O)N[C@@H](CCCC[NH3+])C(=O)N[C@@H](CCCNC(N)=[NH2+])C(N)=O)[C@@H](C)CC)[C@@H](C)CC)C(C)C)C(C)C,0,-3.046709,1
CC[C@H](C)[C@H](NC(=O)[C@H](CCCC[NH3+])NC(=O)[C@H](CCCC[NH3+])NC(=O)[C@H](C)NC(=O)[C@@H](NC(=O)CNC(=O)[C@H](CCCNC(N)=[NH2+])NC(=O)[C@H](CC(C)C)NC(=O)[C@@H](NC(=O)[C@@H](N)CCCC[NH3+])[C@@H](C)CC)C(C)C)C(=O)N[C@@H](CCSC)C(=O)N[C@@H](CCCNC(N)=[NH2+])C(=O)N[C@H](C(=O)N[C@@H](Cc1ccccc1)C(=O)N[C@@H](CC(C)C)C(=O)N[C@@H](CCCNC(N)=[NH2+])C(=O)N[C@@H](CCCNC(N)=[NH2+])C(=O)N[C@H](C(=O)N[C@@H](CO)C(=O)N[C@@H](CCCC[NH3+])C(=O)N[C@@H](CC(=O)O)C(=O)N[C@H](C(=O)N[C@@H](CC(C)C)C(=O)N[C@H](C(=O)NCC(=O)N[C@@H](CCCC[NH3+])C(=O)N[C@@H](CCCC[NH3+])C(N)=O)[C@@H](C)O)[C@@H](C)CC)[C@@H](C)CC)[C@@H](C)O,0,-2.8225179,1
CC[C@H](C)[C@H](NC(=O)[C@H](C)NC(O)C(CC1CNCN1)NC(=O)[C@@H]1CCCN1C(=O)[C@@H](NC(=O)[C@H](CC(C)C)NC(=O)[C@H](CO)NC(=O)[C@H](CC(C)C)NC(=O)[C@@H](N)Cc1ccccc1)[C@@H](C)CC)C(=O)N[C@@H](CC(N)=O)C(=O)N[C@@H](C)C(=O)N[C@H](C(=O)N[C@@H](CO)C(=O)N[C@H](C(=O)N[C@@H](CC(C)C)C(=O)N[C@H](C(=O)NC(CC1CNCN1)C(O)NC(CC1CNCN1)C(O)N[C@@H](CO)C(N)=O)C(C)C)[C@@H](C)O)C(C)C,0,-5.014917,1
CC(C)C[C@H](NC(=O)[C@H](CCCC[NH3+])NC(=O)[C@H](Cc1ccc(O)cc1)NC(=O)CNC(=O)[C@H](CS)NC(=O)[C@H](CS)NC(=O)[C@@H](NC(=O)CNC(=O)[C@@H](N)CC(N)=O)C(C)C)C(=O)N[C@@H](CS)C(=O)NC(CC1CNCN1)C(O)N1CC(O)CC1C(O)N[C@H](C=O)CS,0,-4.7295527,1
CC[C@H](C)[C@H](N)C(=O)N[C@@H](Cc1c[nH]c2ccccc12)C(=O)N[C@@H](CC(C)C)C(=O)N[C@H](C(=O)N[C@@H](C)C(=O)N[C@@H](CC(C)C)C(=O)N[C@@H](CCCC[NH3+])C(=O)N[C@@H](Cc1ccccc1)C(=O)N[C@@H](CC(C)C)C(=O)NCC(=O)N[C@@H](CCCC[NH3+])C(=O)NC(CC1CNCN1)C(O)N[C@@H](C)C(=O)N[C@@H](C)C(=O)N[C@@H](CCCC[NH3+])C(=O)NC(CC1CNCN1)C(O)N[C@@H](CC(C)C)C(=O)N[C@@H](C)C(=O)N[C@@H](CCCC[NH3+])C(=O)N[C@@H](CCC(N)=O)C(=O)N[C@@H](CCC(N)=O)C(=O)N[C@@H](CC(C)C)C(=O)N[C@@H](CO)C(=O)N[C@@H](CCCC[NH3+])C(=O)N[C@@H](CC(C)C)C(N)=O)[C@@H](C)O,0,-4.275424,1
CCCC(CO)NC(=O)[C@@H]1CCCN1C(=O)[C@@H](NC(=O)[C@@H](NC(=O)[C@H](CC(=O)O)NC(C)=O)[C@@H](C)CC)C(C)C,0,-5.385401,1
CC(C)C[C@H](NC(=O)[C@H](CC(C)C)NC(=O)[C@H](CCCC[NH3+])NC(=O)[C@H](CCCC[NH3+])NC(=O)[C@H](CC(C)C)NC(=O)[C@H](CC(C)C)NC(=O)[C@H](CCCC[NH3+])NC(=O)[C@H](CC(C)C)NC(=O)[C@@H]1CCCN1C(=O)[C@H](CCCC[NH3+])NC(=O)[C@H](CCCC[NH3+])NC(=O)[C@H](CC(C)C)NC(=O)[C@H](CC(C)C)NC(=O)[C@H](CCCC[NH3+])NC(=O)[C@H](CCCC[NH3+])NC(=O)[C@H](Cc1c[nH]c2ccccc12)NC(=O)[C@@H](N)CCCC[NH3+])C(N)=O,0,-6.0019636,1
N=C(N)NCCC[C@H](NC(=O)[C@@H]1CCCN1C(=O)[C@@H]1CSSC[C@H](N)C(=O)N[C@@H](Cc2ccc(O)cc2)C(=O)N[C@@H](Cc2ccccc2)C(=O)N[C@@H](CCC(N)=O)C(=O)N[C@@H](CC(N)=O)C(=O)N1)C(=O)NCC(N)=O,0,-3.4798722,1
CC[C@H](C)[C@@H](NC(=O)[C@@H](C)NC(=O)[C@@H](CCCC[NH3+])NC(=O)[C@@H](CC(C)C)NC(=O)[C@@H](CC(C)C)NC(=O)[C@H](NC(O)C(CC1CNCN1)NC(=O)[C@@H](CC(C)C)NC(=O)[C@H](NC(=O)[C@H](NC(=O)[C@@H](CCCC[NH3+])NC(=O)[C@@H](CCCC[NH3+])NC(=O)[C@@H](CC(C)C)NC(=O)[C@@H](CO)NC(=O)[C@@H](CCCC[NH3+])NC(=O)[C@@H](Cc1ccccc1)NC(=O)[C@H](NC(=O)[C@@H](CCCC[NH3+])NC(=O)[C@@H](CC(C)C)NC(=O)[C@@H](Cc1ccccc1)NC(=O)[C@@H](CO)NC(=O)[C@@H](CCCC[NH3+])NC(=O)[C@@H](Cc1c[nH]c2ccccc12)NC(=O)[C@@H](CCCC[NH3+])NC(C)=O)[C@@H](C)O)[C@@H](C)O)C(C)C)[C@@H](C)O)C(=O)N[C@H](CO)C(=O)N[C@@H](CO)C(N)=O,0,-6.4965568,1
C[C@@H]1NC(=O)[C@@H]2CSSC[C@H](NC(=O)C[NH3+])C(=O)N[C@@H](CSSC[C@@H](C(N)=O)NC(=O)[C@H](CCCNC(N)=[NH2+])NC(=O)[C@H](Cc3c[nH]c4ccccc34)NC1=O)C(=O)N[C@@H](CO)C(=O)N[C@@H](CC(=O)O)C(=O)N1CCC[C@H]1C(=O)N[C@@H](CCCNC(N)=[NH2+])C(=O)N2,0,-3.0755384,1
CC(C)C[C@@H]1NC(=O)[C@@H](Cc2c[nH]c3ccccc23)NC(=O)[C@H](CCCC[NH3+])NC(O)C(CO)N(C)C(=O)[C@H](CC(N)=O)NC(=O)[C@@H](CCC(=O)O)NC(=O)[C@H](CO)NC(O)C(CC2CNC3CCCCC23)N(C)C1=O,0,-8.506799,1
CC[C@H](C)[C@H](NC(O)C(CC1CNCN1)NC(=O)[C@H](CCCC[NH3+])NC(=O)[C@H](CC(C)C)NC(=O)[C@H](CC(C)C)NC(=O)[C@H](CO)NC(=O)[C@H](CCSC)NC(=O)[C@H](Cc1c[nH]c2ccccc12)NC(=O)[C@H](CCCC[NH3+])NC(=O)CN)C(=O)N[C@@H](CC(C)C)C(=O)N[C@@H](CCCC[NH3+])C(N)=O,0,-7.1739345,1
CSCC[C@H](NC(=O)[C@H](CCC(=O)O)NC(=O)[C@H](CC(=O)O)NC(C)=O)C(=O)N[C@@H](CCC(=O)O)C(=O)NC(CC1CCC2CCCCC2C1)C(O)N[C@H](C=O)CS,0,-2.3524485,1
CC(C)C[C@H]1NC(=O)CNC(=O)[C@@H](CC(N)=O)NC(=O)[C@H](CCCNC(N)=[NH2+])NC(=O)[C@H]([C@@H](C)O)NC(=O)[C@H](CS)NC(=O)[C@H](C(C)C)NC(=O)[C@@H]2CCCN2C(=O)[C@H](Cc2c[nH]c3ccccc23)NC(=O)[C@H](CO)NC(=O)[C@H](CS)NC(=O)[C@H](CO)NC(=O)[C@H](CS)NC(=O)CNC(=O)[C@@H]2CCCN2C(=O)[C@H]([C@@H](C)O)NC(=O)[C@H](Cc2ccc(O)cc2)NC(=O)[C@H](CS)NC(=O)[C@H](CO)NC(=O)CNC(=O)[C@H](Cc2ccccc2)NC(=O)[C@H](C)NC(=O)[C@H](CS)NC(=O)[C@H]([C@@H](C)O)NC(=O)[C@H](CCC(=O)O)NC(=O)CNC(=O)[C@H](CS)NC(=O)[C@H](C(C)C)NC(=O)[C@@H]2CCCN2C1=O,0,-10.23813,1
CC(C)[C@@H]1NC(=O)[C@H](CCCC[NH3+])NC(=O)[C@H](C)NC(=O)[C@@H]2CCCN2C(=O)[C@@H](Cc2ccc(O)cc2)NC(=O)[C@H](C(C)C)NC(=O)[C@@H](CCCC[NH3+])NC(=O)[C@H](C)NC(=O)[C@H](CCCC[NH3+])NC(=O)[C@H](C(C)C)NC(=O)[C@H]2CCCN2C(=O)[C@@H](Cc2ccc(O)cc2)NC(=O)[C@H](C)NC(=O)[C@H](CCCC[NH3+])NC1=O,0,-4.6791286,1
CC[C@H](C)[C@H](NC(=O)CNC(=O)[C@H](C)NC(=O)[C@H](CS)NC(=O)[C@H](C)NC(=O)[C@H](C)NC(=O)[C@H](CCCNC(N)=[NH2+])NC(=O)[C@H](CO)NC(=O)[C@H](CS)NC(=O)[C@H](CS)NC(=O)CN)C(=O)NC(CC1CNCN1)C(O)N[C@@H](CCC(N)=O)C(=O)N[C@@H](CCC(=O)O)C(=O)N[C@@H](CC(C)C)C(=O)N[C@@H](CS)C(N)=O,0,-7.4114547,1
CC(C)C[C@H](NC(=O)[C@H](CCCNC(N)=[NH2+])NC(=O)[C@H](CCCC[NH3+])NC(=O)[C@H](CCCC[NH3+])NC(=O)[C@H](CC(C)C)NC(=O)[C@H](CC(N)=O)NC(=O)[C@H](C)NC(=O)[C@H](Cc1ccccc1)NC(=O)[C@H](CCCNC(N)=[NH2+])NC(=O)[C@H](CCCNC(N)=[NH2+])NC(=O)[C@H](CCCC[NH3+])NC(=O)[C@H](Cc1ccccc1)NC(=O)[C@H](CO)NC(=O)[C@H](C)NC(=O)CNC(=O)[C@H](Cc1ccccc1)NC(=O)[C@H](CCCC[NH3+])NC(=O)[C@H](CCCC[NH3+])NC(=O)[C@H](Cc1ccccc1)NC(=O)[C@H](Cc1ccc(O)cc1)NC(=O)[C@H](CCC(=O)O)NC(=O)[C@H](CCCC[NH3+])NC(=O)[C@H](CCCNC(N)=[NH2+])NC(=O)[C@H](CCCC[NH3+])NC(=O)CNC(=O)[C@H](Cc1ccccc1)NC(=O)[C@H](Cc1ccccc1)NC(=O)CN)C(N)=O,0,-4.635031,1
CC[C@H](C)[C@H](NC(=O)[C@@H](N)CCCC[NH3+])C(=O)N[C@@H](CCCC[NH3+])C(=O)N[C@H](C(=O)N1CCC[C@H]1C(=O)N[C@@H](Cc1c[nH]c2ccccc12)C(=O)NCC(=O)N[C@@H](CCCC[NH3+])C(=O)N[C@H](C(=O)N[C@@H](CCCC[NH3+])C(=O)N[C@@H](CC(=O)O)C(=O)N[C@@H](Cc1ccccc1)C(=O)N[C@@H](CC(C)C)C(=O)N[C@H](C(=O)NCC(=O)NCC(=O)N[C@@H](CCSC)C(=O)N[C@@H](CCCC[NH3+])C(=O)N[C@@H](C)C(=O)N[C@H](C(N)=O)C(C)C)C(C)C)C(C)C)[C@@H](C)CC,0,-2.9172802,1
CC[C@H](C)[C@H](NC(=O)[C@H](Cc1ccccc1)NC(=O)[C@@H]1CCCN1C(=O)[C@H](C)NC(=O)[C@@H](NC(=O)[C@@H](N)CC(C)C)[C@@H](C)CC)C(=O)N[C@@H](CCCNC(N)=[NH2+])C(=O)N[C@@H](CC(=O)O)C(=O)N[C@@H](Cc1ccc(O)cc1)C(=O)N[C@@H](CS)C(=O)N[C@@H](CS)C(=O)N1CCC[C@H]1C(=O)N[C@@H](CCCNC(N)=[NH2+])C(=O)NCC(=O)N1CCC[C@H]1C(=O)N[C@@H](CS)C(=O)N[C@@H](CCSC)C(=O)N[C@H](C(=O)N[C@@H](Cc1c[nH]c2ccccc12)C(=O)N[C@@H](CS)C(N)=O)C(C)C,0,-2.106389,1
C[C@H](NC(=O)[C@H](C)NC(=O)[C@H](C)NC(=O)[C@H](Cc1ccccc1)NC(=O)[C@H](C)NC(=O)[C@H](C)NC(=O)[C@H](Cc1c[nH]c2ccccc12)NC(=O)[C@H](C)NC(=O)[C@H](C)NC(=O)[C@H](Cc1ccccc1)NC(=O)[C@H](C)NC(=O)[C@H](C)NC(=O)[C@H](C)NC(=O)[C@H](C)NC(=O)[C@H](C)NC(=O)[C@H](Cc1ccccc1)NC(=O)[C@H](C)NC(=O)[C@H](C)NC(=O)[C@H](C)NC(=O)[C@H](CCCC[NH3+])NC(=O)[C@H](CCCC[NH3+])NC(=O)[C@H](CCCC[NH3+])NC(=O)[C@H](CCCC[NH3+])NC(=O)[C@H](CCCC[NH3+])NC(=O)[C@@H](N)CCCC[NH3+])C(N)=O,0,-1.264703,1
CC(C)C[C@H](NC(=O)[C@H](C)NC(=O)[C@H](CC(C)C)NC(=O)[C@H](C)NC(=O)[C@@H](N)Cc1c[nH]c2ccccc12)C(N)=O,0,-5.890186,1
CC[C@H](C)[C@H](NC(=O)[C@H](CC(C)C)NC(=O)[C@H](CO)NC(=O)[C@@H](NC(=O)[C@@H](NC(=O)[C@H](CC(C)C)NC(=O)CN)C(C)C)[C@@H](C)O)C(=O)N[C@@H](CCCC[NH3+])C(=O)NCC(=O)N[C@@H](C)C(=O)NCC(=O)N[C@@H](CCCC[NH3+])C(=O)N[C@@H](CC(C)C)C(=O)N[C@@H](CC(C)C)C(=O)NCC(=O)NCC(=O)N[C@@H](CC(C)C)C(=O)N[C@@H](Cc1ccccc1)C(=O)NCC(=O)N[C@@H](CO)C(=O)N[C@H](C(=O)N[C@H](C(=O)NCC(N)=O)[C@@H](C)O)C(C)C,0,-2.3381798,1
CC[C@H](C)[C@H](NC(=O)[C@@H](NC(=O)[C@@H]1CCCN1C(=O)[C@H](CC(C)C)NC(=O)[C@@H](N)Cc1ccccc1)[C@@H](C)CC)C(=O)N[C@H](C(=O)N[C@@H](CC(N)=O)C(=O)N[C@@H](CC(C)C)C(=O)N[C@@H](CC(C)C)C(=O)NCC(=O)N[C@@H](CCCC[NH3+])C(=O)N[C@@H](CC(C)C)C(=O)N[C@@H](CC(C)C)C(N)=O)[C@@H](C)O,0,-5.432174,1
CC[C@H](C)[C@H](NC(=O)[C@@H]1CCCN1C(=O)[C@H](CC(C)C)NC(=O)[C@@H](N)Cc1ccccc1)C(=O)N[C@H](C(=O)NCC(=O)N[C@@H](CCCC[NH3+])C(=O)N[C@@H](CC(C)C)C(=O)N[C@@H](CC(C)C)C(=O)N[C@@H](CO)C(=O)NCC(=O)N[C@@H](CC(C)C)C(=O)N[C@@H](CC(C)C)C(N)=O)C(C)C,0,-7.534063,1
C[C@H](NC(O)C(CC1CNCN1)NC(=O)[C@H](Cc1ccc(O)cc1)NC(=O)[C@H](CCC(=O)O)NC(=O)[C@H](Cc1c[nH]c2ccccc12)NC(=O)[C@@H](N)CC(=O)O)C(=O)NC(CC1CNCN1)C(O)N1CCC[C@H]1C(=O)N[C@@H](CCCC[NH3+])C(=O)N1CC(O)CC1C(O)N[C@@H](CC(N)=O)C(=O)N[C@@H](CO)C(=O)N[C@H](Cc1ccccc1)C(=O)N[C@@H](Cc1c[nH]c2ccccc12)C(=O)N[C@H](C=O)[C@@H](C)O,0,-0.14186998,1
CC[C@H](C)[C@H](NC(=O)[C@H](CC(=O)O)NC(=O)[C@H](CCSC)NC(=O)[C@@H](NC(=O)[C@@H](NC(=O)[C@H](CCC(=O)O)NC(=O)[C@H](Cc1ccc(O)cc1)NC(=O)[C@H](Cc1ccccc1)NC(=O)[C@H](CCCCN)NC(=O)[C@H](CCC(N)=O)NC(=O)[C@H](CCC(N)=O)NC(=O)[C@H](CC(C)C)NC(=O)[C@H](CC(=O)O)NC(=O)[C@H](CCCCN)NC(=O)[C@@H](NC(=O)[C@H](CCC(N)=O)NC(=O)[C@H](CC(N)=O)NC(=O)[C@H](Cc1ccc(O)cc1)NC(=O)[C@H](Cc1c[nH]c2ccccc12)NC(=O)[C@H](CCC(=O)O)NC(=O)CNC(=O)[C@H](CC(C)C)NC(=O)[C@@H](NC(=O)[C@@H](NC(=O)[C@H](CC(N)=O)NC(=O)CNC(=O)[C@H](Cc1c[nH]cn1)NC(=O)[C@H](CC(N)=O)NC(=O)[C@@H](N)Cc1c[nH]c2ccccc12)[C@@H](C)CC)[C@@H](C)O)[C@@H](C)O)[C@@H](C)CC)[C@@H](C)CC)C(=O)N[C@@H](CCC(=O)O)C(=O)N[C@@H](CCC(N)=O)C(=O)N[C@@H](CC(N)=O)C(=O)N[C@@H](CC(N)=O)C(=O)N[C@H](C(=O)N[C@@H](CCC(N)=O)C(=O)O)C(C)C,0,-2.399283,1
CC[C@H](C)[C@@H]1NC(=O)[C@H](C)NC(=O)[C@H](CO)NC(=O)[C@H](CO)NC(=O)[C@H]([C@@H](C)CC)NC(=O)[C@H](CS)NC(=O)[C@@H]2CCCN2C(=O)[C@H]([C@@H](C)CC)NC(=O)[C@H](Cc2c[nH]c3ccccc23)NC(=O)[C@H](C(C)C)NC(=O)[C@H](CS)NC(=O)[C@H](CO)NC(=O)[C@H](CCC(=O)O)NC(=O)CNC(=O)[C@H](CS)NC(=O)[C@H]2CCCN2C(=O)[C@H]([C@@H](C)CC)NC(=O)CNC(=O)[C@H](CC(N)=O)NC(=O)[C@H](CCCNC(N)=[NH2+])NC(=O)[C@H](Cc2ccc(O)cc2)NC(=O)[C@H](CS)NC(=O)[C@H](C(C)C)NC(=O)[C@H](CCCC[NH3+])NC(=O)[C@H](CO)NC(=O)[C@H](CCCC[NH3+])NC(=O)[C@H](CS)NC(=O)[C@H](CO)NC(=O)[C@H](CS)NC(=O)CNC1=O,0,-9.598332,1
CSCC[C@@H](C=O)NC(=O)[C@H](CC(C)C)NC(=O)CNC(=O)[C@@H](NC(=O)[C@H](Cc1ccccc1)NC(=O)[C@H](CCC(N)=O)NC(=O)[C@H](CC(=O)O)NC(=O)[C@H](CO)NC(=O)[C@H](CCCCN)NC(=O)[C@@H]1CCCN1C(=O)[C@@H](NC(=O)[C@@H](N)CC(=O)O)C(C)C)C(C)C,0,-0.3035653,1
CC[C@H](C)[C@H](NC(=O)[C@H](CCC(N)=O)NC(=O)[C@@H]1CCCN1C(=O)[C@H](CC(N)=O)NC(O)C(CC1CNCN1)NC(=O)[C@@H](NC(=O)[C@@H](NC(=O)[C@H](CS)NC(=O)[C@@H](NC(=O)[C@@H]1CCCN1C(=O)[C@H](CC(N)=O)NC(=O)[C@H](CO)NC(=O)[C@H](CS)NC(=O)[C@@H](N)CS)C(C)C)[C@@H](C)O)C(C)C)C(=O)N[C@@H](CS)C(N)=O,0,-8.619096,1
CC(=O)N[C@@H](CC(=O)O)C(=O)N[C@@H](CCC(=O)O)C(=O)N[C@@H](Cc1ccccc1)C(=O)N[C@@H](CCC(=O)O)C(=O)NC(CC1CCCCC1)C(O)N[C@H](C=O)CS,0,-2.6080682,1
CC(C)C[C@H](NC(=O)[C@H](CCCC[NH3+])NC(=O)[C@H](CC(C)C)NC(=O)[C@H](CCCC[NH3+])NC(=O)[C@H](CC(C)C)NC(=O)[C@H](C)NC(=O)[C@H](CCCC[NH3+])NC(=O)[C@H](C)NC(=O)[C@H](CC(C)C)NC(=O)[C@H](CC(C)C)NC(=O)[C@H](CCCC[NH3+])NC(=O)[C@H](C)NC(=O)[C@@H](N)Cc1ccccc1)C(N)=O,0,-4.693979,1
CC(C)C[C@H](NC(=O)[C@H](CC(N)=O)NC(=O)[C@H](CO)NC(O)C(CC1CNCN1)NC(=O)[C@H](CCC(=O)O)NC(=O)[C@H](CC(C)C)NC(O)C(CC1CNCN1)NC(=O)[C@H](CS)NC(=O)[C@@H](NC(=O)[C@@H]1CCCN1C(=O)[C@H](CC(N)=O)NC(=O)[C@H](CO)NC(=O)[C@H](CS)NC(=O)[C@H](CS)NC(=O)CNC(=O)[C@@H]1CCCN1C(=O)[C@H](CC(=O)O)NC(=O)[C@@H](N)CCCNC(N)=[NH2+])C(C)C)C(=O)N[C@@H](CS)C(N)=O,0,-7.504025,1
C[C@H](NC(=O)[C@H](CS)NC(=O)[C@H](CCCNC(N)=[NH2+])NC(=O)[C@@H]1CCCN1C(=O)[C@H](CC(=O)O)NC(=O)[C@H](CO)NC(=O)[C@H](CS)NC(=O)[C@H](CS)NC(=O)CN)C(=O)N[C@H](C(=O)N[C@@H](CCCNC(N)=[NH2+])C(=O)N[C@@H](CS)C(N)=O)[C@@H](C)O,0,-7.288467,1
CC(C)C[C@@H](NC(=O)[C@@H](C)NC(=O)[C@@H](CC(C)C)NC(=O)[C@@H](CCCC[NH3+])NC(=O)[C@@H](CCCC[NH3+])NC(=O)[C@@H](CC(C)C)NC(=O)[C@@H](C)NC(=O)[C@H]1CCCN1C(=O)[C@@H](CC(C)C)NC(=O)[C@@H](Cc1c[nH]c2ccccc12)NC(=O)[C@@H](CCCC[NH3+])NC(=O)[C@@H](CCCC[NH3+])NC(=O)[C@@H](CC(C)C)NC(=O)[C@@H](C)NC(=O)[C@@H](CC(C)C)NC(=O)[C@@H](CC(C)C)NC(=O)[C@@H](C)NC(=O)[C@@H](CC(C)C)NC(=O)[C@@H](CCCC[NH3+])NC(=O)[C@H](N)CCCC[NH3+])C(=O)N[C@H](CC(C)C)C(=O)N[C@H](C)C(=O)N[C@H](CC(C)C)C(=O)N[C@H](CCCC[NH3+])C(=O)N[C@H](CCCC[NH3+])C(N)=O,0,-1.8162751,1
C[C@@H]1NC(=O)[C@@H]2CSSC[C@H](NC(=O)[C@@H](NC(=O)CN)CSSC[C@@H](C(=O)O)NC(=O)[C@H](CCCNC(N)=[NH2+])NC(=O)[C@H](Cc3c[nH]c4ccccc34)NC1=O)C(=O)N[C@@H](CO)C(=O)N[C@@H](CC(=O)O)C(=O)N[C@@H](CCCCN)C(=O)N[C@@H](CCCNC(N)=[NH2+])C(=O)N2,0,-3.092135,1
CC[C@H](C)[C@H](NC(=O)[C@@H](NC(=O)[C@@H]1CCCN1C(=O)[C@@H](NC(=O)[C@@H](NC(O)C(CC1CNCN1)NC(=O)[C@@H]1CCCN1C(=O)[C@H](CC(C)C)NC(=O)[C@H](CC(C)C)NC(O)C(CC1CNCN1)NC(=O)[C@H](CCCC[NH3+])NC(=O)[C@H](C)NC(=O)[C@@H](NC(=O)[C@H](CO)NC(=O)CNC(=O)[C@H](CC(C)C)NC(=O)[C@@H](NC(=O)[C@H](CO)NC(=O)[C@H](Cc1ccccc1)NC(=O)[C@H](CC(C)C)NC(=O)CN)C(C)C)C(C)C)C(C)C)C(C)C)C(C)C)C(=O)N[C@@H](C)C(=O)N[C@@H](CCC(=O)O)C(=O)N[C@@H](CCCC[NH3+])C(=O)N[C@@H](CC(C)C)C(N)=O,0,-6.4403954,1
CC[C@H](C)[C@H](NC(=O)CNC(=O)[C@H](CO)NC(=O)[C@H](CC(C)C)NC(=O)[C@H](C)NC(=O)[C@H](CCCNC(N)=[NH2+])NC(=O)CNC(=O)[C@@H](NC(=O)[C@H](CC(C)C)NC(=O)[C@@H]1CCCN1C(=O)[C@H](CC(C)C)NC(=O)[C@@H](N)Cc1ccccc1)[C@@H](C)CC)C(=O)N[C@@H](CC(C)C)C(N)=O,0,-5.3178177,1
CC(C)C[C@H](NC(=O)[C@H](CCCC[NH3+])NC(=O)[C@H](CCCC[NH3+])NC(=O)[C@H](CC(C)C)NC(=O)[C@H](C)NC(=O)[C@H](CCCC[NH3+])NC(=O)[C@H](CC(C)C)NC(=O)[C@H](C)NC(=O)[C@H](CC(C)C)NC(=O)[C@H](C)NC(=O)[C@@H](N)C(C)C)C(N)=O,0,-4.483599,1
C[C@H](NC(=O)[C@@H]1CCCN1C(=O)[C@H](CC(N)=O)NC(=O)[C@H](CCCNC(N)=[NH2+])NC(=O)[C@H](CS)NC(=O)[C@H](CS)NC(=O)CNC(=O)[C@@H](N)CC(N)=O)C(=O)N[C@@H](CS)C(=O)N[C@@H](CCC(=O)O)C(=O)N[C@@H](CO)C(=O)NC(CC1CNCN1)C(O)N[C@@H](CCCNC(N)=[NH2+])C(=O)N[C@@H](CS)C(N)=O,0,-6.8419805,1
C[C@H](NC(=O)[C@H](CS)NC(=O)[C@H](CC(=O)O)NC(=O)[C@@H]1CCCN1C(=O)[C@H](CCCNC(N)=[NH2+])NC(=O)[C@H](CO)NC(=O)[C@H](CS)NC(=O)[C@H](CS)NC(=O)CN)C(=O)N[C@@H](Cc1c[nH]c2ccccc12)C(=O)N[C@@H](CCCNC(N)=[NH2+])C(=O)N[C@@H](CS)C(N)=O,0,-7.9026575,1
CC(C)C[C@H]1NC(=O)CNC(=O)[C@H](CC(N)=O)NC(=O)[C@@H](CCCNC(N)=[NH2+])NC(=O)[C@H]([C@@H](C)O)NC(=O)[C@H](CS)NC(=O)[C@H](CCCC[NH3+])NC(=O)[C@@H]2CCCN2C(=O)[C@H](Cc2c[nH]c3ccccc23)NC(=O)[C@H](CO)NC(=O)[C@H](CS)NC(=O)[C@H]([C@@H](C)O)NC(=O)[C@H](CS)NC(=O)CNC(=O)[C@@H]2CCCN2C(=O)[C@H]([C@@H](C)O)NC(=O)[C@H](CC(N)=O)NC(=O)[C@H](CS)NC(=O)[C@H]([C@@H](C)O)NC(=O)CNC(=O)CNC(=O)[C@H](C(C)C)NC(=O)[C@H](CS)NC(=O)[C@H]([C@@H](C)O)NC(=O)[C@H](CCC(=O)O)NC(=O)CNC(=O)[C@H](CS)NC(=O)[C@H](C(C)C)NC(=O)[C@@H]2CCCN2C1=O,0,-11.236871,1
CC(C)C[C@H](NC(=O)[C@H](Cc1ccc(O)cc1)NC(=O)[C@@H]1CCCN1C(=O)[C@@H](N)Cc1c[nH]c2ccccc12)C(=O)N1CCC[C@H]1C(=O)N[C@@H](Cc1c[nH]c2ccccc12)C(=O)N[C@@H](CCCNC(N)=[NH2+])C(=O)N[C@@H](CCCNC(N)=[NH2+])C(N)=O,0,-4.3479385,1
CC[C@H](C)[C@H](NC(=O)[C@H](C)NC(=O)[C@H](CO)NC(=O)CNC(=O)[C@@H]1CCCN1C(=O)CN)C(=O)N[C@@H](CS)C(=O)N[C@@H](CC(N)=O)C(=O)N[C@@H](CCSC)C(=O)N[C@@H](C)C(=O)N[C@@H](CS)C(=O)N[C@@H](CCCNC(N)=[NH2+])C(=O)N[C@@H](CC(C)C)C(=O)N[C@@H](CCC(=O)O)C(=O)NC(CC1CNCN1)C(O)NCC(=O)NC(CC1CNCN1)C(O)N[C@@H](CC(C)C)C(=O)N[C@@H](Cc1ccc(O)cc1)C(=O)N1CCC[C@H]1C(=O)N[C@@H](Cc1ccccc1)C(=O)N[C@@H](CS)C(=O)N[C@@H](CC(N)=O)C(=O)N[C@@H](CS)C(=O)N[C@@H](CC(=O)O)C(N)=O,0,-5.935576,1
CC(C)C[C@H](NC(=O)[C@H](C)NC(=O)[C@H](CC(C)C)NC(=O)[C@H](C)NC(=O)[C@H](CCCC[NH3+])NC(=O)[C@H](CCCC[NH3+])NC(=O)[C@H](C)NC(=O)[C@H](CC(C)C)NC(=O)[C@H](CCCC[NH3+])NC(=O)[C@H](C)NC(=O)[C@H](CC(C)C)NC(=O)[C@H](CCCC[NH3+])NC(=O)[C@H](CCCC[NH3+])NC(=O)[C@H](C)NC(=O)[C@@H](N)Cc1ccccc1)C(N)=O,0,-3.9119554,1
CC[C@H](C)[C@H](NC(=O)[C@@H](N)Cc1ccccc1)C(=O)N[C@H](C(=O)N[C@H](C(=O)NC(CC1CNCN1)C(N)O)C(C)C)[C@@H](C)O,0,-2.5731194,1
CC[C@H](C)[C@H](NC(=O)[C@H](CC(=O)O)NC(=O)[C@H](Cc1ccccc1)NC(=O)[C@H](CC(C)C)NC(=O)CN)C(=O)N[C@H](C(=O)N[C@@H](CCCC[NH3+])C(=O)N[C@@H](CCCC[NH3+])C(=O)N[C@H](C(=O)N[C@H](C(=O)NCC(=O)N[C@@H](C)C(=O)N[C@@H](CC(C)C)C(=O)NCC(=O)N[C@@H](CO)C(=O)N[C@@H](CC(C)C)C(N)=O)C(C)C)C(C)C)C(C)C,0,-6.0514464,1
CC[C@H](C)[C@@H]1NC(=O)[C@H](CC(C)C)NC(=O)[C@H](C)NC(=O)[C@H]([C@@H](C)O)NC(=O)[C@H](C(C)C)NC(=O)[C@H]([C@@H](C)O)NC(=O)[C@H](CS)NC(=O)[C@@H]2CCCN2C(=O)[C@H]([C@@H](C)CC)NC(=O)[C@H](Cc2c[nH]c3ccccc23)NC(=O)[C@H](C(C)C)NC(=O)[C@H](CS)NC(=O)[C@H](CO)NC(=O)[C@H](CCC(=O)O)NC(=O)[C@H](C)NC(=O)[C@H](CS)NC(=O)[C@@H]2CCCN2C(=O)[C@@H]([C@@H](C)CC)NC(=O)CNC(=O)[C@H](CC(N)=O)NC(=O)[C@@H](Cc2ccc(O)cc2)NC(=O)[C@H](CS)NC(=O)[C@H](C(C)C)NC(=O)[C@H](CCCC[NH3+])NC(=O)[C@H](CC(N)=O)NC(=O)[C@H](CO)NC(=O)[C@H](CS)NC(=O)CNC(=O)[C@H](CS)NC(=O)CNC1=O,0,-10.474052,1
CC(C)C[C@H](NC(=O)[C@H](CCCC[NH3+])NC(=O)[C@H](CCCC[NH3+])NC(=O)[C@H](Cc1c[nH]c2ccccc12)NC(=O)[C@@H](N)CCCC[NH3+])C(=O)N[C@@H](CC(C)C)C(=O)N[C@@H](CCCC[NH3+])C(=O)N[C@@H](CCCC[NH3+])C(=O)N1CCC[C@H]1C(=O)N[C@@H](CC(C)C)C(=O)N[C@@H](CC(C)C)C(=O)N[C@@H](CCCC[NH3+])C(=O)N[C@@H](CCCC[NH3+])C(N)=O,0,-3.1622517,1
CC[C@H](C)[C@H](NC(=O)[C@H](CO)NC(=O)[C@H](CCCC[NH3+])NC(=O)[C@H](CC(C)C)NC(=O)[C@H](CCCC[NH3+])NC(=O)[C@@H](N)CC(C)C)C(=O)N[C@H](C(=O)N[C@@H](CO)C(=O)N[C@@H](Cc1c[nH]c2ccccc12)C(=O)N[C@@H](C)C(=O)N[C@@H](CCCC[NH3+])C(=O)N[C@@H](CC(C)C)C(=O)N[C@H](C(=O)N[C@@H](CC(C)C)C(N)=O)C(C)C)C(C)C,0,-6.137174,1
CC[C@H](C)[C@@H]1NC(=O)[C@H](CS)NC(=O)[C@@H]2CCCN2C(=O)[C@H]([C@@H](C)CC)NC(=O)[C@H](Cc2c[nH]c3ccccc23)NC(=O)[C@H](C(C)C)NC(=O)[C@H](CS)NC(=O)[C@H](CO)NC(=O)[C@H](CCC(=O)O)NC(=O)[C@@H](CS)NC(=O)[C@H]2CCCN2C(=O)[C@H](CC(C)C)NC(=O)[C@@H]([C@@H](C)O)NC(=O)CNC(=O)[C@H](CC(N)=O)NC(=O)[C@H](CCCC[NH3+])NC(=O)[C@H](Cc2ccc(O)cc2)NC(=O)[C@H](CS)NC(=O)[C@H](C(C)C)NC(=O)[C@H](CCCC[NH3+])NC(=O)[C@H](CO)NC(=O)[C@H](CCCC[NH3+])NC(=O)[C@H](CS)NC(=O)[C@H](CO)NC(=O)[C@H](CS)NC(=O)CNC(=O)[C@H](C(C)C)NC(=O)[C@H](C(C)C)NC(=O)[C@H](CO)NC(=O)[C@H](CO)NC1=O,0,-10.3806095,1
CC(=O)N[C@@H](CCCNC(N)=[NH2+])C(=O)N[C@@H](CCCNC(N)=[NH2+])C(=O)N[C@@H](Cc1c[nH]c2ccccc12)C(=O)N[C@@H](Cc1c[nH]c2ccccc12)C(=O)N[C@@H](CS)C(=O)N[C@@H](CCCNC(N)=[NH2+])C(=O)N[C@H](C(N)=O)C(C)C,0,-2.674027,1
CCCC(CO)NC(=O)[C@@H]1CCCN1C(=O)[C@@H](NC(=O)[C@@H](NC(=O)[C@H](CC(=O)O)NC(=O)[C@@H](CC(=O)O)NC(C)=O)[C@@H](C)CC)C(C)C,0,-5.3031116,1
CC[C@H](C)[C@H](NC(O)C(C)(C)NC(=O)[C@H](CCCC[NH3+])NC(=O)CNC(=O)[C@H](CC(C)C)NC(O)C(C)(C)NC(=O)[C@H](CCCC[NH3+])NC(=O)[C@H](CCCC[NH3+])NC(=O)[C@H](Cc1c[nH]c2ccccc12)NC(=O)[C@H](CC(N)=O)NC(=O)[C@@H](N)C(C)C)C(=O)N[C@@H](CCCC[NH3+])C(=O)NC(C)(C)C(O)N[C@H](C(=O)N[C@@H](CCCC[NH3+])C(N)=O)C(C)C,0,-6.8695664,1
CC[C@H](C)[C@H](NC(=O)[C@H](CC(C)C)NC(=O)[C@H](CCC(=O)O)NC(=O)[C@@H](CC(=O)O)NC(C)=O)C(=O)NC(CC1CCCCC1)C(O)N[C@@H](CS)C(=O)N1CCC[C@H]1C(=O)NC(CC1CCCCC1)C(O)N[C@@H](CC(=O)O)C(=O)N[C@@H](CC(C)C)C(=O)N1CCC[C@@H]1C(=O)N[C@@H](Cc1ccc(O)cc1)C(=O)N[C@@H](CCCC[NH3+])C(N)=O,0,-5.3259654,1
CC(C)C[C@H](NC(=O)[C@H](CCCNC(N)=[NH2+])NC(=O)[C@H](CCCNC(N)=[NH2+])NC(=O)[C@H](Cc1ccc(O)cc1)NC(=O)[C@H](CC(C)C)NC(=O)[C@H](CCCNC(N)=[NH2+])NC(=O)[C@H](CCCNC(N)=[NH2+])NC(=O)[C@H](Cc1ccc(O)cc1)NC(=O)[C@H](CC(C)C)NC(=O)[C@H](CCCNC(N)=[NH2+])NC(=O)[C@H](CCCNC(N)=[NH2+])NC(=O)[C@H](Cc1ccc(O)cc1)NC(=O)[C@H](CC(C)C)NC(=O)[C@@H](N)CCCNC(N)=[NH2+])C(=O)N[C@@H](Cc1ccc(O)cc1)C(=O)N[C@@H](CCCNC(N)=[NH2+])C(=O)N[C@@H](CCCC[NH3+])C(=O)N[C@@H](CCCC[NH3+])C(=O)N[C@@H](CCCC[NH3+])C(N)=O,0,0.913163,1
CC[C@H](C)[C@H](NC(=O)[C@H](CCCC[NH3+])NC(=O)[C@H](CCCNC(N)=[NH2+])NC(=O)[C@H](CCCC[NH3+])NC(=O)[C@H](CC(C)C)NC(=O)[C@H](CCCNC(N)=[NH2+])NC(=O)[C@H](CCCNC(N)=[NH2+])NC(=O)[C@H](CC(C)C)NC(=O)[C@H](CCCC[NH3+])NC(=O)[C@@H](N)CCCNC(N)=[NH2+])C(=O)N[C@@H](C)C(=O)NC(CC1CNCN1)C(O)N[C@@H](CCCC[NH3+])C(=O)N[C@H](C(=O)N[C@@H](CCCC[NH3+])C(=O)N[C@@H](CCCC[NH3+])C(=O)N[C@@H](Cc1ccc(O)cc1)C(N)=O)C(C)C,0,-1.8175089,1
CC[C@H](C)[C@H](NC(=O)[C@@H](NC(=O)[C@H](CO)NC(=O)[C@H](C)NC(=O)[C@@H](NC(=O)[C@H](CCCC[NH3+])NC(=O)[C@H](CCCC[NH3+])NC(=O)[C@@H](NC(=O)[C@@H](NC(=O)[C@H](CC(=O)O)NC(=O)[C@H](Cc1ccccc1)NC(=O)[C@H](CC(C)C)NC(=O)CN)C(C)C)[C@@H](C)CC)C(C)C)C(C)C)C(=O)N[C@@H](CCCC[NH3+])C(=O)N[C@@H](CCCC[NH3+])C(=O)N[C@@H](CC(C)C)C(N)=O,0,-3.7610452,1
CC(C)C[C@H](NC(=O)[C@H](CCCNC(N)=[NH2+])NC(=O)[C@@H](N)CCCNC(N)=[NH2+])C(=O)N[C@@H](CO)C(=O)N[C@@H](Cc1ccc(O)cc1)C(=O)N[C@@H](CO)C(=O)N[C@@H](CCCNC(N)=[NH2+])C(=O)N[C@@H](CCCNC(N)=[NH2+])C(=O)N[C@@H](CCCNC(N)=[NH2+])C(=O)N[C@@H](Cc1ccccc1)C(N)=O,0,-0.85782427,1
C[C@H](NC(=O)[C@H](CCC(=O)O)NC(=O)[C@@H]1CCCN1C(O)C(CC1CNCN1)NC(=O)[C@H](CC(=O)O)NC(=O)[C@H](Cc1ccc(O)cc1)NC(=O)[C@H](CC(N)=O)NC(=O)[C@H](CS)NC(=O)[C@H](CCCNC(N)=[NH2+])NC(=O)[C@@H]1CCCN1C(=O)[C@H](CC(=O)O)NC(=O)[C@H](CO)NC(=O)[C@H](CS)NC(=O)[C@H](CS)NC(=O)CN)C(=O)N[C@@H](CS)C(N)=O,0,-6.3932257,1
CSCC[C@H](NC(=O)[C@@H](NC(=O)[C@H](CCCC[NH3+])NC(=O)[C@H](CCCNC(N)=[NH2+])NC(=O)[C@H](CS)NC(=O)[C@H](CO)NC(=O)[C@H](C)NC(=O)CNC(=O)[C@H](CCCC[NH3+])NC(=O)CNC(=O)[C@H](CCCC[NH3+])NC(=O)[C@@H](N)CS)[C@@H](C)O)C(=O)N[C@@H](Cc1ccc(O)cc1)C(=O)N[C@@H](CC(=O)O)C(=O)N[C@@H](CS)C(=O)N[C@@H](CS)C(=O)N[C@@H](CCCNC(N)=[NH2+])C(=O)NCC(=O)N[C@@H](CO)C(=O)N[C@@H](CS)C(=O)N[C@@H](CCCNC(N)=[NH2+])C(=O)N[C@@H](CO)C(=O)NCC(=O)N[C@@H](CCCNC(N)=[NH2+])C(=O)N[C@@H](CS)C(N)=O,0,-6.382015,1
CC[C@H](C)[C@H](NC(O)C(CC1CNCN1)NC(=O)[C@H](CCCC[NH3+])NC(=O)[C@H](CC(C)C)NC(=O)[C@H](CC(C)C)NC(=O)[C@H](CO)NC(=O)[C@H](CCCC[NH3+])NC(=O)[C@H](Cc1c[nH]c2ccccc12)NC(=O)[C@H](CCCC[NH3+])NC(=O)CN)C(=O)N[C@@H](CC(C)C)C(=O)N[C@@H](CCCC[NH3+])C(N)=O,0,-7.5756674,1
CC[C@H](C)[C@H](N)C(=O)N[C@@H](CC(C)C)C(=O)N1CCC[C@H]1C(=O)N[C@H](C(=O)N[C@@H](CC(C)C)C(=O)NCC(=O)N[C@@H](CC(N)=O)C(=O)N[C@@H](CC(C)C)C(=O)N[C@@H](CC(C)C)C(=O)N[C@@H](CC(N)=O)C(=O)N[C@@H](CO)C(=O)N[C@@H](CC(C)C)C(=O)N[C@@H](CC(C)C)C(N)=O)[C@@H](C)CC,0,-3.6278603,1
CC[C@H](C)[C@@H]1NC(=O)[C@H](CC(C)C)NC(=O)[C@H](Cc2ccccc2)NC(=O)[C@H](Cc2ccccc2)NC(=O)[C@H](C)NC(=O)[C@@H]2CCCN2C(=O)[C@H](C(C)C)NC(=O)[C@H](CC(C)C)NC(=O)[C@H]([C@@H](C)CC)NC1=O,0,-3.5813918,1
CC[C@H](C)[C@H](NC(=O)[C@H](CCCC[NH3+])NC(=O)[C@H](CC(N)=O)NC(=O)[C@H](Cc1c[nH]c2ccccc12)NC(=O)[C@H](CC(C)C)NC(=O)CN)C(=O)N[C@@H](CCCC[NH3+])C(=O)N[C@@H](CCC(=O)O)C(=O)N[C@@H](C)C(=O)N[C@@H](C)C(=O)N[C@@H](CO)C(=O)N[C@@H](CCCC[NH3+])C(=O)N[C@@H](C)C(=O)N[C@@H](C)C(=O)NCC(=O)N[C@@H](CCCC[NH3+])C(=O)N[C@@H](C)C(=O)N[C@@H](C)C(=O)N[C@@H](CC(C)C)C(=O)NCC(=O)N[C@@H](Cc1ccccc1)C(=O)N[C@H](C(=O)N[C@@H](CC(N)=O)C(=O)N[C@@H](CCC(=O)O)C(=O)N[C@@H](CCSC)C(=O)N[C@H](C(N)=O)C(C)C)C(C)C,0,-5.8001294,1
CC[C@H](C)[C@H](NC(=O)[C@H](CCCC[NH3+])NC(=O)[C@@H]1CCCN1C(=O)[C@H](CC(C)C)NC(=O)[C@H](Cc1ccccc1)NC(=O)[C@H](CC(N)=O)NC(=O)[C@H](C)NC(=O)[C@H](C)NC(=O)[C@H](CC(C)C)NC(=O)CNC(=O)[C@H](C)NC(=O)[C@H](CC(C)C)NC(=O)[C@H](CC(C)C)NC(=O)[C@@H]1CCCN1C(=O)[C@H](CC(C)C)NC(=O)[C@@H](N)Cc1ccccc1)C(=O)N[C@@H](Cc1ccccc1)C(=O)N[C@@H](CS)C(=O)N[C@@H](CCCC[NH3+])C(=O)N[C@H](C(=O)N[C@H](C(=O)N[C@@H](CCCNC(N)=[NH2+])C(=O)N[C@@H](CCCC[NH3+])C(=O)N[C@@H](CS)C(N)=O)[C@@H](C)O)[C@@H](C)CC,0,-5.53779,1
C[C@H](NC(O)C(CC1CNCN1)NC(=O)[C@H](Cc1ccc(O)cc1)NC(=O)[C@H](CCC(=O)O)NC(=O)[C@H](Cc1c[nH]c2ccccc12)NC(=O)[C@@H](N)CC(=O)O)C(=O)NC(CC1CNCN1)C(O)N1CCC[C@H]1C(=O)N[C@@H](CCCC[NH3+])C(=O)N1CC(O)CC1C(O)N[C@@H](CC(N)=O)C(=O)N[C@@H](CO)C(=O)N[C@@H](Cc1ccccc1)C(=O)N[C@@H](Cc1c[nH]c2ccccc12)C(=O)N[C@H](C=O)[C@@H](C)O,0,-0.14020006,1
CC[C@H](C)[C@H](NC(=O)CNC(=O)[C@H](CO)NC(=O)[C@@H](NC(=O)[C@H](CC(C)C)NC(=O)[C@H](CCCNC(N)=[NH2+])NC(=O)CNC(=O)[C@@H](NC(=O)[C@@H](NC(=O)[C@@H]1CCCN1C(=O)[C@H](CC(C)C)NC(=O)[C@@H](N)Cc1ccccc1)[C@@H](C)CC)C(C)C)[C@@H](C)CC)C(=O)N[C@@H](CC(C)C)C(N)=O,0,-5.333152,1
CC[C@H](C)[C@H](NC(=O)[C@H](CC(C)C)NC(=O)[C@H](CC(N)=O)NC(=O)[C@@H](NC(=O)[C@H](CC(C)C)NC(=O)[C@@H](NC(=O)[C@@H]1CCCN1C(=O)[C@H](CC(C)C)NC(=O)[C@@H](N)Cc1ccccc1)[C@@H](C)CC)[C@@H](C)CC)C(=O)NC(CC1CNCN1)C(O)N[C@@H](CCCC[NH3+])C(=O)NCC(=O)N[C@@H](CC(C)C)C(=O)N[C@@H](CC(C)C)C(N)=O,0,-4.8973618,1
CC[C@H](C)[C@@H]1NC(=O)[C@H](Cc2c[nH]c[nH+]2)NC(=O)[C@H](CCC(N)=O)NC(=O)[C@H](CC(N)=O)NC(=O)[C@H](CC(N)=O)NC(=O)CNC(=O)[C@H](C)NC(=O)[C@@H]2CSSC[C@H](NC(=O)C[NH3+])C(=O)N[C@@H](CSSC[C@@H](C(N)=O)NC1=O)C(=O)N[C@@H](CO)C(=O)N[C@@H](Cc1c[nH]c[nH+]1)C(=O)N1CCC[C@H]1C(=O)N[C@@H](C)C(=O)N2,0,-3.9480152,1
CC[C@H](C)[C@H](NC(=O)CN)C(=O)NCC(=O)N[C@@H](CCCC[NH3+])C(=O)N[C@@H](Cc1ccccc1)C(=O)N[C@@H](CC(C)C)C(=O)NC(CC1CNCN1)C(O)N[C@@H](CO)C(=O)N[C@H](C)C(=O)N[C@@H](CCCC[NH3+])C(=O)N[C@@H](CCCC[NH3+])C(=O)N[C@@H](Cc1ccccc1)C(=O)N[C@H](C)C(=O)N[C@@H](CCCC[NH3+])C(=O)N[C@@H](C)C(=O)N[C@@H](Cc1ccccc1)C(=O)N[C@H](C(=O)N[C@H](C)C(=O)N[C@@H](CCC(=O)O)C(=O)N[C@H](C(=O)N[C@@H](CCSC)C(=O)N[C@@H](CC(N)=O)C(=O)N[C@@H](CO)C(N)=O)[C@@H](C)CC)C(C)C,0,-6.135629,1
CC(C)C[C@@H]1NC(=O)[C@H](CC(=O)O)NC(=O)[C@@H]2CCCN2C(=O)[C@H](Cc2c[nH]c[nH+]2)NC(=O)[C@H](CCCC[NH3+])NC(=O)[C@H](CC(N)=O)NC(=O)[C@H](CCCNC(N)=[NH2+])NC(=O)[C@@H]2CSSC[C@H](NC(=O)C[NH3+])C(=O)N[C@@H](CSSC[C@@H](C(N)=O)NC1=O)C(=O)N[C@@H](CO)C(=O)N[C@@H](CC(=O)O)C(=O)N1CCC[C@H]1C(=O)N1CCC[C@H]1C(=O)N2,0,-3.761086,1
CC[C@H](C)[C@H](NC(=O)CN)C(=O)NCC(=O)NCC(=O)N[C@@H](C)C(=O)N[C@@H](CC(C)C)C(=O)N[C@@H](CC(C)C)C(=O)N[C@@H](CO)C(=O)N[C@@H](C)C(=O)NCC(=O)N[C@@H](CCCC[NH3+])C(=O)N[C@@H](C)C(=O)N[C@@H](C)C(=O)N[C@@H](CC(C)C)C(=O)N[C@@H](CCCC[NH3+])C(=O)NCC(=O)N[C@@H](CC(C)C)C(=O)N[C@@H](C)C(=O)N[C@@H](CCCC[NH3+])C(=O)N[C@H](C(=O)N[C@@H](CC(C)C)C(=O)N[C@H](C(N)=O)C(C)C)C(C)C,0,-4.6875477,1
CC(C)C[C@H](NC(=O)[C@@H](NC(=O)[C@H](C)NC(=O)[C@H](CS)NC(=O)[C@@H]1CCCN1C(=O)[C@@H]1CCCN1C(=O)[C@@H](NC(=O)[C@H](CO)NC(=O)[C@H](CS)NC(=O)[C@H](CS)NC(=O)CN)[C@@H](C)O)C(C)C)C(=O)N[C@@H](C)C(=O)N[C@@H](CS)C(N)=O,0,-9.555953,1
CC(=O)NCC(=O)N[C@@H](CCCC[NH3+])C(=O)N[C@@H](CCCC[NH3+])C(=O)N[C@@H](CC(C)C)C(=O)N[C@@H](CC(C)C)C(=O)N[C@@H](CCCC[NH3+])C(=O)N[C@@H](CCCC[NH3+])C(=O)N[C@@H](Cc1c[nH]c2ccccc12)C(=O)N[C@@H](CCCC[NH3+])C(=O)N[C@@H](CCCC[NH3+])C(=O)N[C@@H](CC(C)C)C(=O)N[C@@H](Cc1c[nH]c2ccccc12)C(=O)N[C@@H](CCCC[NH3+])C(=O)N[C@@H](CCCC[NH3+])C(=O)N[C@@H](Cc1c[nH]c2ccccc12)C(N)=O,0,-4.044343,1
CC(C)C[C@H](NC(=O)[C@H](C)NC(=O)[C@H](CCCC[NH3+])NC(=O)[C@H](CCCC[NH3+])NC(=O)[C@H](CC(C)C)NC(=O)[C@H](C)NC(=O)[C@H](CCCC[NH3+])NC(=O)[C@H](CC(C)C)NC(=O)[C@H](C)NC(=O)[C@H](CC(C)C)NC(=O)[C@H](C)NC(=O)[C@@H](N)Cc1ccccc1)C(N)=O,0,-5.44472,1
CSCC[C@@H]1NC(=O)[C@H](CCCNC(N)=[NH2+])NC(=O)[C@H](C)NC(=O)[C@H](C)NC(=O)[C@H](Cc2c[nH]c3ccccc23)NC(=O)[C@H](CCCNC(N)=[NH2+])NC(=O)[C@H](Cc2ccccc2)NC(=O)[C@H](C)NC(=O)[C@H](CCCC[NH3+])NC(=O)[C@H](CCCNC(N)=[NH2+])NC(=O)[C@H](Cc2c[nH]c3ccccc23)NC(=O)[C@H](C)NC(=O)[C@@H]2CCCN2C(=O)[C@H](C)NC(=O)[C@H](C)NC(=O)[C@H](CCCC[NH3+])NC(=O)[C@H](CCCC[NH3+])NC(=O)[C@H](CC(C)C)NC1=O,0,-3.4116535,1
CC[C@H](C)[C@H](NC(=O)[C@@H](NC(=O)CN)C(C)C)C(=O)N[C@@H](CC(=O)O)C(=O)N[C@@H](C)C(=O)N[C@@H](C)C(=O)N[C@@H](CCCC[NH3+])C(=O)N[C@@H](CCCC[NH3+])C(=O)N[C@H](C(=O)N[C@H](C(=O)N[C@@H](CC(N)=O)C(=O)N[C@H](C(=O)N[C@@H](CC(C)C)C(=O)N[C@@H](CCCC[NH3+])C(=O)N[C@@H](CC(N)=O)C(=O)N[C@@H](CC(C)C)C(=O)N1CCC[C@H]1C(N)=O)C(C)C)C(C)C)C(C)C,0,-2.9960675,1
CC[C@H](C)[C@H](NC(=O)[C@H](C)NC(=O)[C@H](C)NC(=O)[C@H](CCC(=O)O)NC(=O)[C@H](CCCC[NH3+])NC(=O)CNC(=O)[C@@H](NC(=O)[C@H](CC(N)=O)NC(=O)[C@H](CCCC[NH3+])NC(=O)[C@@H](NC(=O)[C@@H](NC(=O)[C@H](CO)NC(=O)[C@H](Cc1c[nH]c2ccccc12)NC(=O)[C@H](CC(C)C)NC(=O)CN)[C@@H](C)O)[C@@H](C)CC)C(C)C)C(=O)N[C@@H](C)C(=O)N[C@@H](C)C(=O)NCC(=O)N[C@@H](CCCC[NH3+])C(=O)N[C@@H](C)C(=O)N[C@H](C(=O)N[C@@H](CC(C)C)C(=O)NCC(=O)N[C@@H](CO)C(=O)N[C@@H](CC(C)C)C(N)=O)C(C)C,0,-6.592645,1
CC[C@H](C)[C@H](NC(=O)[C@H](CCCC[NH3+])NC(=O)[C@H](CCCC[NH3+])NC(=O)[C@H](CC(C)C)NC(=O)[C@H](CC(=O)O)NC(=O)[C@@H](NC(=O)[C@@H](N)Cc1ccccc1)C(C)C)C(=O)N[C@@H](C)C(=O)N[C@@H](CC(N)=O)C(=O)N[C@H](C(=O)N[C@H](C(=O)N[C@@H](CC(N)=O)C(=O)N[C@@H](CO)C(=O)N[C@H](C(=O)N[C@@H](Cc1ccccc1)C(=O)NCC(=O)N[C@@H](CCCC[NH3+])C(N)=O)[C@@H](C)CC)[C@@H](C)CC)[C@@H](C)CC,0,-6.6841207,1
CC[C@H](C)[C@H](N)C(=O)N[C@@H](CC(C)C)C(=O)N1CCC[C@H]1C(=O)N[C@@H](CC(C)C)C(=O)N[C@@H](CCCC[NH3+])C(=O)N[C@@H](Cc1c[nH]c2ccccc12)C(=O)N1CCC[C@H]1C(=O)N[C@@H](Cc1c[nH]c2ccccc12)C(=O)N[C@@H](Cc1c[nH]c2ccccc12)C(=O)N1CCC[C@H]1C(=O)N[C@@H](Cc1c[nH]c2ccccc12)C(=O)N[C@@H](CCCNC(N)=[NH2+])C(=O)N[C@@H](CCCNC(N)=[NH2+])C(N)=O,0,-3.3235822,1
CC[C@H](C)[C@H](NC(=O)[C@H](CO)NC(=O)[C@@H]1CCCN1C(=O)[C@H](CC(C)C)NC(=O)[C@@H](NC(=O)CNC(=O)[C@H](C)NC(=O)[C@H](CC(C)C)NC(=O)[C@@H](NC(=O)[C@H](CCCC[NH3+])NC(=O)[C@H](CC(C)C)NC(=O)[C@H](C)NC(=O)[C@H](CO)NC(=O)CNC(=O)[C@@H](NC(=O)[C@@H](N)Cc1ccccc1)[C@@H](C)CC)C(C)C)C(C)C)C(=O)N[C@H](C(=O)N[C@@H](CO)C(=O)N[C@@H](Cc1c[nH]c2ccccc12)C(=O)N[C@H](C(=O)N[C@@H](CCCC[NH3+])C(=O)N[C@@H](CCC(N)=O)C(N)=O)C(C)C)C(C)C,0,-7.0773816,1
CC(C)C[C@H](NC(=O)[C@H](CCC(=O)O)NC(=O)[C@@H]1CCCN1C(=O)[C@H](C)NC(=O)[C@H](CC(N)=O)NC(=O)[C@@H](NC(=O)[C@H](CO)NC(=O)[C@H](CS)NC(=O)[C@H](C)NC(=O)[C@@H]1CCCN1C(O)C(CC1CNCN1)NC(=O)[C@H](CO)NC(=O)[C@H](CS)NC(=O)[C@H](CS)NC(=O)CN)C(C)C)C(=O)N[C@@H](CS)C(N)=O,0,-9.128188,1
CC[C@H](C)[C@H](N)C(=O)N[C@@H](CC(C)C)C(=O)N1CCC[C@H]1C(=O)N[C@H](C(=O)N[C@@H](CC(C)C)C(=O)N[C@@H](C)C(=O)N1CCC[C@H]1C(=O)N[C@@H](CC(C)C)C(=O)N[C@H](C(=O)NCC(=O)NCC(=O)N[C@@H](CC(C)C)C(=O)N[C@@H](CC(C)C)C(N)=O)[C@@H](C)CC)[C@@H](C)CC,0,-0.458757,1
CC[C@H](C)[C@H](NC(=O)[C@H](C)NC(=O)[C@H](CCCC[NH3+])NC(=O)[C@H](CC(C)C)NC(=O)[C@H](CC(C)C)NC(=O)CNC(O)C(CC1CNCN1)NC(=O)[C@H](CC(C)C)NC(=O)[C@@H](NC(=O)[C@@H](NC(=O)[C@H](CCCC[NH3+])NC(=O)[C@H](CCCC[NH3+])NC(=O)[C@H](C)NC(=O)[C@H](CO)NC(=O)[C@H](CCCC[NH3+])NC(=O)[C@H](Cc1ccccc1)NC(=O)[C@@H](NC(=O)[C@H](CCCC[NH3+])NC(=O)[C@H](CC(C)C)NC(=O)[C@H](Cc1ccccc1)NC(=O)[C@H](CO)NC(=O)[C@H](CCCC[NH3+])NC(=O)[C@H](Cc1c[nH]c2ccccc12)NC(=O)[C@H](CCCC[NH3+])NC(C)=O)[C@@H](C)O)[C@@H](C)O)C(C)C)C(=O)N[C@@H](CO)C(=O)N[C@@H](CO)C(N)=O,0,-6.858747,1
CC[C@H](C)[C@H](NC(=O)[C@H](CCCC[NH3+])NC(=O)CNC(=O)[C@H](CC(C)C)NC(=O)[C@H](Cc1ccccc1)NC(=O)[C@H](CCCC[NH3+])NC(=O)[C@H](CO)NC(=O)[C@H](Cc1ccccc1)NC(=O)[C@H](Cc1c[nH]c2ccccc12)NC(=O)[C@H](CCC(N)=O)NC(=O)[C@@H](NC(=O)[C@@H](N)Cc1ccccc1)C(C)C)C(=O)N[C@@H](CC(C)C)C(N)=O,0,-5.787501,1
CSCC[C@H](NC(=O)CNC(=O)[C@H](CCCNC(N)=[NH2+])NC(=O)[C@H](CO)NC(=O)[C@H](CS)NC(O)C1CC(O)CN1C(=O)[C@@H](NC(=O)CNC(O)C1CC(O)CN1C(=O)[C@H](CO)NC(=O)[C@H](CCCC[NH3+])NC(=O)[C@@H](N)CS)[C@@H](C)O)C(=O)N[C@@H](CCCNC(N)=[NH2+])C(=O)N[C@@H](CC(=O)O)C(=O)N[C@@H](CS)C(=O)N[C@@H](CS)C(=O)N[C@H](C(=O)N[C@@H](CO)C(=O)N[C@@H](CS)C(=O)N[C@@H](CC(C)C)C(=O)N[C@@H](CC(C)C)C(=O)N[C@@H](Cc1ccc(O)cc1)C(=O)N[C@@H](CO)C(=O)N[C@@H](CC(N)=O)C(=O)N[C@@H](CCCC[NH3+])C(=O)N[C@@H](CS)C(=O)N[C@@H](CCCNC(N)=[NH2+])C(=O)N[C@@H](CCCNC(N)=[NH2+])C(=O)N[C@H](C=O)Cc1ccc(O)cc1)[C@@H](C)O,0,-1.2955362,1
CC(C)C[C@@H]1NC(=O)[C@H](CC(C)C)NC(=O)[C@H](CCC(N)=O)NC(=O)[C@H](CCCNC(=N)N)NC(=O)[C@H](Cc2c[nH]cn2)NC(=O)[C@@H]2CSSC[C@@H](C(=O)N[C@@H](CC(C)C)C(=O)N[C@@H](CCCNC(=N)N)C(=O)N[C@@H](Cc3ccccc3)C(=O)N[C@H](C(N)=O)C(C)C)NC(=O)[C@H](CSSC[C@H](NC(=O)[C@@H](N)CCC(=O)O)C(=O)N2)NC1=O,0,-4.64214,1
CC(=O)N[C@@H](CCCNC(N)=[NH2+])C(=O)N[C@@H](Cc1c[nH]c2ccccc12)C(=O)N[C@@H](Cc1ccc(O)cc1)C(=O)N[C@@H](CS)C(=O)NCC(N)=O,0,-5.503413,1
CC(=O)N[C@@H](CC(C)C)C(=O)N[C@@H](CC(C)C)C(=O)N[C@@H](CCCNC(N)=[NH2+])C(=O)N[C@H](C(=O)N[C@@H](CCCC[NH3+])C(=O)N[C@@H](CCCNC(N)=[NH2+])C(N)=O)C(C)C,0,-4.0817895,1
CC(C)[C@H](NC(=O)[C@@H](NC(=O)[C@H](CS)NC(=O)CNC(=O)[C@H](CS)NC(O)C1CC(O)CN1C(O)C(CC1CNCN1)NC(=O)[C@H](CS)NC(=O)[C@H](C)NC(=O)[C@H](C)NC(=O)[C@H](CC(N)=O)NC(O)C1CC(O)CN1C(=O)[C@H](Cc1ccc(O)cc1)NC(=O)[C@H](CCCC[NH3+])NC(=O)CNC(=O)[C@H](CS)NC(=O)[C@H](CS)NC(=O)CN)[C@@H](C)O)C(=O)NCC(=O)N[C@@H](CCCNC(N)=[NH2+])C(=O)N1CC(O)CC1C(O)N1CC(O)CC1C(O)N[C@@H](Cc1ccc(O)cc1)C(=O)N[C@@H](CS)C(=O)N[C@@H](CC(=O)O)C(=O)N[C@@H](CCCNC(N)=[NH2+])C(=O)N1CC(O)CC1C(O)N[C@@H](CO)C(=O)NCC(=O)NCC=O,0,-5.6541095,1
CC[C@H](C)[C@H](NC(=O)[C@@H](N)CCC(N)=O)C(=O)N1CCC[C@H]1C(=O)N[C@@H](Cc1c[nH]c2ccccc12)C(=O)N[C@@H](Cc1ccccc1)C(=O)NC(CC1CNCN1)C(O)N[C@@H](CCCNC(N)=[NH2+])C(N)=O,0,-5.1030126,1
CC(C)C[C@H](NC(=O)[C@H](CC(C)C)NC(=O)[C@@H](CCCC[NH3+])NC(=O)[C@H](CC(C)C)NC(=O)[C@H](CC(C)C)NC(=O)[C@H](CCCC[NH3+])NC(=O)[C@@H](CCCC[NH3+])NC(=O)[C@@H](CC(C)C)NC(=O)[C@H](CC(C)C)NC(=O)[C@@H](CCCC[NH3+])NC(=O)[C@H](CCCC[NH3+])NC(=O)[C@H](CC(C)C)NC(=O)[C@@H](CC(C)C)NC(=O)[C@H](CCCC[NH3+])NC(=O)[C@@H](N)CC(C)C)C(N)=O,0,-4.116508,1
CC[C@H](C)[C@H](NC(=O)[C@H](CCCC[NH3+])NC(=O)[C@H](CCCC[NH3+])NC(=O)[C@H](Cc1ccccc1)NC(=O)[C@H](CC(C)C)NC(=O)[C@H](CCCC[NH3+])NC(=O)[C@@H](N)CC(C)C)C(=O)N[C@@H](CC(C)C)C(=O)N[C@@H](CCCC[NH3+])C(=O)N[C@@H](Cc1ccc(O)cc1)C(=O)N[C@@H](CC(C)C)C(N)=O,0,-4.7217603,1
CC[C@H](C)[C@H](N)C(=O)N[C@@H](CC(N)=O)C(=O)N[C@@H](Cc1c[nH]c2ccccc12)C(=O)N[C@@H](CC(C)C)C(=O)N[C@@H](CCCC[NH3+])C(=O)N[C@@H](CC(C)C)C(=O)NCC(=O)N[C@@H](CCCC[NH3+])C(=O)N[C@@H](CCCC[NH3+])C(=O)N[C@H](C(=O)N[C@@H](CC(C)C)C(=O)NCC(=O)N[C@@H](C)C(=O)N[C@H](C(N)=O)[C@@H](C)CC)[C@@H](C)CC,0,-0.7810042,1
C[C@H](NC(=O)[C@H](C)NC(=O)[C@H](Cc1ccccc1)NC(=O)[C@H](C)NC(=O)[C@H](C)NC(=O)[C@H](CCCNC(N)=[NH2+])NC(=O)[C@H](CCCNC(N)=[NH2+])NC(=O)[C@@H](N)CCCNC(N)=[NH2+])C(=O)N[C@@H](Cc1c[nH]c2ccccc12)C(=O)N[C@@H](C)C(=O)N[C@@H](C)C(=O)N[C@@H](Cc1ccccc1)C(=O)N[C@@H](C)C(=O)N[C@@H](C)C(=O)N[C@@H](CCCNC(N)=[NH2+])C(=O)N[C@@H](CCCNC(N)=[NH2+])C(=O)N[C@@H](CCCNC(N)=[NH2+])C(N)=O,0,2.076289,1
CC(C)C[C@H](NC(=O)[C@H](CC(N)=O)NC(=O)[C@H](CO)NC(O)C(CC1CNCN1)NC(=O)[C@H](CCC(=O)O)NC(=O)[C@H](C)NC(O)C(CC1CNCN1)NC(=O)[C@H](CS)NC(=O)[C@@H](NC(=O)[C@@H]1CCCN1C(=O)[C@H](CC(N)=O)NC(=O)[C@H](CO)NC(=O)[C@H](CS)NC(=O)[C@H](CS)NC(=O)CN)C(C)C)C(=O)N[C@@H](CS)C(N)=O,0,-9.679027,1
CC[C@H](C)[C@H](NC(=O)[C@@H](N)CCCNC(N)=[NH2+])C(=O)N[C@@H](CC(C)C)C(=O)N[C@@H](CCCNC(N)=[NH2+])C(=O)NCC(N)=O,0,-0.641424,1
CC[C@H](C)[C@H](NC(=O)CN)C(=O)NCC(=O)NCC(=O)N[C@@H](CCCC[NH3+])C(=O)N[C@H](C(=O)N[C@@H](CC(C)C)C(=O)NCC(=O)NCC(=O)N[C@@H](CC(C)C)C(=O)N[C@@H](CCCC[NH3+])C(=O)N[C@H](C(=O)N[C@@H](C)C(=O)N[C@@H](CC(C)C)C(=O)N[C@@H](CCCC[NH3+])C(=O)NCC(=O)N[C@@H](C)C(=O)N[C@@H](C)C(=O)N[C@@H](CCCC[NH3+])C(=O)N[C@@H](CCC(=O)O)C(=O)N[C@@H](CC(C)C)C(=O)N[C@@H](C)C(=O)N[C@@H](CO)C(=O)N[C@H](C(=O)N[C@@H](Cc1ccc(O)cc1)C(=O)N[C@@H](CC(C)C)C(=O)NC(CC1CNCN1)C(N)O)[C@@H](C)O)[C@@H](C)O)[C@@H](C)CC,0,-1.5991825,1
CC[C@H](C)[C@H](NC(=O)[C@H](CCC(N)=O)NC(=O)[C@@H]1CCCN1C(=O)[C@H](CC(N)=O)NC(O)C(CC1CNCN1)NC(=O)[C@@H](NC(=O)[C@@H](NC(=O)[C@H](CS)NC(=O)[C@@H](NC(=O)[C@@H]1CCCN1C(=O)[C@H](CC(N)=O)NC(=O)[C@H](CO)NC(=O)[C@H](CS)NC(=O)[C@H](CS)NC(=O)[C@@H]1CCCN1C(=O)[C@H](CC(=O)O)NC(O)C(N)CCCNC(N)N(C)C)C(C)C)[C@@H](C)O)C(C)C)C(=O)N[C@@H](CS)C(N)=O,0,-7.664272,1
CC[C@H](C)[C@H](NC(=O)CN)C(=O)NCC(=O)N[C@@H](CCCC[NH3+])C(=O)N[C@@H](Cc1ccccc1)C(=O)N[C@@H](CC(C)C)C(=O)NC(CC1CNCN1)C(O)N[C@@H](CCCC[NH3+])C(=O)N[C@H](C(=O)NCC(=O)N[C@@H](CO)C(=O)N[C@@H](Cc1ccccc1)C(=O)N[C@H](C(=O)N[C@@H](CCCC[NH3+])C(=O)N[C@@H](CO)C(=O)N[C@@H](Cc1c[nH]c2ccccc12)C(=O)N[C@@H](CCCC[NH3+])C(=O)NCC(=O)N[C@@H](CCC(=O)O)C(=O)N[C@H](C(=O)N[C@@H](CCSC)C(=O)N[C@@H](CC(N)=O)C(=O)N[C@@H](CO)C(N)=O)[C@@H](C)CC)[C@@H](C)CC)C(C)C,0,-7.146956,1
CCCCC(NC(=O)[C@@H](NC(=O)[C@H](CCCC[NH3+])NC(=O)[C@@H]1CCCN1C(=O)[C@H](CC(C)C)NC(=O)[C@H](CO)NC(=O)[C@H](CCCC[NH3+])NC(=O)[C@H](CCCC[NH3+])NC(=O)[C@H](CC(C)C)NC(=O)[C@H](CO)NC(=O)[C@H](CO)NC(=O)[C@H](CC(C)C)NC(=O)[C@H](Cc1ccccc1)NC(=O)CN)C(C)C)C(O)N[C@@H](C)C(=O)NC(CC1CNCN1)C(O)NC(CCCC)C(O)N[C@@H](CCCC[NH3+])C(N)=O,0,-7.9021425,1
CC(C)C[C@@H]1NC(=O)[C@H](CCCC[NH3+])NC(=O)[C@H](C(C)C)NC(=O)[C@@H]2CCCN2C(=O)[C@@H](Cc2ccc(O)cc2)NC(=O)[C@H](CC(C)C)NC(=O)[C@H](CCCC[NH3+])NC(=O)[C@H](C(C)C)NC(=O)[C@H](CCCC[NH3+])NC(=O)[C@H](CC(C)C)NC(=O)[C@H]2CCCN2C(=O)[C@@H](Cc2ccc(O)cc2)NC(=O)[C@H](C(C)C)NC(=O)[C@H](CCCC[NH3+])NC1=O,0,-5.5467033,1
CC[C@H](C)[C@H](NC(=O)[C@H](CCCC[NH3+])NC(=O)[C@H](CCCC[NH3+])NC(=O)[C@H](CCC(N)=O)NC(=O)CN)C(=O)N[C@@H](CCCNC(N)=[NH2+])C(=O)N[C@H](C(=O)N[C@@H](CCCNC(N)=[NH2+])C(=O)N[C@@H](CC(C)C)C(=O)N[C@@H](CO)C(N)=O)C(C)C,0,-4.064066,1
CC[C@H](C)[C@H](NC(=O)[C@H](CCCC[NH3+])NC(=O)CNC(=O)[C@@H](NC(=O)[C@H](CC(C)C)NC(O)C(CC1CNCN1)NC(=O)[C@H](C)NC(=O)[C@H](CC(C)C)NC(=O)[C@H](CC(C)C)NC(=O)[C@H](CC(=O)O)NC(=O)[C@H](CCCC[NH3+])NC(=O)CNC(=O)[C@H](C)NC(=O)CNC(=O)[C@H](CCCC[NH3+])NC(=O)[C@H](CC(C)C)NC(=O)[C@@H](NC(=O)[C@H](CC(=O)O)NC(=O)[C@@H](NC(=O)[C@@H](NC(=O)CN)C(C)C)C(C)C)[C@@H](C)CC)C(C)C)C(=O)N[C@@H](CO)C(=O)N[C@@H](CCC(=O)O)C(=O)N[C@@H](CCCC[NH3+])C(=O)N[C@H](C(N)=O)C(C)C,0,-4.119389,1
CC[C@H](C)[C@@H]1NC(=O)[C@H](CCCNC(=N)N)NC(=O)CNC(=O)[C@@H]2CSSC[C@@H](C(=O)N3CCC[C@H]3C(=O)N[C@@H](CCC(=O)O)C(=O)N[C@H](C(=O)N[C@H](C(=O)N[C@@H](CS)C(=O)N3CCC[C@H]3C(=O)N[C@@H](CCCCN)C(=O)N[C@@H](CC(N)=O)C(=O)O)C(C)C)C(C)C)NC(=O)[C@H]([C@@H](C)CC)NC(=O)[C@H](CS)NC(=O)[C@H](CCCNC(=N)N)NC(=O)[C@H](CO)NC(=O)[C@H](CSSC[C@H](NC(=O)[C@H](CCC(=O)O)NC(=O)[C@@H](NC(=O)[C@H](Cc3c[nH]c4ccccc34)NC(=O)[C@H](Cc3ccc(O)cc3)NC(=O)[C@H](CCC(N)=O)NC(=O)[C@@H]3CCCN3C(=O)[C@@H](NC(=O)[C@H](CC(C)C)NC(=O)[C@H](CC(=O)O)NC(=O)[C@H](CC(N)=O)NC(=O)[C@@H](N)CC(C)C)C(C)C)[C@@H](C)O)C(=O)N2)NC(=O)[C@H](Cc2c[nH]cn2)NC(=O)[C@@H]2CCCN2C(=O)CNC1=O,0,-5.0165176,1
CC(C)C[C@H](NC(=O)[C@H](Cc1ccccc1)NC(=O)[C@H](C)NC(=O)CNC(=O)[C@H](Cc1c[nH]c2ccccc12)NC(=O)[C@H](CC(N)=O)NC(=O)[C@@H](N)CC(C)C)C(=O)N[C@@H](CCCC[NH3+])C(=O)NC(CC1CNCN1)C(O)N[C@@H](Cc1ccccc1)C(=O)N[C@@H](Cc1ccccc1)C(=O)N[C@@H](CCCC[NH3+])C(N)=O,0,-6.576076,1
CC[C@H](C)[C@H](N)C(=O)N[C@@H](CC(N)=O)C(=O)N[C@@H](Cc1c[nH]c2ccccc12)C(=O)N[C@@H](CCCC[NH3+])C(=O)N[C@@H](CCCC[NH3+])C(=O)N[C@H](C(=O)N[C@@H](C)C(=O)N[C@@H](CO)C(=O)N[C@H](C(=O)NCC(=O)N[C@@H](CCCC[NH3+])C(=O)N[C@@H](CCC(=O)O)C(=O)N[C@H](C(=O)N[C@@H](CC(C)C)C(=O)N[C@@H](CCCC[NH3+])C(=O)N[C@@H](C)C(=O)N[C@@H](CC(C)C)C(N)=O)C(C)C)[C@@H](C)CC)[C@@H](C)CC,0,-5.865328,1
CC[C@H](C)[C@H](NC(=O)[C@H](CCC(=O)O)NC(=O)[C@@H]1CCCN1C(O)C(CC1CNCN1)NC(=O)[C@H](CC(=O)O)NC(=O)[C@H](Cc1ccc(O)cc1)NC(=O)[C@H](CC(N)=O)NC(=O)[C@H](CS)NC(=O)[C@H](CCCNC(N)=[NH2+])NC(=O)[C@@H]1CCCN1C(=O)[C@H](CC(=O)O)NC(=O)[C@H](CO)NC(=O)[C@H](CS)NC(=O)[C@H](CS)NC(=O)[C@H](C)N)C(=O)N[C@@H](CS)C(N)=O,0,-6.1281986,1
CC[C@H](C)[C@H](NC(=O)[C@H](CCC(=O)O)NC(=O)[C@@H]1CCCN1C(O)C(CC1CNCN1)NC(=O)[C@H](CC(=O)O)NC(=O)[C@H](Cc1ccc(O)cc1)NC(=O)[C@H](C)NC(=O)[C@H](CS)NC(=O)[C@H](CCCNC(N)=[NH2+])NC(=O)[C@@H]1CCCN1C(=O)[C@H](CC(=O)O)NC(=O)[C@H](CO)NC(=O)[C@H](CS)NC(=O)[C@H](CS)NC(=O)CN)C(=O)N[C@@H](CS)C(N)=O,0,-6.2803206,1
CC[C@H](C)[C@H](NC(=O)[C@@H](NC(=O)[C@@H]1CCCN1C(=O)[C@@H](NC(=O)[C@@H](NC(=O)[C@H](CCCNC(N)=[NH2+])NC(=O)[C@@H]1CCCN1C(=O)[C@@H](NC(=O)[C@@H](NC(O)C(CC1CNCN1)NC(=O)[C@H](CCCC[NH3+])NC(=O)[C@H](C)NC(=O)[C@@H](NC(=O)[C@H](CO)NC(=O)CNC(=O)[C@H](CC(C)C)NC(=O)[C@@H](NC(=O)[C@H](CO)NC(=O)[C@H](Cc1ccccc1)NC(=O)[C@H](CC(C)C)NC(=O)CN)C(C)C)C(C)C)C(C)C)C(C)C)C(C)C)C(C)C)C(C)C)C(=O)N[C@@H](C)C(=O)N[C@@H](CCC(=O)O)C(=O)NC(CC1CNCN1)C(O)N[C@@H](CC(C)C)C(N)=O,0,-5.3465023,1
CC(C)[C@H](NC(=O)[C@H](CCCC[NH3+])NC(=O)[C@@H](NC(=O)[C@H](CCCC[NH3+])NC(=O)[C@@H](NC(=O)[C@H](CCCC[NH3+])NC(=O)[C@@H](NC(=O)[C@@H]1CCCN1C(=O)[C@H]1CCCN1C(=O)[C@@H](NC(=O)[C@H](CCCC[NH3+])NC(=O)[C@@H](NC(=O)[C@H](CCCC[NH3+])NC(=O)[C@@H](NC(=O)[C@H](CCCC[NH3+])NC(=O)[C@@H](NC(=O)[C@@H](N)CCCC[NH3+])C(C)C)C(C)C)C(C)C)C(C)C)[C@@H](C)O)C(C)C)C(C)C)C(=O)N[C@@H](CCCC[NH3+])C(N)=O,0,-4.6192718,1
CC(C)C[C@H](NC(=O)[C@H](CC(C)C)NC(=O)[C@H](CCCC[NH3+])NC(=O)CNC(=O)[C@H](CC(C)C)NC(=O)[C@H](CC(C)C)NC(=O)[C@H](CO)NC(=O)[C@H](C)NC(=O)[C@H](Cc1ccccc1)NC(=O)[C@H](Cc1ccccc1)NC(=O)[C@@H]1CCCN1C(=O)[C@H](CC(C)C)NC(=O)[C@@H](N)Cc1ccccc1)C(N)=O,0,-7.8362384,1
C[C@H](NC(=O)[C@H](Cc1ccc(O)cc1)NC(=O)[C@H](CC(N)=O)NC(=O)[C@H](CCCC[NH3+])NC(=O)CNC(=O)[C@H](CS)NC(=O)[C@H](C)NC(=O)[C@@H]1CCCN1C(O)C(CC1CNCN1)NC(=O)[C@H](CS)NC(=O)[C@H](CS)NC(=O)[C@H](CCCNC(N)=[NH2+])NC(=O)CN)C(=O)N[C@@H](CS)C(N)=O,0,-7.013713,1
CC(C)C[C@H]1NC(=O)[C@@H](C(C)C)NC(=O)[C@@H]2CCCN2C(=O)[C@@H](CC(=O)O)NC(=O)[C@@H](Cc2c[nH]c3ccccc23)NC1=O,0,-6.2523,1
CC[C@H](C)[C@@H]1NC(=O)CNC(=O)[C@H](CCCNC(N)=[NH2+])NC(=O)[C@H](Cc2ccc(O)cc2)NC(=O)[C@@H]2CSSC[C@H](NC1=O)C(=O)N[C@@H](Cc1ccc(O)cc1)C(=O)N[C@@H](CCCNC(N)=[NH2+])C(=O)N[C@@H](CCCNC(N)=[NH2+])C(=O)N[C@H](C(=O)N[C@@H](CCCNC(N)=[NH2+])C(=O)O)CSSC[C@H](NC(=O)[C@H](Cc1c[nH]c3ccccc13)NC(=O)[C@@H]([NH3+])CCCC[NH3+])C(=O)N[C@@H](Cc1ccccc1)C(=O)N[C@@H](CCCNC(N)=[NH2+])C(=O)N[C@@H](C(C)C)C(=O)N2,0,-1.2064397,1
CC[C@H](C)[C@H](NC(=O)[C@H](CO)NC(=O)[C@H](C)NC(=O)[C@@H]1CCCN1C(=O)[C@H](CC(C)C)NC(=O)CN)C(=O)N[C@@H](CO)C(=O)N[C@@H](Cc1c[nH]c2ccccc12)C(=O)N[C@H](C(=O)N[C@@H](CCCC[NH3+])C(=O)N[C@@H](CCCNC(N)=[NH2+])C(=O)N[C@@H](CCCC[NH3+])C(=O)N[C@@H](CCCNC(N)=[NH2+])C(=O)N[C@@H](CCC(N)=O)C(=O)N[C@@H](CCC(N)=O)C(N)=O)[C@@H](C)CC,0,-0.36020067,1
CC[C@H](C)[C@H](NC(=O)[C@H](CC(C)C)NC(=O)[C@@H]1CCCN1C(=O)[C@H](CC(C)C)NC(=O)[C@@H](N)C(C)C)C(=O)N[C@@H](CO)C(=O)N[C@@H](CCSC)C(=O)N[C@@H](C)C(=O)N[C@@H](CC(C)C)C(=O)NCC(=O)N[C@@H](CCCC[NH3+])C(=O)N[C@@H](CC(C)C)C(=O)N[C@@H](CC(C)C)C(N)=O,0,-5.756668,1
C[C@H](NC(=O)CNC(=O)[C@H](CS)NC(=O)[C@H](C)NC(=O)[C@@H]1CCCN1C(=O)[C@H](CC(N)=O)NC(=O)[C@H](CS)NC(=O)[C@H](CS)NC(=O)[C@@H](N)CCC(=O)O)C(=O)NC(CC1CNCN1)C(O)N[C@@H](Cc1ccc(O)cc1)C(=O)N[C@@H](CO)C(=O)N[C@@H](CS)C(N)=O,0,-8.352351,1
CC[C@H](C)[C@H](NC(=O)[C@H](Cc1c[nH]c2ccccc12)NC(=O)[C@H](CS)NC(=O)[C@H](CS)NC(=O)[C@@H](N)CC(C)C)C(=O)NC(CC1CNCN1)C(O)N[C@@H](Cc1c[nH]c2ccccc12)C(=O)N[C@@H](CS)C(=O)NC(CC1CNCN1)C(O)N[C@@H](C)C(=O)N[C@@H](CCCNC(N)=[NH2+])C(=O)N[C@@H](CS)C(=O)N[C@H](C(=O)N[C@@H](CS)C(=O)N[C@@H](CS)C(N)=O)[C@@H](C)O,0,-7.2921405,1
CC(C)C[C@@H]1NC(O)C(CCC[NH3+])NC(=O)[C@H](C(C)C)NC(=O)[C@@H]2CCCN2C(O)C(CC2CCCC3CCCCC32)NC(=O)[C@H](CC(C)C)NC(O)C(CCC[NH3+])NC(=O)[C@H](C(C)C)NC(=O)[C@@H]2CCCN2C(O)C(CC2CCCC3CCCCC32)NC1=O,0,-3.742715,1
NC(=O)[C@H](Cc1c[nH]c2ccccc12)NC(O)C(CC1CNCN1)NC(=O)[C@H](CS)NC(=O)[C@H](CS)NC(=O)[C@H](CCC(=O)O)NC(=O)[C@H](Cc1ccccc1)NC=O,0,-6.754503,1
CC(C)C[C@H](NC(=O)[C@H](C)NC(=O)[C@H](CCCC[NH3+])NC(=O)[C@H](CCCC[NH3+])NC(=O)[C@H](C)NC(=O)CNC(=O)[C@H](CCCC[NH3+])NC(=O)[C@H](CC(C)C)NC(=O)[C@H](CC(C)C)NC(=O)[C@H](CC(=O)O)NC(=O)[C@H](CCCC[NH3+])NC(=O)[C@H](Cc1ccccc1)NC(=O)CN)C(=O)N[C@H](C(=O)N[C@@H](CCCC[NH3+])C(=O)N[C@H](C(=O)N[C@H](C(=O)N[C@@H](CC(C)C)C(=O)N[C@@H](Cc1ccccc1)C(N)=O)C(C)C)[C@@H](C)O)C(C)C,0,-7.3566804,1
CC[C@H](C)[C@H](NC(=O)[C@H](CC(C)C)NC(O)C(CC1CNCN1)NC(=O)CNC(=O)[C@H](CC(C)C)NC(=O)[C@@H](NC(=O)[C@H](CCCC[NH3+])NC(=O)[C@H](CO)NC(=O)[C@H](Cc1c[nH]c2ccccc12)NC(=O)[C@H](CCSC)NC(=O)CN)[C@@H](C)CC)C(=O)N[C@@H](CCCC[NH3+])C(N)=O,0,-6.2109,1
CC[C@H](C)[C@H](NC(=O)[C@H](CCCNC(N)=[NH2+])NC(=O)[C@H](CS)NC(=O)[C@H](Cc1c[nH]c2ccccc12)NC(=O)[C@H](Cc1c[nH]c2ccccc12)NC(=O)[C@H](CCCNC(N)=[NH2+])NC(=O)[C@H](CCCNC(N)=[NH2+])NC(C)=O)C(N)=O,0,-3.860082,1
CSCC[C@@H]1NC(=O)[C@H](CCCNC(N)=[NH2+])NC(=O)[C@H](Cc2c[nH]c3ccccc23)NC(=O)[C@H](C)NC(=O)[C@H](C)NC(=O)[C@H](CCCNC(N)=[NH2+])NC(=O)[C@H](Cc2ccccc2)NC(=O)[C@H](C)NC(=O)[C@H](CCCC[NH3+])NC(=O)[C@H](CCCNC(N)=[NH2+])NC(=O)[C@H](Cc2c[nH]c3ccccc23)NC(=O)[C@H](C)NC(=O)[C@H]2CCCN2C(=O)[C@@H](C)NC(=O)[C@H](C)NC(=O)[C@H](CCCC[NH3+])NC(=O)[C@H](CCCC[NH3+])NC(=O)[C@H](CC(C)C)NC1=O,0,-3.719283,1
CC[C@H](C)[C@H]([NH3+])C(=O)N[C@H](C(=O)NCC(=O)N1CCC[C@H]1C(=O)N[C@H](C(=O)N[C@@H](CC(C)C)C(=O)NCC(=O)N[C@@H](CC(C)C)C(=O)N[C@H](C(=O)NCC(=O)N[C@@H](CO)C(=O)N[C@@H](C)C(=O)N[C@@H](CC(C)C)C(=O)NCC(=O)NCC(=O)N[C@@H](CC(C)C)C(=O)N[C@@H](CC(C)C)C(=O)N[C@@H](CCCC[NH3+])C(=O)N[C@@H](CCCC[NH3+])C(=O)N[C@H](C(=O)O)[C@@H](C)CC)C(C)C)C(C)C)[C@@H](C)CC,0,-2.1768212,1
CC[C@H](C)[C@H](NC(=O)[C@H](CCCC[NH3+])NC(=O)[C@H](Cc1ccc(O)cc1)NC(=O)CNC(O)C(CC1CNCN1)NC(O)C(CC1CNCN1)NC(=O)[C@H](CCCNC(N)=[NH2+])NC(=O)[C@H](CCCC[NH3+])NC(=O)[C@H](C)NC(O)C(CC1CNCN1)NC(=O)[C@H](CO)NC(=O)[C@@H](N)CC(=O)O)C(=O)N[C@@H](CCCC[NH3+])C(=O)N[C@@H](Cc1ccccc1)C(=O)NC(CC1CNCN1)C(O)N[C@@H](CCC(=O)O)C(=O)N[C@@H](CC(N)=O)C(=O)NC(CC1CNCN1)C(O)NC(CC1CNCN1)C(O)N[C@@H](CO)C(=O)NC(CC1CNCN1)C(O)N[C@@H](CCCNC(N)=[NH2+])C(=O)NCC(=O)N[C@@H](Cc1ccc(O)cc1)C(N)=O,0,-3.1845436,1
CC[C@@H](C)[C@H]1NC(=O)[C@H]2CCCN2C(=O)[C@H](Cc2c[nH]c3ccccc23)NC(=O)[C@H](CO)NC(=O)[C@@H](CS)NC(=O)[C@H]([C@@H](C)O)NC(=O)[C@@H](CS)NC(=O)CNC(=O)[C@H](CCC(N)=O)NC(=O)[C@H]([C@@H](C)O)NC(=O)[C@H](Cc2ccc(O)cc2)NC(=O)[C@H](CS)NC(=O)[C@H]([C@@H](C)O)NC(=O)CNC(=O)[C@H](CC(C)C)NC(=O)[C@H]([C@@H](C)O)NC(=O)[C@H](CS)NC(=O)[C@H]([C@@H](C)O)NC(=O)[C@H](CCC(=O)O)NC(=O)CNC(=O)[C@H](CS)NC(=O)[C@H](C(C)C)NC(=O)[C@@H]2CCCN2C(=O)[C@H](CC(C)C)NC(=O)CNC(=O)[C@H](CC(N)=O)NC(=O)[C@H](CCCNC(N)=[NH2+])NC(=O)[C@H](CCCC[NH3+])NC(=O)[C@H](CS)NC1=O,0,-7.569055,1
CC(C)C[C@H](NC(=O)[C@H](CCC(=O)O)NC(O)C1CC(O)CN1C(O)C(CC1CNCN1)NC(=O)[C@H](CC(N)=O)NC(=O)[C@@H](NC(=O)[C@H](CO)NC(=O)[C@H](CS)NC(=O)[C@H](C)NC(=O)[C@@H]1CCCN1C(O)C(CC1CNCN1)NC(=O)[C@H](CO)NC(=O)[C@H](CS)NC(=O)[C@H](CS)NC(=O)CN)C(C)C)C(=O)N[C@H](C=O)CS,0,-1.7397902,1
CC(C)C[C@H](NC(=O)[C@H](CCCC[NH3+])NC(=O)[C@H](CCCNC(N)=[NH2+])NC(=O)[C@H](Cc1ccccc1)NC(=O)[C@H](Cc1ccccc1)NC(=O)[C@H](CCCC[NH3+])NC(=O)[C@H](CCCC[NH3+])NC(=O)[C@H](Cc1ccccc1)NC(=O)[C@H](CCCNC(N)=[NH2+])NC(=O)[C@H](CCCC[NH3+])NC(=O)[C@@H](N)C(C)C)C(=O)N[C@@H](CCCC[NH3+])C(=O)N[C@@H](CCCC[NH3+])C(=O)N[C@@H](CCCC[NH3+])C(=O)N[C@H](C(N)=O)C(C)C,1,1.4893339,2
NC(=[NH2+])NCCC[C@H](NC(=O)[C@H](CCCNC(N)=[NH2+])NC(=O)[C@H](CCCNC(N)=[NH2+])NC(=O)[C@H](CCC(N)=O)NC(=O)[C@H](CCCNC(N)=[NH2+])NC(=O)[C@H](CCCNC(N)=[NH2+])NC(=O)[C@H](CCCC[NH3+])NC(=O)[C@H](CCCC[NH3+])NC(=O)[C@@H](N)CCCNC(N)=[NH2+])C(=O)NCC(=O)NCC(=O)NCC(N)=O,1,10.796399,2
CNCCC[C@H](NC(=O)[C@H](CCCNC)NC(=O)[C@H](CCCNC)NC(=O)[C@H](CCCNC)NC(=O)[C@H](CCCNC)NC(=O)[C@H](CCCNC)NC(=O)[C@H](CCCNC)NC(O)C(C)CN)C(N)=O,1,-3.6540582,2
CC(C)C[C@H](NC(=O)[C@H](CC(C)C)NC(=O)[C@H](C)NC(=O)[C@H](C)NC(=O)[C@H](C)NC(=O)[C@H](CC(C)C)NC(=O)[C@H](CCCC[NH3+])NC(=O)[C@H](CCCC[NH3+])NC(=O)[C@H](Cc1c[nH]c2ccccc12)NC(=O)[C@H](CCCC[NH3+])NC(=O)[C@H](CCCC[NH3+])NC(=O)[C@H](CC(C)C)NC(=O)[C@H](CC(C)C)NC(=O)[C@H](C)NC(=O)[C@H](C)NC(=O)[C@H](C)NC(=O)[C@H](CC(C)C)NC(=O)[C@@H](N)CCCC[NH3+])C(N)=O,1,-2.1848526,2
CC[C@H](C)[C@H](NC(=O)[C@H](CC(C)C)NC(=O)[C@@H](NC(=O)[C@H](CCCNC(N)=[NH2+])NC(=O)[C@H](Cc1ccccc1)NC(=O)[C@@H](NC(=O)[C@@H](NC(=O)[C@@H](N)CC(C)C)[C@@H](C)CC)[C@@H](C)CC)[C@@H](C)CC)C(=O)N[C@@H](CO)C(=O)NC(CC1CNCN1)C(O)NC(CC1CNCN1)C(O)NC(CO)CC1CNCN1,1,5.34725,2
CC[C@H](C)[C@H](NC(=O)[C@H](CCCNC(N)=[NH2+])NC(=O)[C@H](CCCNC(N)=[NH2+])NC(=O)[C@H](CCCNC(N)=[NH2+])NC(=O)[C@H](CC(C)C)NC(=O)[C@@H](NC(=O)[C@@H](NC(=O)[C@H](CC(C)C)NC(=O)[C@H](C)N)[C@@H](C)CC)[C@@H](C)CC)C(=O)N[C@@H](CCCNC(N)=[NH2+])C(=O)N[C@@H](CCCC[NH3+])C(=O)N[C@@H](CCC(N)=O)C(=O)N[C@@H](C)C(=O)NC(CC1CNCN1)C(O)N[C@@H](C)C(=O)NC(CC1CNCN1)C(O)N[C@@H](CO)C(=O)N[C@H](C=O)CCCC[NH3+],1,13.199202,2
CC[C@H](C)[C@H](NC(=O)[C@H](CCCC[NH3+])NC(=O)[C@H](CCCC[NH3+])NC(=O)[C@H](C)NC(=O)[C@H](CC(C)C)NC(=O)[C@H](C)NC(=O)[C@H](C)NC(=O)[C@H](CC(C)C)NC(=O)[C@H](C)NC(=O)[C@H](CCCC[NH3+])NC(=O)[C@H](CC(C)C)NC(=O)[C@H](CC(N)=O)NC(=O)[C@@H](NC(=O)[C@H](CCCC[NH3+])NC(=O)CNC(=O)[C@H](CC(C)C)NC(=O)[C@H](CC(C)C)NC(=O)[C@H](Cc1ccc(O)cc1)NC(=O)CNC(=O)[C@H](C)N)[C@@H](C)CC)C(=O)N[C@H](C=O)CC(C)C,1,9.251423,2
C[C@H](N)C(=O)N[C@@H](CS)C(=O)N[C@@H](CCCNC(N)=[NH2+])C(=O)NCC(=O)N[C@@H](CCCNC(N)=[NH2+])C(=O)NCC(=O)N[C@@H](CCCNC(N)=[NH2+])C(=O)NCC(=O)N[C@@H](CS)C(=O)NCC(=O)N[C@@H](CO)C(=O)NCC(=O)N[C@@H](CO)C(=O)N[C@@H](CCCNC(N)=[NH2+])C(=O)N[C@@H](CO)C(=O)N[C@@H](CS)C(=O)NCC=O,1,6.743172,2
CC[C@H](C)[C@H](NC(=O)[C@H](C)NC(=O)[C@@H](NC(=O)[C@H](CCC(N)=O)NC(=O)[C@@H](N)CCCNC(N)=[NH2+])[C@@H](C)CC)C(=O)N[C@@H](Cc1c[nH]c2ccccc12)C(=O)N[C@@H](Cc1ccccc1)C(=O)N[C@@H](CCC(N)=O)C(=O)N[C@@H](CC(N)=O)C(=O)N[C@@H](CCCNC(N)=[NH2+])C(=O)N[C@@H](CCCNC(N)=[NH2+])C(=O)N[C@@H](CCSC)C(=O)N[C@@H](CCCC[NH3+])C(=O)N[C@@H](Cc1c[nH]c2ccccc12)C(=O)N[C@@H](CCCC[NH3+])C(=O)N[C@H](C=O)CCCC[NH3+],1,13.269641,2
NCC(=O)N[C@@H](CCCNC(N)=[NH2+])C(=O)N[C@@H](CCCC[NH3+])C(=O)N[C@@H](CCCC[NH3+])C(=O)N[C@@H](CCCNC(N)=[NH2+])C(=O)N[C@@H](CCCNC(N)=[NH2+])C(=O)N[C@@H](CCC(N)=O)C(=O)N[C@@H](CCCNC(N)=[NH2+])C(=O)N[C@@H](CCCNC(N)=[NH2+])C(=O)N[C@@H](CCCNC(N)=[NH2+])C(=O)N1CCC[C@H]1C(=O)N1CCC[C@H]1C(=O)N[C@@H](CCC(N)=O)C(=O)N[C@H](C=O)Cc1ccc(O)cc1,1,13.051256,2
CC(=O)N[C@@H](CCCNC(N)=[NH2+])C(=O)N[C@@H](CCCNC(N)=[NH2+])C(=O)N[C@@H](CCCNC(N)=[NH2+])C(=O)N[C@@H](CCCNC(N)=[NH2+])C(=O)N[C@@H](CCCNC(N)=[NH2+])C(=O)N[C@@H](CCCNC(N)=[NH2+])C(=O)N[C@@H](CCCNC(N)=[NH2+])C(=O)N[C@@H](CCCNC(N)=[NH2+])C(N)=O,1,4.8049803,2
NC(=[NH2+])NCCC[C@@H](N)C(=O)N[C@H](CCCNC(N)=[NH2+])C(=O)N[C@H](CCCNC(N)=[NH2+])C(=O)N[C@H](CCCNC(N)=[NH2+])C(=O)N[C@H](CCCNC(N)=[NH2+])C(=O)N[C@@H](C=O)CCCNC(N)=[NH2+],1,21.6701,2
NC(=[NH2+])NCCC[C@@H](C=O)NC(=O)[C@H](CCCNC(N)=[NH2+])NC(=O)[C@H](CCCNC(N)=[NH2+])NC(=O)[C@H](CCCNC(N)=[NH2+])NC(=O)[C@H](CCCNC(N)=[NH2+])NC(=O)[C@@H](N)CCCNC(N)=[NH2+],1,19.753881,2
CC[C@H](C)[C@H](NC(=O)[C@@H](NC(=O)[C@@H](N)Cc1c[nH]c2ccccc12)[C@@H](C)CC)C(=O)N[C@@H](Cc1ccccc1)C(=O)N[C@@H](CCCNC(N)=[NH2+])C(=O)N[C@@H](C)C(=O)N[C@@H](C)C(=O)N[C@@H](C)C(=O)N[C@@H](CO)C(=O)NC(CC1CNCN1)C(O)N[C@@H](CCCC[NH3+])C(=O)N[C@H](C=O)CCCC[NH3+],1,9.306845,2
CC(C)C[C@H](NC(=O)[C@H](CCCNC(N)=[NH2+])NC(=O)[C@H](CCC(=O)O)NC(=O)[C@H](CC(=O)O)NC(=O)[C@H](C)NC(=O)[C@@H]1CCCN1C(=O)[C@H](CS)NC(=O)[C@H](CC(N)=O)NC(=O)[C@H](CCCNC(N)=[NH2+])NC(=O)[C@H](Cc1ccccc1)NC(=O)[C@H](CCCNC(N)=[NH2+])NC(=O)[C@H](CC(=O)O)NC(=O)[C@H](CCCNC(N)=[NH2+])NC(=O)[C@H](CS)NC(=O)[C@H](C)N)C(=O)N[C@@H](CS)C(=O)NCC=O,1,5.2481546,2
CC(C)C[C@H](NC(=O)[C@H](C)NC(=O)[C@H](CCCC[NH3+])NC(=O)[C@H](CC(C)C)NC(=O)[C@H](C)NC(=O)[C@H](CC(C)C)NC(=O)[C@H](CCCC[NH3+])NC(=O)[C@H](CC(C)C)NC(=O)[C@H](C)NC(=O)[C@H](CC(C)C)NC(=O)[C@@H](N)CCCC[NH3+])C(=O)N[C@@H](CCCC[NH3+])C(=O)N[C@@H](C)C(=O)N[C@@H](C)C(=O)N[C@@H](CC(C)C)C(=O)N[C@@H](CCCC[NH3+])C(=O)N[C@@H](CC(C)C)C(=O)N[C@@H](C)C(=O)NCC(=O)N[C@H](C=O)CS,1,10.748075,2
NC(=[NH2+])NCCC[C@H](NC(=O)[C@H](CCCNC(N)=[NH2+])NC(=O)[C@H](CCCNC(N)=[NH2+])NC(=O)[C@H](CCCNC(N)=[NH2+])NC(=O)[C@H](CCCNC(N)=[NH2+])NC(=O)[C@H](CCCNC(N)=[NH2+])NC(=O)[C@H](CCCNC(N)=[NH2+])NC(=O)[C@@H](N)CCCNC(N)=[NH2+])C(=O)NCC(=O)N[C@@H](CS)C(N)=O,1,8.076027,2
CC[C@H](C)[C@H](NC(=O)[C@H](CCCC[NH3+])NC(=O)[C@H](CCCC[NH3+])NC(=O)[C@H](C)NC(=O)[C@H](CC(C)C)NC(=O)[C@H](C)NC(=O)[C@H](C)NC(=O)[C@H](CC(C)C)NC(=O)[C@H](C)NC(=O)[C@H](CCCC[NH3+])NC(=O)[C@H](CC(C)C)NC(=O)[C@H](CC(N)=O)NC(=O)[C@@H](NC(=O)[C@H](CCCC[NH3+])NC(=O)CNC(=O)[C@H](CC(C)C)NC(=O)[C@H](CC(C)C)NC(=O)[C@H](Cc1ccc(O)cc1)NC(=O)CNC(=O)[C@H](C)NC(=O)[C@H](CO)NC(=O)[C@H](CC(N)=O)NC(=O)[C@@H](N)CC(C)C)[C@@H](C)CC)C(=O)N[C@H](C=O)CC(C)C,1,6.645132,2
CC(=O)N[C@@H](CS)C(=O)N[C@@H](Cc1c[nH]c2ccccc12)C(=O)N[C@@H](CCCC[NH3+])C(=O)N[C@@H](CCCC[NH3+])C(=O)N[C@@H](CCCC[NH3+])C(=O)N[C@@H](CCCC[NH3+])C(=O)N[C@@H](CCCC[NH3+])C(=O)N[C@@H](CCCC[NH3+])C(=O)N[C@@H](CCCC[NH3+])C(=O)N[C@@H](CCCC[NH3+])C(=O)N[C@@H](CCCC[NH3+])C(=O)N[C@@H](CCCC[NH3+])C(=O)N[C@@H](CCCC[NH3+])C(=O)N[C@@H](CCCC[NH3+])C(=O)N[C@@H](CCCC[NH3+])C(=O)N[C@@H](CCCC[NH3+])C(=O)N[C@@H](CCCC[NH3+])C(=O)N[C@@H](CCCC[NH3+])C(=O)N[C@@H](CCCC[NH3+])C(=O)N[C@H](C=O)CCCC[NH3+],1,18.924688,2
CC[C@H](C)[C@H](NC(=O)[C@H](CCCC[NH3+])NC(=O)[C@@H](NC(=O)[C@H](CCC(N)=O)NC(=O)[C@@H]([NH3+])CCCNC(N)=[NH2+])[C@@H](C)CC)C(=O)N[C@@H](Cc1c[nH]c2ccccc12)C(=O)N[C@@H](Cc1ccccc1)C(=O)N[C@@H](CCC(N)=O)C(=O)N[C@@H](CC(N)=O)C(=O)N[C@@H](CCCNC(N)=[NH2+])C(=O)N[C@@H](CCCNC(N)=[NH2+])C(=O)N[C@@H](CCSC)C(=O)N[C@@H](CCCC[NH3+])C(=O)N[C@@H](Cc1c[nH]c2ccccc12)C(=O)N[C@@H](CCCC[NH3+])C(=O)N[C@@H](CCCC[NH3+])C(=O)O,1,9.554404,2
C[C@H](N)C(=O)N[C@@H](CS)C(=O)N[C@@H](CCCNC(N)=[NH2+])C(=O)N[C@@H](CCCNC(N)=[NH2+])C(=O)N[C@@H](CO)C(=O)N[C@@H](CCCNC(N)=[NH2+])C(=O)N[C@@H](CCCNC(N)=[NH2+])C(=O)NCC(=O)N[C@@H](CS)C(=O)NCC(=O)N[C@@H](CCCNC(N)=[NH2+])C(=O)N[C@@H](CCCNC(N)=[NH2+])C(=O)N[C@@H](CO)C(=O)N[C@@H](CCCNC(N)=[NH2+])C(=O)N[C@@H](CCCNC(N)=[NH2+])C(=O)N[C@@H](CS)C(=O)NCC=O,1,12.354588,2
CC(=O)N[C@@H](CCCNC(N)=[NH2+])C(=O)N[C@@H](CC(C)C)C(=O)N[C@@H](CC(C)C)C(=O)N[C@@H](CCCNC(N)=[NH2+])C(=O)N[C@@H](CC(C)C)C(=O)N[C@@H](CC(C)C)C(=O)N[C@@H](CC(C)C)C(=O)N[C@@H](CCCNC(N)=[NH2+])C(=O)N[C@@H](CC(C)C)C(=O)N[C@@H](Cc1c[nH]c2ccccc12)C(=O)N[C@@H](CCCNC(N)=[NH2+])C(=O)N[C@@H](CCCNC(N)=[NH2+])C(=O)N[C@@H](CC(C)C)C(=O)N[C@@H](CC(C)C)C(=O)N[C@@H](CCCNC(N)=[NH2+])C(=O)N[C@@H](CC(C)C)C(=O)N[C@@H](CC(C)C)C(=O)N[C@@H](CCCNC(N)=[NH2+])C(N)=O,1,2.0847008,2
C[C@H](NC(=O)[C@H](CCCC[NH3+])NC(=O)[C@H](CO)NC(=O)[C@H](CCCNC(N)=[NH2+])NC(=O)[C@H](C)NC(O)C(CC1CNCN1)NC(O)C(CC1CNCN1)NC(=O)[C@H](CCCNC(N)=[NH2+])NC(=O)[C@H](CCCNC(N)=[NH2+])NC(=O)[C@@H](N)CO)C(=O)N[C@@H](CCCC[NH3+])C(=O)N[C@@H](CCCNC(N)=[NH2+])C(=O)N[C@@H](CO)C(=O)N[C@@H](CCCNC(N)=[NH2+])C(=O)NC(CC1CNCN1)C(O)NC(CO)CC1CNCN1,1,6.574131,2
NC(=[NH2+])NCCC[C@@H](C=O)NC(=O)[C@H](CCCNC(N)=[NH2+])NC(=O)[C@H](CCCNC(N)=[NH2+])NC(=O)[C@H](CCCNC(N)=[NH2+])NC(=O)[C@H](CCCNC(N)=[NH2+])NC(=O)[C@H](CCCNC(N)=[NH2+])NC(=O)[C@H](CCCNC(N)=[NH2+])NC(=O)[C@H](CCCNC(N)=[NH2+])NC(=O)[C@H](CCCNC(N)=[NH2+])NC(=O)[C@H](CCCNC(N)=[NH2+])NC(=O)[C@@H](N)CCCNC(N)=[NH2+],1,25.232405,2
C[C@H](NC(=O)[C@H](CCC(N)=O)NC(=O)[C@@H](N)CCCNC(N)=[NH2+])C(=O)N[C@@H](CCCNC(N)=[NH2+])C(=O)N[C@@H](CCCNC(N)=[NH2+])C(=O)N[C@@H](CC(N)=O)C(=O)N[C@@H](CCCNC(N)=[NH2+])C(=O)N[C@@H](CCCNC(N)=[NH2+])C(=O)N[C@@H](CCCNC(N)=[NH2+])C(=O)N[C@H](C=O)CS,1,17.721907,2
CC[C@H](C)[C@H](NC(=O)[C@H](CCCC[NH3+])NC(=O)[C@@H](NC(=O)[C@H](CCC(N)=O)NC(=O)[C@@H]([NH3+])CCCNC(N)=[NH2+])[C@@H](C)CC)C(=O)N[C@@H](Cc1c[nH]c2ccccc12)C(=O)N[C@@H](Cc1ccccc1)C(=O)N[C@@H](CCC(N)=O)C(=O)N[C@@H](CC(N)=O)C(=O)N[C@@H](CCCNC(N)=[NH2+])C(=O)N[C@@H](CCCNC(N)=[NH2+])C(=O)N[C@@H](CCSC)C(=O)N[C@@H](CCCC[NH3+])C(=O)N[C@@H](Cc1c[nH]c2ccccc12)C(=O)N[C@@H](CCCC[NH3+])C(=O)N[C@@H](CCCC[NH3+])C(=O)O,1,9.554404,2
NC(=[NH2+])NCCC[C@@H](NC(=O)[C@H](N)CS)C(=O)N[C@H](Cc1c[nH]c2ccccc12)C(=O)N[C@H](CCCNC(N)=[NH2+])C(=O)N[C@H](Cc1c[nH]c2ccccc12)C(=O)N[C@H](CCCC[NH3+])C(=O)N[C@H](CS)C(=O)N[C@H](CS)C(=O)N[C@H](CCCC[NH3+])C(=O)N[C@@H](C=O)CCCC[NH3+],1,11.362121,2
NC(=[NH2+])NCCC[C@H](NC(=O)[C@H](Cc1c[nH]c2ccccc12)NC(=O)[C@@H](CCCNC(N)=[NH2+])NC(=O)[C@@H](N)CS)C(=O)N[C@@H](Cc1c[nH]c2ccccc12)C(=O)N[C@@H](CCCC[NH3+])C(=O)N[C@@H](CS)C(=O)N[C@@H](CS)C(=O)N[C@@H](CCCC[NH3+])C(=O)N[C@H](C=O)CCCC[NH3+],1,8.549836,2
CC[C@H](C)[C@H](NC(=O)[C@H](CC(C)C)NC(=O)[C@@H](N)CCCC[NH3+])C(=O)N[C@@H](CCCC[NH3+])C(=O)NCC(=O)N[C@@H](CCCNC(N)=[NH2+])C(=O)N[C@H](C(=O)N1CCC[C@H]1C(=O)N[C@H](C(=O)N[C@@H](CCCC[NH3+])C(=O)N[C@@H](Cc1ccccc1)C(=O)NCC(=O)N[C@@H](CCCC[NH3+])C(=O)N[C@@H](C)C(=O)N[C@@H](CC(=O)O)C(=O)N[C@@H](CS)C(=O)N[C@@H](CC(=O)O)C(=O)N[C@@H](CCCNC(N)=[NH2+])C(=O)N1CCC[C@H]1C(=O)N1CCC[C@H]1C(=O)N[C@@H](CCCC[NH3+])C(=O)NC(CC1CNCN1)C(O)N[C@@H](CO)C(=O)NCC(=O)N[C@H](C=O)CCCC[NH3+])[C@@H](C)CC)[C@@H](C)O,1,8.759631,2
CC[C@H](C)[C@H](NC(=O)[C@H](CCCC[NH3+])NC(=O)[C@@H](NC(=O)[C@H](CCC(N)=O)NC(=O)[C@@H]([NH3+])CCCNC(N)=[NH2+])[C@@H](C)CC)C(=O)N[C@@H](Cc1c[nH]c2ccccc12)C(=O)N[C@@H](Cc1ccccc1)C(=O)N[C@@H](CCC(N)=O)C(=O)N[C@@H](CC(N)=O)C(=O)N[C@@H](CCCNC(N)=[NH2+])C(=O)N[C@@H](CCCNC(N)=[NH2+])C(=O)N[C@@H](CCSC)C(=O)N[C@@H](CCCC[NH3+])C(=O)N[C@@H](Cc1c[nH]c2ccccc12)C(=O)N[C@@H](CCCC[NH3+])C(=O)N[C@@H](CCCC[NH3+])C(=O)O,1,9.554404,2
C[C@H](NC(=O)[C@H](CCCNC(N)=[NH2+])NC(=O)[C@H](CCCNC(N)=[NH2+])NC(=O)[C@H](CCC(=O)O)NC(=O)[C@H](CCCNC(N)=[NH2+])NC(=O)[C@H](CCCNC(N)=[NH2+])NC(=O)[C@@H](N)CCCNC(N)=[NH2+])C(=O)N[C@@H](CCC(=O)O)C(=O)N[C@H](C=O)CCCC[NH3+],1,19.970705,2
NCC(=O)N[C@@H](CCCNC(N)=[NH2+])C(=O)N[C@@H](CCCC[NH3+])C(=O)N[C@@H](CCCC[NH3+])C(=O)N[C@@H](CCCNC(N)=[NH2+])C(=O)N[C@@H](CCCNC(N)=[NH2+])C(=O)N[C@@H](CCC(N)=O)C(=O)N[C@@H](CCCNC(N)=[NH2+])C(=O)N[C@@H](CCCNC(N)=[NH2+])C(=O)N[C@@H](CCCNC(N)=[NH2+])C(=O)N1CCC[C@H]1C(=O)N1CCC[C@H]1C(=O)N[C@H](C=O)CCC(N)=O,1,16.962763,2
NC(=[NH2+])NCCC[C@@H](C=O)NC(=O)[C@H](CCCNC(N)=[NH2+])NC(=O)[C@H](CCCNC(N)=[NH2+])NC(=O)[C@H](CCCNC(N)=[NH2+])NC(=O)[C@H](CCCNC(N)=[NH2+])NC(=O)[C@H](CCCNC(N)=[NH2+])NC(=O)[C@H](CCCNC(N)=[NH2+])NC(=O)[C@H](CCCNC(N)=[NH2+])NC(=O)[C@H](Cc1c[nH]c2ccccc12)NC(=O)[C@H](Cc1c[nH]c2ccccc12)NC(=O)[C@H](Cc1c[nH]c2ccccc12)NC(=O)[C@@H](N)Cc1c[nH]c2ccccc12,1,10.753866,2
CC[C@H](C)[C@H](NC(=O)[C@H](CCCNC(N)=[NH2+])NC(=O)[C@@H](NC(=O)[C@H](CCC(N)=O)NC(=O)[C@@H](N)CCCNC(N)=[NH2+])[C@@H](C)CC)C(=O)N[C@@H](Cc1c[nH]c2ccccc12)C(=O)N[C@@H](Cc1ccccc1)C(=O)N[C@@H](CCC(N)=O)C(=O)N[C@@H](CC(N)=O)C(=O)N[C@@H](CCCNC(N)=[NH2+])C(=O)N[C@@H](CCCNC(N)=[NH2+])C(=O)N[C@@H](CCSC)C(=O)N[C@@H](CCCNC(N)=[NH2+])C(=O)N[C@@H](Cc1c[nH]c2ccccc12)C(=O)N[C@@H](CCCNC(N)=[NH2+])C(=O)N[C@H](C=O)CCCNC(N)=[NH2+],1,14.925056,2
CC(C)C[C@H](NC(=O)[C@H](CO)NC(=O)[C@H](CO)NC(=O)[C@H](Cc1c[nH]c2ccccc12)NC(=O)[C@H](CC(C)C)NC(=O)[C@H](CO)NC(=O)[C@@H]1CCCN1C(=O)[C@H](Cc1c[nH]c2ccccc12)NC(=O)[C@H](C)NC(=O)[C@H](CO)NC(=O)[C@H](Cc1c[nH]c2ccccc12)NC(=O)[C@H](CC(C)C)NC(=O)[C@@H](N)CCCC[NH3+])C(=O)N[C@@H](Cc1c[nH]c2ccccc12)C(=O)N[C@@H](CCCC[NH3+])C(=O)N1CCC[C@H]1C(N)=O,1,-5.18056,2
CC[C@H](C)[C@@H]1NC(=O)[C@@H]2CCCN2C(=O)[C@@H]2CCCN2C(=O)[C@H]([C@@H](C)CC)NC(=O)[C@H](CO)NC(=O)[C@H](CCCC[NH3+])NC(=O)[C@H]([C@@H](C)O)NC(=O)[C@@H]2CSSC[C@H](NC1=O)C(=O)N[C@@H](Cc1ccccc1)C(=O)N1CCC[C@H]1C(=O)N[C@@H](CC(=O)O)C(=O)NCC(=O)N[C@@H](CCCNC(N)=[NH2+])C(=O)N2,1,0.8521195,2
CC(C)C[C@H](NC(=O)[C@@H](NC(=O)[C@H](CCCCN)NC(=O)[C@H](Cc1ccc(O)cc1)NC(=O)[C@@H](NC(=O)[C@H](Cc1ccc(O)cc1)NC(=O)[C@@H](NC(=O)[C@H](CO)NC(=O)[C@H](Cc1ccc(O)cc1)NC(=O)[C@H](CO)NC(=O)[C@H](CCC(=O)O)NC(=O)[C@H](CCCCN)NC(=O)[C@H](CCCNC(=N)N)NC(=O)[C@H](CO)NC(=O)[C@H](CCCNC(=N)N)NC1=[O+]C(CN)CC[C@@H]1NC(=O)[C@H](CCCNC(=N)N)NC(=O)[C@H](CCCCN)NC(=O)[C@H](CCCCN)NC(=O)CNC(=O)[C@H](CC(=O)O)NC(=O)[C@H](CCCCN)NC(=O)[C@H](CCCCN)NC(=O)[C@H](CCC(N)=O)NC(=O)[C@H](C)NC(=O)[C@H](CCCCN)NC(=O)[C@@H](NC(=O)[C@@H](NC(=O)[C@H](C)NC(=O)[C@H](CCCCN)NC(=O)[C@H](CCCCN)NC(=O)[C@H](CO)NC(=O)CNC(=O)[C@@H](N)CCCCN)C(C)C)[C@@H](C)O)C(C)C)C(C)C)C(C)C)C(=O)N[C@@H](CCCCN)C(=O)N[C@H](C=O)CCC(N)=O,1,2.2348766,2
C[C@@H](O)[C@@H](C=O)NC(=O)[C@H](CCCNC(N)=[NH2+])NC(=O)[C@H](CCCC[NH3+])NC(=O)[C@H](CCCC[NH3+])NC(=O)[C@H](CCCNC(N)=[NH2+])NC(=O)[C@H](CCCC[NH3+])NC(=O)[C@H](CCCNC(N)=[NH2+])NC(=O)CN,1,10.974635,2
C[C@H](NC(=O)[C@H](CCCNC(N)=[NH2+])NC(=O)[C@H](CCCNC(N)=[NH2+])NC(=O)[C@H](CCCNC(N)=[NH2+])NC(=O)[C@H](CCCNC(N)=[NH2+])NC(=O)CN)C(=O)N[C@H](C(=O)N[C@@H](C)C(=O)N[C@@H](CCCC[NH3+])C(=O)N[C@@H](Cc1ccc(O)cc1)C(=O)N[C@@H](CCCNC(N)=[NH2+])C(=O)N[C@H](C(=O)N[C@@H](C)C(=O)NC(CO)CC1CNCN1)[C@@H](C)O)[C@@H](C)O,1,5.3138914,2
CC[C@H](C)[C@H](NC(=O)[C@H](CCCC[NH3+])NC(=O)[C@H](C)NC(=O)[C@H](CCC(N)=O)NC(=O)[C@@H](N)CCCNC(N)=[NH2+])C(=O)N[C@@H](Cc1c[nH]c2ccccc12)C(=O)N[C@@H](Cc1ccccc1)C(=O)N[C@@H](CCC(N)=O)C(=O)N[C@@H](CC(N)=O)C(=O)N[C@@H](CCCNC(N)=[NH2+])C(=O)N[C@@H](CCCNC(N)=[NH2+])C(=O)N[C@@H](CCSC)C(=O)N[C@@H](CCCC[NH3+])C(=O)N[C@@H](Cc1c[nH]c2ccccc12)C(=O)N[C@@H](CCCC[NH3+])C(=O)N[C@H](C=O)CCCC[NH3+],1,14.395087,2
CC[C@H](C)[C@H](NC(=O)[C@H](CCCC[NH3+])NC(=O)[C@@H](NC(=O)[C@H](CCC(N)=O)NC(=O)[C@@H](N)CCCNC(N)=[NH2+])[C@@H](C)CC)C(=O)N[C@@H](Cc1c[nH]c2ccccc12)C(=O)N[C@@H](Cc1ccccc1)C(=O)N[C@@H](CCC(N)=O)C(=O)N[C@@H](CC(N)=O)C(=O)N[C@@H](CCCNC(N)=[NH2+])C(=O)N[C@@H](CCCNC(N)=[NH2+])C(=O)N[C@H](C=O)CCSC,1,11.213224,2
CC[C@H](C)[C@H](NC(=O)[C@@H](NC(=O)[C@@H]1CCCN1C(=O)[C@H](CCCC[NH3+])NC(=O)[C@H](CCCC[NH3+])NC(=O)[C@@H](NC(=O)[C@@H]1CCCN1C(=O)[C@H](CCCC[NH3+])NC(=O)[C@@H](NC(=O)[C@@H](NC(=O)[C@@H](NC(=O)[C@H](CCCC[NH3+])NC(=O)[C@H](CCCC[NH3+])NC(=O)CNC(=O)[C@@H]1CCCN1C(=O)[C@H](CCCC[NH3+])NC(=O)[C@H](CCCC[NH3+])NC(=O)[C@H](CC(N)=O)NC(=O)[C@@H]1CCCN1C(=O)[C@@H](NC(=O)[C@H](CCCNC(N)=[NH2+])NC(=O)[C@@H](N)CCCC[NH3+])[C@@H](C)CC)[C@@H](C)O)[C@@H](C)O)[C@@H](C)O)[C@@H](C)O)[C@@H](C)O)C(=O)N[C@@H](CCCC[NH3+])C(=O)N[C@H](C(=O)N[C@H](C(=O)N[C@@H](CCCC[NH3+])C(=O)N[C@H](C=O)CCCC[NH3+])[C@@H](C)O)[C@@H](C)O,1,10.349084,2
NC(=[NH2+])NCCC[C@@H](N)C(=O)N[C@H](CCCNC(N)=[NH2+])C(=O)N[C@H](CCCNC(N)=[NH2+])C(=O)N[C@H](CCCNC(N)=[NH2+])C(=O)N[C@H](CCCNC(N)=[NH2+])C(=O)N[C@H](CCCNC(N)=[NH2+])C(=O)N[C@H](CCCNC(N)=[NH2+])C(=O)N[C@H](CCCNC(N)=[NH2+])C(=O)N[C@H](CCCNC(N)=[NH2+])C(=O)N[C@H](CCCNC(N)=[NH2+])C(=O)N[C@H](CCCNC(N)=[NH2+])C(=O)N[C@H](CCCNC(N)=[NH2+])C(N)=O,1,15.228008,2
C[C@@H](O)[C@H](NC(=O)[C@H](CCCNC(N)=[NH2+])NC(=O)[C@H](CCCC[NH3+])NC(=O)[C@H](CC(N)=O)NC(=O)CNC(=O)[C@@H](N)CS)C(=O)N[C@@H](CCCNC(N)=[NH2+])C(=O)NCC(=O)N[C@H](C=O)CS,1,1.6032733,2
CC(C)C[C@H](NC(=O)CN)C(=O)N[C@@H](CCCC[NH3+])C(=O)N[C@@H](CCCC[NH3+])C(=O)N[C@@H](CC(C)C)C(=O)N[C@@H](C)C(=O)N[C@@H](CCC(=O)O)C(=O)N[C@@H](CC(C)C)C(=O)N[C@@H](C)C(=O)NC(CC1CNCN1)C(O)N[C@@H](CCCC[NH3+])C(=O)N[C@@H](CC(C)C)C(=O)N[C@@H](CC(C)C)C(=O)N[C@@H](CCCC[NH3+])C(=O)N[C@@H](CC(C)C)C(=O)NCC(=O)N[C@@H](CS)C(N)=O,1,-2.8612685,2
CC[C@H](C)[C@H](NC(=O)[C@H](CCCNC(N)=[NH2+])NC(=O)[C@@H](N)CCCC[NH3+])C(=O)N1CCC[C@H]1C(=O)N[C@@H](CC(N)=O)C(=O)N[C@@H](CCCC[NH3+])C(=O)N[C@@H](CCCC[NH3+])C(=O)N1CCC[C@H]1C(=O)N[C@@H](CCCC[NH3+])C(=O)N[C@H](C=O)CCCC[NH3+],1,13.004388,2
CCC[C@@H](C=O)NC(=O)[C@H](C)NC(=O)[C@H](C)NC(=O)[C@H](Cc1c[nH]c2ccccc12)NC(=O)[C@H](CCC(=O)O)NC(=O)CNC(=O)[C@@H](NC(=O)[C@H](CC(C)C)NC(=O)[C@H](CCCNC(=N)N)NC(=O)[C@H](CCC)NC(=O)[C@@H](NC(=O)[C@H](Cc1c[nH]cn1)NC(=O)[C@@H](NC(=O)[C@@H](NC(=O)[C@H](Cc1ccccc1)NC(=O)[C@@H](NC(=O)[C@H](CCCNC(=N)N)NC(=O)[C@@H](NC(=O)[C@H](CCCNC(=N)N)NC(=O)[C@H](CCC)NC(=O)[C@H](CCC)NC(=O)CNC(=O)[C@H](CS)NC(=O)[C@H](C)NC(=O)[C@H](CCCNC(=N)N)NC(=O)[C@H](CCCNC(=N)N)NC(=O)[C@@H](NC(=O)[C@H](CCCNC(=N)N)NC(=O)[C@H](CC(C)C)NC(=O)[C@@H](NC(=O)[C@@H](NC(=O)[C@H](CC(C)C)NC(=O)[C@H](Cc1ccccc1)NC(=O)[C@H](CCCNC(=N)N)NC(=O)[C@H](CCCNC(=N)N)NC(=O)[C@@H](NC(=O)[C@@H](N)CCSC)C(C)C)C(C)C)[C@@H](C)O)[C@@H](C)CC)C(C)C)C(C)C)C(C)C)C(C)C)[C@@H](C)CC)[C@@H](C)O,1,1.5578898,2
CC(C)C[C@H](NC(=O)[C@H](CCCC[NH3+])NC(=O)[C@H](CCCNC(N)=[NH2+])NC(=O)[C@H](Cc1ccccc1)NC(=O)[C@H](Cc1ccccc1)NC(=O)[C@H](CCCC[NH3+])NC(=O)[C@H](CCCC[NH3+])NC(=O)[C@H](Cc1ccccc1)NC(=O)[C@H](CCCNC(N)=[NH2+])NC(=O)[C@H](CCCC[NH3+])NC(=O)[C@@H](N)C(C)C)C(=O)N[C@@H](CCCC[NH3+])C(=O)N[C@@H](CCCC[NH3+])C(=O)N[C@@H](CC(C)C)C(=O)N[C@H](C(N)=O)C(C)C,1,0.8609269,2
CC[C@H](C)[C@H](NC(=O)[C@H](CC(C)C)NC(=O)[C@@H](NC(=O)[C@H](CCCNC(N)=[NH2+])NC(=O)[C@H](Cc1ccccc1)NC(=O)[C@@H](NC(=O)[C@@H](NC(=O)[C@@H](N)CC(C)C)[C@@H](C)CC)[C@@H](C)CC)[C@@H](C)CC)C(=O)N[C@@H](CO)C(=O)NC(CC1CNCN1)C(O)N[C@@H](CCCNC(N)=[NH2+])C(=O)N[C@H](C=O)CCCNC(N)=[NH2+],1,12.2639065,2
CC[C@H](C)[C@H](NC(=O)[C@H](C)NC(=O)[C@@H](NC(=O)[C@@H](N)Cc1ccc(O)cc1)[C@@H](C)O)C(=O)N[C@@H](C)C(=O)N[C@@H](Cc1c[nH]c2ccccc12)C(=O)N[C@H](C(=O)N[C@@H](CCCC[NH3+])C(=O)N[C@@H](C)C(=O)N[C@@H](Cc1ccccc1)C(=O)N[C@H](C(=O)N[C@@H](CCCNC(N)=[NH2+])C(=O)N[C@@H](CCCC[NH3+])C(=O)N[C@@H](CC(C)C)C(=O)N[C@@H](CCCNC(N)=[NH2+])C(=O)N[C@H](C=O)CCCC[NH3+])[C@@H](C)CC)C(C)C,1,9.118001,2
CCC(NC(=O)[C@H](CC(=O)O)NC(=O)CN)C(O)N[C@@H](CC(C)C)C(=O)N1CCC[C@H]1C(=O)NC(CC1CNCN1)C(O)N[C@@H](CC(C)C)C(=O)N[C@@H](CCCCN)C(=O)N[C@@H](CC(C)C)C(=O)N[C@@H](CS)C(=O)O,1,-1.2592692,2
CC[C@H](C)[C@H](NC(=O)[C@H](CS)NC(=O)[C@H](CO)NC(=O)[C@@H](NC(=O)[C@@H]1CCCN1C(=O)[C@@H]1CCCN1C(=O)CNC(=O)[C@H](CCCNC(N)=[NH2+])NC(=O)[C@@H](NC(=O)[C@H](CCCC[NH3+])NC(=O)[C@H](CCCNC(N)=[NH2+])NC(=O)[C@H](CCSC)NC(=O)[C@H](CC(N)=O)NC(=O)[C@H](CCCNC(N)=[NH2+])NC(=O)[C@H](CCC(N)=O)NC(=O)[C@H](Cc1c[nH]c2ccccc12)NC(=O)[C@@H](N)CCC(N)=O)C(C)C)C(C)C)C(=O)N[C@@H](CCCC[NH3+])C(=O)N[C@H](C=O)CCCNC(N)=[NH2+],1,8.113819,2
C[C@H](N)C(=O)N[C@@H](CS)C(=O)N[C@@H](CCCNC(N)=[NH2+])C(=O)NCC(=O)N[C@@H](CCCNC(N)=[NH2+])C(=O)NCC(=O)N[C@@H](CCCNC(N)=[NH2+])C(=O)NCC(=O)N[C@@H](CS)C(=O)N[C@@H](CCCNC(N)=[NH2+])C(=O)NCC(=O)N[C@@H](CCCNC(N)=[NH2+])C(=O)NCC(=O)N[C@@H](CCCNC(N)=[NH2+])C(=O)NCC(=O)N[C@@H](CS)C(=O)NCC=O,1,11.044411,2
CC[C@H](C)[C@H](NC(=O)[C@H](CCCC[NH3+])NC(=O)[C@H](Cc1ccccc1)NC(=O)[C@@H](NC(=O)[C@@H](NC(=O)[C@@H](N)CCSC)[C@@H](C)CC)[C@@H](C)CC)C(=O)N[C@@H](C)C(=O)N[C@@H](C)C(=O)N[C@@H](CO)C(=O)NC(CC1CNCN1)C(O)N[C@@H](CCCC[NH3+])C(=O)N[C@H](C=O)CCCC[NH3+],1,10.24555,2
CC[C@H](C)[C@H](NC(=O)[C@H](CCCNC(N)=[NH2+])NC(=O)[C@H](CCCNC(N)=[NH2+])NC(=O)[C@H](CCCNC(N)=[NH2+])NC(=O)[C@H](CC(C)C)NC(=O)[C@@H](NC(=O)[C@@H](NC(=O)[C@H](CC(C)C)NC(=O)[C@@H](N)CC(C)C)[C@@H](C)CC)[C@@H](C)CC)C(=O)N[C@@H](CCCNC(N)=[NH2+])C(=O)N[C@@H](CCCC[NH3+])C(=O)N[C@@H](CCC(N)=O)C(=O)N[C@@H](C)C(=O)NC(CC1CNCN1)C(O)N[C@H](C)C(=O)NC(CC1CNCN1)C(O)N[C@@H](CO)C(=O)N[C@H](C=O)CCCC[NH3+],1,12.766381,2
CC[C@H](C)[C@H](NC(=O)[C@H](CC(C)C)NC(=O)[C@H](CC(=O)O)NC(=O)[C@H](CCCNC(N)=[NH2+])NC(=O)[C@H](C)NC(=O)[C@@H](NC(=O)[C@@H](NC(=O)[C@@H](N)CCSC)[C@@H](C)CC)[C@@H](C)CC)C(=O)N[C@H](C=O)CO,1,10.40724,2
CC[C@H](C)[C@H](NC(=O)[C@H](CCCC[NH3+])NC(=O)[C@H](CCCC[NH3+])NC(=O)[C@H](C)NC(=O)[C@H](CC(C)C)NC(=O)[C@H](C)NC(=O)[C@H](C)NC(=O)[C@H](CC(C)C)NC(=O)[C@H](C)NC(=O)[C@H](CCCC[NH3+])NC(=O)[C@H](CC(C)C)NC(=O)[C@H](CC(N)=O)NC(=O)[C@@H](NC(=O)[C@H](CCCC[NH3+])NC(=O)CNC(=O)[C@H](CC(C)C)NC(=O)[C@H](CC(C)C)NC(=O)[C@H](Cc1ccc(O)cc1)NC(=O)CNC(=O)[C@H](C)NC(=O)[C@H](CO)NC(=O)[C@H](CC(N)=O)NC(=O)[C@H](CC(C)C)NC(=O)[C@@H](NC(=O)[C@H](Cc1c[nH]c2ccccc12)NC(=O)CN)[C@@H](C)O)[C@@H](C)CC)C(=O)N[C@H](C=O)CC(C)C,1,5.617667,2
CC[C@H](C)[C@H](NC(=O)CNC(=O)[C@H](CC(=O)O)NC(=O)[C@H](CO)NC(=O)[C@@H]([NH3+])Cc1c[nH]cn1)C(=O)N[C@@H](Cc1ccccc1)C(=O)N[C@H](C(=O)N[C@@H](CC(=O)O)C(=O)N[C@@H](CO)C(=O)N[C@@H](Cc1ccc(O)cc1)C(=O)N[C@@H](CO)C(=O)N[C@@H](CCCNC(N)=[NH2+])C(=O)N[C@@H](Cc1ccc(O)cc1)C(=O)N[C@@H](CCCNC(N)=[NH2+])C(=O)N[C@@H](CCCC[NH3+])C(=O)N[C@@H](CCC(N)=O)C(=O)N[C@@H](CCSC)C(=O)N[C@@H](C)C(=O)N[C@H](C(=O)N[C@@H](CCCC[NH3+])C(=O)N[C@@H](CCCC[NH3+])C(=O)N[C@@H](Cc1ccc(O)cc1)C(=O)N[C@@H](CC(C)C)C(=O)N[C@@H](C)C(=O)N[C@@H](C)C(=O)N[C@H](C(=O)N[C@@H](CC(C)C)C(=O)NCC(=O)N[C@@H](CCCC[NH3+])C(=O)N[C@@H](CCCNC(N)=[NH2+])C(=O)N[C@@H](Cc1ccc(O)cc1)C(=O)N[C@@H](CCCC[NH3+])C(=O)N[C@@H](CCC(N)=O)C(=O)N[C@@H](CCCNC(N)=[NH2+])C(=O)N[C@H](C(=O)N[C@@H](CCCC[NH3+])C(=O)N[C@@H](CC(N)=O)C(=O)N[C@@H](CCCC[NH3+])C(N)=O)C(C)C)C(C)C)C(C)C)[C@@H](C)O,1,-3.355069,2
CC[C@H](C)[C@H](NC(=O)[C@H](CC(N)=O)NC(=O)[C@H](C)NC(=O)[C@H](CC(C)C)NC(=O)[C@H](CC(C)C)NC(=O)[C@H](CC(N)=O)NC(=O)[C@H](CO)NC(O)C(CC1CNCN1)NC(O)C(CC1CNCN1)NC(=O)[C@H](CCCNC(N)=[NH2+])NC(=O)[C@H](CC(C)C)NC(O)C(CC1CNCN1)NC(=O)[C@H](CCCNC(N)=[NH2+])NC(=O)[C@H](CC(C)C)NC(=O)[C@H](CC(C)C)NC(=O)[C@H](CC(C)C)NC(=O)CNC(=O)[C@H](CC(C)C)NC(C)=O)C(N)=O,1,-4.9480553,2
NC(=[NH2+])NCCC[C@@H](N)C(=O)N[C@H](CCCNC(N)=[NH2+])C(=O)N[C@H](CCCNC(N)=[NH2+])C(=O)N[C@H](CCCNC(N)=[NH2+])C(=O)N[C@H](CCCNC(N)=[NH2+])C(=O)N[C@H](CCCNC(N)=[NH2+])C(=O)N[C@H](CCCNC(N)=[NH2+])C(=O)N[C@H](CCCNC(N)=[NH2+])C(=O)N[C@H](CCCNC(N)=[NH2+])C(=O)N[C@H](CCCNC(N)=[NH2+])C(=O)N[C@H](CCCNC(N)=[NH2+])C(=O)N[C@H](CCCNC(N)=[NH2+])C(=O)NCC(=O)N[C@@H](CS)C(N)=O,1,15.774702,2
CC(C)[C@H](NC(=O)[C@H](CCCNC(N)=[NH2+])NC(=O)[C@H](CCCNC(N)=[NH2+])NC(=O)[C@H](CCCNC(N)=[NH2+])NC(=O)[C@H](CC(N)=O)NC(=O)[C@H](CCCNC(N)=[NH2+])NC(=O)[C@H](CCCNC(N)=[NH2+])NC(=O)[C@@H](NC(=O)[C@@H](N)CCCNC(N)=[NH2+])[C@@H](C)O)C(=O)N[C@H](C=O)CCCNC(N)=[NH2+],1,19.270555,2
CC[C@H](C)[C@H](NC(=O)[C@H](CO)NC(=O)[C@H](CCCCN)NC(=O)[C@@H](NC(=O)[C@H](CCCNC(=N)N)NC(=O)[C@H](CCC(=O)O)NC(=O)[C@H](Cc1c[nH]c2ccccc12)NC(=O)[C@H](CCSC)NC(=O)[C@H](CO)NC(=O)[C@H](C)N)C(C)C)C(=O)N[C@H](C(=O)N[C@@H](CCCCN)C(=O)N[C@@H](CO)C(=O)N[C@@H](CO)C(=O)N[C@@H](CC(C)C)C(=O)N[C@@H](C)C(=O)N[C@@H](C)C(=O)N[C@@H](C)C(=O)N[C@@H](CO)C(=O)N[C@@H](CC(N)=O)C(=O)N[C@H](C=O)[C@@H](C)CC)[C@@H](C)CC,1,2.240968,2
C[C@H](NC(=O)[C@H](CCC(N)=O)NC(=O)[C@H](CCCC[NH3+])NC(=O)[C@H](CCC(=O)O)NC(=O)[C@H](C)NC(=O)[C@H](CCCNC(N)=[NH2+])NC(=O)[C@H](CCCNC(N)=[NH2+])NC(=O)[C@H](CCC(=O)O)NC(=O)[C@H](CCCNC(N)=[NH2+])NC(=O)[C@H](CCCNC(N)=[NH2+])NC(=O)[C@H](CCCNC(N)=[NH2+])NC(=O)[C@@H](NC(=O)[C@@H](N)CCC(N)=O)[C@@H](C)O)C(=O)N[C@@H](CCC(N)=O)C(=O)N[C@H](C=O)Cc1c[nH]c2ccccc12,1,10.669641,2
CC[C@H](C)[C@H](NC(=O)[C@H](C)NC(=O)[C@H](CC(C)C)NC(=O)[C@H](CCCC[NH3+])NC(=O)[C@H](CC(C)C)NC(=O)[C@@H](NC(=O)[C@@H](NC(=O)[C@@H](N)CCCC[NH3+])[C@@H](C)CC)[C@@H](C)O)C(=O)N[C@@H](CCCC[NH3+])C(=O)N[C@@H](C)C(=O)N[C@@H](Cc1c[nH]c2ccccc12)C(=O)N[C@@H](CCCC[NH3+])C(=O)N[C@@H](CC(C)C)C(=O)N[C@@H](C)C(=O)N[C@@H](CC(C)C)C(=O)N[C@@H](CCCC[NH3+])C(=O)N[C@@H](C)C(=O)N[C@@H](C)C(N)=O,1,-0.86857903,2
NCC(=O)N[C@@H](CCCNC(N)=[NH2+])C(=O)NCC(=O)N[C@@H](CC(=O)O)C(=O)N[C@@H](CO)C(=O)N1CCC[C@H]1C(=O)N[C@@H](CCCNC(N)=[NH2+])C(=O)N[C@@H](CCCNC(N)=[NH2+])C(=O)N[C@@H](CO)C(=O)N1CCC[C@H]1C(=O)N[C@@H](CCCNC(N)=[NH2+])C(=O)N[C@H](C=O)CCCNC(N)=[NH2+],1,14.024314,2
CC[C@H](C)[C@H](NC(=O)[C@H](CC(C)C)NC(=O)[C@@H](N)CCCC[NH3+])C(=O)N[C@@H](CCCC[NH3+])C(=O)NCC(=O)N[C@@H](CCCNC(N)=[NH2+])C(=O)N[C@H](C(=O)N1CCC[C@H]1C(=O)N[C@H](C(=O)N[C@@H](CCCC[NH3+])C(=O)N[C@@H](Cc1ccccc1)C(=O)NCC(=O)N[C@@H](CCCC[NH3+])C(=O)N[C@@H](C)C(=O)N[C@@H](CCCNC(N)=[NH2+])C(=O)N[C@@H](CS)C(=O)N[C@@H](CCCNC(N)=[NH2+])C(=O)N[C@@H](CCCNC(N)=[NH2+])C(=O)N1CCC[C@H]1C(=O)N1CCC[C@H]1C(=O)N[C@@H](CCCC[NH3+])C(=O)NC(CC1CNCN1)C(O)N[C@@H](CO)C(=O)NCC(=O)N[C@H](C=O)CCCC[NH3+])[C@@H](C)CC)[C@@H](C)O,1,11.990587,2
CC[C@H](C)[C@H](NC(=O)[C@H](CCCNC(N)=[NH2+])NC(=O)[C@H](CC(C)C)NC(=O)[C@H](CCC(N)=O)NC(=O)[C@@H](N)CCCNC(N)=[NH2+])C(=O)N[C@@H](C)C(=O)NCC(=O)N[C@@H](CCCNC(N)=[NH2+])C(=O)N[C@@H](CCCNC(N)=[NH2+])C(=O)N[C@@H](CC(C)C)C(=O)N[C@@H](CCCNC(N)=[NH2+])C(=O)NCC(=O)N[C@@H](CCCNC(N)=[NH2+])C(=O)N[C@@H](CO)C(=O)N[C@H](C=O)CCCNC(N)=[NH2+],1,16.29224,2
NC(=[NH2+])NCCC[C@H](NC(=O)[C@H](CCCNC(N)=[NH2+])NC(=O)[C@H](CCCNC(N)=[NH2+])NC(=O)[C@H](CCCNC(N)=[NH2+])NC(=O)[C@H](CCCNC(N)=[NH2+])NC(=O)[C@H](CCCNC(N)=[NH2+])NC(=O)[C@H](CCCNC(N)=[NH2+])NC(=O)[C@H](CCCNC(N)=[NH2+])NC(=O)[C@@H](N)CCCNC(N)=[NH2+])C(N)=O,1,6.865172,2
CC(C)C[C@H](NC(=O)CN)C(=O)N[C@@H](Cc1c[nH]c2ccccc12)C(=O)N[C@@H](CCCNC(N)=[NH2+])C(=O)N[C@@H](C)C(=O)N[C@@H](CC(C)C)C(=O)N[C@@H](Cc1c[nH]c2ccccc12)C(=O)N[C@@H](CCCNC(N)=[NH2+])C(=O)N[C@@H](CC(C)C)C(=O)N[C@@H](CC(C)C)C(=O)N[C@@H](CCCNC(N)=[NH2+])C(=O)N[C@@H](CO)C(=O)N[C@@H](CC(C)C)C(=O)N[C@@H](Cc1c[nH]c2ccccc12)C(=O)N[C@@H](CCCNC(N)=[NH2+])C(=O)N[C@@H](CC(C)C)C(=O)N[C@@H](CC(C)C)C(=O)N[C@@H](Cc1c[nH]c2ccccc12)C(=O)N[C@@H](CCCNC(N)=[NH2+])C(=O)N[C@@H](C)C=O,1,11.187515,2
CC(C)C[C@H](NC(=O)CN)C(=O)N[C@@H](CCCC[NH3+])C(=O)N[C@@H](CCCC[NH3+])C(=O)N[C@@H](CC(C)C)C(=O)N[C@@H](C)C(=O)N[C@@H](CCC(=O)O)C(=O)N[C@@H](CC(C)C)C(=O)N[C@@H](Cc1ccccc1)C(=O)NC(CC1CNCN1)C(O)N[C@@H](CCCC[NH3+])C(=O)N[C@@H](CC(C)C)C(=O)N[C@@H](CC(C)C)C(=O)N[C@@H](CCCC[NH3+])C(=O)N[C@@H](CC(C)C)C(=O)NCC(=O)N[C@@H](CS)C(N)=O,1,-3.5528316,2
CSCC[C@H](NC(=O)[C@@H](NC(=O)[C@H](CO)NC(=O)CNC(=O)[C@H](C)NC(=O)[C@H](C)NC(=O)CNC(=O)[C@H](CC(C)C)NC(=O)[C@H](Cc1ccccc1)NC(=O)CNC(=O)[C@H](CC(C)C)NC(=O)[C@H](Cc1ccccc1)NC(=O)[C@H](CC(C)C)NC(=O)[C@H](C)NC(=O)CN)[C@@H](C)O)C(=O)NCC(=O)N[C@@H](C)C(=O)N[C@@H](Cc1c[nH]c2ccccc12)C(=O)N[C@@H](CO)C(=O)N[C@@H](CCC(N)=O)C(=O)N1CCC[C@H]1C(=O)N[C@@H](CCCC[NH3+])C(=O)N[C@@H](CO)C(=O)N[C@@H](CCCC[NH3+])C(=O)N[C@@H](CCCNC(N)=[NH2+])C(=O)N[C@@H](CCCC[NH3+])C(=O)N[C@H](C=O)C(C)C,1,6.686306,2
CC[C@H](C)[C@H](NC(=O)[C@H](C)NC(=O)[C@H](C)NC(=O)[C@@H]1CCCN1C(=O)[C@H](CCCNC(N)=[NH2+])NC(=O)[C@@H](N)CCCC[NH3+])C(=O)N[C@@H](CCCC[NH3+])C(=O)N[C@@H](CCCC[NH3+])C(=O)N[C@@H](C)C(=O)NCC(=O)N[C@@H](CCC(N)=O)C(=O)N[C@@H](C)C(=O)N[C@@H](CCCC[NH3+])C(=O)N[C@@H](CCCC[NH3+])C(=O)N[C@@H](CCCC[NH3+])C(=O)N[C@H](C=O)CCCC[NH3+],1,13.9595375,2
C[C@H](NC(=O)[C@H](CCCC[NH3+])NC(=O)[C@H](CO)NC(=O)[C@H](CCCNC(N)=[NH2+])NC(=O)[C@H](CS)NC(O)C(CC1CNCN1)NC(O)C(CC1CNCN1)NC(=O)[C@H](CCCNC(N)=[NH2+])NC(=O)[C@H](CCCNC(N)=[NH2+])NC(=O)CN)C(=O)N[C@@H](CCCC[NH3+])C(=O)N[C@@H](CCCNC(N)=[NH2+])C(=O)N[C@@H](CO)C(=O)N[C@@H](CCCNC(N)=[NH2+])C(=O)NC(CC1CNCN1)C(O)NC(CO)CC1CNCN1,1,5.005205,2
C[C@H](N)C(=O)N[C@@H](CS)C(=O)N[C@@H](CO)C(=O)NCC(=O)N[C@@H](CO)C(=O)NCC(=O)N[C@@H](CO)C(=O)NCC(=O)N[C@@H](CS)C(=O)NCC(=O)N[C@@H](CO)C(=O)NCC(=O)N[C@@H](CO)C(=O)NCC(=O)N[C@@H](CO)C(=O)N[C@@H](CS)C(=O)NCC=O,1,-6.2711267,2
NC(=[NH2+])NCCC[C@@H](C=O)NC(=O)[C@H](CCCNC(N)=[NH2+])NC(=O)[C@H](CCCNC(N)=[NH2+])NC(=O)[C@H](CCCNC(N)=[NH2+])NC(=O)[C@H](CCCNC(N)=[NH2+])NC(=O)[C@H](CCCNC(N)=[NH2+])NC(=O)[C@H](CCCNC(N)=[NH2+])NC(=O)[C@@H](N)CCCNC(N)=[NH2+],1,23.393517,2
NCC(=O)N[C@@H](CCCC[NH3+])C(=O)NC(CC1CNCN1)C(O)N[C@@H](CCCNC(N)=[NH2+])C(=O)NC(CC1CNCN1)C(O)N[C@@H](CCC(=O)O)C(=O)N[C@@H](CCCNC(N)=[NH2+])C(=O)NCC(=O)NC(CC1CNCN1)C(O)NC(CC1CNCN1)C(O)N[C@@H](CCCNC(N)=[NH2+])C(=O)N[C@@H](CC(=O)O)C(=O)N[C@@H](CCCNC(N)=[NH2+])C(=O)N[C@@H](CCCNC(N)=[NH2+])C(=O)N[C@@H](CCC(=O)O)C(=O)N[C@H](C=O)CCCNC(N)=[NH2+],1,14.172054,2
NC(=[NH2+])NCCC[C@@H](C=O)NC(=O)[C@H](CCCNC(N)=[NH2+])NC(=O)[C@H](CCCNC(N)=[NH2+])NC(=O)[C@H](CCCNC(N)=[NH2+])NC(=O)[C@H](CCCNC(N)=[NH2+])NC(=O)[C@H](CCCNC(N)=[NH2+])NC(=O)[C@H](CCCNC(N)=[NH2+])NC(=O)[C@H](CCCNC(N)=[NH2+])NC(=O)[C@@H](N)Cc1c[nH]c2ccccc12,1,17.254879,2
CC[C@H](C)[C@H](NC(=O)[C@H](CCCC[NH3+])NC(=O)[C@H](CC(C)C)NC(=O)[C@@H](NC(=O)[C@H](CO)NC(=O)[C@H](CCCC[NH3+])NC(=O)[C@H](Cc1c[nH]c2ccccc12)NC(=O)[C@@H](NC(=O)[C@H](CCCC[NH3+])NC(=O)[C@H](C)NC(=O)[C@@H](NC(=O)[C@H](CO)NC(=O)[C@H](CCCC[NH3+])NC(=O)[C@H](C)NC(=O)[C@H](C)NC(=O)[C@@H](NC(=O)[C@@H](N)CCCC[NH3+])[C@@H](C)CC)[C@@H](C)CC)[C@@H](C)CC)[C@@H](C)CC)C(=O)N[C@@H](C)C(N)=O,1,-0.47784755,2
CC[C@H](C)[C@H](NC(=O)[C@H](CCCC[NH3+])NC(=O)[C@@H](NC(=O)[C@H](CCC(N)=O)NC(=O)[C@@H]([NH3+])CCCNC(N)=[NH2+])[C@@H](C)CC)C(=O)N[C@@H](Cc1c[nH]c2ccccc12)C(=O)N[C@@H](Cc1ccccc1)C(=O)N[C@@H](CCC(N)=O)C(=O)N[C@@H](CC(N)=O)C(=O)N[C@@H](CCCNC(N)=[NH2+])C(=O)N[C@@H](CCCNC(N)=[NH2+])C(=O)N[C@@H](CCSC)C(=O)N[C@@H](CCCC[NH3+])C(=O)N[C@@H](Cc1c[nH]c2ccccc12)C(=O)N[C@@H](CCCC[NH3+])C(=O)N[C@@H](CCCC[NH3+])C(=O)O,1,9.554404,2
CC(C)[C@@H](N)C(=O)N[C@H](CS)C(=O)N[C@@H](C(=O)N[C@@H](C=O)CCCNC(N)=[NH2+])C(C)C,1,1.2708097,2
CC(C)C[C@@H](C=O)NC(=O)[C@H](CCC(=O)O)NC(=O)[C@@H](NC(=O)[C@H](CC(C)C)NC(=O)[C@@H](NC(=O)[C@H](CCCC[NH3+])NC(=O)[C@@H](NC(=O)[C@H](CC(C)C)NC(=O)[C@H](CCC(=O)O)NC(=O)[C@H](CCCC[NH3+])NC(=O)[C@H](CC(C)C)NC(=O)[C@@H](NC(=O)[C@H](CCC(=O)O)NC(=O)[C@@H](NC(=O)[C@H](CC(C)C)NC(=O)[C@@H](NC(=O)[C@H](CCCC[NH3+])NC(=O)[C@@H](N)CC(C)C)[C@@H](C)O)[C@@H](C)O)[C@@H](C)O)[C@@H](C)O)[C@@H](C)O)[C@@H](C)O,1,3.2774968,2
CC(C)C[C@H](NC(=O)CNC(=O)[C@H](C)NC(=O)[C@H](CCCNC(=N)N)NC(=O)[C@H](CO)NC(=O)[C@H](CO)NC(=O)[C@H](CCCNC(=N)N)NC(=O)[C@@H](NC(=O)[C@H](CCCCN)NC(=O)[C@H](C)NC(=O)[C@H](CCCCN)NC(=O)[C@H](C)NC(=O)[C@H](CCCNC(=N)N)NC(=O)[C@H](C)NC(=O)[C@H](CCCCN)NC(=O)CNC(=O)CNC(=O)[C@H](CCC(N)=O)NC(=O)[C@H](CCCCN)NC(=O)CNC(=O)[C@H](CCCNC(=N)N)NC(=O)CNC(=O)[C@@H](N)CO)[C@@H](C)O)C(=O)N[C@@H](CCC(N)=O)C(=O)N[C@@H](Cc1ccccc1)C(=O)N1CCC[C@H]1C(=O)N[C@H](C(=O)NCC(=O)N[C@@H](CCCNC(=N)N)C(=O)N[C@H](C(=O)N[C@@H](Cc1c[nH]cn1)C(=O)N[C@@H](CCCNC(=N)N)C(=O)N[C@@H](CC(C)C)C(=O)N[C@@H](CC(C)C)C(=O)N[C@@H](CCCNC(=N)N)C(=O)N[C@@H](CCCCN)C(=O)NCC=O)C(C)C)C(C)C,1,1.1911367,2
CC[C@H](C)[C@H](NC(=O)[C@H](CCCC[NH3+])NC(=O)[C@@H](NC(=O)[C@H](CCC(N)=O)NC(=O)[C@@H]([NH3+])CCCNC(N)=[NH2+])[C@@H](C)CC)C(=O)N[C@@H](Cc1c[nH]c2ccccc12)C(=O)N[C@@H](Cc1ccccc1)C(=O)N[C@@H](CCC(N)=O)C(=O)N[C@@H](CC(N)=O)C(=O)N[C@@H](CCCNC(N)=[NH2+])C(=O)N[C@@H](CCCNC(N)=[NH2+])C(=O)N[C@@H](CCSC)C(=O)N[C@@H](CCCC[NH3+])C(=O)N[C@@H](Cc1c[nH]c2ccccc12)C(=O)N[C@@H](CCCC[NH3+])C(=O)N[C@@H](CCCC[NH3+])C(=O)O,1,9.554404,2
NC(=[NH2+])NCCC[C@@H](N)C(=O)N[C@@H](CCCNC(N)=[NH2+])C(=O)N[C@H](CCCNC(N)=[NH2+])C(=O)NCC(=O)N[C@H](CCCNC(N)=[NH2+])C(=O)N[C@@H](CCCC[NH3+])C(=O)N[C@H](CCCC[NH3+])C(=O)N[C@@H](CCCNC(N)=[NH2+])C(=O)N[C@@H](C=O)CCCNC(N)=[NH2+],1,21.557909,2
CC[C@H](C)[C@H](NC(=O)[C@H](CCCC[NH3+])NC(=O)[C@@H](NC(=O)[C@H](CCC(N)=O)NC(=O)[C@@H](N)CCCNC(N)=[NH2+])[C@@H](C)CC)C(=O)N[C@@H](Cc1c[nH]c2ccccc12)C(=O)N[C@@H](Cc1ccccc1)C(=O)N[C@@H](CCC(N)=O)C(=O)N[C@H](C=O)CC(N)=O,1,3.5521536,2
C[C@H](NC(=O)[C@H](C)NC(=O)[C@H](CO)NC(=O)[C@H](CCCNC(N)=[NH2+])NC(=O)[C@H](CS)NC(O)C(CC1CNCN1)NC(O)C(CC1CNCN1)NC(=O)[C@H](CCCNC(N)=[NH2+])NC(=O)[C@H](CCCNC(N)=[NH2+])NC(=O)[C@@H](N)CO)C(=O)N[C@@H](CCCC[NH3+])C(=O)N[C@@H](CCCNC(N)=[NH2+])C(=O)N[C@@H](CO)C(=O)N[C@@H](CCCNC(N)=[NH2+])C(=O)NC(CC1CNCN1)C(O)NC(CO)CC1CNCN1,1,5.986453,2
NC(=[NH2+])NCCC[C@H](NC(=O)[C@H](Cc1ccccc1)NC(=O)[C@H](CCCC[NH3+])NC(=O)[C@H](CCCC[NH3+])NC(=O)[C@@H](N)Cc1ccccc1)C(=O)N[C@@H](CCCC[NH3+])C(=O)N[C@H](C=O)Cc1ccccc1,1,9.879541,2
CCC[C@@H]1NC(=O)[C@@H]2CS34SC[C@H](NC(=O)[C@H]([C@@H](C)CC)NC(=O)[C@H](CS)NC(=O)[C@H](C)NC(=O)CNC1=O)C(=O)N[C@@H](CCCNC(=N)N)C(=O)NCC(=O)N[C@@H](CC(N)=O)C(=O)NCC(=O)N[C@@H](Cc1ccc(O)cc1)C(=O)N[C@H](C(=O)NCC(=O)N[C@@H](CO)C(=O)NCC(=O)N[C@@H](CO)C(=O)N[C@H](C=O)CC(=O)O)C[SH]3[SH]4C[C@H](NC(=O)[C@H](CCCCN)NC(=O)[C@H](CCCCN)NC(=O)[C@H](CC(C)C)NC(=O)[C@@H](NC(=O)[C@H](C)NC(=O)[C@H](CCC)NC(=O)[C@H](CS)NC(=O)[C@@H](NC(=O)CNC(=O)CN)C(C)C)[C@@H](C)CC)C(=O)N[C@@H](CCCNC(=N)N)C(=O)N[C@@H](CCCNC(=N)N)C(=O)N[C@@H](CC(=O)O)C(=O)N[C@@H](CO)C(=O)N[C@@H](CC(=O)O)C(=O)N2,1,-0.13308688,2
C[C@H](N)C(=O)N[C@@H](CS)C(=O)N[C@@H](CO)C(=O)NCC(=O)N[C@@H](CCCNC(N)=[NH2+])C(=O)NCC(=O)N[C@@H](CCCNC(N)=[NH2+])C(=O)NCC(=O)N[C@@H](CS)C(=O)NCC(=O)N[C@@H](CO)C(=O)NCC(=O)N[C@@H](CO)C(=O)NCC(=O)N[C@@H](CO)C(=O)N[C@@H](CS)C(=O)NCC=O,1,2.1562917,2
CC[C@H](C)[C@H](NC(=O)[C@H](CC(C)C)NC(=O)[C@H](C)NC(=O)[C@H](CCCNC(N)=[NH2+])NC(=O)[C@H](Cc1ccccc1)NC(=O)[C@@H](NC(=O)[C@@H](NC(=O)[C@@H](N)CCSC)[C@@H](C)CC)[C@@H](C)CC)C(=O)N[C@@H](CO)C(=O)NC(CC1CNCN1)C(O)N[C@@H](CCCC[NH3+])C(=O)N[C@H](C=O)CCCC[NH3+],1,11.005867,2
CC(C)C[C@H](NC(=O)[C@H](CCCNC(N)=[NH2+])NC(=O)[C@H](CCCNC(N)=[NH2+])NC(=O)[C@H](CC(C)C)NC(=O)[C@H](CC(C)C)NC(=O)[C@H](CCCNC(N)=[NH2+])NC(=O)[C@@H](N)CCCNC(N)=[NH2+])C(=O)N[C@@H](CCCNC(N)=[NH2+])C(=O)N[C@H](C=O)CCCNC(N)=[NH2+],1,20.026651,2
CC[C@H](C)[C@H](NC(=O)[C@H](CCCNC(N)=[NH2+])NC(=O)[C@@H](N)CCCC[NH3+])C(=O)N1CCC[C@H]1C(=O)N[C@@H](CC(N)=O)C(=O)N[C@@H](CCCC[NH3+])C(=O)N[C@@H](CCCC[NH3+])C(=O)N1CCC[C@H]1C(=O)NCC(=O)N[C@@H](CCCC[NH3+])C(=O)N[C@H](C=O)CCCC[NH3+],1,11.346109,2
CC[C@H](C)[C@H](NC(=O)[C@H](CCCC[NH3+])NC(=O)[C@@H](NC(=O)[C@H](CCC(N)=O)NC(=O)[C@@H](N)CCCNC(N)=[NH2+])[C@@H](C)CC)C(=O)N[C@@H](Cc1c[nH]c2ccccc12)C(=O)N[C@@H](Cc1ccccc1)C(=O)N1CCC[C@H]1C(=O)N[C@@H](CC(N)=O)C(=O)N[C@@H](CCCNC(N)=[NH2+])C(=O)N[C@@H](CCCNC(N)=[NH2+])C(=O)N[C@@H](CCSC)C(=O)N[C@@H](CCCC[NH3+])C(=O)N[C@@H](Cc1c[nH]c2ccccc12)C(=O)N[C@@H](CCCC[NH3+])C(=O)N[C@H](C=O)CCCC[NH3+],1,13.376512,2
CC[C@H](C)[C@H](NC(=O)[C@H](CCCNC(N)=[NH2+])NC(=O)[C@@H](NC(=O)[C@@H](N)CCCNC(N)=[NH2+])C(C)C)C(=O)N[C@@H](CC(C)C)C(=O)N[C@@H](C)C(=O)N[C@@H](CCCNC(N)=[NH2+])C(=O)N[C@@H](Cc1ccccc1)C(=O)N[C@@H](CC(C)C)C(=O)N[C@@H](CCCNC(N)=[NH2+])C(=O)N[C@H](C(=O)N[C@@H](CCCNC(N)=[NH2+])C(=O)N[C@H](C=O)C(C)C)[C@@H](C)O,1,13.570157,2
CC[C@H](C)[C@H](NC(=O)[C@H](CCCCN)NC(=O)[C@H](CCCCN)NC(=O)[C@H](C)NC(=O)[C@H](CC(C)C)NC(=O)[C@H](C)NC(=O)[C@H](C)NC(=O)[C@H](CC(C)C)NC(=O)[C@H](C)NC(=O)[C@H](CCCCN)NC(=O)[C@H](CC(C)C)NC(=O)[C@H](CC(N)=O)NC(=O)[C@@H](NC(=O)[C@H](CCCCN)NC(=O)CNC(=O)[C@H](CC(C)C)NC(=O)[C@H](CC(C)C)NC(=O)[C@H](Cc1ccc(O)cc1)NC(=O)CNC(=O)[C@H](C)N)[C@@H](C)O)C(=O)N[C@H](C=O)CC(C)C,1,5.3190317,2
NC(=[NH2+])NCCC[C@H](NC(=O)CNC(=O)[C@H](CCCNC(N)=[NH2+])NC(=O)[C@@H](N)CCCNC(N)=[NH2+])C(=O)N[C@@H](CCCNC(N)=[NH2+])C(=O)NCC=O,1,6.9839935,2
CC[C@H](C)[C@H](NC(=O)[C@H](CCCNC(N)=[NH2+])NC(=O)[C@H](CC(C)C)NC(=O)[C@@H](NC(=O)[C@@H](NC(=O)[C@H](CC(C)C)NC(=O)[C@H](Cc1ccccc1)NC(=O)[C@H](CCCNC(N)=[NH2+])NC(=O)[C@H](CCCNC(N)=[NH2+])NC(=O)[C@@H](N)C(C)C)C(C)C)[C@@H](C)O)C(=O)N[C@@H](CCCNC(N)=[NH2+])C(=O)N[C@@H](CCCNC(N)=[NH2+])C(=O)N[C@@H](C)C=O,1,13.398827,2
CCC[C@H](NC(=O)[C@@H](NC(=O)[C@H](CC(C)C)NC(=O)[C@H](CC(N)=O)NC(=O)[C@H](CCCNC(=N)N)NC(=O)[C@H](CC(C)C)NC(=O)[C@H](Cc1ccccc1)NC(=O)[C@H](CC(=O)O)NC(=O)[C@H](CCCCN)NC(=O)[C@@H](NC(=O)[C@H](CCCNC(=N)N)NC(=O)[C@H](CCC(N)=O)NC(=O)[C@@H](NC(=O)[C@@H](NC(=O)[C@H](CCCNC(=N)N)NC(=O)[C@H](CCCCN)NC(=O)[C@H](Cc1ccccc1)NC(=O)[C@H](CCC(=O)O)NC(=O)[C@H](CCCCN)NC(=O)CNC(=O)[C@@H](NC(=O)[C@H](CCCCN)NC(=O)[C@H](CCC(=O)O)NC(=O)[C@H](CCCCN)NC(=O)[C@H](CO)NC(=O)[C@H](CCCCN)NC(=O)[C@H](CCCNC(=N)N)NC(=O)[C@H](Cc1ccccc1)NC(=O)[C@H](Cc1ccccc1)NC(=O)[C@H](CC(=O)O)NC(=O)CNC(=O)[C@H](CC(C)C)NC(=O)[C@@H](N)CC(C)C)[C@@H](C)CC)[C@@H](C)CC)C(C)C)[C@@H](C)CC)C(C)C)C(=O)N[C@@H](CCCNC(=N)N)C(=O)N[C@H](C(=O)N[C@@H](CCC(=O)O)C(=O)N[C@@H](CO)C(=O)N[C@H](C=O)CS)[C@@H](C)O,1,0.8687576,2
CC[C@H](C)[C@H](NC(=O)[C@H](C)NC(=O)[C@@H](NC(=O)[C@H](CCC(N)=O)NC(=O)[C@@H]1CCCN1C(=O)[C@H](Cc1ccccc1)NC(=O)[C@@H](NC(O)C(CC1CNCN1)NC(=O)[C@H](Cc1ccccc1)NC(=O)[C@H](CCCC[NH3+])NC(=O)[C@H](CC(N)=O)NC(=O)[C@H](Cc1ccccc1)NC(=O)[C@H](CC(=O)O)NC(=O)[C@H](CCC(N)=O)NC(=O)[C@@H](NC(=O)[C@H](Cc1ccc(O)cc1)NC(=O)[C@@H](NC(=O)CNC(=O)[C@@H](N)CC(C)C)[C@@H](C)O)[C@@H](C)O)[C@@H](C)O)[C@@H](C)O)C(=O)NCC(=O)N[C@H](C(=O)NCC(=O)N[C@@H](C)C(=O)N1CCC[C@H]1C=O)C(C)C,1,1.7037977,2
CSCC[C@H](NC(=O)[C@H](CC(N)=O)NC(=O)[C@H](CCCNC(N)=[NH2+])NC(=O)[C@H](CCC(N)=O)NC(=O)[C@H](Cc1c[nH]c2ccccc12)NC(=O)[C@H](CCC(N)=O)NC(=O)[C@@H](N)Cc1ccccc1)C(=O)N[C@@H](CCCNC(N)=[NH2+])C(=O)N[C@@H](CCCC[NH3+])C(=O)N[C@H](C(=O)N[C@@H](CCCNC(N)=[NH2+])C(=O)NCC(=O)N1CCC[C@H]1C(=O)N1CCC[C@H]1C(=O)N[C@H](C(=O)N[C@H](C=O)CO)C(C)C)C(C)C,1,7.907117,2
C[C@H](N)C(=O)N[C@@H](CS)C(=O)N[C@@H](CCCNC(N)=[NH2+])C(=O)NCC(=O)N[C@@H](CO)C(=O)NCC(=O)N[C@@H](CCCNC(N)=[NH2+])C(=O)NCC(=O)N[C@@H](CS)C(=O)NCC(=O)N[C@@H](CCCNC(N)=[NH2+])C(=O)NCC(=O)N[C@@H](CO)C(=O)NCC(=O)N[C@@H](CCCNC(N)=[NH2+])C(=O)N[C@@H](CS)C(=O)NCC=O,1,6.0013223,2
CC[C@H](C)[C@H](NC(=O)[C@H](CCCCN)NC(=O)[C@H](CCCCN)NC(=O)[C@H](C)NC(=O)[C@H](CC(C)C)NC(=O)[C@H](CCCCN)NC(=O)[C@H](C)NC(=O)[C@H](CC(C)C)NC(=O)[C@H](CCCCN)NC(=O)[C@H](C)NC(=O)[C@H](CC(C)C)NC(=O)[C@H](CCCCN)NC(=O)[C@H](C)NC(=O)[C@H](CC(C)C)NC(=O)[C@H](CCCCN)NC(=O)[C@H](C)NC(=O)[C@H](CC(C)C)NC(=O)[C@H](CCCCN)NC(=O)[C@H](C)NC(=O)[C@H](CC(C)C)NC(=O)[C@H](C)NC(=O)[C@H](CC(C)C)NC(=O)[C@H](C)NC(=O)[C@H](CC(C)C)NC(=O)[C@H](C)NC(=O)[C@H](CC(C)C)NC(=O)[C@H](C)NC(=O)[C@H](CC(C)C)NC(=O)[C@H](C)NC(=O)[C@H](CC(C)C)NC(=O)[C@H](C)NC(=O)[C@H](CC(C)C)NC(=O)[C@H](C)NC(=O)[C@@H](N)CC(C)C)C(=O)N[C@H](C=O)CCCCN,1,6.835403,2
CC(C)C[C@H](NC(=O)[C@H](C)NC(=O)[C@H](CC(C)C)NC(=O)[C@H](CC(C)C)NC(=O)[C@@H](NC(=O)[C@H](C)NC(=O)[C@@H]1CCCN1C(=O)[C@H](CC(C)C)NC(=O)[C@H](CC(C)C)NC(=O)[C@H](C)NC(=O)[C@@H](NC(=O)[C@H](C)NC(=O)[C@H](C)NC(=O)[C@H](CCCC[NH3+])NC(=O)[C@H](Cc1ccccc1)NC(=O)[C@H](CCCNC(N)=[NH2+])NC(=O)[C@@H](N)Cc1c[nH]c2ccccc12)C(C)C)C(C)C)C(=O)N[C@@H](CC(C)C)C(=O)N[C@@H](C)C(=O)N1CCC[C@H]1C=O,1,8.80595,2
CC(C)C[C@H](NC(=O)[C@H](C)NC(=O)[C@H](CC(C)C)NC(=O)[C@H](CCCC[NH3+])NC(=O)[C@H](CC(C)C)NC(=O)[C@H](CCCC[NH3+])NC(=O)[C@H](CC(C)C)NC(=O)[C@H](C)NC(=O)[C@@H](N)CCCC[NH3+])C(=O)N[C@@H](C)C(=O)N[C@@H](CC(C)C)C(=O)N[C@@H](CC(C)C)C(=O)N[C@@H](C)C(=O)N[C@@H](CCCC[NH3+])C(=O)N[C@@H](CC(C)C)C(=O)N[C@@H](CCCC[NH3+])C(=O)N[C@@H](CC(C)C)C(=O)N[C@@H](C)C=O,1,11.369116,2
CC[C@H](C)[C@H](NC(=O)[C@H](CC(C)C)NC(=O)[C@H](CC(=O)O)NC(=O)[C@H](CCCNC(N)=[NH2+])NC(=O)[C@H](Cc1ccc(O)cc1)NC(=O)[C@H](C)NC(=O)[C@@H](NC(=O)[C@@H](N)CCSC)[C@@H](C)CC)C(=O)N[C@H](C=O)CO,1,9.388716,2
CC(C)C[C@@H](NC(=O)[C@H](NC(=O)[C@H]1CCCN1C(=O)[C@H](N)C(C)C)[C@@H](C)O)C(=O)N[C@@H](C=O)CCCC[NH3+],1,3.89371,2
CC(C)C[C@H](NC(=O)[C@H](C)NC(=O)[C@H](CCCC[NH3+])NC(=O)[C@H](CC(C)C)NC(=O)[C@H](C)NC(=O)[C@H](CC(C)C)NC(=O)[C@H](CCCC[NH3+])NC(=O)[C@H](CC(C)C)NC(=O)[C@H](C)NC(=O)[C@H](CC(C)C)NC(=O)[C@@H](N)CCCC[NH3+])C(=O)N[C@@H](CCC(N)=O)C(=O)N[C@@H](C)C(=O)N[C@@H](C)C(=O)N[C@@H](CC(C)C)C(=O)N[C@@H](CCC(N)=O)C(=O)N[C@@H](CC(C)C)C(=O)N[C@@H](C)C=O,1,8.244237,2
CC[C@H](C)[C@H](NC(=O)[C@H](CCCC[NH3+])NC(=O)[C@@H](NC(=O)[C@H](CCC(N)=O)NC(=O)[C@@H](N)CCCNC(N)=[NH2+])[C@@H](C)CC)C(=O)N[C@@H](Cc1c[nH]c2ccccc12)C(=O)N[C@@H](Cc1ccccc1)C(=O)N[C@@H](CCC(N)=O)C(=O)N[C@@H](CC(N)=O)C(=O)N[C@@H](CCCNC(N)=[NH2+])C(=O)N[C@@H](CCCNC(N)=[NH2+])C(=O)N[C@@H](C)C(=O)N[C@@H](CCCC[NH3+])C(=O)N[C@@H](Cc1c[nH]c2ccccc12)C(=O)N[C@@H](CCCC[NH3+])C(=O)N[C@H](C=O)CCCC[NH3+],1,12.9428835,2
NC(=[NH2+])NCCC[C@@H](C=O)NC(=O)[C@H](CCCNC(N)=[NH2+])NC(=O)[C@H](CCCNC(N)=[NH2+])NC(=O)[C@H](CCC(N)=O)NC(=O)[C@H](CCCNC(N)=[NH2+])NC(=O)[C@H](CCCNC(N)=[NH2+])NC(=O)[C@H](CCCC[NH3+])NC(=O)[C@H](CCCC[NH3+])NC(=O)[C@H](CCCNC(N)=[NH2+])NC(=O)CNC(=O)[C@H](Cc1ccc(O)cc1)NC(=O)[C@H](CCCC[NH3+])NC(=O)[C@@H](N)CS,1,15.481846,2
CC(C)C[C@H](NC(=O)CNC(=O)[C@H](CO)NC(=O)[C@H](C)NC(=O)CNC(=O)[C@H](CO)NC(=O)[C@@H]1CCCN1C(=O)[C@H](C)NC(=O)[C@H](CC(C)C)NC(=O)[C@H](CC(C)C)NC(=O)[C@H](C)NC(=O)[C@H](CC(C)C)NC(=O)[C@H](CC(C)C)NC(=O)[C@@H](NC(=O)[C@H](C)NC(=O)[C@@H]1CCCN1C(=O)[C@H](CC(C)C)NC(=O)[C@H](CC(C)C)NC(=O)[C@H](C)NC(=O)[C@@H](NC(=O)[C@H](C)NC(=O)[C@H](C)N)C(C)C)C(C)C)C(=O)N[C@@H](CC(=O)O)C(=O)N[C@@H](CCCC[NH3+])C(=O)N[C@@H](CCCNC(N)=[NH2+])C(=O)N[C@@H](CC(=O)O)C(=O)N[C@@H](Cc1ccc(O)cc1)C(=O)N[C@H](C(N)=O)C(C)C,1,1.5359465,2
CC[C@H](C)[C@H](NC(=O)[C@H](CCCNC(N)=[NH2+])NC(=O)[C@H](Cc1ccccc1)NC(=O)[C@@H](NC(=O)[C@@H](NC(=O)[C@@H](N)CCSC)[C@@H](C)CC)[C@@H](C)CC)C(=O)N[C@@H](C)C(=O)N[C@@H](C)C(=O)N[C@@H](CO)C(=O)NC(CC1CNCN1)C(O)N[C@@H](CCCC[NH3+])C(=O)N[C@H](C=O)CCCC[NH3+],1,12.178638,2
CC(=O)NC(CC1CNCN1)C(O)NC(CC1CNCN1)C(O)NC(CC1CNCN1)C(O)NC(CC1CNCN1)C(O)NC(CC1CNCN1)C(O)NC(CC1CNCN1)C(O)NC(CC1CNCN1)C(O)NC(CC1CNCN1)C(O)N[C@@H](CCCNC(N)=[NH2+])C(=O)N[C@@H](CCCNC(N)=[NH2+])C(=O)N[C@@H](CCCNC(N)=[NH2+])C(=O)N[C@@H](CCCNC(N)=[NH2+])C(=O)N[C@@H](CCCNC(N)=[NH2+])C(=O)N[C@@H](CCCNC(N)=[NH2+])C(=O)N[C@@H](CCCNC(N)=[NH2+])C(=O)N[C@@H](CCCNC(N)=[NH2+])C(=O)N[C@@H](CCCNC(N)=[NH2+])C(=O)N[C@@H](CCCNC(N)=[NH2+])C(=O)N[C@@H](CCCNC(N)=[NH2+])C(=O)N[C@@H](CCCNC(N)=[NH2+])C(=O)N[C@@H](CCCNC(N)=[NH2+])C(=O)N[C@@H](CCCNC(N)=[NH2+])C(=O)N[C@@H](CCCNC(N)=[NH2+])C(N)=O,1,7.10026,2
CC[C@H](C)[C@H](NC(=O)[C@H](CCCC[NH3+])NC(=O)[C@@H](NC(=O)[C@H](CCC(N)=O)NC(=O)[C@@H]([NH3+])CCCNC(N)=[NH2+])[C@@H](C)CC)C(=O)N[C@@H](Cc1c[nH]c2ccccc12)C(=O)N[C@@H](Cc1ccccc1)C(=O)N[C@@H](CCC(N)=O)C(=O)N[C@@H](CC(N)=O)C(=O)N[C@@H](CCCNC(N)=[NH2+])C(=O)N[C@@H](CCCNC(N)=[NH2+])C(=O)N[C@@H](CCSC)C(=O)N[C@@H](CCCC[NH3+])C(=O)N[C@@H](Cc1c[nH]c2ccccc12)C(=O)N[C@@H](CCCC[NH3+])C(=O)N[C@@H](CCCC[NH3+])C(=O)O,1,9.554404,2
NC(=[NH2+])NCCC[C@H](NC(=O)[C@H](Cc1c[nH]c2ccccc12)NC(=O)[C@H](CCCNC(N)=[NH2+])NC(=O)[C@@H](N)CS)C(=O)N[C@H](Cc1c[nH]c2ccccc12)C(=O)N[C@@H](CCCC[NH3+])C(=O)N[C@@H](CS)C(=O)N[C@@H](CS)C(=O)N[C@@H](CCCC[NH3+])C(=O)N[C@H](C=O)CCCC[NH3+],1,8.888027,2
CC[C@H](C)[C@H](NC(=O)[C@H](CCCC[NH3+])NC(=O)[C@@H](NC(=O)[C@H](CCC(N)=O)NC(=O)[C@@H](N)CCCNC(N)=[NH2+])[C@@H](C)CC)C(=O)N[C@@H](Cc1ccccc1)C(=O)N[C@@H](Cc1ccccc1)C(=O)N[C@@H](CCC(N)=O)C(=O)N[C@@H](CC(N)=O)C(=O)N[C@@H](CCCNC(N)=[NH2+])C(=O)N[C@@H](CCCNC(N)=[NH2+])C(=O)N[C@@H](CCSC)C(=O)N[C@@H](CCCC[NH3+])C(=O)N[C@@H](Cc1c[nH]c2ccccc12)C(=O)N[C@@H](CCCC[NH3+])C(=O)N[C@H](C=O)CCCC[NH3+],1,13.808858,2
CC[C@H](C)[C@H](NC(=O)[C@H](CCCC[NH3+])NC(=O)[C@@H](NC(=O)[C@H](CCC(N)=O)NC(=O)[C@@H](N)CCCNC(N)=[NH2+])[C@@H](C)CC)C(=O)N[C@H](C=O)Cc1c[nH]c2ccccc12,1,5.434491,2
NC(=[NH2+])NCCC[C@H](NC(=O)[C@@H](N)CS)C(=O)N[C@H](Cc1c[nH]c2ccccc12)C(=O)N[C@@H](CCCNC(N)=[NH2+])C(=O)N[C@@H](Cc1c[nH]c2ccccc12)C(=O)N[C@@H](CCCC[NH3+])C(=O)N[C@@H](CS)C(=O)N[C@@H](CS)C(=O)N[C@@H](CCCC[NH3+])C(=O)N[C@H](C=O)CCCC[NH3+],1,10.490183,2
CC[C@H](C)[C@H](NC(=O)[C@H](CCCC[NH3+])NC(=O)[C@@H](NC(=O)[C@H](CCC(N)=O)NC(=O)[C@@H]([NH3+])CCCNC(N)=[NH2+])[C@@H](C)CC)C(=O)N[C@@H](Cc1c[nH]c2ccccc12)C(=O)N[C@@H](Cc1ccccc1)C(=O)N[C@@H](CCC(N)=O)C(=O)N[C@@H](CC(N)=O)C(=O)N[C@@H](CCCNC(N)=[NH2+])C(=O)N[C@@H](CCCNC(N)=[NH2+])C(=O)N[C@@H](CCSC)C(=O)N[C@@H](CCCC[NH3+])C(=O)N[C@@H](Cc1c[nH]c2ccccc12)C(=O)N[C@@H](CCCC[NH3+])C(=O)N[C@@H](CCCC[NH3+])C(=O)O,1,9.554404,2
CC(C)C[C@@H](C=O)NC(=O)[C@@H](NC(=O)[C@@H](NC(=O)[C@H](CC(C)C)NC(=O)[C@@H](NC(=O)[C@H](CCCC[NH3+])NC(=O)[C@H](C)NC(=O)[C@H](CC(C)C)NC(=O)[C@H](CCCC[NH3+])NC(=O)[C@@H](NC(=O)[C@H](CC(C)C)NC(=O)[C@H](C)NC(=O)[C@@H](NC(=O)[C@H](C)NC(=O)[C@H](CC(C)C)NC(=O)[C@@H](NC(=O)[C@H](CCCC[NH3+])NC(=O)[C@@H](N)CC(C)C)[C@@H](C)O)[C@@H](C)O)[C@@H](C)O)[C@@H](C)O)[C@@H](C)O)[C@@H](C)O,1,6.294615,2
CC(=O)NCC(=O)N[C@@H](CCCNC(N)=[NH2+])C(=O)NCC(=O)N[C@@H](CC(=O)O)C(=O)NCC(=O)N1CCC[C@H]1C(=O)N[C@@H](CCCNC(N)=[NH2+])C(=O)N[C@@H](CCCNC(N)=[NH2+])C(=O)N[C@@H](CCCC[NH3+])C(=O)N[C@@H](CCCC[NH3+])C(=O)N[C@@H](CCCC[NH3+])C(=O)N[C@@H](CCCC[NH3+])C(=O)NCC(=O)N1CCC[C@H]1C(=O)N[C@@H](CCCNC(N)=[NH2+])C(=O)N[C@@H](CCCNC(N)=[NH2+])C(=O)N[C@@H](CCCC[NH3+])C(=O)N[C@@H](CCCC[NH3+])C(=O)N[C@@H](CCCC[NH3+])C(=O)N[C@@H](CCCC[NH3+])C(=O)NCC(=O)N1CCC[C@H]1C(=O)N[C@@H](CCCNC(N)=[NH2+])C(=O)N[C@H](C=O)CCCNC(N)=[NH2+],1,17.86493,2
N=C(N)NCCC[C@@H](C=O)NC(=O)[C@H](CCCNC(=N)N)NC(=O)[C@H](CCCNC(=N)N)NC(=O)[C@H](CCCNC(=N)N)NC(=O)[C@H](CCCNC(=N)N)NC(=O)[C@H](CCCNC(=N)N)NC(=O)[C@H](CCCNC(=N)N)NC(=O)[C@H](CCCNC(=N)N)NC(=O)[C@H](CCCNC(=N)N)NC(=O)[C@H](CCCNC(=N)N)NC(=O)[C@H](CCCNC(=N)N)NC(=O)[C@H](CCCNC(=N)N)NC(=O)[C@H](CCCNC(=N)N)NC(=O)[C@H](CCCNC(=N)N)NC(=O)[C@H](CCCNC(=N)N)NC(=O)[C@H](Cc1c[nH]cn1)NC(=O)[C@H](Cc1c[nH]cn1)NC(=O)[C@H](Cc1c[nH]cn1)NC(=O)[C@H](Cc1c[nH]cn1)NC(=O)[C@H](Cc1c[nH]cn1)NC(=O)[C@H](Cc1c[nH]cn1)NC(=O)[C@H](Cc1c[nH]cn1)NC(=O)[C@H](Cc1c[nH]cn1)NC(=O)[C@H](Cc1c[nH]cn1)NC(=O)[C@H](Cc1c[nH]cn1)NC(=O)[C@H](Cc1c[nH]cn1)NC(=O)[C@H](Cc1c[nH]cn1)NC(=O)[C@H](Cc1c[nH]cn1)NC(=O)[C@H](Cc1c[nH]cn1)NC(=O)[C@H](Cc1c[nH]cn1)NC(=O)[C@H](Cc1c[nH]cn1)NC(=O)[C@H](Cc1c[nH]cn1)NC(=O)[C@H](Cc1c[nH]cn1)NC(=O)[C@H](Cc1c[nH]cn1)NC(=O)[C@@H](N)Cc1c[nH]cn1,1,3.6477451,2
CC(C)C[C@H](NC(=O)[C@H](C)NC(=O)[C@@H](NC(=O)[C@@H](NC(=O)[C@H](CCCC[NH3+])NC(=O)[C@H](CC(C)C)NC(=O)[C@@H](N)CC(C)C)[C@@H](C)O)[C@@H](C)O)C(=O)N[C@@H](CC(C)C)C(=O)N[C@@H](CCCC[NH3+])C(=O)N[C@H](C(=O)N[C@H](C(=O)N[C@@H](C)C(=O)N[C@@H](CC(C)C)C(=O)N[C@@H](CC(C)C)C(=O)N[C@@H](CCCC[NH3+])C(=O)N[C@H](C(=O)N[C@H](C(=O)N[C@@H](C)C=O)[C@@H](C)O)[C@@H](C)O)[C@@H](C)O)[C@@H](C)O,1,6.1091046,2
NC(=[NH2+])NCCC[C@H](NC(=O)CNC(=O)[C@@H](N)CCCC[NH3+])C(=O)N[C@@H](CCCC[NH3+])C(=O)N[C@@H](CCCC[NH3+])C(=O)N[C@@H](CCCNC(N)=[NH2+])C(=O)N[C@@H](CCCNC(N)=[NH2+])C(=O)N[C@@H](CCC(N)=O)C(=O)N[C@@H](CCCNC(N)=[NH2+])C(=O)N[C@@H](CCCNC(N)=[NH2+])C(=O)N[C@@H](CCCNC(N)=[NH2+])C(=O)N1CCC[C@H]1C(=O)N1CCC[C@H]1C(=O)N[C@H](C=O)CCC(N)=O,1,17.694855,2
NCC(=O)N[C@@H](CCCNC(N)=[NH2+])C(=O)N[C@@H](CCCC[NH3+])C(=O)N[C@@H](CCCC[NH3+])C(=O)N[C@@H](CCCNC(N)=[NH2+])C(=O)N[C@@H](CCCNC(N)=[NH2+])C(=O)N[C@@H](CCC(N)=O)C(=O)N[C@@H](CCCNC(N)=[NH2+])C(=O)N[C@@H](CCCNC(N)=[NH2+])C(=O)N[C@@H](CCCNC(N)=[NH2+])C(=O)N1CCC[C@H]1C(=O)N[C@@H](Cc1c[nH]c2ccccc12)C(=O)N[C@H](C=O)CCC(N)=O,1,11.966157,2
CC[C@H](C)[C@@H](C=O)NC(=O)[C@H](CC(C)C)NC(=O)[C@H](Cc1ccc(O)cc1)NC(=O)[C@@H](NC(=O)[C@H](Cc1ccccc1)NC(=O)[C@@H]1CCCN1)C(C)C,1,2.4515655,2
N[C@@H](CCCC[NH3+])C(=O)N[C@@H](CCCC[NH3+])C(=O)N[C@@H](CCCC[NH3+])C(=O)N[C@@H](CCCC[NH3+])C(=O)N[C@@H](CCCC[NH3+])C(=O)N[C@@H](CCCC[NH3+])C(=O)N[C@@H](CCCC[NH3+])C(=O)N[C@@H](CCCC[NH3+])C(=O)N[C@H](C=O)CCCC[NH3+],1,15.124918,2
CC(=O)N[C@@H](CCCC[NH3+])C(=O)N[C@@H](CCC(=O)O)C(=O)N[C@H](C(=O)N[C@@H](Cc1c[nH]c2ccccc12)C(=O)N[C@@H](Cc1c[nH]c2ccccc12)C(=O)N[C@@H](CCC(=O)O)C(=O)N[C@H](C(=O)N[C@@H](Cc1c[nH]c2ccccc12)C(=O)N[C@@H](Cc1c[nH]c2ccccc12)C(=O)N[C@H](C(=O)N[C@@H](CCC(=O)O)C(=O)N[C@@H](Cc1c[nH]c2ccccc12)C(=O)N[C@@H](CO)C(=O)N[C@@H](CCC(N)=O)C(=O)N1CCC[C@H]1C(=O)N[C@@H](CCCC[NH3+])C(=O)N[C@@H](CCCC[NH3+])C(=O)N[C@@H](CCCC[NH3+])C(=O)N[C@@H](CCCNC(N)=[NH2+])C(=O)N[C@@H](CCCC[NH3+])C(=O)N[C@H](C(N)=O)C(C)C)[C@@H](C)O)[C@@H](C)O)[C@@H](C)O,1,-2.5547504,2
NC(=[NH2+])NCCC[C@@H](C=O)NC(=O)[C@H](CCCNC(N)=[NH2+])NC(=O)[C@H](CCCNC(N)=[NH2+])NC(=O)[C@H](CCCNC(N)=[NH2+])NC(=O)[C@H](CCCNC(N)=[NH2+])NC(=O)[C@H](CCCNC(N)=[NH2+])NC(=O)[C@H](CCCNC(N)=[NH2+])NC(=O)[C@H](CCCNC(N)=[NH2+])NC(=O)[C@@H](N)CCCNC(N)=[NH2+],1,24.10932,2
CC[C@H](C)[C@H](NC(=O)[C@H](CCCC[NH3+])NC(=O)[C@@H](NC(=O)[C@H](CCC(N)=O)NC(=O)[C@H](CCCNC(N)=[NH2+])NC(=O)[C@@H](N)CS)[C@@H](C)CC)C(=O)N[C@@H](Cc1c[nH]c2ccccc12)C(=O)N[C@@H](Cc1ccccc1)C(=O)N1CCC[C@H]1C(=O)N[C@@H](CC(N)=O)C(=O)N[C@@H](CCCNC(N)=[NH2+])C(=O)N[C@@H](CCCNC(N)=[NH2+])C(=O)N[C@@H](CCSC)C(=O)N[C@@H](CCCC[NH3+])C(=O)N[C@@H](Cc1c[nH]c2ccccc12)C(=O)N[C@@H](CCCC[NH3+])C(=O)N[C@@H](CCCC[NH3+])C(=O)N[C@H](C=O)CS,1,10.185156,2
NCC(=O)N[C@@H](CCCNC(N)=[NH2+])C(=O)N[C@@H](CCCC[NH3+])C(=O)N[C@@H](CCCC[NH3+])C(=O)N[C@@H](CCCNC(N)=[NH2+])C(=O)N[C@@H](CCCNC(N)=[NH2+])C(=O)N[C@@H](CCC(N)=O)C(=O)N[C@@H](CCCNC(N)=[NH2+])C(=O)N[C@@H](CCCNC(N)=[NH2+])C(=O)N[C@@H](CCCNC(N)=[NH2+])C(=O)N1CCC[C@H]1C(=O)N1CCC[C@H]1C(=O)N[C@H](C=O)CCC(N)=O,1,16.962763,2
CC(C)C[C@H](NC(=O)CN)C(=O)N[C@@H](Cc1c[nH]c2ccccc12)C(=O)N[C@@H](CCCNC(N)=[NH2+])C(=O)N[C@@H](C)C(=O)N[C@@H](CC(C)C)C(=O)N[C@@H](Cc1c[nH]c2ccccc12)C(=O)N[C@@H](CCCNC(N)=[NH2+])C(=O)N[C@@H](C)C(=O)N[C@@H](CC(C)C)C(=O)N[C@@H](Cc1c[nH]c2ccccc12)C(=O)N[C@@H](CCCNC(N)=[NH2+])C(=O)N[C@@H](CO)C(=O)N[C@@H](CC(C)C)C(=O)N[C@@H](Cc1c[nH]c2ccccc12)C(=O)N[C@@H](CCCC[NH3+])C(=O)N[C@@H](CCCC[NH3+])C(=O)N[C@@H](CCCC[NH3+])C(=O)N[C@@H](CCCNC(N)=[NH2+])C(=O)N[C@@H](CCCC[NH3+])C(=O)N[C@H](C=O)C(C)C,1,12.282506,2
NC(=[NH2+])NCCC[C@H](NC(=O)[C@H](CCCNC(N)=[NH2+])NC(=O)[C@H](CCCNC(N)=[NH2+])NC(=O)[C@H](CCCNC(N)=[NH2+])NC(=O)[C@H](CCCNC(N)=[NH2+])NC(=O)[C@H](CCCNC(N)=[NH2+])NC(=O)[C@@H](N)CCCNC(N)=[NH2+])C(=O)N[C@H](C=O)Cc1c[nH]c2ccccc12,1,17.380562,2
CC[C@H](C)[C@H](NC(=O)[C@H](CCCNC(N)=[NH2+])NC(=O)[C@H](CCCNC(N)=[NH2+])NC(=O)[C@H](CCCNC(N)=[NH2+])NC(=O)[C@H](CC(C)C)NC(=O)[C@@H](NC(=O)[C@@H](NC(=O)[C@H](CC(C)C)NC(=O)[C@@H](N)CC(C)C)[C@@H](C)CC)[C@@H](C)CC)C(=O)N[C@@H](CCCNC(N)=[NH2+])C(=O)N[C@@H](CCCC[NH3+])C(=O)N[C@@H](CCC(N)=O)C(=O)N[C@@H](C)C(=O)NC(CC1CNCN1)C(O)N[C@@H](C)C(=O)NC(CC1CNCN1)C(O)N[C@@H](CO)C(=O)N[C@@H](C)C=O,1,9.789747,2
CC(C)[C@@H](C=O)NC(=O)[C@H](CCCC[NH3+])NC(=O)[C@H](CCCNC(N)=[NH2+])NC(=O)[C@H](CCCC[NH3+])NC(=O)[C@H](CO)NC(=O)[C@H](CCCC[NH3+])NC(=O)[C@H](CCCC[NH3+])NC(=O)[C@H](Cc1ccccc1)NC(=O)[C@H](CCCNC(N)=[NH2+])NC(=O)[C@@H](N)Cc1c[nH]c2ccccc12,1,5.757523,2
CC(C)C[C@H](NC(=O)[C@H](C)NC(=O)[C@H](CC(C)C)NC(=O)[C@H](CCCC[NH3+])NC(=O)[C@H](CC(C)C)NC(=O)[C@H](CCCC[NH3+])NC(=O)[C@H](CC(C)C)NC(=O)[C@H](C)NC(=O)[C@@H](N)CCCC[NH3+])C(=O)N[C@@H](C)C(=O)N[C@@H](CC(C)C)C(=O)N[C@@H](CC(C)C)C(=O)N[C@@H](C)C(=O)N[C@@H](CCCC[NH3+])C(=O)N[C@@H](CC(C)C)C(=O)N[C@@H](CCCC[NH3+])C(=O)N[C@@H](CC(C)C)C(=O)N[C@@H](C)C(N)=O,1,0.5558776,2
CC[C@H](C)[C@H](NC(=O)[C@H](CCCC[NH3+])NC(=O)[C@@H](NC(=O)[C@H](CCC(N)=O)NC(=O)[C@@H](N)CCCNC(N)=[NH2+])[C@@H](C)CC)C(=O)N[C@@H](C)C(=O)N[C@@H](Cc1ccccc1)C(=O)N[C@@H](CCC(N)=O)C(=O)N[C@@H](CC(N)=O)C(=O)N[C@@H](CCCNC(N)=[NH2+])C(=O)N[C@@H](CCCNC(N)=[NH2+])C(=O)N[C@@H](CCSC)C(=O)N[C@@H](CCCC[NH3+])C(=O)N[C@@H](Cc1c[nH]c2ccccc12)C(=O)N[C@@H](CCCC[NH3+])C(=O)N[C@H](C=O)CCCC[NH3+],1,15.196289,2
CC(C)C[C@H](NC(=O)CNC(=O)[C@H](CCCC[NH3+])NC(=O)[C@H](CC(C)C)NC(=O)CNC(=O)[C@H](CC(C)C)NC(=O)[C@H](CCCC[NH3+])NC(=O)[C@H](CC(C)C)NC(=O)CNC(=O)[C@H](CC(C)C)NC(=O)[C@@H](N)CCCC[NH3+])C(=O)N[C@@H](CCCC[NH3+])C(=O)NCC(=O)NCC(=O)N[C@@H](CC(C)C)C(=O)N[C@@H](CCCC[NH3+])C(=O)N[C@@H](CC(C)C)C(=O)NCC=O,1,0.6672488,2
C[C@H](N)C(=O)N[C@@H](CS)C(=O)N[C@@H](CO)C(=O)NCC(=O)N[C@@H](CO)C(=O)NCC(=O)N[C@@H](CO)C(=O)NCC(=O)N[C@@H](CS)C(=O)NCC(=O)N[C@@H](CO)C(=O)NCC(=O)N[C@@H](CO)C(=O)NCC(=O)N[C@@H](CO)C(=O)N[C@@H](CS)C(=O)NCC(=O)N[C@@H](CCCNC(N)=[NH2+])C(=O)N[C@@H](CCCNC(N)=[NH2+])C(=O)N[C@@H](CCCNC(N)=[NH2+])C(=O)N[C@@H](CCCNC(N)=[NH2+])C(=O)N[C@@H](CCCNC(N)=[NH2+])C(=O)N[C@@H](CCCNC(N)=[NH2+])C(=O)N[C@@H](CCCNC(N)=[NH2+])C(=O)N[C@H](C=O)CCCNC(N)=[NH2+],1,18.704052,2
CC[C@H](C)[C@H](NC(=O)[C@H](CCCNC(N)=[NH2+])NC(=O)[C@H](C)NC(O)C(N)CC1CNCN1)C(=O)N[C@@H](CCCC[NH3+])C(=O)N1CCC[C@H]1C(=O)N[C@H](C(=O)N[C@@H](Cc1ccccc1)C(=O)N[C@@H](CCCNC(N)=[NH2+])C(=O)N[C@@H](CCCNC(N)=[NH2+])C(=O)N[C@@H](CC(C)C)C(=O)N[C@@H](CCCC[NH3+])C(=O)N[C@@H](Cc1c[nH]c2ccccc12)C(=O)N[C@@H](CCCC[NH3+])C(=O)N[C@@H](Cc1ccc(O)cc1)C(=O)N[C@@H](CCCC[NH3+])C(=O)NCC(=O)N[C@@H](CCCC[NH3+])C(=O)N[C@@H](Cc1ccccc1)C(=O)N[C@H](C=O)Cc1c[nH]c2ccccc12)[C@@H](C)O,1,8.017406,2
CC(C)[C@@H](C=O)NC(=O)[C@H](CCCC[NH3+])NC(=O)[C@H](CCCNC(N)=[NH2+])NC(=O)[C@H](CCCC[NH3+])NC(=O)[C@H](CCCC[NH3+])NC(=O)[C@H](CCCC[NH3+])NC(=O)[C@@H]1CCCN1C(=O)[C@H](CCC(N)=O)NC(=O)[C@H](CO)NC(=O)[C@H](Cc1c[nH]c2ccccc12)NC(=O)[C@H](CCC(=O)O)NC(=O)[C@@H](NC(=O)[C@H](Cc1c[nH]c2ccccc12)NC(=O)[C@H](Cc1c[nH]c2ccccc12)NC(=O)[C@@H](NC(=O)[C@H](CCC(=O)O)NC(=O)[C@H](Cc1c[nH]c2ccccc12)NC(=O)[C@H](Cc1c[nH]c2ccccc12)NC(=O)[C@@H](NC(=O)[C@H](CCC(=O)O)NC(=O)[C@@H](N)CCCC[NH3+])[C@@H](C)O)[C@@H](C)O)[C@@H](C)O,1,3.022162,2
CC(C)C[C@H](NC(=O)[C@H](C)NC(=O)[C@H](CCCC[NH3+])NC(=O)[C@H](CC(C)C)NC(=O)[C@H](C)NC(=O)[C@H](CC(C)C)NC(=O)[C@@H](N)CCCC[NH3+])C(=O)N[C@@H](CCCC[NH3+])C(=O)N[C@@H](C)C(=O)N[C@@H](C)C(=O)N[C@@H](CC(C)C)C(=O)N[C@@H](CCCC[NH3+])C(=O)N[C@@H](CC(C)C)C(=O)N[C@@H](C)C=O,1,10.782585,2
CSCC[C@H](NC(=O)[C@H](CC(C)C)NC(=O)CNC(=O)[C@H](Cc1ccccc1)NC(=O)[C@H](Cc1ccccc1)NC(=O)[C@H](CCC(N)=O)NC(=O)[C@H](CCC(N)=O)NC(=O)[C@H](CC(C)C)NC(=O)[C@H](CC(C)C)NC(=O)[C@H](CCCC[NH3+])NC(=O)[C@H](Cc1c[nH]c2ccccc12)NC(=O)[C@@H](NC(=O)[C@H](CCCC[NH3+])NC(=O)[C@H](CCCNC(N)=[NH2+])NC(=O)[C@H](CCCC[NH3+])NC(=O)[C@H](CCCC[NH3+])NC(=O)[C@H](CCCC[NH3+])NC(=O)[C@@H]1CCCN1)C(C)C)C(N)=O,1,-3.8857028,2
CC[C@H](C)[C@H](NC(=O)[C@H](C)NC(=O)[C@H](Cc1ccccc1)NC(=O)[C@@H](NC(=O)[C@@H](NC(=O)[C@@H](N)CCSC)[C@@H](C)CC)[C@@H](C)CC)C(=O)N[C@@H](C)C(=O)N[C@@H](C)C(=O)N[C@@H](CO)C(=O)NC(CC1CNCN1)C(O)N[C@@H](CCCC[NH3+])C(=O)N[C@H](C=O)CCCC[NH3+],1,9.4984,2
CC[C@H](C)[C@H](NC(=O)[C@H](CCCNC(N)=[NH2+])NC(=O)[C@H](Cc1ccc(O)cc1)NC(O)C(N)CC1CNCN1)C(=O)N[C@@H](CCCC[NH3+])C(=O)N1CCC[C@H]1C(=O)N[C@H](C(=O)N[C@@H](Cc1ccccc1)C(=O)N[C@@H](CCCNC(N)=[NH2+])C(=O)N[C@@H](CCCNC(N)=[NH2+])C(=O)N[C@@H](CC(C)C)C(=O)N[C@@H](CCCC[NH3+])C(=O)N[C@@H](Cc1c[nH]c2ccccc12)C(=O)N[C@@H](CCCC[NH3+])C(=O)N[C@@H](Cc1ccc(O)cc1)C(=O)N[C@@H](CCCC[NH3+])C(=O)NCC(=O)N[C@@H](CCCC[NH3+])C(=O)N[C@@H](Cc1ccccc1)C(=O)N[C@@H](C)C=O)[C@@H](C)O,1,6.0150228,2
NC(=[NH2+])NCCC[C@H](NC(=O)[C@H](CCCNC(N)=[NH2+])NC(=O)[C@H](CCCNC(N)=[NH2+])NC(=O)[C@H](CCC(N)=O)NC(=O)[C@H](CCCNC(N)=[NH2+])NC(=O)[C@H](CCCNC(N)=[NH2+])NC(=O)[C@H](CCCC[NH3+])NC(=O)[C@H](CCCC[NH3+])NC(=O)[C@H](CCCNC(N)=[NH2+])NC(=O)CNC(=O)[C@@H](N)Cc1ccc(O)cc1)C(N)=O,1,3.3066518,2
CCC[C@H](NC(=O)[C@H](CS)NC(=O)[C@@H](NC(=O)CNC(=O)CN)C(C)C)C(=O)N[C@@H](CCCCN)C(=O)N[C@H](C(=O)N[C@@H](CC(C)C)C(=O)N[C@@H](C)C(=O)N[C@@H](CCCCN)C(=O)N[C@H]1C[SH]2[SH]3C[C@@H](C(=O)NCC(=O)N[C@@H](CO)C(=O)NCC(=O)N[C@@H](CO)C(=O)N[C@H](C=O)CC(=O)O)NC(=O)[C@H](Cc4ccc(O)cc4)NC(=O)CNC(=O)[C@H](CC(N)=O)NC(=O)CNC(=O)[C@H](CCCNC(=N)N)NC(=O)[C@@H]4CSS32C[C@H](NC(=O)[C@H](CC(=O)O)NC(=O)[C@H](CO)NC(=O)[C@H](CC(=O)O)NC(=O)[C@H](CCCNC(=N)N)NC(=O)[C@H](CCCNC(=N)N)NC1=O)C(=O)N1CCC[C@H]1C(=O)NCC(=O)N[C@@H](C)C(=O)N[C@@H](CS)C(=O)N[C@@H]([C@@H](C)CC)C(=O)N4)[C@@H](C)CC,1,1.3835235,2
CC[C@H](C)[C@H](NC(=O)[C@H](CCCC[NH3+])NC(=O)[C@@H](NC(=O)[C@H](CCC(N)=O)NC(=O)[C@@H]([NH3+])CCCNC(N)=[NH2+])[C@@H](C)CC)C(=O)N[C@@H](Cc1c[nH]c2ccccc12)C(=O)N[C@@H](Cc1ccccc1)C(=O)N[C@@H](CCC(N)=O)C(=O)N[C@@H](CC(N)=O)C(=O)N[C@@H](CCCNC(N)=[NH2+])C(=O)N[C@@H](CCCNC(N)=[NH2+])C(=O)N[C@@H](CCSC)C(=O)N[C@@H](CCCC[NH3+])C(=O)N[C@@H](Cc1c[nH]c2ccccc12)C(=O)N[C@@H](CCCC[NH3+])C(=O)N[C@@H](CCCC[NH3+])C(=O)O,1,9.554404,2
CC[C@H](C)[C@H](NC(=O)[C@H](CCCC[NH3+])NC(=O)[C@@H](NC(=O)[C@H](CCC(N)=O)NC(=O)[C@@H]([NH3+])CCCNC(N)=[NH2+])[C@@H](C)CC)C(=O)N[C@@H](Cc1c[nH]c2ccccc12)C(=O)N[C@@H](Cc1ccccc1)C(=O)N[C@@H](CCC(N)=O)C(=O)N[C@@H](CC(N)=O)C(=O)N[C@@H](CCCNC(N)=[NH2+])C(=O)N[C@@H](CCCNC(N)=[NH2+])C(=O)N[C@@H](CCSC)C(=O)N[C@@H](CCCC[NH3+])C(=O)N[C@@H](Cc1c[nH]c2ccccc12)C(=O)N[C@@H](CCCC[NH3+])C(=O)N[C@@H](CCCC[NH3+])C(=O)O,1,9.554404,2
NC(=[NH2+])NCCC[C@@H](C=O)NC(=O)[C@H](CCCNC(N)=[NH2+])NC(=O)[C@H](CCCNC(N)=[NH2+])NC(=O)[C@H](CCC(N)=O)NC(=O)[C@H](CCCNC(N)=[NH2+])NC(=O)[C@H](CCCNC(N)=[NH2+])NC(=O)[C@H](CCCC[NH3+])NC(=O)[C@H](CCCC[NH3+])NC(=O)[C@H](CCCNC(N)=[NH2+])NC(=O)CNC(=O)[C@@H](N)Cc1ccc(O)cc1,1,16.788305,2
NC(=[NH2+])NCCC[C@@H](N)C(=O)N[C@H](CCCNC(N)=[NH2+])C(=O)N[C@H](CCCNC(N)=[NH2+])C(=O)N[C@H](CCCNC(N)=[NH2+])C(=O)N[C@H](CCCNC(N)=[NH2+])C(=O)N[C@H](CCCNC(N)=[NH2+])C(=O)N[C@H](CCCNC(N)=[NH2+])C(=O)N[C@@H](C=O)CCCNC(N)=[NH2+],1,24.741322,2
CC[C@H](C)[C@H](NC(=O)[C@@H](NC(=O)[C@H](CO)NC(=O)[C@H](C)NC(=O)[C@@H](NC(=O)[C@H](CCCC[NH3+])NC(=O)[C@H](CCCC[NH3+])NC(=O)[C@@H](NC(=O)[C@@H](NC(=O)[C@H](CCCC[NH3+])NC(=O)[C@H](Cc1ccccc1)NC(=O)[C@H](CC(C)C)NC(=O)CN)C(C)C)[C@@H](C)CC)C(C)C)C(C)C)C(=O)NCC(=O)NCC(=O)N[C@@H](CC(C)C)C(N)=O,0,-5.7946186,2
CC(C)[C@H](NC(=O)[C@H](CCCNC(N)=[NH2+])NC(=O)[C@H](CS)NC(=O)[C@H](C)NC(=O)[C@@H]1CCCN1C(O)C(CC1CNCN1)NC(=O)[C@H](CO)NC(=O)[C@H](CS)NC(=O)[C@H](CS)NC(=O)CN)C(=O)NC(CC1CNCN1)C(O)N[C@@H](Cc1ccc(O)cc1)C(=O)N1CCC[C@H]1C(=O)NC(CC1CNCN1)C(O)N[C@H](C(=O)N[C@@H](CS)C(=O)N[C@@H](Cc1ccc(O)cc1)C(N)=O)C(C)C,0,-7.615266,2
CSCC[C@H](NC(=O)[C@H](C)NC(C)=O)C(=O)N[C@H](C(=O)N[C@@H](CO)C(=O)N[C@H](C=O)CO)C(C)C,0,1.1672307,2
CSCC[C@H](NC(=O)CNC(=O)[C@H](Cc1ccccc1)NC(=O)CN)C(=O)N[C@@H](C)C(=O)N[C@@H](CC(C)C)C(=O)NC(CCC[NH3+])C(O)N[C@@H](CC(C)C)C(=O)N[C@@H](CC(C)C)C(=O)NC(CCC[NH3+])C(O)NC(CCC[NH3+])C(O)N[C@H](C(=O)N[C@@H](CC(C)C)C(N)=O)C(C)C,0,-6.30789,2
CC[C@H](C)[C@H](NC(=O)CNC(=O)[C@H](CCCC[NH3+])NC(=O)[C@@H](NC(=O)[C@H](CC(C)C)NC(=O)[C@H](CO)NC(=O)CNC(=O)[C@H](CC(C)C)NC(=O)CNC(=O)[C@H](C)NC(=O)[C@H](CCCC[NH3+])NC(=O)[C@H](Cc1ccccc1)NC(=O)[C@@H](NC(=O)[C@H](CC(=O)O)NC(=O)[C@H](CCCC[NH3+])NC(=O)[C@H](CC(C)C)NC(=O)CN)[C@@H](C)CC)C(C)C)C(=O)N[C@@H](C)C(=O)N[C@@H](C)C(=O)NC(CC1CNCN1)C(O)N[C@H](C(=O)N[C@@H](C)C(=O)N[C@@H](CC(N)=O)C(N)=O)C(C)C,0,-6.0209904,2
CC(C)[C@H](N)C(=O)NCC(=O)N[C@@H](CCC(=O)O)C(=O)N[C@@H](C)C(=O)N[C@@H](CS)C(=O)N[C@@H](CS)C(=O)N[C@@H](CCCC[NH3+])C(=O)N[C@@H](CC(N)=O)C(=O)NCC(=O)N[C@@H](CCCC[NH3+])C(=O)N[C@@H](CCCNC(N)=[NH2+])C(=O)NCC(=O)N[C@@H](CS)C(=O)NCC(=O)N[C@@H](CCCNC(N)=[NH2+])C(=O)N[C@@H](Cc1c[nH]c2ccccc12)C(=O)N[C@@H](CS)C(=O)N[C@@H](CCCNC(N)=[NH2+])C(=O)N[C@@H](CC(=O)O)C(=O)NC(CC1CNCN1)C(O)N[C@@H](CO)C(=O)N[C@@H](CCCNC(N)=[NH2+])C(=O)N[C@@H](CS)C(=O)N[C@@H](CS)C(N)=O,0,-5.930415,2
CC[C@H](C)[C@H](NC(=O)[C@H](Cc1ccccc1)NC(=O)[C@H](CO)NC(=O)[C@H](CCCC[NH3+])NC(=O)[C@H](Cc1c[nH]c2ccccc12)NC(=O)[C@@H](N)CCCC[NH3+])C(=O)N[C@@H](CCCC[NH3+])C(=O)N[C@@H](CCCC[NH3+])C(=O)N[C@@H](CC(C)C)C(=O)N[C@H](C(=O)N[C@@H](CO)C(=O)N[C@@H](CCCC[NH3+])C(=O)N[C@@H](Cc1ccccc1)C(=O)N[C@@H](CC(C)C)C(=O)NC(CC1CNCN1)C(O)N[C@@H](CO)C(=O)N[C@@H](C)C(=O)N[C@@H](CC(=O)O)C(=O)N[C@@H](CCCC[NH3+])C(=O)N[C@@H](Cc1ccccc1)C(N)=O)[C@@H](C)O,0,-5.292432,2
CC[C@H](C)[C@H](NC(=O)[C@H](CC(C)C)NC(=O)[C@H](CCCC[NH3+])NC(=O)CNC(=O)[C@H](CC(C)C)NC(=O)[C@@H](NC(=O)[C@H](CCCC[NH3+])NC(=O)[C@H](CCCC[NH3+])NC(=O)[C@H](Cc1c[nH]c2ccccc12)NC(=O)[C@H](CCCC[NH3+])NC(=O)CN)[C@@H](C)CC)C(=O)N[C@@H](CCCNC(N)=[NH2+])C(N)=O,0,-4.3262234,2
CC[C@H](C)[C@H](NC(=O)[C@H](CO)NC(=O)[C@H](C)NC(=O)[C@@H](NC(=O)[C@H](CCCC[NH3+])NC(=O)[C@H](CCCC[NH3+])NC(=O)[C@H](Cc1c[nH]c2ccccc12)NC(=O)[C@@H](NC(=O)[C@@H](N)CC(N)=O)[C@@H](C)CC)[C@@H](C)CC)C(=O)N[C@@H](C)C(=O)N[C@@H](CCCC[NH3+])C(=O)N[C@@H](CCC(=O)O)C(=O)N[C@H](C(=O)N[C@@H](CC(C)C)C(=O)N[C@@H](CCCC[NH3+])C(=O)N[C@@H](C)C(=O)N[C@@H](CC(C)C)C(N)=O)C(C)C,0,-4.8992777,2
CC[C@H](C)[C@H](NC(=O)[C@H](CCCC[NH3+])NC(=O)CNC(=O)[C@H](CC(C)C)NC(=O)[C@H](CO)NC(=O)[C@H](CCCC[NH3+])NC(=O)[C@H](CCCC[NH3+])NC(=O)[C@H](Cc1c[nH]c2ccccc12)NC(=O)[C@H](CO)NC(=O)[C@@H](N)C(C)C)C(=O)N[C@H](C(=O)N[C@@H](CCCC[NH3+])C(=O)N[C@H](C(=O)N[C@H](C(=O)N[C@@H](CCCC[NH3+])C(N)=O)C(C)C)C(C)C)[C@@H](C)CC,0,-7.4971952,2
CSCC[C@H](N)C(=O)N[C@@H](CS)C(=O)N1CCC[C@H]1C(=O)N1CCC[C@H]1C(=O)N[C@@H](CC(C)C)C(=O)N[C@@H](CS)C(=O)N[C@@H](C)C(=O)N1CCC[C@H]1C(=O)N[C@@H](CO)C(=O)N[C@@H](CS)C(=O)N[C@H](C(=O)N[C@@H](CC(N)=O)C(=O)N[C@@H](CS)C(N)=O)[C@@H](C)O,0,-5.539427,2
CC[C@H](C)[C@H](N)C(=O)N[C@@H](CC(C)C)C(=O)N1CCC[C@H]1C(=O)N[C@@H](Cc1c[nH]c2ccccc12)C(=O)N[C@@H](CCCC[NH3+])C(=O)N[C@@H](C)C(=O)N1CCC[C@H]1C(=O)N[C@@H](C)C(=O)N[C@@H](C)C(=O)N1CCC[C@H]1C(=O)N[C@@H](C)C(=O)N[C@@H](CCCNC(N)=[NH2+])C(=O)N[C@@H](CCCNC(N)=[NH2+])C(N)=O,0,0.48350888,2
CC[C@H](C)[C@H](NC(=O)[C@H](CO)NC(=O)[C@@H](NC(=O)[C@H](CS)NC(=O)[C@H](CCCC[NH3+])NC(=O)CNC(=O)[C@H](CCCNC(N)=[NH2+])NC(=O)[C@H](CO)NC(=O)[C@H](CS)NC(=O)[C@H](CCSC)NC(=O)[C@H](CC(C)C)NC(=O)CNC(=O)[C@H](CCSC)NC(=O)[C@H](CS)NC(=O)[C@H](CS)NC(=O)[C@@H](NC(O)C1CC(O)CN1C(O)C1CC(O)CN1C(=O)[C@H](CS)NC(=O)[C@H](CCCNC(N)=[NH2+])NC(=O)[C@H](CO)NC(=O)[C@H](CC(=O)O)NC(=O)[C@H](CCCNC(N)=[NH2+])NC(=O)CNC(=O)[C@H](CO)NC(=O)[C@H](CS)NC(=O)[C@@H](N)CO)C(C)C)C(C)C)C(=O)N[C@@H](Cc1ccc(O)cc1)C(=O)NCC(=O)N[C@H](C=O)CCC(=O)O,0,-0.2327923,2
CC[C@H](C)[C@H](NC(=O)CN)C(=O)NCC(=O)N[C@@H](CO)C(=O)N[C@@H](C)C(=O)N[C@H](C(=O)N[C@@H](CC(C)C)C(=O)N[C@@H](CO)C(=O)N[C@@H](C)C(=O)NCC(=O)N[C@@H](CCCC[NH3+])C(=O)N[C@@H](CO)C(=O)N[C@@H](C)C(=O)N[C@@H](CC(C)C)C(=O)N[C@@H](CCCC[NH3+])C(=O)NCC(=O)N[C@@H](CC(C)C)C(=O)N[C@@H](C)C(=O)N[C@@H](CCCC[NH3+])C(=O)NCC(=O)N[C@@H](CC(C)C)C(=O)N[C@@H](C)C(=O)N[C@@H](CCC(=O)O)C(=O)NC(CC1CNCN1)C(O)N[C@@H](Cc1ccccc1)C(=O)N[C@@H](C)C(=O)N[C@@H](CC(N)=O)C(N)=O)[C@@H](C)CC,0,-6.845293,2
CC[C@H](C)[C@H](N)C(=O)N[C@@H](CC(C)C)C(=O)NCC(=O)N[C@@H](CCCC[NH3+])C(=O)N[C@@H](CC(C)C)C(=O)N[C@@H](CC(C)C)C(=O)N[C@@H](CCCC[NH3+])C(=O)N[C@H](C(=O)N[C@@H](C)C(=O)N[C@@H](C)C(=O)N[C@@H](CCCC[NH3+])C(=O)N[C@@H](CC(C)C)C(=O)N[C@@H](CC(C)C)C(=O)N[C@@H](CO)C(=O)N[C@@H](CC(N)=O)C(=O)N[C@@H](CC(C)C)C(N)=O)[C@@H](C)O,0,-6.09655,2
C[C@H](NC(=O)[C@@H]1CCCN1C(O)C(CC1CNCN1)NC(=O)[C@H](CS)NC(=O)[C@H](CS)NC(=O)[C@@H](N)CCC(=O)O)C(=O)N[C@@H](CS)C(=O)NCC(=O)N[C@@H](CCCC[NH3+])C(=O)NC(CC1CNCN1)C(O)N[C@@H](Cc1ccccc1)C(=O)N[C@@H](CO)C(=O)N[C@@H](CS)C(N)=O,0,-7.593911,2
C[C@H](NC(=O)[C@H](C)NC(=O)[C@H](CCCC[NH3+])NC(=O)[C@H](C)NC(=O)[C@H](Cc1ccccc1)NC(=O)[C@H](Cc1c[nH]c2ccccc12)NC(=O)[C@H](CCCC[NH3+])NC(=O)[C@H](Cc1ccccc1)NC(=O)[C@H](CCCC[NH3+])NC(=O)[C@H](CCCC[NH3+])NC(=O)[C@H](C)NC(=O)[C@H](Cc1ccccc1)NC(=O)[C@@H](N)CCCC[NH3+])C(=O)N[C@@H](Cc1ccccc1)C(=O)N[C@@H](CCCC[NH3+])C(=O)N[C@@H](Cc1ccccc1)C(=O)N[C@@H](Cc1ccccc1)C(=O)N[C@@H](CCCC[NH3+])C(=O)N[C@@H](CCCC[NH3+])C(N)=O,0,-2.1705623,2
CC(C)C[C@H](NC(=O)[C@H](CCCC[NH3+])NC(=O)[C@@H](N)CCCC[NH3+])C(=O)N[C@@H](Cc1ccccc1)C(=O)N[C@@H](CCCC[NH3+])C(=O)N[C@@H](CCCC[NH3+])C(=O)N[C@H](CC(C)C)C(=O)N[C@H](CC(C)C)C(=O)N[C@H](CCCC[NH3+])C(=O)N[C@H](Cc1ccc(O)cc1)C(=O)N[C@H](CC(C)C)C(N)=O,0,-3.1674278,2
CC[C@H](C)[C@H](NC(=O)[C@H](Cc1ccccc1)NC(=O)[C@H](CCCC[NH3+])NC(=O)[C@H](C)NC(=O)[C@@H](NC(=O)[C@H](CO)NC(=O)[C@H](CCCC[NH3+])NC(=O)[C@H](CCSC)NC(=O)[C@H](C)NC(=O)[C@H](CCCC[NH3+])NC(=O)[C@H](Cc1ccccc1)NC(=O)[C@H](Cc1c[nH]c2ccccc12)NC(=O)CNC(=O)[C@H](CCCC[NH3+])NC(=O)[C@@H](N)CCCNC(N)=[NH2+])[C@@H](C)CC)C(=O)N[C@@H](C)C(=O)N[C@@H](CCCC[NH3+])C(=O)N[C@@H](CCC(=O)O)C(=O)N[C@@H](CCCC[NH3+])C(=O)N[C@@H](CC(C)C)C(=O)N[C@@H](CCCC[NH3+])C(=O)N[C@@H](CCC(=O)O)C(=O)NC(CC1CNCN1)C(O)N[C@@H](CC(C)C)C(N)=O,0,-4.201372,2
C[C@H](NC(=O)[C@H](C)NC(=O)[C@H](Cc1ccccc1)NC(=O)[C@H](C)NC(=O)[C@H](C)NC(=O)[C@H](Cc1c[nH]c2ccccc12)NC(=O)[C@H](C)NC(=O)[C@H](C)NC(=O)[C@H](Cc1ccccc1)NC(=O)[C@H](C)NC(=O)[C@H](C)NC(=O)[C@H](CCCC[NH3+])NC(=O)[C@H](CCCC[NH3+])NC(=O)[C@H](CCCC[NH3+])NC(=O)[C@H](CCCC[NH3+])NC(=O)[C@H](CCCC[NH3+])NC(=O)[C@@H](N)CCCC[NH3+])C(N)=O,0,-3.9090142,2
CC(C)C[C@@H](NC(=O)[C@@H](C)NC(=O)[C@H]1CCCN1C(=O)[C@@H](CC(C)C)NC(=O)[C@@H](Cc1c[nH]c2ccccc12)NC(O)C(CC1CNCN1)NC(=O)[C@@H](CCCC[NH3+])NC(=O)[C@@H](CC(C)C)NC(=O)[C@@H](C)NC(=O)[C@@H](CCCC[NH3+])NC(=O)[C@@H](C)NC(=O)[C@@H](CC(C)C)NC(=O)[C@@H](C)NC(=O)[C@@H](CCCC[NH3+])NC(=O)[C@H](N)CCCC[NH3+])C(=O)NC(CC1CNCN1)C(O)N[C@H](CCCC[NH3+])C(=O)N[C@H](CC(C)C)C(=O)N[C@H](C)C(=O)N[C@H](CCCC[NH3+])C(=O)N[C@H](C)C(=O)N[C@H](CC(C)C)C(=O)N[C@H](C)C(=O)N[C@H](CCCC[NH3+])C(=O)N[C@H](CCCC[NH3+])C(N)=O,0,-3.6841955,2
CC[C@H](C)[C@H](NC(=O)CN)C(=O)NCC(=O)N[C@@H](C)C(=O)N[C@H](C(=O)N[C@@H](CC(C)C)C(=O)N[C@@H](CCCC[NH3+])C(=O)N[C@H](C(=O)N[C@@H](CC(C)C)C(=O)N[C@@H](C)C(=O)N[C@@H](CC(C)C)C(=O)N[C@H](C(=O)N[C@@H](CO)C(=O)N[C@@H](Cc1c[nH]c2ccccc12)C(=O)N[C@H](C(=O)N[C@@H](CCCC[NH3+])C(=O)N[C@@H](CCCNC(N)=[NH2+])C(=O)N[C@@H](CCCC[NH3+])C(=O)N[C@@H](CCCNC(N)=[NH2+])C(N)=O)[C@@H](C)CC)[C@@H](C)CC)C(C)C)C(C)C,0,-3.2939796,2
CC[C@H](C)[C@H](NC(=O)[C@H](CCCC[NH3+])NC(=O)[C@H](CCCC[NH3+])NC(=O)[C@H](C)NC(=O)[C@@H](NC(=O)CNC(=O)[C@H](CCCNC(N)=[NH2+])NC(=O)[C@H](CC(C)C)NC(=O)[C@@H](NC(=O)[C@@H](N)CCCC[NH3+])[C@@H](C)CC)C(C)C)C(=O)N[C@@H](CCSC)C(=O)N[C@@H](CCCNC(N)=[NH2+])C(=O)N[C@H](C(=O)N[C@@H](Cc1ccccc1)C(=O)N[C@@H](CC(C)C)C(=O)N[C@@H](CCCNC(N)=[NH2+])C(=O)N[C@@H](CCCNC(N)=[NH2+])C(=O)N[C@H](C(=O)N[C@@H](CO)C(=O)N[C@@H](CCCC[NH3+])C(=O)N[C@@H](CC(=O)O)C(=O)N[C@H](C(=O)N[C@@H](CC(C)C)C(=O)N[C@H](C(=O)NCC(=O)N[C@@H](CCCC[NH3+])C(=O)N[C@@H](CCCC[NH3+])C(N)=O)[C@@H](C)O)[C@@H](C)CC)[C@@H](C)CC)[C@@H](C)O,0,-2.1466517,2
CC[C@H](C)[C@H](NC(=O)[C@H](C)NC(O)C(CC1CNCN1)NC(=O)[C@@H]1CCCN1C(=O)[C@@H](NC(=O)[C@H](CC(C)C)NC(=O)[C@H](CO)NC(=O)[C@H](CC(C)C)NC(=O)[C@@H](N)Cc1ccccc1)[C@@H](C)CC)C(=O)N[C@@H](CC(N)=O)C(=O)N[C@@H](C)C(=O)N[C@H](C(=O)N[C@@H](CO)C(=O)N[C@H](C(=O)N[C@@H](CC(C)C)C(=O)N[C@H](C(=O)NC(CC1CNCN1)C(O)NC(CC1CNCN1)C(O)N[C@@H](CO)C(N)=O)C(C)C)[C@@H](C)O)C(C)C,0,-5.328722,2
CC(C)C[C@H](NC(=O)[C@H](CCCC[NH3+])NC(=O)[C@H](Cc1ccc(O)cc1)NC(=O)CNC(=O)[C@H](CS)NC(=O)[C@H](CS)NC(=O)[C@@H](NC(=O)CNC(=O)[C@@H](N)CC(N)=O)C(C)C)C(=O)N[C@@H](CS)C(=O)NC(CC1CNCN1)C(O)N1CC(O)CC1C(O)N[C@H](C=O)CS,0,-4.482641,2
CC[C@H](C)[C@H](N)C(=O)N[C@@H](Cc1c[nH]c2ccccc12)C(=O)N[C@@H](CC(C)C)C(=O)N[C@H](C(=O)N[C@@H](C)C(=O)N[C@@H](CC(C)C)C(=O)N[C@@H](CCCC[NH3+])C(=O)N[C@@H](Cc1ccccc1)C(=O)N[C@@H](CC(C)C)C(=O)NCC(=O)N[C@@H](CCCC[NH3+])C(=O)NC(CC1CNCN1)C(O)N[C@@H](C)C(=O)N[C@@H](C)C(=O)N[C@@H](CCCC[NH3+])C(=O)NC(CC1CNCN1)C(O)N[C@@H](CC(C)C)C(=O)N[C@@H](C)C(=O)N[C@@H](CCCC[NH3+])C(=O)N[C@@H](CCC(N)=O)C(=O)N[C@@H](CCC(N)=O)C(=O)N[C@@H](CC(C)C)C(=O)N[C@@H](CO)C(=O)N[C@@H](CCCC[NH3+])C(=O)N[C@@H](CC(C)C)C(N)=O)[C@@H](C)O,0,-4.4238777,2
CCCC(CO)NC(=O)[C@@H]1CCCN1C(=O)[C@@H](NC(=O)[C@@H](NC(=O)[C@H](CC(=O)O)NC(C)=O)[C@@H](C)CC)C(C)C,0,-3.4569566,2
CC(C)C[C@H](NC(=O)[C@H](CC(C)C)NC(=O)[C@H](CCCC[NH3+])NC(=O)[C@H](CCCC[NH3+])NC(=O)[C@H](CC(C)C)NC(=O)[C@H](CC(C)C)NC(=O)[C@H](CCCC[NH3+])NC(=O)[C@H](CC(C)C)NC(=O)[C@@H]1CCCN1C(=O)[C@H](CCCC[NH3+])NC(=O)[C@H](CCCC[NH3+])NC(=O)[C@H](CC(C)C)NC(=O)[C@H](CC(C)C)NC(=O)[C@H](CCCC[NH3+])NC(=O)[C@H](CCCC[NH3+])NC(=O)[C@H](Cc1c[nH]c2ccccc12)NC(=O)[C@@H](N)CCCC[NH3+])C(N)=O,0,-6.083086,2
N=C(N)NCCC[C@H](NC(=O)[C@@H]1CCCN1C(=O)[C@@H]1CSSC[C@H](N)C(=O)N[C@@H](Cc2ccc(O)cc2)C(=O)N[C@@H](Cc2ccccc2)C(=O)N[C@@H](CCC(N)=O)C(=O)N[C@@H](CC(N)=O)C(=O)N1)C(=O)NCC(N)=O,0,-4.121886,2
CC[C@H](C)[C@@H](NC(=O)[C@@H](C)NC(=O)[C@@H](CCCC[NH3+])NC(=O)[C@@H](CC(C)C)NC(=O)[C@@H](CC(C)C)NC(=O)[C@H](NC(O)C(CC1CNCN1)NC(=O)[C@@H](CC(C)C)NC(=O)[C@H](NC(=O)[C@H](NC(=O)[C@@H](CCCC[NH3+])NC(=O)[C@@H](CCCC[NH3+])NC(=O)[C@@H](CC(C)C)NC(=O)[C@@H](CO)NC(=O)[C@@H](CCCC[NH3+])NC(=O)[C@@H](Cc1ccccc1)NC(=O)[C@H](NC(=O)[C@@H](CCCC[NH3+])NC(=O)[C@@H](CC(C)C)NC(=O)[C@@H](Cc1ccccc1)NC(=O)[C@@H](CO)NC(=O)[C@@H](CCCC[NH3+])NC(=O)[C@@H](Cc1c[nH]c2ccccc12)NC(=O)[C@@H](CCCC[NH3+])NC(C)=O)[C@@H](C)O)[C@@H](C)O)C(C)C)[C@@H](C)O)C(=O)N[C@H](CO)C(=O)N[C@@H](CO)C(N)=O,0,-6.378787,2
C[C@@H]1NC(=O)[C@@H]2CSSC[C@H](NC(=O)C[NH3+])C(=O)N[C@@H](CSSC[C@@H](C(N)=O)NC(=O)[C@H](CCCNC(N)=[NH2+])NC(=O)[C@H](Cc3c[nH]c4ccccc34)NC1=O)C(=O)N[C@@H](CO)C(=O)N[C@@H](CC(=O)O)C(=O)N1CCC[C@H]1C(=O)N[C@@H](CCCNC(N)=[NH2+])C(=O)N2,0,-3.831953,2
CC(C)C[C@@H]1NC(=O)[C@@H](Cc2c[nH]c3ccccc23)NC(=O)[C@H](CCCC[NH3+])NC(O)C(CO)N(C)C(=O)[C@H](CC(N)=O)NC(=O)[C@@H](CCC(=O)O)NC(=O)[C@H](CO)NC(O)C(CC2CNC3CCCCC23)N(C)C1=O,0,-8.196762,2
CC[C@H](C)[C@H](NC(O)C(CC1CNCN1)NC(=O)[C@H](CCCC[NH3+])NC(=O)[C@H](CC(C)C)NC(=O)[C@H](CC(C)C)NC(=O)[C@H](CO)NC(=O)[C@H](CCSC)NC(=O)[C@H](Cc1c[nH]c2ccccc12)NC(=O)[C@H](CCCC[NH3+])NC(=O)CN)C(=O)N[C@@H](CC(C)C)C(=O)N[C@@H](CCCC[NH3+])C(N)=O,0,-7.153987,2
CSCC[C@H](NC(=O)[C@H](CCC(=O)O)NC(=O)[C@H](CC(=O)O)NC(C)=O)C(=O)N[C@@H](CCC(=O)O)C(=O)NC(CC1CCC2CCCCC2C1)C(O)N[C@H](C=O)CS,0,-1.6579633,2
CC(C)C[C@H]1NC(=O)CNC(=O)[C@@H](CC(N)=O)NC(=O)[C@H](CCCNC(N)=[NH2+])NC(=O)[C@H]([C@@H](C)O)NC(=O)[C@H](CS)NC(=O)[C@H](C(C)C)NC(=O)[C@@H]2CCCN2C(=O)[C@H](Cc2c[nH]c3ccccc23)NC(=O)[C@H](CO)NC(=O)[C@H](CS)NC(=O)[C@H](CO)NC(=O)[C@H](CS)NC(=O)CNC(=O)[C@@H]2CCCN2C(=O)[C@H]([C@@H](C)O)NC(=O)[C@H](Cc2ccc(O)cc2)NC(=O)[C@H](CS)NC(=O)[C@H](CO)NC(=O)CNC(=O)[C@H](Cc2ccccc2)NC(=O)[C@H](C)NC(=O)[C@H](CS)NC(=O)[C@H]([C@@H](C)O)NC(=O)[C@H](CCC(=O)O)NC(=O)CNC(=O)[C@H](CS)NC(=O)[C@H](C(C)C)NC(=O)[C@@H]2CCCN2C1=O,0,-9.343334,2
CC(C)[C@@H]1NC(=O)[C@H](CCCC[NH3+])NC(=O)[C@H](C)NC(=O)[C@@H]2CCCN2C(=O)[C@@H](Cc2ccc(O)cc2)NC(=O)[C@H](C(C)C)NC(=O)[C@@H](CCCC[NH3+])NC(=O)[C@H](C)NC(=O)[C@H](CCCC[NH3+])NC(=O)[C@H](C(C)C)NC(=O)[C@H]2CCCN2C(=O)[C@@H](Cc2ccc(O)cc2)NC(=O)[C@H](C)NC(=O)[C@H](CCCC[NH3+])NC1=O,0,-3.6141524,2
CC[C@H](C)[C@H](NC(=O)CNC(=O)[C@H](C)NC(=O)[C@H](CS)NC(=O)[C@H](C)NC(=O)[C@H](C)NC(=O)[C@H](CCCNC(N)=[NH2+])NC(=O)[C@H](CO)NC(=O)[C@H](CS)NC(=O)[C@H](CS)NC(=O)CN)C(=O)NC(CC1CNCN1)C(O)N[C@@H](CCC(N)=O)C(=O)N[C@@H](CCC(=O)O)C(=O)N[C@@H](CC(C)C)C(=O)N[C@@H](CS)C(N)=O,0,-6.6750345,2
CC(C)C[C@H](NC(=O)[C@H](CCCNC(N)=[NH2+])NC(=O)[C@H](CCCC[NH3+])NC(=O)[C@H](CCCC[NH3+])NC(=O)[C@H](CC(C)C)NC(=O)[C@H](CC(N)=O)NC(=O)[C@H](C)NC(=O)[C@H](Cc1ccccc1)NC(=O)[C@H](CCCNC(N)=[NH2+])NC(=O)[C@H](CCCNC(N)=[NH2+])NC(=O)[C@H](CCCC[NH3+])NC(=O)[C@H](Cc1ccccc1)NC(=O)[C@H](CO)NC(=O)[C@H](C)NC(=O)CNC(=O)[C@H](Cc1ccccc1)NC(=O)[C@H](CCCC[NH3+])NC(=O)[C@H](CCCC[NH3+])NC(=O)[C@H](Cc1ccccc1)NC(=O)[C@H](Cc1ccc(O)cc1)NC(=O)[C@H](CCC(=O)O)NC(=O)[C@H](CCCC[NH3+])NC(=O)[C@H](CCCNC(N)=[NH2+])NC(=O)[C@H](CCCC[NH3+])NC(=O)CNC(=O)[C@H](Cc1ccccc1)NC(=O)[C@H](Cc1ccccc1)NC(=O)CN)C(N)=O,0,-6.387134,2
CC[C@H](C)[C@H](NC(=O)[C@@H](N)CCCC[NH3+])C(=O)N[C@@H](CCCC[NH3+])C(=O)N[C@H](C(=O)N1CCC[C@H]1C(=O)N[C@@H](Cc1c[nH]c2ccccc12)C(=O)NCC(=O)N[C@@H](CCCC[NH3+])C(=O)N[C@H](C(=O)N[C@@H](CCCC[NH3+])C(=O)N[C@@H](CC(=O)O)C(=O)N[C@@H](Cc1ccccc1)C(=O)N[C@@H](CC(C)C)C(=O)N[C@H](C(=O)NCC(=O)NCC(=O)N[C@@H](CCSC)C(=O)N[C@@H](CCCC[NH3+])C(=O)N[C@@H](C)C(=O)N[C@H](C(N)=O)C(C)C)C(C)C)C(C)C)[C@@H](C)CC,0,-2.637691,2
CC[C@H](C)[C@H](NC(=O)[C@H](Cc1ccccc1)NC(=O)[C@@H]1CCCN1C(=O)[C@H](C)NC(=O)[C@@H](NC(=O)[C@@H](N)CC(C)C)[C@@H](C)CC)C(=O)N[C@@H](CCCNC(N)=[NH2+])C(=O)N[C@@H](CC(=O)O)C(=O)N[C@@H](Cc1ccc(O)cc1)C(=O)N[C@@H](CS)C(=O)N[C@@H](CS)C(=O)N1CCC[C@H]1C(=O)N[C@@H](CCCNC(N)=[NH2+])C(=O)NCC(=O)N1CCC[C@H]1C(=O)N[C@@H](CS)C(=O)N[C@@H](CCSC)C(=O)N[C@H](C(=O)N[C@@H](Cc1c[nH]c2ccccc12)C(=O)N[C@@H](CS)C(N)=O)C(C)C,0,-0.88712853,2
C[C@H](NC(=O)[C@H](C)NC(=O)[C@H](C)NC(=O)[C@H](Cc1ccccc1)NC(=O)[C@H](C)NC(=O)[C@H](C)NC(=O)[C@H](Cc1c[nH]c2ccccc12)NC(=O)[C@H](C)NC(=O)[C@H](C)NC(=O)[C@H](Cc1ccccc1)NC(=O)[C@H](C)NC(=O)[C@H](C)NC(=O)[C@H](C)NC(=O)[C@H](C)NC(=O)[C@H](C)NC(=O)[C@H](Cc1ccccc1)NC(=O)[C@H](C)NC(=O)[C@H](C)NC(=O)[C@H](C)NC(=O)[C@H](CCCC[NH3+])NC(=O)[C@H](CCCC[NH3+])NC(=O)[C@H](CCCC[NH3+])NC(=O)[C@H](CCCC[NH3+])NC(=O)[C@H](CCCC[NH3+])NC(=O)[C@@H](N)CCCC[NH3+])C(N)=O,0,-1.9418231,2
CC(C)C[C@H](NC(=O)[C@H](C)NC(=O)[C@H](CC(C)C)NC(=O)[C@H](C)NC(=O)[C@@H](N)Cc1c[nH]c2ccccc12)C(N)=O,0,-5.7307053,2
CC[C@H](C)[C@H](NC(=O)[C@H](CC(C)C)NC(=O)[C@H](CO)NC(=O)[C@@H](NC(=O)[C@@H](NC(=O)[C@H](CC(C)C)NC(=O)CN)C(C)C)[C@@H](C)O)C(=O)N[C@@H](CCCC[NH3+])C(=O)NCC(=O)N[C@@H](C)C(=O)NCC(=O)N[C@@H](CCCC[NH3+])C(=O)N[C@@H](CC(C)C)C(=O)N[C@@H](CC(C)C)C(=O)NCC(=O)NCC(=O)N[C@@H](CC(C)C)C(=O)N[C@@H](Cc1ccccc1)C(=O)NCC(=O)N[C@@H](CO)C(=O)N[C@H](C(=O)N[C@H](C(=O)NCC(N)=O)[C@@H](C)O)C(C)C,0,-5.4187155,2
CC[C@H](C)[C@H](NC(=O)[C@@H](NC(=O)[C@@H]1CCCN1C(=O)[C@H](CC(C)C)NC(=O)[C@@H](N)Cc1ccccc1)[C@@H](C)CC)C(=O)N[C@H](C(=O)N[C@@H](CC(N)=O)C(=O)N[C@@H](CC(C)C)C(=O)N[C@@H](CC(C)C)C(=O)NCC(=O)N[C@@H](CCCC[NH3+])C(=O)N[C@@H](CC(C)C)C(=O)N[C@@H](CC(C)C)C(N)=O)[C@@H](C)O,0,-5.7498493,2
CC[C@H](C)[C@H](NC(=O)[C@@H]1CCCN1C(=O)[C@H](CC(C)C)NC(=O)[C@@H](N)Cc1ccccc1)C(=O)N[C@H](C(=O)NCC(=O)N[C@@H](CCCC[NH3+])C(=O)N[C@@H](CC(C)C)C(=O)N[C@@H](CC(C)C)C(=O)N[C@@H](CO)C(=O)NCC(=O)N[C@@H](CC(C)C)C(=O)N[C@@H](CC(C)C)C(N)=O)C(C)C,0,-7.267705,2
C[C@H](NC(O)C(CC1CNCN1)NC(=O)[C@H](Cc1ccc(O)cc1)NC(=O)[C@H](CCC(=O)O)NC(=O)[C@H](Cc1c[nH]c2ccccc12)NC(=O)[C@@H](N)CC(=O)O)C(=O)NC(CC1CNCN1)C(O)N1CCC[C@H]1C(=O)N[C@@H](CCCC[NH3+])C(=O)N1CC(O)CC1C(O)N[C@@H](CC(N)=O)C(=O)N[C@@H](CO)C(=O)N[C@H](Cc1ccccc1)C(=O)N[C@@H](Cc1c[nH]c2ccccc12)C(=O)N[C@H](C=O)[C@@H](C)O,0,-2.1238909,2
CC[C@H](C)[C@H](NC(=O)[C@H](CC(=O)O)NC(=O)[C@H](CCSC)NC(=O)[C@@H](NC(=O)[C@@H](NC(=O)[C@H](CCC(=O)O)NC(=O)[C@H](Cc1ccc(O)cc1)NC(=O)[C@H](Cc1ccccc1)NC(=O)[C@H](CCCCN)NC(=O)[C@H](CCC(N)=O)NC(=O)[C@H](CCC(N)=O)NC(=O)[C@H](CC(C)C)NC(=O)[C@H](CC(=O)O)NC(=O)[C@H](CCCCN)NC(=O)[C@@H](NC(=O)[C@H](CCC(N)=O)NC(=O)[C@H](CC(N)=O)NC(=O)[C@H](Cc1ccc(O)cc1)NC(=O)[C@H](Cc1c[nH]c2ccccc12)NC(=O)[C@H](CCC(=O)O)NC(=O)CNC(=O)[C@H](CC(C)C)NC(=O)[C@@H](NC(=O)[C@@H](NC(=O)[C@H](CC(N)=O)NC(=O)CNC(=O)[C@H](Cc1c[nH]cn1)NC(=O)[C@H](CC(N)=O)NC(=O)[C@@H](N)Cc1c[nH]c2ccccc12)[C@@H](C)CC)[C@@H](C)O)[C@@H](C)O)[C@@H](C)CC)[C@@H](C)CC)C(=O)N[C@@H](CCC(=O)O)C(=O)N[C@@H](CCC(N)=O)C(=O)N[C@@H](CC(N)=O)C(=O)N[C@@H](CC(N)=O)C(=O)N[C@H](C(=O)N[C@@H](CCC(N)=O)C(=O)O)C(C)C,0,-3.47825,2
CC[C@H](C)[C@@H]1NC(=O)[C@H](C)NC(=O)[C@H](CO)NC(=O)[C@H](CO)NC(=O)[C@H]([C@@H](C)CC)NC(=O)[C@H](CS)NC(=O)[C@@H]2CCCN2C(=O)[C@H]([C@@H](C)CC)NC(=O)[C@H](Cc2c[nH]c3ccccc23)NC(=O)[C@H](C(C)C)NC(=O)[C@H](CS)NC(=O)[C@H](CO)NC(=O)[C@H](CCC(=O)O)NC(=O)CNC(=O)[C@H](CS)NC(=O)[C@H]2CCCN2C(=O)[C@H]([C@@H](C)CC)NC(=O)CNC(=O)[C@H](CC(N)=O)NC(=O)[C@H](CCCNC(N)=[NH2+])NC(=O)[C@H](Cc2ccc(O)cc2)NC(=O)[C@H](CS)NC(=O)[C@H](C(C)C)NC(=O)[C@H](CCCC[NH3+])NC(=O)[C@H](CO)NC(=O)[C@H](CCCC[NH3+])NC(=O)[C@H](CS)NC(=O)[C@H](CO)NC(=O)[C@H](CS)NC(=O)CNC1=O,0,-9.510783,2
CSCC[C@@H](C=O)NC(=O)[C@H](CC(C)C)NC(=O)CNC(=O)[C@@H](NC(=O)[C@H](Cc1ccccc1)NC(=O)[C@H](CCC(N)=O)NC(=O)[C@H](CC(=O)O)NC(=O)[C@H](CO)NC(=O)[C@H](CCCCN)NC(=O)[C@@H]1CCCN1C(=O)[C@@H](NC(=O)[C@@H](N)CC(=O)O)C(C)C)C(C)C,0,-0.5103423,2
CC[C@H](C)[C@H](NC(=O)[C@H](CCC(N)=O)NC(=O)[C@@H]1CCCN1C(=O)[C@H](CC(N)=O)NC(O)C(CC1CNCN1)NC(=O)[C@@H](NC(=O)[C@@H](NC(=O)[C@H](CS)NC(=O)[C@@H](NC(=O)[C@@H]1CCCN1C(=O)[C@H](CC(N)=O)NC(=O)[C@H](CO)NC(=O)[C@H](CS)NC(=O)[C@@H](N)CS)C(C)C)[C@@H](C)O)C(C)C)C(=O)N[C@@H](CS)C(N)=O,0,-7.3045244,2
CC(=O)N[C@@H](CC(=O)O)C(=O)N[C@@H](CCC(=O)O)C(=O)N[C@@H](Cc1ccccc1)C(=O)N[C@@H](CCC(=O)O)C(=O)NC(CC1CCCCC1)C(O)N[C@H](C=O)CS,0,-2.501871,2
CC(C)C[C@H](NC(=O)[C@H](CCCC[NH3+])NC(=O)[C@H](CC(C)C)NC(=O)[C@H](CCCC[NH3+])NC(=O)[C@H](CC(C)C)NC(=O)[C@H](C)NC(=O)[C@H](CCCC[NH3+])NC(=O)[C@H](C)NC(=O)[C@H](CC(C)C)NC(=O)[C@H](CC(C)C)NC(=O)[C@H](CCCC[NH3+])NC(=O)[C@H](C)NC(=O)[C@@H](N)Cc1ccccc1)C(N)=O,0,-5.9799285,2
CC(C)C[C@H](NC(=O)[C@H](CC(N)=O)NC(=O)[C@H](CO)NC(O)C(CC1CNCN1)NC(=O)[C@H](CCC(=O)O)NC(=O)[C@H](CC(C)C)NC(O)C(CC1CNCN1)NC(=O)[C@H](CS)NC(=O)[C@@H](NC(=O)[C@@H]1CCCN1C(=O)[C@H](CC(N)=O)NC(=O)[C@H](CO)NC(=O)[C@H](CS)NC(=O)[C@H](CS)NC(=O)CNC(=O)[C@@H]1CCCN1C(=O)[C@H](CC(=O)O)NC(=O)[C@@H](N)CCCNC(N)=[NH2+])C(C)C)C(=O)N[C@@H](CS)C(N)=O,0,-7.5309596,2
C[C@H](NC(=O)[C@H](CS)NC(=O)[C@H](CCCNC(N)=[NH2+])NC(=O)[C@@H]1CCCN1C(=O)[C@H](CC(=O)O)NC(=O)[C@H](CO)NC(=O)[C@H](CS)NC(=O)[C@H](CS)NC(=O)CN)C(=O)N[C@H](C(=O)N[C@@H](CCCNC(N)=[NH2+])C(=O)N[C@@H](CS)C(N)=O)[C@@H](C)O,0,-6.90676,2
CC(C)C[C@@H](NC(=O)[C@@H](C)NC(=O)[C@@H](CC(C)C)NC(=O)[C@@H](CCCC[NH3+])NC(=O)[C@@H](CCCC[NH3+])NC(=O)[C@@H](CC(C)C)NC(=O)[C@@H](C)NC(=O)[C@H]1CCCN1C(=O)[C@@H](CC(C)C)NC(=O)[C@@H](Cc1c[nH]c2ccccc12)NC(=O)[C@@H](CCCC[NH3+])NC(=O)[C@@H](CCCC[NH3+])NC(=O)[C@@H](CC(C)C)NC(=O)[C@@H](C)NC(=O)[C@@H](CC(C)C)NC(=O)[C@@H](CC(C)C)NC(=O)[C@@H](C)NC(=O)[C@@H](CC(C)C)NC(=O)[C@@H](CCCC[NH3+])NC(=O)[C@H](N)CCCC[NH3+])C(=O)N[C@H](CC(C)C)C(=O)N[C@H](C)C(=O)N[C@H](CC(C)C)C(=O)N[C@H](CCCC[NH3+])C(=O)N[C@H](CCCC[NH3+])C(N)=O,0,-2.169282,2
C[C@@H]1NC(=O)[C@@H]2CSSC[C@H](NC(=O)[C@@H](NC(=O)CN)CSSC[C@@H](C(=O)O)NC(=O)[C@H](CCCNC(N)=[NH2+])NC(=O)[C@H](Cc3c[nH]c4ccccc34)NC1=O)C(=O)N[C@@H](CO)C(=O)N[C@@H](CC(=O)O)C(=O)N[C@@H](CCCCN)C(=O)N[C@@H](CCCNC(N)=[NH2+])C(=O)N2,0,-2.8382287,2
CC[C@H](C)[C@H](NC(=O)[C@@H](NC(=O)[C@@H]1CCCN1C(=O)[C@@H](NC(=O)[C@@H](NC(O)C(CC1CNCN1)NC(=O)[C@@H]1CCCN1C(=O)[C@H](CC(C)C)NC(=O)[C@H](CC(C)C)NC(O)C(CC1CNCN1)NC(=O)[C@H](CCCC[NH3+])NC(=O)[C@H](C)NC(=O)[C@@H](NC(=O)[C@H](CO)NC(=O)CNC(=O)[C@H](CC(C)C)NC(=O)[C@@H](NC(=O)[C@H](CO)NC(=O)[C@H](Cc1ccccc1)NC(=O)[C@H](CC(C)C)NC(=O)CN)C(C)C)C(C)C)C(C)C)C(C)C)C(C)C)C(=O)N[C@@H](C)C(=O)N[C@@H](CCC(=O)O)C(=O)N[C@@H](CCCC[NH3+])C(=O)N[C@@H](CC(C)C)C(N)=O,0,-6.682787,2
CC[C@H](C)[C@H](NC(=O)CNC(=O)[C@H](CO)NC(=O)[C@H](CC(C)C)NC(=O)[C@H](C)NC(=O)[C@H](CCCNC(N)=[NH2+])NC(=O)CNC(=O)[C@@H](NC(=O)[C@H](CC(C)C)NC(=O)[C@@H]1CCCN1C(=O)[C@H](CC(C)C)NC(=O)[C@@H](N)Cc1ccccc1)[C@@H](C)CC)C(=O)N[C@@H](CC(C)C)C(N)=O,0,-5.034366,2
CC(C)C[C@H](NC(=O)[C@H](CCCC[NH3+])NC(=O)[C@H](CCCC[NH3+])NC(=O)[C@H](CC(C)C)NC(=O)[C@H](C)NC(=O)[C@H](CCCC[NH3+])NC(=O)[C@H](CC(C)C)NC(=O)[C@H](C)NC(=O)[C@H](CC(C)C)NC(=O)[C@H](C)NC(=O)[C@@H](N)C(C)C)C(N)=O,0,-5.4147677,2
C[C@H](NC(=O)[C@@H]1CCCN1C(=O)[C@H](CC(N)=O)NC(=O)[C@H](CCCNC(N)=[NH2+])NC(=O)[C@H](CS)NC(=O)[C@H](CS)NC(=O)CNC(=O)[C@@H](N)CC(N)=O)C(=O)N[C@@H](CS)C(=O)N[C@@H](CCC(=O)O)C(=O)N[C@@H](CO)C(=O)NC(CC1CNCN1)C(O)N[C@@H](CCCNC(N)=[NH2+])C(=O)N[C@@H](CS)C(N)=O,0,-6.896106,2
C[C@H](NC(=O)[C@H](CS)NC(=O)[C@H](CC(=O)O)NC(=O)[C@@H]1CCCN1C(=O)[C@H](CCCNC(N)=[NH2+])NC(=O)[C@H](CO)NC(=O)[C@H](CS)NC(=O)[C@H](CS)NC(=O)CN)C(=O)N[C@@H](Cc1c[nH]c2ccccc12)C(=O)N[C@@H](CCCNC(N)=[NH2+])C(=O)N[C@@H](CS)C(N)=O,0,-7.801415,2
CC(C)C[C@H]1NC(=O)CNC(=O)[C@H](CC(N)=O)NC(=O)[C@@H](CCCNC(N)=[NH2+])NC(=O)[C@H]([C@@H](C)O)NC(=O)[C@H](CS)NC(=O)[C@H](CCCC[NH3+])NC(=O)[C@@H]2CCCN2C(=O)[C@H](Cc2c[nH]c3ccccc23)NC(=O)[C@H](CO)NC(=O)[C@H](CS)NC(=O)[C@H]([C@@H](C)O)NC(=O)[C@H](CS)NC(=O)CNC(=O)[C@@H]2CCCN2C(=O)[C@H]([C@@H](C)O)NC(=O)[C@H](CC(N)=O)NC(=O)[C@H](CS)NC(=O)[C@H]([C@@H](C)O)NC(=O)CNC(=O)CNC(=O)[C@H](C(C)C)NC(=O)[C@H](CS)NC(=O)[C@H]([C@@H](C)O)NC(=O)[C@H](CCC(=O)O)NC(=O)CNC(=O)[C@H](CS)NC(=O)[C@H](C(C)C)NC(=O)[C@@H]2CCCN2C1=O,0,-10.363654,2
CC(C)C[C@H](NC(=O)[C@H](Cc1ccc(O)cc1)NC(=O)[C@@H]1CCCN1C(=O)[C@@H](N)Cc1c[nH]c2ccccc12)C(=O)N1CCC[C@H]1C(=O)N[C@@H](Cc1c[nH]c2ccccc12)C(=O)N[C@@H](CCCNC(N)=[NH2+])C(=O)N[C@@H](CCCNC(N)=[NH2+])C(N)=O,0,-4.4308,2
CC[C@H](C)[C@H](NC(=O)[C@H](C)NC(=O)[C@H](CO)NC(=O)CNC(=O)[C@@H]1CCCN1C(=O)CN)C(=O)N[C@@H](CS)C(=O)N[C@@H](CC(N)=O)C(=O)N[C@@H](CCSC)C(=O)N[C@@H](C)C(=O)N[C@@H](CS)C(=O)N[C@@H](CCCNC(N)=[NH2+])C(=O)N[C@@H](CC(C)C)C(=O)N[C@@H](CCC(=O)O)C(=O)NC(CC1CNCN1)C(O)NCC(=O)NC(CC1CNCN1)C(O)N[C@@H](CC(C)C)C(=O)N[C@@H](Cc1ccc(O)cc1)C(=O)N1CCC[C@H]1C(=O)N[C@@H](Cc1ccccc1)C(=O)N[C@@H](CS)C(=O)N[C@@H](CC(N)=O)C(=O)N[C@@H](CS)C(=O)N[C@@H](CC(=O)O)C(N)=O,0,-3.9149134,2
CC(C)C[C@H](NC(=O)[C@H](C)NC(=O)[C@H](CC(C)C)NC(=O)[C@H](C)NC(=O)[C@H](CCCC[NH3+])NC(=O)[C@H](CCCC[NH3+])NC(=O)[C@H](C)NC(=O)[C@H](CC(C)C)NC(=O)[C@H](CCCC[NH3+])NC(=O)[C@H](C)NC(=O)[C@H](CC(C)C)NC(=O)[C@H](CCCC[NH3+])NC(=O)[C@H](CCCC[NH3+])NC(=O)[C@H](C)NC(=O)[C@@H](N)Cc1ccccc1)C(N)=O,0,-5.0825114,2
CC[C@H](C)[C@H](NC(=O)[C@@H](N)Cc1ccccc1)C(=O)N[C@H](C(=O)N[C@H](C(=O)NC(CC1CNCN1)C(N)O)C(C)C)[C@@H](C)O,0,-2.5647285,2
CC[C@H](C)[C@H](NC(=O)[C@H](CC(=O)O)NC(=O)[C@H](Cc1ccccc1)NC(=O)[C@H](CC(C)C)NC(=O)CN)C(=O)N[C@H](C(=O)N[C@@H](CCCC[NH3+])C(=O)N[C@@H](CCCC[NH3+])C(=O)N[C@H](C(=O)N[C@H](C(=O)NCC(=O)N[C@@H](C)C(=O)N[C@@H](CC(C)C)C(=O)NCC(=O)N[C@@H](CO)C(=O)N[C@@H](CC(C)C)C(N)=O)C(C)C)C(C)C)C(C)C,0,-6.365706,2
CC[C@H](C)[C@@H]1NC(=O)[C@H](CC(C)C)NC(=O)[C@H](C)NC(=O)[C@H]([C@@H](C)O)NC(=O)[C@H](C(C)C)NC(=O)[C@H]([C@@H](C)O)NC(=O)[C@H](CS)NC(=O)[C@@H]2CCCN2C(=O)[C@H]([C@@H](C)CC)NC(=O)[C@H](Cc2c[nH]c3ccccc23)NC(=O)[C@H](C(C)C)NC(=O)[C@H](CS)NC(=O)[C@H](CO)NC(=O)[C@H](CCC(=O)O)NC(=O)[C@H](C)NC(=O)[C@H](CS)NC(=O)[C@@H]2CCCN2C(=O)[C@@H]([C@@H](C)CC)NC(=O)CNC(=O)[C@H](CC(N)=O)NC(=O)[C@@H](Cc2ccc(O)cc2)NC(=O)[C@H](CS)NC(=O)[C@H](C(C)C)NC(=O)[C@H](CCCC[NH3+])NC(=O)[C@H](CC(N)=O)NC(=O)[C@H](CO)NC(=O)[C@H](CS)NC(=O)CNC(=O)[C@H](CS)NC(=O)CNC1=O,0,-10.873142,2
CC(C)C[C@H](NC(=O)[C@H](CCCC[NH3+])NC(=O)[C@H](CCCC[NH3+])NC(=O)[C@H](Cc1c[nH]c2ccccc12)NC(=O)[C@@H](N)CCCC[NH3+])C(=O)N[C@@H](CC(C)C)C(=O)N[C@@H](CCCC[NH3+])C(=O)N[C@@H](CCCC[NH3+])C(=O)N1CCC[C@H]1C(=O)N[C@@H](CC(C)C)C(=O)N[C@@H](CC(C)C)C(=O)N[C@@H](CCCC[NH3+])C(=O)N[C@@H](CCCC[NH3+])C(N)=O,0,-2.373235,2
CC[C@H](C)[C@H](NC(=O)[C@H](CO)NC(=O)[C@H](CCCC[NH3+])NC(=O)[C@H](CC(C)C)NC(=O)[C@H](CCCC[NH3+])NC(=O)[C@@H](N)CC(C)C)C(=O)N[C@H](C(=O)N[C@@H](CO)C(=O)N[C@@H](Cc1c[nH]c2ccccc12)C(=O)N[C@@H](C)C(=O)N[C@@H](CCCC[NH3+])C(=O)N[C@@H](CC(C)C)C(=O)N[C@H](C(=O)N[C@@H](CC(C)C)C(N)=O)C(C)C)C(C)C,0,-6.8386636,2
CC[C@H](C)[C@@H]1NC(=O)[C@H](CS)NC(=O)[C@@H]2CCCN2C(=O)[C@H]([C@@H](C)CC)NC(=O)[C@H](Cc2c[nH]c3ccccc23)NC(=O)[C@H](C(C)C)NC(=O)[C@H](CS)NC(=O)[C@H](CO)NC(=O)[C@H](CCC(=O)O)NC(=O)[C@@H](CS)NC(=O)[C@H]2CCCN2C(=O)[C@H](CC(C)C)NC(=O)[C@@H]([C@@H](C)O)NC(=O)CNC(=O)[C@H](CC(N)=O)NC(=O)[C@H](CCCC[NH3+])NC(=O)[C@H](Cc2ccc(O)cc2)NC(=O)[C@H](CS)NC(=O)[C@H](C(C)C)NC(=O)[C@H](CCCC[NH3+])NC(=O)[C@H](CO)NC(=O)[C@H](CCCC[NH3+])NC(=O)[C@H](CS)NC(=O)[C@H](CO)NC(=O)[C@H](CS)NC(=O)CNC(=O)[C@H](C(C)C)NC(=O)[C@H](C(C)C)NC(=O)[C@H](CO)NC(=O)[C@H](CO)NC1=O,0,-10.510132,2
CC(=O)N[C@@H](CCCNC(N)=[NH2+])C(=O)N[C@@H](CCCNC(N)=[NH2+])C(=O)N[C@@H](Cc1c[nH]c2ccccc12)C(=O)N[C@@H](Cc1c[nH]c2ccccc12)C(=O)N[C@@H](CS)C(=O)N[C@@H](CCCNC(N)=[NH2+])C(=O)N[C@H](C(N)=O)C(C)C,0,-4.559306,2
CCCC(CO)NC(=O)[C@@H]1CCCN1C(=O)[C@@H](NC(=O)[C@@H](NC(=O)[C@H](CC(=O)O)NC(=O)[C@@H](CC(=O)O)NC(C)=O)[C@@H](C)CC)C(C)C,0,-3.4766927,2
CC[C@H](C)[C@H](NC(O)C(C)(C)NC(=O)[C@H](CCCC[NH3+])NC(=O)CNC(=O)[C@H](CC(C)C)NC(O)C(C)(C)NC(=O)[C@H](CCCC[NH3+])NC(=O)[C@H](CCCC[NH3+])NC(=O)[C@H](Cc1c[nH]c2ccccc12)NC(=O)[C@H](CC(N)=O)NC(=O)[C@@H](N)C(C)C)C(=O)N[C@@H](CCCC[NH3+])C(=O)NC(C)(C)C(O)N[C@H](C(=O)N[C@@H](CCCC[NH3+])C(N)=O)C(C)C,0,-7.3790846,2
CC[C@H](C)[C@H](NC(=O)[C@H](CC(C)C)NC(=O)[C@H](CCC(=O)O)NC(=O)[C@@H](CC(=O)O)NC(C)=O)C(=O)NC(CC1CCCCC1)C(O)N[C@@H](CS)C(=O)N1CCC[C@H]1C(=O)NC(CC1CCCCC1)C(O)N[C@@H](CC(=O)O)C(=O)N[C@@H](CC(C)C)C(=O)N1CCC[C@@H]1C(=O)N[C@@H](Cc1ccc(O)cc1)C(=O)N[C@@H](CCCC[NH3+])C(N)=O,0,-3.6491284,2
CC(C)C[C@H](NC(=O)[C@H](CCCNC(N)=[NH2+])NC(=O)[C@H](CCCNC(N)=[NH2+])NC(=O)[C@H](Cc1ccc(O)cc1)NC(=O)[C@H](CC(C)C)NC(=O)[C@H](CCCNC(N)=[NH2+])NC(=O)[C@H](CCCNC(N)=[NH2+])NC(=O)[C@H](Cc1ccc(O)cc1)NC(=O)[C@H](CC(C)C)NC(=O)[C@H](CCCNC(N)=[NH2+])NC(=O)[C@H](CCCNC(N)=[NH2+])NC(=O)[C@H](Cc1ccc(O)cc1)NC(=O)[C@H](CC(C)C)NC(=O)[C@@H](N)CCCNC(N)=[NH2+])C(=O)N[C@@H](Cc1ccc(O)cc1)C(=O)N[C@@H](CCCNC(N)=[NH2+])C(=O)N[C@@H](CCCC[NH3+])C(=O)N[C@@H](CCCC[NH3+])C(=O)N[C@@H](CCCC[NH3+])C(N)=O,0,2.63964,2
CC[C@H](C)[C@H](NC(=O)[C@H](CCCC[NH3+])NC(=O)[C@H](CCCNC(N)=[NH2+])NC(=O)[C@H](CCCC[NH3+])NC(=O)[C@H](CC(C)C)NC(=O)[C@H](CCCNC(N)=[NH2+])NC(=O)[C@H](CCCNC(N)=[NH2+])NC(=O)[C@H](CC(C)C)NC(=O)[C@H](CCCC[NH3+])NC(=O)[C@@H](N)CCCNC(N)=[NH2+])C(=O)N[C@@H](C)C(=O)NC(CC1CNCN1)C(O)N[C@@H](CCCC[NH3+])C(=O)N[C@H](C(=O)N[C@@H](CCCC[NH3+])C(=O)N[C@@H](CCCC[NH3+])C(=O)N[C@@H](Cc1ccc(O)cc1)C(N)=O)C(C)C,0,-1.4208215,2
CC[C@H](C)[C@H](NC(=O)[C@@H](NC(=O)[C@H](CO)NC(=O)[C@H](C)NC(=O)[C@@H](NC(=O)[C@H](CCCC[NH3+])NC(=O)[C@H](CCCC[NH3+])NC(=O)[C@@H](NC(=O)[C@@H](NC(=O)[C@H](CC(=O)O)NC(=O)[C@H](Cc1ccccc1)NC(=O)[C@H](CC(C)C)NC(=O)CN)C(C)C)[C@@H](C)CC)C(C)C)C(C)C)C(=O)N[C@@H](CCCC[NH3+])C(=O)N[C@@H](CCCC[NH3+])C(=O)N[C@@H](CC(C)C)C(N)=O,0,-3.2374685,2
CC(C)C[C@H](NC(=O)[C@H](CCCNC(N)=[NH2+])NC(=O)[C@@H](N)CCCNC(N)=[NH2+])C(=O)N[C@@H](CO)C(=O)N[C@@H](Cc1ccc(O)cc1)C(=O)N[C@@H](CO)C(=O)N[C@@H](CCCNC(N)=[NH2+])C(=O)N[C@@H](CCCNC(N)=[NH2+])C(=O)N[C@@H](CCCNC(N)=[NH2+])C(=O)N[C@@H](Cc1ccccc1)C(N)=O,0,-1.0849876,2
C[C@H](NC(=O)[C@H](CCC(=O)O)NC(=O)[C@@H]1CCCN1C(O)C(CC1CNCN1)NC(=O)[C@H](CC(=O)O)NC(=O)[C@H](Cc1ccc(O)cc1)NC(=O)[C@H](CC(N)=O)NC(=O)[C@H](CS)NC(=O)[C@H](CCCNC(N)=[NH2+])NC(=O)[C@@H]1CCCN1C(=O)[C@H](CC(=O)O)NC(=O)[C@H](CO)NC(=O)[C@H](CS)NC(=O)[C@H](CS)NC(=O)CN)C(=O)N[C@@H](CS)C(N)=O,0,-5.8423624,2
CSCC[C@H](NC(=O)[C@@H](NC(=O)[C@H](CCCC[NH3+])NC(=O)[C@H](CCCNC(N)=[NH2+])NC(=O)[C@H](CS)NC(=O)[C@H](CO)NC(=O)[C@H](C)NC(=O)CNC(=O)[C@H](CCCC[NH3+])NC(=O)CNC(=O)[C@H](CCCC[NH3+])NC(=O)[C@@H](N)CS)[C@@H](C)O)C(=O)N[C@@H](Cc1ccc(O)cc1)C(=O)N[C@@H](CC(=O)O)C(=O)N[C@@H](CS)C(=O)N[C@@H](CS)C(=O)N[C@@H](CCCNC(N)=[NH2+])C(=O)NCC(=O)N[C@@H](CO)C(=O)N[C@@H](CS)C(=O)N[C@@H](CCCNC(N)=[NH2+])C(=O)N[C@@H](CO)C(=O)NCC(=O)N[C@@H](CCCNC(N)=[NH2+])C(=O)N[C@@H](CS)C(N)=O,0,-3.5424862,2
CC[C@H](C)[C@H](NC(O)C(CC1CNCN1)NC(=O)[C@H](CCCC[NH3+])NC(=O)[C@H](CC(C)C)NC(=O)[C@H](CC(C)C)NC(=O)[C@H](CO)NC(=O)[C@H](CCCC[NH3+])NC(=O)[C@H](Cc1c[nH]c2ccccc12)NC(=O)[C@H](CCCC[NH3+])NC(=O)CN)C(=O)N[C@@H](CC(C)C)C(=O)N[C@@H](CCCC[NH3+])C(N)=O,0,-7.252434,2
CC[C@H](C)[C@H](N)C(=O)N[C@@H](CC(C)C)C(=O)N1CCC[C@H]1C(=O)N[C@H](C(=O)N[C@@H](CC(C)C)C(=O)NCC(=O)N[C@@H](CC(N)=O)C(=O)N[C@@H](CC(C)C)C(=O)N[C@@H](CC(C)C)C(=O)N[C@@H](CC(N)=O)C(=O)N[C@@H](CO)C(=O)N[C@@H](CC(C)C)C(=O)N[C@@H](CC(C)C)C(N)=O)[C@@H](C)CC,0,-3.434075,2
CC[C@H](C)[C@@H]1NC(=O)[C@H](CC(C)C)NC(=O)[C@H](Cc2ccccc2)NC(=O)[C@H](Cc2ccccc2)NC(=O)[C@H](C)NC(=O)[C@@H]2CCCN2C(=O)[C@H](C(C)C)NC(=O)[C@H](CC(C)C)NC(=O)[C@H]([C@@H](C)CC)NC1=O,0,-3.0146017,2
CC[C@H](C)[C@H](NC(=O)[C@H](CCCC[NH3+])NC(=O)[C@H](CC(N)=O)NC(=O)[C@H](Cc1c[nH]c2ccccc12)NC(=O)[C@H](CC(C)C)NC(=O)CN)C(=O)N[C@@H](CCCC[NH3+])C(=O)N[C@@H](CCC(=O)O)C(=O)N[C@@H](C)C(=O)N[C@@H](C)C(=O)N[C@@H](CO)C(=O)N[C@@H](CCCC[NH3+])C(=O)N[C@@H](C)C(=O)N[C@@H](C)C(=O)NCC(=O)N[C@@H](CCCC[NH3+])C(=O)N[C@@H](C)C(=O)N[C@@H](C)C(=O)N[C@@H](CC(C)C)C(=O)NCC(=O)N[C@@H](Cc1ccccc1)C(=O)N[C@H](C(=O)N[C@@H](CC(N)=O)C(=O)N[C@@H](CCC(=O)O)C(=O)N[C@@H](CCSC)C(=O)N[C@H](C(N)=O)C(C)C)C(C)C,0,-5.414518,2
CC[C@H](C)[C@H](NC(=O)[C@H](CCCC[NH3+])NC(=O)[C@@H]1CCCN1C(=O)[C@H](CC(C)C)NC(=O)[C@H](Cc1ccccc1)NC(=O)[C@H](CC(N)=O)NC(=O)[C@H](C)NC(=O)[C@H](C)NC(=O)[C@H](CC(C)C)NC(=O)CNC(=O)[C@H](C)NC(=O)[C@H](CC(C)C)NC(=O)[C@H](CC(C)C)NC(=O)[C@@H]1CCCN1C(=O)[C@H](CC(C)C)NC(=O)[C@@H](N)Cc1ccccc1)C(=O)N[C@@H](Cc1ccccc1)C(=O)N[C@@H](CS)C(=O)N[C@@H](CCCC[NH3+])C(=O)N[C@H](C(=O)N[C@H](C(=O)N[C@@H](CCCNC(N)=[NH2+])C(=O)N[C@@H](CCCC[NH3+])C(=O)N[C@@H](CS)C(N)=O)[C@@H](C)O)[C@@H](C)CC,0,-5.5312843,2
C[C@H](NC(O)C(CC1CNCN1)NC(=O)[C@H](Cc1ccc(O)cc1)NC(=O)[C@H](CCC(=O)O)NC(=O)[C@H](Cc1c[nH]c2ccccc12)NC(=O)[C@@H](N)CC(=O)O)C(=O)NC(CC1CNCN1)C(O)N1CCC[C@H]1C(=O)N[C@@H](CCCC[NH3+])C(=O)N1CC(O)CC1C(O)N[C@@H](CC(N)=O)C(=O)N[C@@H](CO)C(=O)N[C@@H](Cc1ccccc1)C(=O)N[C@@H](Cc1c[nH]c2ccccc12)C(=O)N[C@H](C=O)[C@@H](C)O,0,-2.1486497,2
CC[C@H](C)[C@H](NC(=O)CNC(=O)[C@H](CO)NC(=O)[C@@H](NC(=O)[C@H](CC(C)C)NC(=O)[C@H](CCCNC(N)=[NH2+])NC(=O)CNC(=O)[C@@H](NC(=O)[C@@H](NC(=O)[C@@H]1CCCN1C(=O)[C@H](CC(C)C)NC(=O)[C@@H](N)Cc1ccccc1)[C@@H](C)CC)C(C)C)[C@@H](C)CC)C(=O)N[C@@H](CC(C)C)C(N)=O,0,-5.5713005,2
CC[C@H](C)[C@H](NC(=O)[C@H](CC(C)C)NC(=O)[C@H](CC(N)=O)NC(=O)[C@@H](NC(=O)[C@H](CC(C)C)NC(=O)[C@@H](NC(=O)[C@@H]1CCCN1C(=O)[C@H](CC(C)C)NC(=O)[C@@H](N)Cc1ccccc1)[C@@H](C)CC)[C@@H](C)CC)C(=O)NC(CC1CNCN1)C(O)N[C@@H](CCCC[NH3+])C(=O)NCC(=O)N[C@@H](CC(C)C)C(=O)N[C@@H](CC(C)C)C(N)=O,0,-5.2025213,2
CC[C@H](C)[C@@H]1NC(=O)[C@H](Cc2c[nH]c[nH+]2)NC(=O)[C@H](CCC(N)=O)NC(=O)[C@H](CC(N)=O)NC(=O)[C@H](CC(N)=O)NC(=O)CNC(=O)[C@H](C)NC(=O)[C@@H]2CSSC[C@H](NC(=O)C[NH3+])C(=O)N[C@@H](CSSC[C@@H](C(N)=O)NC1=O)C(=O)N[C@@H](CO)C(=O)N[C@@H](Cc1c[nH]c[nH+]1)C(=O)N1CCC[C@H]1C(=O)N[C@@H](C)C(=O)N2,0,-4.4175453,2
CC[C@H](C)[C@H](NC(=O)CN)C(=O)NCC(=O)N[C@@H](CCCC[NH3+])C(=O)N[C@@H](Cc1ccccc1)C(=O)N[C@@H](CC(C)C)C(=O)NC(CC1CNCN1)C(O)N[C@@H](CO)C(=O)N[C@H](C)C(=O)N[C@@H](CCCC[NH3+])C(=O)N[C@@H](CCCC[NH3+])C(=O)N[C@@H](Cc1ccccc1)C(=O)N[C@H](C)C(=O)N[C@@H](CCCC[NH3+])C(=O)N[C@@H](C)C(=O)N[C@@H](Cc1ccccc1)C(=O)N[C@H](C(=O)N[C@H](C)C(=O)N[C@@H](CCC(=O)O)C(=O)N[C@H](C(=O)N[C@@H](CCSC)C(=O)N[C@@H](CC(N)=O)C(=O)N[C@@H](CO)C(N)=O)[C@@H](C)CC)C(C)C,0,-6.4587216,2
CC(C)C[C@@H]1NC(=O)[C@H](CC(=O)O)NC(=O)[C@@H]2CCCN2C(=O)[C@H](Cc2c[nH]c[nH+]2)NC(=O)[C@H](CCCC[NH3+])NC(=O)[C@H](CC(N)=O)NC(=O)[C@H](CCCNC(N)=[NH2+])NC(=O)[C@@H]2CSSC[C@H](NC(=O)C[NH3+])C(=O)N[C@@H](CSSC[C@@H](C(N)=O)NC1=O)C(=O)N[C@@H](CO)C(=O)N[C@@H](CC(=O)O)C(=O)N1CCC[C@H]1C(=O)N1CCC[C@H]1C(=O)N2,0,-3.3163092,2
CC[C@H](C)[C@H](NC(=O)CN)C(=O)NCC(=O)NCC(=O)N[C@@H](C)C(=O)N[C@@H](CC(C)C)C(=O)N[C@@H](CC(C)C)C(=O)N[C@@H](CO)C(=O)N[C@@H](C)C(=O)NCC(=O)N[C@@H](CCCC[NH3+])C(=O)N[C@@H](C)C(=O)N[C@@H](C)C(=O)N[C@@H](CC(C)C)C(=O)N[C@@H](CCCC[NH3+])C(=O)NCC(=O)N[C@@H](CC(C)C)C(=O)N[C@@H](C)C(=O)N[C@@H](CCCC[NH3+])C(=O)N[C@H](C(=O)N[C@@H](CC(C)C)C(=O)N[C@H](C(N)=O)C(C)C)C(C)C,0,-3.095497,2
CC(C)C[C@H](NC(=O)[C@@H](NC(=O)[C@H](C)NC(=O)[C@H](CS)NC(=O)[C@@H]1CCCN1C(=O)[C@@H]1CCCN1C(=O)[C@@H](NC(=O)[C@H](CO)NC(=O)[C@H](CS)NC(=O)[C@H](CS)NC(=O)CN)[C@@H](C)O)C(C)C)C(=O)N[C@@H](C)C(=O)N[C@@H](CS)C(N)=O,0,-7.632386,2
CC(=O)NCC(=O)N[C@@H](CCCC[NH3+])C(=O)N[C@@H](CCCC[NH3+])C(=O)N[C@@H](CC(C)C)C(=O)N[C@@H](CC(C)C)C(=O)N[C@@H](CCCC[NH3+])C(=O)N[C@@H](CCCC[NH3+])C(=O)N[C@@H](Cc1c[nH]c2ccccc12)C(=O)N[C@@H](CCCC[NH3+])C(=O)N[C@@H](CCCC[NH3+])C(=O)N[C@@H](CC(C)C)C(=O)N[C@@H](Cc1c[nH]c2ccccc12)C(=O)N[C@@H](CCCC[NH3+])C(=O)N[C@@H](CCCC[NH3+])C(=O)N[C@@H](Cc1c[nH]c2ccccc12)C(N)=O,0,-3.568421,2
CC(C)C[C@H](NC(=O)[C@H](C)NC(=O)[C@H](CCCC[NH3+])NC(=O)[C@H](CCCC[NH3+])NC(=O)[C@H](CC(C)C)NC(=O)[C@H](C)NC(=O)[C@H](CCCC[NH3+])NC(=O)[C@H](CC(C)C)NC(=O)[C@H](C)NC(=O)[C@H](CC(C)C)NC(=O)[C@H](C)NC(=O)[C@@H](N)Cc1ccccc1)C(N)=O,0,-5.264807,2
CSCC[C@@H]1NC(=O)[C@H](CCCNC(N)=[NH2+])NC(=O)[C@H](C)NC(=O)[C@H](C)NC(=O)[C@H](Cc2c[nH]c3ccccc23)NC(=O)[C@H](CCCNC(N)=[NH2+])NC(=O)[C@H](Cc2ccccc2)NC(=O)[C@H](C)NC(=O)[C@H](CCCC[NH3+])NC(=O)[C@H](CCCNC(N)=[NH2+])NC(=O)[C@H](Cc2c[nH]c3ccccc23)NC(=O)[C@H](C)NC(=O)[C@@H]2CCCN2C(=O)[C@H](C)NC(=O)[C@H](C)NC(=O)[C@H](CCCC[NH3+])NC(=O)[C@H](CCCC[NH3+])NC(=O)[C@H](CC(C)C)NC1=O,0,-4.2764554,2
CC[C@H](C)[C@H](NC(=O)[C@@H](NC(=O)CN)C(C)C)C(=O)N[C@@H](CC(=O)O)C(=O)N[C@@H](C)C(=O)N[C@@H](C)C(=O)N[C@@H](CCCC[NH3+])C(=O)N[C@@H](CCCC[NH3+])C(=O)N[C@H](C(=O)N[C@H](C(=O)N[C@@H](CC(N)=O)C(=O)N[C@H](C(=O)N[C@@H](CC(C)C)C(=O)N[C@@H](CCCC[NH3+])C(=O)N[C@@H](CC(N)=O)C(=O)N[C@@H](CC(C)C)C(=O)N1CCC[C@H]1C(N)=O)C(C)C)C(C)C)C(C)C,0,-2.6753752,2
CC[C@H](C)[C@H](NC(=O)[C@H](C)NC(=O)[C@H](C)NC(=O)[C@H](CCC(=O)O)NC(=O)[C@H](CCCC[NH3+])NC(=O)CNC(=O)[C@@H](NC(=O)[C@H](CC(N)=O)NC(=O)[C@H](CCCC[NH3+])NC(=O)[C@@H](NC(=O)[C@@H](NC(=O)[C@H](CO)NC(=O)[C@H](Cc1c[nH]c2ccccc12)NC(=O)[C@H](CC(C)C)NC(=O)CN)[C@@H](C)O)[C@@H](C)CC)C(C)C)C(=O)N[C@@H](C)C(=O)N[C@@H](C)C(=O)NCC(=O)N[C@@H](CCCC[NH3+])C(=O)N[C@@H](C)C(=O)N[C@H](C(=O)N[C@@H](CC(C)C)C(=O)NCC(=O)N[C@@H](CO)C(=O)N[C@@H](CC(C)C)C(N)=O)C(C)C,0,-7.3047113,2
CC[C@H](C)[C@H](NC(=O)[C@H](CCCC[NH3+])NC(=O)[C@H](CCCC[NH3+])NC(=O)[C@H](CC(C)C)NC(=O)[C@H](CC(=O)O)NC(=O)[C@@H](NC(=O)[C@@H](N)Cc1ccccc1)C(C)C)C(=O)N[C@@H](C)C(=O)N[C@@H](CC(N)=O)C(=O)N[C@H](C(=O)N[C@H](C(=O)N[C@@H](CC(N)=O)C(=O)N[C@@H](CO)C(=O)N[C@H](C(=O)N[C@@H](Cc1ccccc1)C(=O)NCC(=O)N[C@@H](CCCC[NH3+])C(N)=O)[C@@H](C)CC)[C@@H](C)CC)[C@@H](C)CC,0,-5.105081,2
CC[C@H](C)[C@H](N)C(=O)N[C@@H](CC(C)C)C(=O)N1CCC[C@H]1C(=O)N[C@@H](CC(C)C)C(=O)N[C@@H](CCCC[NH3+])C(=O)N[C@@H](Cc1c[nH]c2ccccc12)C(=O)N1CCC[C@H]1C(=O)N[C@@H](Cc1c[nH]c2ccccc12)C(=O)N[C@@H](Cc1c[nH]c2ccccc12)C(=O)N1CCC[C@H]1C(=O)N[C@@H](Cc1c[nH]c2ccccc12)C(=O)N[C@@H](CCCNC(N)=[NH2+])C(=O)N[C@@H](CCCNC(N)=[NH2+])C(N)=O,0,-1.9763131,2
CC[C@H](C)[C@H](NC(=O)[C@H](CO)NC(=O)[C@@H]1CCCN1C(=O)[C@H](CC(C)C)NC(=O)[C@@H](NC(=O)CNC(=O)[C@H](C)NC(=O)[C@H](CC(C)C)NC(=O)[C@@H](NC(=O)[C@H](CCCC[NH3+])NC(=O)[C@H](CC(C)C)NC(=O)[C@H](C)NC(=O)[C@H](CO)NC(=O)CNC(=O)[C@@H](NC(=O)[C@@H](N)Cc1ccccc1)[C@@H](C)CC)C(C)C)C(C)C)C(=O)N[C@H](C(=O)N[C@@H](CO)C(=O)N[C@@H](Cc1c[nH]c2ccccc12)C(=O)N[C@H](C(=O)N[C@@H](CCCC[NH3+])C(=O)N[C@@H](CCC(N)=O)C(N)=O)C(C)C)C(C)C,0,-8.242087,2
CC(C)C[C@H](NC(=O)[C@H](CCC(=O)O)NC(=O)[C@@H]1CCCN1C(=O)[C@H](C)NC(=O)[C@H](CC(N)=O)NC(=O)[C@@H](NC(=O)[C@H](CO)NC(=O)[C@H](CS)NC(=O)[C@H](C)NC(=O)[C@@H]1CCCN1C(O)C(CC1CNCN1)NC(=O)[C@H](CO)NC(=O)[C@H](CS)NC(=O)[C@H](CS)NC(=O)CN)C(C)C)C(=O)N[C@@H](CS)C(N)=O,0,-7.742697,2
CC[C@H](C)[C@H](N)C(=O)N[C@@H](CC(C)C)C(=O)N1CCC[C@H]1C(=O)N[C@H](C(=O)N[C@@H](CC(C)C)C(=O)N[C@@H](C)C(=O)N1CCC[C@H]1C(=O)N[C@@H](CC(C)C)C(=O)N[C@H](C(=O)NCC(=O)NCC(=O)N[C@@H](CC(C)C)C(=O)N[C@@H](CC(C)C)C(N)=O)[C@@H](C)CC)[C@@H](C)CC,0,0.4273304,2
CC[C@H](C)[C@H](NC(=O)[C@H](C)NC(=O)[C@H](CCCC[NH3+])NC(=O)[C@H](CC(C)C)NC(=O)[C@H](CC(C)C)NC(=O)CNC(O)C(CC1CNCN1)NC(=O)[C@H](CC(C)C)NC(=O)[C@@H](NC(=O)[C@@H](NC(=O)[C@H](CCCC[NH3+])NC(=O)[C@H](CCCC[NH3+])NC(=O)[C@H](C)NC(=O)[C@H](CO)NC(=O)[C@H](CCCC[NH3+])NC(=O)[C@H](Cc1ccccc1)NC(=O)[C@@H](NC(=O)[C@H](CCCC[NH3+])NC(=O)[C@H](CC(C)C)NC(=O)[C@H](Cc1ccccc1)NC(=O)[C@H](CO)NC(=O)[C@H](CCCC[NH3+])NC(=O)[C@H](Cc1c[nH]c2ccccc12)NC(=O)[C@H](CCCC[NH3+])NC(C)=O)[C@@H](C)O)[C@@H](C)O)C(C)C)C(=O)N[C@@H](CO)C(=O)N[C@@H](CO)C(N)=O,0,-6.0589128,2
CC[C@H](C)[C@H](NC(=O)[C@H](CCCC[NH3+])NC(=O)CNC(=O)[C@H](CC(C)C)NC(=O)[C@H](Cc1ccccc1)NC(=O)[C@H](CCCC[NH3+])NC(=O)[C@H](CO)NC(=O)[C@H](Cc1ccccc1)NC(=O)[C@H](Cc1c[nH]c2ccccc12)NC(=O)[C@H](CCC(N)=O)NC(=O)[C@@H](NC(=O)[C@@H](N)Cc1ccccc1)C(C)C)C(=O)N[C@@H](CC(C)C)C(N)=O,0,-7.030175,2
CSCC[C@H](NC(=O)CNC(=O)[C@H](CCCNC(N)=[NH2+])NC(=O)[C@H](CO)NC(=O)[C@H](CS)NC(O)C1CC(O)CN1C(=O)[C@@H](NC(=O)CNC(O)C1CC(O)CN1C(=O)[C@H](CO)NC(=O)[C@H](CCCC[NH3+])NC(=O)[C@@H](N)CS)[C@@H](C)O)C(=O)N[C@@H](CCCNC(N)=[NH2+])C(=O)N[C@@H](CC(=O)O)C(=O)N[C@@H](CS)C(=O)N[C@@H](CS)C(=O)N[C@H](C(=O)N[C@@H](CO)C(=O)N[C@@H](CS)C(=O)N[C@@H](CC(C)C)C(=O)N[C@@H](CC(C)C)C(=O)N[C@@H](Cc1ccc(O)cc1)C(=O)N[C@@H](CO)C(=O)N[C@@H](CC(N)=O)C(=O)N[C@@H](CCCC[NH3+])C(=O)N[C@@H](CS)C(=O)N[C@@H](CCCNC(N)=[NH2+])C(=O)N[C@@H](CCCNC(N)=[NH2+])C(=O)N[C@H](C=O)Cc1ccc(O)cc1)[C@@H](C)O,0,-0.4410377,2
CC(C)C[C@@H]1NC(=O)[C@H](CC(C)C)NC(=O)[C@H](CCC(N)=O)NC(=O)[C@H](CCCNC(=N)N)NC(=O)[C@H](Cc2c[nH]cn2)NC(=O)[C@@H]2CSSC[C@@H](C(=O)N[C@@H](CC(C)C)C(=O)N[C@@H](CCCNC(=N)N)C(=O)N[C@@H](Cc3ccccc3)C(=O)N[C@H](C(N)=O)C(C)C)NC(=O)[C@H](CSSC[C@H](NC(=O)[C@@H](N)CCC(=O)O)C(=O)N2)NC1=O,0,-5.565036,2
CC(=O)N[C@@H](CCCNC(N)=[NH2+])C(=O)N[C@@H](Cc1c[nH]c2ccccc12)C(=O)N[C@@H](Cc1ccc(O)cc1)C(=O)N[C@@H](CS)C(=O)NCC(N)=O,0,-6.6448336,2
CC(=O)N[C@@H](CC(C)C)C(=O)N[C@@H](CC(C)C)C(=O)N[C@@H](CCCNC(N)=[NH2+])C(=O)N[C@H](C(=O)N[C@@H](CCCC[NH3+])C(=O)N[C@@H](CCCNC(N)=[NH2+])C(N)=O)C(C)C,0,-5.3607807,2
CC(C)[C@H](NC(=O)[C@@H](NC(=O)[C@H](CS)NC(=O)CNC(=O)[C@H](CS)NC(O)C1CC(O)CN1C(O)C(CC1CNCN1)NC(=O)[C@H](CS)NC(=O)[C@H](C)NC(=O)[C@H](C)NC(=O)[C@H](CC(N)=O)NC(O)C1CC(O)CN1C(=O)[C@H](Cc1ccc(O)cc1)NC(=O)[C@H](CCCC[NH3+])NC(=O)CNC(=O)[C@H](CS)NC(=O)[C@H](CS)NC(=O)CN)[C@@H](C)O)C(=O)NCC(=O)N[C@@H](CCCNC(N)=[NH2+])C(=O)N1CC(O)CC1C(O)N1CC(O)CC1C(O)N[C@@H](Cc1ccc(O)cc1)C(=O)N[C@@H](CS)C(=O)N[C@@H](CC(=O)O)C(=O)N[C@@H](CCCNC(N)=[NH2+])C(=O)N1CC(O)CC1C(O)N[C@@H](CO)C(=O)NCC(=O)NCC=O,0,-6.9983816,2
CC[C@H](C)[C@H](NC(=O)[C@@H](N)CCC(N)=O)C(=O)N1CCC[C@H]1C(=O)N[C@@H](Cc1c[nH]c2ccccc12)C(=O)N[C@@H](Cc1ccccc1)C(=O)NC(CC1CNCN1)C(O)N[C@@H](CCCNC(N)=[NH2+])C(N)=O,0,-5.1437273,2
CC(C)C[C@H](NC(=O)[C@H](CC(C)C)NC(=O)[C@@H](CCCC[NH3+])NC(=O)[C@H](CC(C)C)NC(=O)[C@H](CC(C)C)NC(=O)[C@H](CCCC[NH3+])NC(=O)[C@@H](CCCC[NH3+])NC(=O)[C@@H](CC(C)C)NC(=O)[C@H](CC(C)C)NC(=O)[C@@H](CCCC[NH3+])NC(=O)[C@H](CCCC[NH3+])NC(=O)[C@H](CC(C)C)NC(=O)[C@@H](CC(C)C)NC(=O)[C@H](CCCC[NH3+])NC(=O)[C@@H](N)CC(C)C)C(N)=O,0,-4.531697,2
CC[C@H](C)[C@H](NC(=O)[C@H](CCCC[NH3+])NC(=O)[C@H](CCCC[NH3+])NC(=O)[C@H](Cc1ccccc1)NC(=O)[C@H](CC(C)C)NC(=O)[C@H](CCCC[NH3+])NC(=O)[C@@H](N)CC(C)C)C(=O)N[C@@H](CC(C)C)C(=O)N[C@@H](CCCC[NH3+])C(=O)N[C@@H](Cc1ccc(O)cc1)C(=O)N[C@@H](CC(C)C)C(N)=O,0,-4.571699,2
CC[C@H](C)[C@H](N)C(=O)N[C@@H](CC(N)=O)C(=O)N[C@@H](Cc1c[nH]c2ccccc12)C(=O)N[C@@H](CC(C)C)C(=O)N[C@@H](CCCC[NH3+])C(=O)N[C@@H](CC(C)C)C(=O)NCC(=O)N[C@@H](CCCC[NH3+])C(=O)N[C@@H](CCCC[NH3+])C(=O)N[C@H](C(=O)N[C@@H](CC(C)C)C(=O)NCC(=O)N[C@@H](C)C(=O)N[C@H](C(N)=O)[C@@H](C)CC)[C@@H](C)CC,0,-2.3874528,2
C[C@H](NC(=O)[C@H](C)NC(=O)[C@H](Cc1ccccc1)NC(=O)[C@H](C)NC(=O)[C@H](C)NC(=O)[C@H](CCCNC(N)=[NH2+])NC(=O)[C@H](CCCNC(N)=[NH2+])NC(=O)[C@@H](N)CCCNC(N)=[NH2+])C(=O)N[C@@H](Cc1c[nH]c2ccccc12)C(=O)N[C@@H](C)C(=O)N[C@@H](C)C(=O)N[C@@H](Cc1ccccc1)C(=O)N[C@@H](C)C(=O)N[C@@H](C)C(=O)N[C@@H](CCCNC(N)=[NH2+])C(=O)N[C@@H](CCCNC(N)=[NH2+])C(=O)N[C@@H](CCCNC(N)=[NH2+])C(N)=O,0,2.6897874,2
CC(C)C[C@H](NC(=O)[C@H](CC(N)=O)NC(=O)[C@H](CO)NC(O)C(CC1CNCN1)NC(=O)[C@H](CCC(=O)O)NC(=O)[C@H](C)NC(O)C(CC1CNCN1)NC(=O)[C@H](CS)NC(=O)[C@@H](NC(=O)[C@@H]1CCCN1C(=O)[C@H](CC(N)=O)NC(=O)[C@H](CO)NC(=O)[C@H](CS)NC(=O)[C@H](CS)NC(=O)CN)C(C)C)C(=O)N[C@@H](CS)C(N)=O,0,-9.35342,2
CC[C@H](C)[C@H](NC(=O)[C@@H](N)CCCNC(N)=[NH2+])C(=O)N[C@@H](CC(C)C)C(=O)N[C@@H](CCCNC(N)=[NH2+])C(=O)NCC(N)=O,0,0.7530584,2
CC[C@H](C)[C@H](NC(=O)CN)C(=O)NCC(=O)NCC(=O)N[C@@H](CCCC[NH3+])C(=O)N[C@H](C(=O)N[C@@H](CC(C)C)C(=O)NCC(=O)NCC(=O)N[C@@H](CC(C)C)C(=O)N[C@@H](CCCC[NH3+])C(=O)N[C@H](C(=O)N[C@@H](C)C(=O)N[C@@H](CC(C)C)C(=O)N[C@@H](CCCC[NH3+])C(=O)NCC(=O)N[C@@H](C)C(=O)N[C@@H](C)C(=O)N[C@@H](CCCC[NH3+])C(=O)N[C@@H](CCC(=O)O)C(=O)N[C@@H](CC(C)C)C(=O)N[C@@H](C)C(=O)N[C@@H](CO)C(=O)N[C@H](C(=O)N[C@@H](Cc1ccc(O)cc1)C(=O)N[C@@H](CC(C)C)C(=O)NC(CC1CNCN1)C(N)O)[C@@H](C)O)[C@@H](C)O)[C@@H](C)CC,0,-2.3880966,2
CC[C@H](C)[C@H](NC(=O)[C@H](CCC(N)=O)NC(=O)[C@@H]1CCCN1C(=O)[C@H](CC(N)=O)NC(O)C(CC1CNCN1)NC(=O)[C@@H](NC(=O)[C@@H](NC(=O)[C@H](CS)NC(=O)[C@@H](NC(=O)[C@@H]1CCCN1C(=O)[C@H](CC(N)=O)NC(=O)[C@H](CO)NC(=O)[C@H](CS)NC(=O)[C@H](CS)NC(=O)[C@@H]1CCCN1C(=O)[C@H](CC(=O)O)NC(O)C(N)CCCNC(N)N(C)C)C(C)C)[C@@H](C)O)C(C)C)C(=O)N[C@@H](CS)C(N)=O,0,-6.879469,2
CC[C@H](C)[C@H](NC(=O)CN)C(=O)NCC(=O)N[C@@H](CCCC[NH3+])C(=O)N[C@@H](Cc1ccccc1)C(=O)N[C@@H](CC(C)C)C(=O)NC(CC1CNCN1)C(O)N[C@@H](CCCC[NH3+])C(=O)N[C@H](C(=O)NCC(=O)N[C@@H](CO)C(=O)N[C@@H](Cc1ccccc1)C(=O)N[C@H](C(=O)N[C@@H](CCCC[NH3+])C(=O)N[C@@H](CO)C(=O)N[C@@H](Cc1c[nH]c2ccccc12)C(=O)N[C@@H](CCCC[NH3+])C(=O)NCC(=O)N[C@@H](CCC(=O)O)C(=O)N[C@H](C(=O)N[C@@H](CCSC)C(=O)N[C@@H](CC(N)=O)C(=O)N[C@@H](CO)C(N)=O)[C@@H](C)CC)[C@@H](C)CC)C(C)C,0,-8.224625,2
CCCCC(NC(=O)[C@@H](NC(=O)[C@H](CCCC[NH3+])NC(=O)[C@@H]1CCCN1C(=O)[C@H](CC(C)C)NC(=O)[C@H](CO)NC(=O)[C@H](CCCC[NH3+])NC(=O)[C@H](CCCC[NH3+])NC(=O)[C@H](CC(C)C)NC(=O)[C@H](CO)NC(=O)[C@H](CO)NC(=O)[C@H](CC(C)C)NC(=O)[C@H](Cc1ccccc1)NC(=O)CN)C(C)C)C(O)N[C@@H](C)C(=O)NC(CC1CNCN1)C(O)NC(CCCC)C(O)N[C@@H](CCCC[NH3+])C(N)=O,0,-7.4225235,2
CC(C)C[C@@H]1NC(=O)[C@H](CCCC[NH3+])NC(=O)[C@H](C(C)C)NC(=O)[C@@H]2CCCN2C(=O)[C@@H](Cc2ccc(O)cc2)NC(=O)[C@H](CC(C)C)NC(=O)[C@H](CCCC[NH3+])NC(=O)[C@H](C(C)C)NC(=O)[C@H](CCCC[NH3+])NC(=O)[C@H](CC(C)C)NC(=O)[C@H]2CCCN2C(=O)[C@@H](Cc2ccc(O)cc2)NC(=O)[C@H](C(C)C)NC(=O)[C@H](CCCC[NH3+])NC1=O,0,-4.7900906,2
CC[C@H](C)[C@H](NC(=O)[C@H](CCCC[NH3+])NC(=O)[C@H](CCCC[NH3+])NC(=O)[C@H](CCC(N)=O)NC(=O)CN)C(=O)N[C@@H](CCCNC(N)=[NH2+])C(=O)N[C@H](C(=O)N[C@@H](CCCNC(N)=[NH2+])C(=O)N[C@@H](CC(C)C)C(=O)N[C@@H](CO)C(N)=O)C(C)C,0,-2.9677305,2
CC[C@H](C)[C@H](NC(=O)[C@H](CCCC[NH3+])NC(=O)CNC(=O)[C@@H](NC(=O)[C@H](CC(C)C)NC(O)C(CC1CNCN1)NC(=O)[C@H](C)NC(=O)[C@H](CC(C)C)NC(=O)[C@H](CC(C)C)NC(=O)[C@H](CC(=O)O)NC(=O)[C@H](CCCC[NH3+])NC(=O)CNC(=O)[C@H](C)NC(=O)CNC(=O)[C@H](CCCC[NH3+])NC(=O)[C@H](CC(C)C)NC(=O)[C@@H](NC(=O)[C@H](CC(=O)O)NC(=O)[C@@H](NC(=O)[C@@H](NC(=O)CN)C(C)C)C(C)C)[C@@H](C)CC)C(C)C)C(=O)N[C@@H](CO)C(=O)N[C@@H](CCC(=O)O)C(=O)N[C@@H](CCCC[NH3+])C(=O)N[C@H](C(N)=O)C(C)C,0,-2.6818485,2
CC[C@H](C)[C@@H]1NC(=O)[C@H](CCCNC(=N)N)NC(=O)CNC(=O)[C@@H]2CSSC[C@@H](C(=O)N3CCC[C@H]3C(=O)N[C@@H](CCC(=O)O)C(=O)N[C@H](C(=O)N[C@H](C(=O)N[C@@H](CS)C(=O)N3CCC[C@H]3C(=O)N[C@@H](CCCCN)C(=O)N[C@@H](CC(N)=O)C(=O)O)C(C)C)C(C)C)NC(=O)[C@H]([C@@H](C)CC)NC(=O)[C@H](CS)NC(=O)[C@H](CCCNC(=N)N)NC(=O)[C@H](CO)NC(=O)[C@H](CSSC[C@H](NC(=O)[C@H](CCC(=O)O)NC(=O)[C@@H](NC(=O)[C@H](Cc3c[nH]c4ccccc34)NC(=O)[C@H](Cc3ccc(O)cc3)NC(=O)[C@H](CCC(N)=O)NC(=O)[C@@H]3CCCN3C(=O)[C@@H](NC(=O)[C@H](CC(C)C)NC(=O)[C@H](CC(=O)O)NC(=O)[C@H](CC(N)=O)NC(=O)[C@@H](N)CC(C)C)C(C)C)[C@@H](C)O)C(=O)N2)NC(=O)[C@H](Cc2c[nH]cn2)NC(=O)[C@@H]2CCCN2C(=O)CNC1=O,0,-5.4244857,2
CC(C)C[C@H](NC(=O)[C@H](Cc1ccccc1)NC(=O)[C@H](C)NC(=O)CNC(=O)[C@H](Cc1c[nH]c2ccccc12)NC(=O)[C@H](CC(N)=O)NC(=O)[C@@H](N)CC(C)C)C(=O)N[C@@H](CCCC[NH3+])C(=O)NC(CC1CNCN1)C(O)N[C@@H](Cc1ccccc1)C(=O)N[C@@H](Cc1ccccc1)C(=O)N[C@@H](CCCC[NH3+])C(N)=O,0,-6.388531,2
CC[C@H](C)[C@H](N)C(=O)N[C@@H](CC(N)=O)C(=O)N[C@@H](Cc1c[nH]c2ccccc12)C(=O)N[C@@H](CCCC[NH3+])C(=O)N[C@@H](CCCC[NH3+])C(=O)N[C@H](C(=O)N[C@@H](C)C(=O)N[C@@H](CO)C(=O)N[C@H](C(=O)NCC(=O)N[C@@H](CCCC[NH3+])C(=O)N[C@@H](CCC(=O)O)C(=O)N[C@H](C(=O)N[C@@H](CC(C)C)C(=O)N[C@@H](CCCC[NH3+])C(=O)N[C@@H](C)C(=O)N[C@@H](CC(C)C)C(N)=O)C(C)C)[C@@H](C)CC)[C@@H](C)CC,0,-6.1347895,2
CC[C@H](C)[C@H](NC(=O)[C@H](CCC(=O)O)NC(=O)[C@@H]1CCCN1C(O)C(CC1CNCN1)NC(=O)[C@H](CC(=O)O)NC(=O)[C@H](Cc1ccc(O)cc1)NC(=O)[C@H](CC(N)=O)NC(=O)[C@H](CS)NC(=O)[C@H](CCCNC(N)=[NH2+])NC(=O)[C@@H]1CCCN1C(=O)[C@H](CC(=O)O)NC(=O)[C@H](CO)NC(=O)[C@H](CS)NC(=O)[C@H](CS)NC(=O)[C@H](C)N)C(=O)N[C@@H](CS)C(N)=O,0,-4.9993353,2
CC[C@H](C)[C@H](NC(=O)[C@H](CCC(=O)O)NC(=O)[C@@H]1CCCN1C(O)C(CC1CNCN1)NC(=O)[C@H](CC(=O)O)NC(=O)[C@H](Cc1ccc(O)cc1)NC(=O)[C@H](C)NC(=O)[C@H](CS)NC(=O)[C@H](CCCNC(N)=[NH2+])NC(=O)[C@@H]1CCCN1C(=O)[C@H](CC(=O)O)NC(=O)[C@H](CO)NC(=O)[C@H](CS)NC(=O)[C@H](CS)NC(=O)CN)C(=O)N[C@@H](CS)C(N)=O,0,-4.8585243,2
CC[C@H](C)[C@H](NC(=O)[C@@H](NC(=O)[C@@H]1CCCN1C(=O)[C@@H](NC(=O)[C@@H](NC(=O)[C@H](CCCNC(N)=[NH2+])NC(=O)[C@@H]1CCCN1C(=O)[C@@H](NC(=O)[C@@H](NC(O)C(CC1CNCN1)NC(=O)[C@H](CCCC[NH3+])NC(=O)[C@H](C)NC(=O)[C@@H](NC(=O)[C@H](CO)NC(=O)CNC(=O)[C@H](CC(C)C)NC(=O)[C@@H](NC(=O)[C@H](CO)NC(=O)[C@H](Cc1ccccc1)NC(=O)[C@H](CC(C)C)NC(=O)CN)C(C)C)C(C)C)C(C)C)C(C)C)C(C)C)C(C)C)C(C)C)C(=O)N[C@@H](C)C(=O)N[C@@H](CCC(=O)O)C(=O)NC(CC1CNCN1)C(O)N[C@@H](CC(C)C)C(N)=O,0,-5.2917275,2
CC(C)[C@H](NC(=O)[C@H](CCCC[NH3+])NC(=O)[C@@H](NC(=O)[C@H](CCCC[NH3+])NC(=O)[C@@H](NC(=O)[C@H](CCCC[NH3+])NC(=O)[C@@H](NC(=O)[C@@H]1CCCN1C(=O)[C@H]1CCCN1C(=O)[C@@H](NC(=O)[C@H](CCCC[NH3+])NC(=O)[C@@H](NC(=O)[C@H](CCCC[NH3+])NC(=O)[C@@H](NC(=O)[C@H](CCCC[NH3+])NC(=O)[C@@H](NC(=O)[C@@H](N)CCCC[NH3+])C(C)C)C(C)C)C(C)C)C(C)C)[C@@H](C)O)C(C)C)C(C)C)C(=O)N[C@@H](CCCC[NH3+])C(N)=O,0,-4.3117504,2
CC(C)C[C@H](NC(=O)[C@H](CC(C)C)NC(=O)[C@H](CCCC[NH3+])NC(=O)CNC(=O)[C@H](CC(C)C)NC(=O)[C@H](CC(C)C)NC(=O)[C@H](CO)NC(=O)[C@H](C)NC(=O)[C@H](Cc1ccccc1)NC(=O)[C@H](Cc1ccccc1)NC(=O)[C@@H]1CCCN1C(=O)[C@H](CC(C)C)NC(=O)[C@@H](N)Cc1ccccc1)C(N)=O,0,-8.216406,2
C[C@H](NC(=O)[C@H](Cc1ccc(O)cc1)NC(=O)[C@H](CC(N)=O)NC(=O)[C@H](CCCC[NH3+])NC(=O)CNC(=O)[C@H](CS)NC(=O)[C@H](C)NC(=O)[C@@H]1CCCN1C(O)C(CC1CNCN1)NC(=O)[C@H](CS)NC(=O)[C@H](CS)NC(=O)[C@H](CCCNC(N)=[NH2+])NC(=O)CN)C(=O)N[C@@H](CS)C(N)=O,0,-7.542948,2
CC(C)C[C@H]1NC(=O)[C@@H](C(C)C)NC(=O)[C@@H]2CCCN2C(=O)[C@@H](CC(=O)O)NC(=O)[C@@H](Cc2c[nH]c3ccccc23)NC1=O,0,-5.5751762,2
CC[C@H](C)[C@@H]1NC(=O)CNC(=O)[C@H](CCCNC(N)=[NH2+])NC(=O)[C@H](Cc2ccc(O)cc2)NC(=O)[C@@H]2CSSC[C@H](NC1=O)C(=O)N[C@@H](Cc1ccc(O)cc1)C(=O)N[C@@H](CCCNC(N)=[NH2+])C(=O)N[C@@H](CCCNC(N)=[NH2+])C(=O)N[C@H](C(=O)N[C@@H](CCCNC(N)=[NH2+])C(=O)O)CSSC[C@H](NC(=O)[C@H](Cc1c[nH]c3ccccc13)NC(=O)[C@@H]([NH3+])CCCC[NH3+])C(=O)N[C@@H](Cc1ccccc1)C(=O)N[C@@H](CCCNC(N)=[NH2+])C(=O)N[C@@H](C(C)C)C(=O)N2,0,-2.81034,2
CC[C@H](C)[C@H](NC(=O)[C@H](CO)NC(=O)[C@H](C)NC(=O)[C@@H]1CCCN1C(=O)[C@H](CC(C)C)NC(=O)CN)C(=O)N[C@@H](CO)C(=O)N[C@@H](Cc1c[nH]c2ccccc12)C(=O)N[C@H](C(=O)N[C@@H](CCCC[NH3+])C(=O)N[C@@H](CCCNC(N)=[NH2+])C(=O)N[C@@H](CCCC[NH3+])C(=O)N[C@@H](CCCNC(N)=[NH2+])C(=O)N[C@@H](CCC(N)=O)C(=O)N[C@@H](CCC(N)=O)C(N)=O)[C@@H](C)CC,0,-0.31627166,2
CC[C@H](C)[C@H](NC(=O)[C@H](CC(C)C)NC(=O)[C@@H]1CCCN1C(=O)[C@H](CC(C)C)NC(=O)[C@@H](N)C(C)C)C(=O)N[C@@H](CO)C(=O)N[C@@H](CCSC)C(=O)N[C@@H](C)C(=O)N[C@@H](CC(C)C)C(=O)NCC(=O)N[C@@H](CCCC[NH3+])C(=O)N[C@@H](CC(C)C)C(=O)N[C@@H](CC(C)C)C(N)=O,0,-5.0147514,2
C[C@H](NC(=O)CNC(=O)[C@H](CS)NC(=O)[C@H](C)NC(=O)[C@@H]1CCCN1C(=O)[C@H](CC(N)=O)NC(=O)[C@H](CS)NC(=O)[C@H](CS)NC(=O)[C@@H](N)CCC(=O)O)C(=O)NC(CC1CNCN1)C(O)N[C@@H](Cc1ccc(O)cc1)C(=O)N[C@@H](CO)C(=O)N[C@@H](CS)C(N)=O,0,-8.188826,2
CC[C@H](C)[C@H](NC(=O)[C@H](Cc1c[nH]c2ccccc12)NC(=O)[C@H](CS)NC(=O)[C@H](CS)NC(=O)[C@@H](N)CC(C)C)C(=O)NC(CC1CNCN1)C(O)N[C@@H](Cc1c[nH]c2ccccc12)C(=O)N[C@@H](CS)C(=O)NC(CC1CNCN1)C(O)N[C@@H](C)C(=O)N[C@@H](CCCNC(N)=[NH2+])C(=O)N[C@@H](CS)C(=O)N[C@H](C(=O)N[C@@H](CS)C(=O)N[C@@H](CS)C(N)=O)[C@@H](C)O,0,-7.813164,2
CC(C)C[C@@H]1NC(O)C(CCC[NH3+])NC(=O)[C@H](C(C)C)NC(=O)[C@@H]2CCCN2C(O)C(CC2CCCC3CCCCC32)NC(=O)[C@H](CC(C)C)NC(O)C(CCC[NH3+])NC(=O)[C@H](C(C)C)NC(=O)[C@@H]2CCCN2C(O)C(CC2CCCC3CCCCC32)NC1=O,0,-2.415012,2
NC(=O)[C@H](Cc1c[nH]c2ccccc12)NC(O)C(CC1CNCN1)NC(=O)[C@H](CS)NC(=O)[C@H](CS)NC(=O)[C@H](CCC(=O)O)NC(=O)[C@H](Cc1ccccc1)NC=O,0,-7.2175627,2
CC(C)C[C@H](NC(=O)[C@H](C)NC(=O)[C@H](CCCC[NH3+])NC(=O)[C@H](CCCC[NH3+])NC(=O)[C@H](C)NC(=O)CNC(=O)[C@H](CCCC[NH3+])NC(=O)[C@H](CC(C)C)NC(=O)[C@H](CC(C)C)NC(=O)[C@H](CC(=O)O)NC(=O)[C@H](CCCC[NH3+])NC(=O)[C@H](Cc1ccccc1)NC(=O)CN)C(=O)N[C@H](C(=O)N[C@@H](CCCC[NH3+])C(=O)N[C@H](C(=O)N[C@H](C(=O)N[C@@H](CC(C)C)C(=O)N[C@@H](Cc1ccccc1)C(N)=O)C(C)C)[C@@H](C)O)C(C)C,0,-6.018924,2
CC[C@H](C)[C@H](NC(=O)[C@H](CC(C)C)NC(O)C(CC1CNCN1)NC(=O)CNC(=O)[C@H](CC(C)C)NC(=O)[C@@H](NC(=O)[C@H](CCCC[NH3+])NC(=O)[C@H](CO)NC(=O)[C@H](Cc1c[nH]c2ccccc12)NC(=O)[C@H](CCSC)NC(=O)CN)[C@@H](C)CC)C(=O)N[C@@H](CCCC[NH3+])C(N)=O,0,-7.257693,2
CC[C@H](C)[C@H](NC(=O)[C@H](CCCNC(N)=[NH2+])NC(=O)[C@H](CS)NC(=O)[C@H](Cc1c[nH]c2ccccc12)NC(=O)[C@H](Cc1c[nH]c2ccccc12)NC(=O)[C@H](CCCNC(N)=[NH2+])NC(=O)[C@H](CCCNC(N)=[NH2+])NC(C)=O)C(N)=O,0,-5.311932,2
CSCC[C@@H]1NC(=O)[C@H](CCCNC(N)=[NH2+])NC(=O)[C@H](Cc2c[nH]c3ccccc23)NC(=O)[C@H](C)NC(=O)[C@H](C)NC(=O)[C@H](CCCNC(N)=[NH2+])NC(=O)[C@H](Cc2ccccc2)NC(=O)[C@H](C)NC(=O)[C@H](CCCC[NH3+])NC(=O)[C@H](CCCNC(N)=[NH2+])NC(=O)[C@H](Cc2c[nH]c3ccccc23)NC(=O)[C@H](C)NC(=O)[C@H]2CCCN2C(=O)[C@@H](C)NC(=O)[C@H](C)NC(=O)[C@H](CCCC[NH3+])NC(=O)[C@H](CCCC[NH3+])NC(=O)[C@H](CC(C)C)NC1=O,0,-4.3412085,2
CC[C@H](C)[C@H]([NH3+])C(=O)N[C@H](C(=O)NCC(=O)N1CCC[C@H]1C(=O)N[C@H](C(=O)N[C@@H](CC(C)C)C(=O)NCC(=O)N[C@@H](CC(C)C)C(=O)N[C@H](C(=O)NCC(=O)N[C@@H](CO)C(=O)N[C@@H](C)C(=O)N[C@@H](CC(C)C)C(=O)NCC(=O)NCC(=O)N[C@@H](CC(C)C)C(=O)N[C@@H](CC(C)C)C(=O)N[C@@H](CCCC[NH3+])C(=O)N[C@@H](CCCC[NH3+])C(=O)N[C@H](C(=O)O)[C@@H](C)CC)C(C)C)C(C)C)[C@@H](C)CC,0,-1.2573103,2
CC[C@H](C)[C@H](NC(=O)[C@H](CCCC[NH3+])NC(=O)[C@H](Cc1ccc(O)cc1)NC(=O)CNC(O)C(CC1CNCN1)NC(O)C(CC1CNCN1)NC(=O)[C@H](CCCNC(N)=[NH2+])NC(=O)[C@H](CCCC[NH3+])NC(=O)[C@H](C)NC(O)C(CC1CNCN1)NC(=O)[C@H](CO)NC(=O)[C@@H](N)CC(=O)O)C(=O)N[C@@H](CCCC[NH3+])C(=O)N[C@@H](Cc1ccccc1)C(=O)NC(CC1CNCN1)C(O)N[C@@H](CCC(=O)O)C(=O)N[C@@H](CC(N)=O)C(=O)NC(CC1CNCN1)C(O)NC(CC1CNCN1)C(O)N[C@@H](CO)C(=O)NC(CC1CNCN1)C(O)N[C@@H](CCCNC(N)=[NH2+])C(=O)NCC(=O)N[C@@H](Cc1ccc(O)cc1)C(N)=O,0,-5.053826,2
CC[C@@H](C)[C@H]1NC(=O)[C@H]2CCCN2C(=O)[C@H](Cc2c[nH]c3ccccc23)NC(=O)[C@H](CO)NC(=O)[C@@H](CS)NC(=O)[C@H]([C@@H](C)O)NC(=O)[C@@H](CS)NC(=O)CNC(=O)[C@H](CCC(N)=O)NC(=O)[C@H]([C@@H](C)O)NC(=O)[C@H](Cc2ccc(O)cc2)NC(=O)[C@H](CS)NC(=O)[C@H]([C@@H](C)O)NC(=O)CNC(=O)[C@H](CC(C)C)NC(=O)[C@H]([C@@H](C)O)NC(=O)[C@H](CS)NC(=O)[C@H]([C@@H](C)O)NC(=O)[C@H](CCC(=O)O)NC(=O)CNC(=O)[C@H](CS)NC(=O)[C@H](C(C)C)NC(=O)[C@@H]2CCCN2C(=O)[C@H](CC(C)C)NC(=O)CNC(=O)[C@H](CC(N)=O)NC(=O)[C@H](CCCNC(N)=[NH2+])NC(=O)[C@H](CCCC[NH3+])NC(=O)[C@H](CS)NC1=O,0,-9.20786,2
CC(C)C[C@H](NC(=O)[C@H](CCC(=O)O)NC(O)C1CC(O)CN1C(O)C(CC1CNCN1)NC(=O)[C@H](CC(N)=O)NC(=O)[C@@H](NC(=O)[C@H](CO)NC(=O)[C@H](CS)NC(=O)[C@H](C)NC(=O)[C@@H]1CCCN1C(O)C(CC1CNCN1)NC(=O)[C@H](CO)NC(=O)[C@H](CS)NC(=O)[C@H](CS)NC(=O)CN)C(C)C)C(=O)N[C@H](C=O)CS,0,-1.6938318,2
CC(C)C[C@H](NC(=O)[C@H](CCCC[NH3+])NC(=O)[C@H](CCCNC(N)=[NH2+])NC(=O)[C@H](Cc1ccccc1)NC(=O)[C@H](Cc1ccccc1)NC(=O)[C@H](CCCC[NH3+])NC(=O)[C@H](CCCC[NH3+])NC(=O)[C@H](Cc1ccccc1)NC(=O)[C@H](CCCNC(N)=[NH2+])NC(=O)[C@H](CCCC[NH3+])NC(=O)[C@@H](N)C(C)C)C(=O)N[C@@H](CCCC[NH3+])C(=O)N[C@@H](CCCC[NH3+])C(=O)N[C@@H](CCCC[NH3+])C(=O)N[C@H](C(N)=O)C(C)C,1,4.2939568,3
NC(=[NH2+])NCCC[C@H](NC(=O)[C@H](CCCNC(N)=[NH2+])NC(=O)[C@H](CCCNC(N)=[NH2+])NC(=O)[C@H](CCC(N)=O)NC(=O)[C@H](CCCNC(N)=[NH2+])NC(=O)[C@H](CCCNC(N)=[NH2+])NC(=O)[C@H](CCCC[NH3+])NC(=O)[C@H](CCCC[NH3+])NC(=O)[C@@H](N)CCCNC(N)=[NH2+])C(=O)NCC(=O)NCC(=O)NCC(N)=O,1,9.428401,3
CNCCC[C@H](NC(=O)[C@H](CCCNC)NC(=O)[C@H](CCCNC)NC(=O)[C@H](CCCNC)NC(=O)[C@H](CCCNC)NC(=O)[C@H](CCCNC)NC(=O)[C@H](CCCNC)NC(O)C(C)CN)C(N)=O,1,-1.9727999,3
CC(C)C[C@H](NC(=O)[C@H](CC(C)C)NC(=O)[C@H](C)NC(=O)[C@H](C)NC(=O)[C@H](C)NC(=O)[C@H](CC(C)C)NC(=O)[C@H](CCCC[NH3+])NC(=O)[C@H](CCCC[NH3+])NC(=O)[C@H](Cc1c[nH]c2ccccc12)NC(=O)[C@H](CCCC[NH3+])NC(=O)[C@H](CCCC[NH3+])NC(=O)[C@H](CC(C)C)NC(=O)[C@H](CC(C)C)NC(=O)[C@H](C)NC(=O)[C@H](C)NC(=O)[C@H](C)NC(=O)[C@H](CC(C)C)NC(=O)[C@@H](N)CCCC[NH3+])C(N)=O,1,-2.5107768,3
CC[C@H](C)[C@H](NC(=O)[C@H](CC(C)C)NC(=O)[C@@H](NC(=O)[C@H](CCCNC(N)=[NH2+])NC(=O)[C@H](Cc1ccccc1)NC(=O)[C@@H](NC(=O)[C@@H](NC(=O)[C@@H](N)CC(C)C)[C@@H](C)CC)[C@@H](C)CC)[C@@H](C)CC)C(=O)N[C@@H](CO)C(=O)NC(CC1CNCN1)C(O)NC(CC1CNCN1)C(O)NC(CO)CC1CNCN1,1,3.5347645,3
CC[C@H](C)[C@H](NC(=O)[C@H](CCCNC(N)=[NH2+])NC(=O)[C@H](CCCNC(N)=[NH2+])NC(=O)[C@H](CCCNC(N)=[NH2+])NC(=O)[C@H](CC(C)C)NC(=O)[C@@H](NC(=O)[C@@H](NC(=O)[C@H](CC(C)C)NC(=O)[C@H](C)N)[C@@H](C)CC)[C@@H](C)CC)C(=O)N[C@@H](CCCNC(N)=[NH2+])C(=O)N[C@@H](CCCC[NH3+])C(=O)N[C@@H](CCC(N)=O)C(=O)N[C@@H](C)C(=O)NC(CC1CNCN1)C(O)N[C@@H](C)C(=O)NC(CC1CNCN1)C(O)N[C@@H](CO)C(=O)N[C@H](C=O)CCCC[NH3+],1,12.072656,3
CC[C@H](C)[C@H](NC(=O)[C@H](CCCC[NH3+])NC(=O)[C@H](CCCC[NH3+])NC(=O)[C@H](C)NC(=O)[C@H](CC(C)C)NC(=O)[C@H](C)NC(=O)[C@H](C)NC(=O)[C@H](CC(C)C)NC(=O)[C@H](C)NC(=O)[C@H](CCCC[NH3+])NC(=O)[C@H](CC(C)C)NC(=O)[C@H](CC(N)=O)NC(=O)[C@@H](NC(=O)[C@H](CCCC[NH3+])NC(=O)CNC(=O)[C@H](CC(C)C)NC(=O)[C@H](CC(C)C)NC(=O)[C@H](Cc1ccc(O)cc1)NC(=O)CNC(=O)[C@H](C)N)[C@@H](C)CC)C(=O)N[C@H](C=O)CC(C)C,1,7.8213234,3
C[C@H](N)C(=O)N[C@@H](CS)C(=O)N[C@@H](CCCNC(N)=[NH2+])C(=O)NCC(=O)N[C@@H](CCCNC(N)=[NH2+])C(=O)NCC(=O)N[C@@H](CCCNC(N)=[NH2+])C(=O)NCC(=O)N[C@@H](CS)C(=O)NCC(=O)N[C@@H](CO)C(=O)NCC(=O)N[C@@H](CO)C(=O)N[C@@H](CCCNC(N)=[NH2+])C(=O)N[C@@H](CO)C(=O)N[C@@H](CS)C(=O)NCC=O,1,5.930712,3
CC[C@H](C)[C@H](NC(=O)[C@H](C)NC(=O)[C@@H](NC(=O)[C@H](CCC(N)=O)NC(=O)[C@@H](N)CCCNC(N)=[NH2+])[C@@H](C)CC)C(=O)N[C@@H](Cc1c[nH]c2ccccc12)C(=O)N[C@@H](Cc1ccccc1)C(=O)N[C@@H](CCC(N)=O)C(=O)N[C@@H](CC(N)=O)C(=O)N[C@@H](CCCNC(N)=[NH2+])C(=O)N[C@@H](CCCNC(N)=[NH2+])C(=O)N[C@@H](CCSC)C(=O)N[C@@H](CCCC[NH3+])C(=O)N[C@@H](Cc1c[nH]c2ccccc12)C(=O)N[C@@H](CCCC[NH3+])C(=O)N[C@H](C=O)CCCC[NH3+],1,11.340302,3
NCC(=O)N[C@@H](CCCNC(N)=[NH2+])C(=O)N[C@@H](CCCC[NH3+])C(=O)N[C@@H](CCCC[NH3+])C(=O)N[C@@H](CCCNC(N)=[NH2+])C(=O)N[C@@H](CCCNC(N)=[NH2+])C(=O)N[C@@H](CCC(N)=O)C(=O)N[C@@H](CCCNC(N)=[NH2+])C(=O)N[C@@H](CCCNC(N)=[NH2+])C(=O)N[C@@H](CCCNC(N)=[NH2+])C(=O)N1CCC[C@H]1C(=O)N1CCC[C@H]1C(=O)N[C@@H](CCC(N)=O)C(=O)N[C@H](C=O)Cc1ccc(O)cc1,1,11.238957,3
CC(=O)N[C@@H](CCCNC(N)=[NH2+])C(=O)N[C@@H](CCCNC(N)=[NH2+])C(=O)N[C@@H](CCCNC(N)=[NH2+])C(=O)N[C@@H](CCCNC(N)=[NH2+])C(=O)N[C@@H](CCCNC(N)=[NH2+])C(=O)N[C@@H](CCCNC(N)=[NH2+])C(=O)N[C@@H](CCCNC(N)=[NH2+])C(=O)N[C@@H](CCCNC(N)=[NH2+])C(N)=O,1,3.3806584,3
NC(=[NH2+])NCCC[C@@H](N)C(=O)N[C@H](CCCNC(N)=[NH2+])C(=O)N[C@H](CCCNC(N)=[NH2+])C(=O)N[C@H](CCCNC(N)=[NH2+])C(=O)N[C@H](CCCNC(N)=[NH2+])C(=O)N[C@@H](C=O)CCCNC(N)=[NH2+],1,18.135433,3
NC(=[NH2+])NCCC[C@@H](C=O)NC(=O)[C@H](CCCNC(N)=[NH2+])NC(=O)[C@H](CCCNC(N)=[NH2+])NC(=O)[C@H](CCCNC(N)=[NH2+])NC(=O)[C@H](CCCNC(N)=[NH2+])NC(=O)[C@@H](N)CCCNC(N)=[NH2+],1,17.71065,3
CC[C@H](C)[C@H](NC(=O)[C@@H](NC(=O)[C@@H](N)Cc1c[nH]c2ccccc12)[C@@H](C)CC)C(=O)N[C@@H](Cc1ccccc1)C(=O)N[C@@H](CCCNC(N)=[NH2+])C(=O)N[C@@H](C)C(=O)N[C@@H](C)C(=O)N[C@@H](C)C(=O)N[C@@H](CO)C(=O)NC(CC1CNCN1)C(O)N[C@@H](CCCC[NH3+])C(=O)N[C@H](C=O)CCCC[NH3+],1,8.021298,3
CC(C)C[C@H](NC(=O)[C@H](CCCNC(N)=[NH2+])NC(=O)[C@H](CCC(=O)O)NC(=O)[C@H](CC(=O)O)NC(=O)[C@H](C)NC(=O)[C@@H]1CCCN1C(=O)[C@H](CS)NC(=O)[C@H](CC(N)=O)NC(=O)[C@H](CCCNC(N)=[NH2+])NC(=O)[C@H](Cc1ccccc1)NC(=O)[C@H](CCCNC(N)=[NH2+])NC(=O)[C@H](CC(=O)O)NC(=O)[C@H](CCCNC(N)=[NH2+])NC(=O)[C@H](CS)NC(=O)[C@H](C)N)C(=O)N[C@@H](CS)C(=O)NCC=O,1,1.4283699,3
CC(C)C[C@H](NC(=O)[C@H](C)NC(=O)[C@H](CCCC[NH3+])NC(=O)[C@H](CC(C)C)NC(=O)[C@H](C)NC(=O)[C@H](CC(C)C)NC(=O)[C@H](CCCC[NH3+])NC(=O)[C@H](CC(C)C)NC(=O)[C@H](C)NC(=O)[C@H](CC(C)C)NC(=O)[C@@H](N)CCCC[NH3+])C(=O)N[C@@H](CCCC[NH3+])C(=O)N[C@@H](C)C(=O)N[C@@H](C)C(=O)N[C@@H](CC(C)C)C(=O)N[C@@H](CCCC[NH3+])C(=O)N[C@@H](CC(C)C)C(=O)N[C@@H](C)C(=O)NCC(=O)N[C@H](C=O)CS,1,6.2973595,3
NC(=[NH2+])NCCC[C@H](NC(=O)[C@H](CCCNC(N)=[NH2+])NC(=O)[C@H](CCCNC(N)=[NH2+])NC(=O)[C@H](CCCNC(N)=[NH2+])NC(=O)[C@H](CCCNC(N)=[NH2+])NC(=O)[C@H](CCCNC(N)=[NH2+])NC(=O)[C@H](CCCNC(N)=[NH2+])NC(=O)[C@@H](N)CCCNC(N)=[NH2+])C(=O)NCC(=O)N[C@@H](CS)C(N)=O,1,7.8224053,3
CC[C@H](C)[C@H](NC(=O)[C@H](CCCC[NH3+])NC(=O)[C@H](CCCC[NH3+])NC(=O)[C@H](C)NC(=O)[C@H](CC(C)C)NC(=O)[C@H](C)NC(=O)[C@H](C)NC(=O)[C@H](CC(C)C)NC(=O)[C@H](C)NC(=O)[C@H](CCCC[NH3+])NC(=O)[C@H](CC(C)C)NC(=O)[C@H](CC(N)=O)NC(=O)[C@@H](NC(=O)[C@H](CCCC[NH3+])NC(=O)CNC(=O)[C@H](CC(C)C)NC(=O)[C@H](CC(C)C)NC(=O)[C@H](Cc1ccc(O)cc1)NC(=O)CNC(=O)[C@H](C)NC(=O)[C@H](CO)NC(=O)[C@H](CC(N)=O)NC(=O)[C@@H](N)CC(C)C)[C@@H](C)CC)C(=O)N[C@H](C=O)CC(C)C,1,5.555002,3
CC(=O)N[C@@H](CS)C(=O)N[C@@H](Cc1c[nH]c2ccccc12)C(=O)N[C@@H](CCCC[NH3+])C(=O)N[C@@H](CCCC[NH3+])C(=O)N[C@@H](CCCC[NH3+])C(=O)N[C@@H](CCCC[NH3+])C(=O)N[C@@H](CCCC[NH3+])C(=O)N[C@@H](CCCC[NH3+])C(=O)N[C@@H](CCCC[NH3+])C(=O)N[C@@H](CCCC[NH3+])C(=O)N[C@@H](CCCC[NH3+])C(=O)N[C@@H](CCCC[NH3+])C(=O)N[C@@H](CCCC[NH3+])C(=O)N[C@@H](CCCC[NH3+])C(=O)N[C@@H](CCCC[NH3+])C(=O)N[C@@H](CCCC[NH3+])C(=O)N[C@@H](CCCC[NH3+])C(=O)N[C@@H](CCCC[NH3+])C(=O)N[C@@H](CCCC[NH3+])C(=O)N[C@H](C=O)CCCC[NH3+],1,19.820599,3
CC[C@H](C)[C@H](NC(=O)[C@H](CCCC[NH3+])NC(=O)[C@@H](NC(=O)[C@H](CCC(N)=O)NC(=O)[C@@H]([NH3+])CCCNC(N)=[NH2+])[C@@H](C)CC)C(=O)N[C@@H](Cc1c[nH]c2ccccc12)C(=O)N[C@@H](Cc1ccccc1)C(=O)N[C@@H](CCC(N)=O)C(=O)N[C@@H](CC(N)=O)C(=O)N[C@@H](CCCNC(N)=[NH2+])C(=O)N[C@@H](CCCNC(N)=[NH2+])C(=O)N[C@@H](CCSC)C(=O)N[C@@H](CCCC[NH3+])C(=O)N[C@@H](Cc1c[nH]c2ccccc12)C(=O)N[C@@H](CCCC[NH3+])C(=O)N[C@@H](CCCC[NH3+])C(=O)O,1,7.1642528,3
C[C@H](N)C(=O)N[C@@H](CS)C(=O)N[C@@H](CCCNC(N)=[NH2+])C(=O)N[C@@H](CCCNC(N)=[NH2+])C(=O)N[C@@H](CO)C(=O)N[C@@H](CCCNC(N)=[NH2+])C(=O)N[C@@H](CCCNC(N)=[NH2+])C(=O)NCC(=O)N[C@@H](CS)C(=O)NCC(=O)N[C@@H](CCCNC(N)=[NH2+])C(=O)N[C@@H](CCCNC(N)=[NH2+])C(=O)N[C@@H](CO)C(=O)N[C@@H](CCCNC(N)=[NH2+])C(=O)N[C@@H](CCCNC(N)=[NH2+])C(=O)N[C@@H](CS)C(=O)NCC=O,1,8.774699,3
CC(=O)N[C@@H](CCCNC(N)=[NH2+])C(=O)N[C@@H](CC(C)C)C(=O)N[C@@H](CC(C)C)C(=O)N[C@@H](CCCNC(N)=[NH2+])C(=O)N[C@@H](CC(C)C)C(=O)N[C@@H](CC(C)C)C(=O)N[C@@H](CC(C)C)C(=O)N[C@@H](CCCNC(N)=[NH2+])C(=O)N[C@@H](CC(C)C)C(=O)N[C@@H](Cc1c[nH]c2ccccc12)C(=O)N[C@@H](CCCNC(N)=[NH2+])C(=O)N[C@@H](CCCNC(N)=[NH2+])C(=O)N[C@@H](CC(C)C)C(=O)N[C@@H](CC(C)C)C(=O)N[C@@H](CCCNC(N)=[NH2+])C(=O)N[C@@H](CC(C)C)C(=O)N[C@@H](CC(C)C)C(=O)N[C@@H](CCCNC(N)=[NH2+])C(N)=O,1,2.3634584,3
C[C@H](NC(=O)[C@H](CCCC[NH3+])NC(=O)[C@H](CO)NC(=O)[C@H](CCCNC(N)=[NH2+])NC(=O)[C@H](C)NC(O)C(CC1CNCN1)NC(O)C(CC1CNCN1)NC(=O)[C@H](CCCNC(N)=[NH2+])NC(=O)[C@H](CCCNC(N)=[NH2+])NC(=O)[C@@H](N)CO)C(=O)N[C@@H](CCCC[NH3+])C(=O)N[C@@H](CCCNC(N)=[NH2+])C(=O)N[C@@H](CO)C(=O)N[C@@H](CCCNC(N)=[NH2+])C(=O)NC(CC1CNCN1)C(O)NC(CO)CC1CNCN1,1,6.330908,3
NC(=[NH2+])NCCC[C@@H](C=O)NC(=O)[C@H](CCCNC(N)=[NH2+])NC(=O)[C@H](CCCNC(N)=[NH2+])NC(=O)[C@H](CCCNC(N)=[NH2+])NC(=O)[C@H](CCCNC(N)=[NH2+])NC(=O)[C@H](CCCNC(N)=[NH2+])NC(=O)[C@H](CCCNC(N)=[NH2+])NC(=O)[C@H](CCCNC(N)=[NH2+])NC(=O)[C@H](CCCNC(N)=[NH2+])NC(=O)[C@H](CCCNC(N)=[NH2+])NC(=O)[C@@H](N)CCCNC(N)=[NH2+],1,21.949205,3
C[C@H](NC(=O)[C@H](CCC(N)=O)NC(=O)[C@@H](N)CCCNC(N)=[NH2+])C(=O)N[C@@H](CCCNC(N)=[NH2+])C(=O)N[C@@H](CCCNC(N)=[NH2+])C(=O)N[C@@H](CC(N)=O)C(=O)N[C@@H](CCCNC(N)=[NH2+])C(=O)N[C@@H](CCCNC(N)=[NH2+])C(=O)N[C@@H](CCCNC(N)=[NH2+])C(=O)N[C@H](C=O)CS,1,13.209174,3
CC[C@H](C)[C@H](NC(=O)[C@H](CCCC[NH3+])NC(=O)[C@@H](NC(=O)[C@H](CCC(N)=O)NC(=O)[C@@H]([NH3+])CCCNC(N)=[NH2+])[C@@H](C)CC)C(=O)N[C@@H](Cc1c[nH]c2ccccc12)C(=O)N[C@@H](Cc1ccccc1)C(=O)N[C@@H](CCC(N)=O)C(=O)N[C@@H](CC(N)=O)C(=O)N[C@@H](CCCNC(N)=[NH2+])C(=O)N[C@@H](CCCNC(N)=[NH2+])C(=O)N[C@@H](CCSC)C(=O)N[C@@H](CCCC[NH3+])C(=O)N[C@@H](Cc1c[nH]c2ccccc12)C(=O)N[C@@H](CCCC[NH3+])C(=O)N[C@@H](CCCC[NH3+])C(=O)O,1,7.1642528,3
NC(=[NH2+])NCCC[C@@H](NC(=O)[C@H](N)CS)C(=O)N[C@H](Cc1c[nH]c2ccccc12)C(=O)N[C@H](CCCNC(N)=[NH2+])C(=O)N[C@H](Cc1c[nH]c2ccccc12)C(=O)N[C@H](CCCC[NH3+])C(=O)N[C@H](CS)C(=O)N[C@H](CS)C(=O)N[C@H](CCCC[NH3+])C(=O)N[C@@H](C=O)CCCC[NH3+],1,9.47686,3
NC(=[NH2+])NCCC[C@H](NC(=O)[C@H](Cc1c[nH]c2ccccc12)NC(=O)[C@@H](CCCNC(N)=[NH2+])NC(=O)[C@@H](N)CS)C(=O)N[C@@H](Cc1c[nH]c2ccccc12)C(=O)N[C@@H](CCCC[NH3+])C(=O)N[C@@H](CS)C(=O)N[C@@H](CS)C(=O)N[C@@H](CCCC[NH3+])C(=O)N[C@H](C=O)CCCC[NH3+],1,7.7271733,3
CC[C@H](C)[C@H](NC(=O)[C@H](CC(C)C)NC(=O)[C@@H](N)CCCC[NH3+])C(=O)N[C@@H](CCCC[NH3+])C(=O)NCC(=O)N[C@@H](CCCNC(N)=[NH2+])C(=O)N[C@H](C(=O)N1CCC[C@H]1C(=O)N[C@H](C(=O)N[C@@H](CCCC[NH3+])C(=O)N[C@@H](Cc1ccccc1)C(=O)NCC(=O)N[C@@H](CCCC[NH3+])C(=O)N[C@@H](C)C(=O)N[C@@H](CC(=O)O)C(=O)N[C@@H](CS)C(=O)N[C@@H](CC(=O)O)C(=O)N[C@@H](CCCNC(N)=[NH2+])C(=O)N1CCC[C@H]1C(=O)N1CCC[C@H]1C(=O)N[C@@H](CCCC[NH3+])C(=O)NC(CC1CNCN1)C(O)N[C@@H](CO)C(=O)NCC(=O)N[C@H](C=O)CCCC[NH3+])[C@@H](C)CC)[C@@H](C)O,1,7.590932,3
CC[C@H](C)[C@H](NC(=O)[C@H](CCCC[NH3+])NC(=O)[C@@H](NC(=O)[C@H](CCC(N)=O)NC(=O)[C@@H]([NH3+])CCCNC(N)=[NH2+])[C@@H](C)CC)C(=O)N[C@@H](Cc1c[nH]c2ccccc12)C(=O)N[C@@H](Cc1ccccc1)C(=O)N[C@@H](CCC(N)=O)C(=O)N[C@@H](CC(N)=O)C(=O)N[C@@H](CCCNC(N)=[NH2+])C(=O)N[C@@H](CCCNC(N)=[NH2+])C(=O)N[C@@H](CCSC)C(=O)N[C@@H](CCCC[NH3+])C(=O)N[C@@H](Cc1c[nH]c2ccccc12)C(=O)N[C@@H](CCCC[NH3+])C(=O)N[C@@H](CCCC[NH3+])C(=O)O,1,7.1642528,3
C[C@H](NC(=O)[C@H](CCCNC(N)=[NH2+])NC(=O)[C@H](CCCNC(N)=[NH2+])NC(=O)[C@H](CCC(=O)O)NC(=O)[C@H](CCCNC(N)=[NH2+])NC(=O)[C@H](CCCNC(N)=[NH2+])NC(=O)[C@@H](N)CCCNC(N)=[NH2+])C(=O)N[C@@H](CCC(=O)O)C(=O)N[C@H](C=O)CCCC[NH3+],1,17.243122,3
NCC(=O)N[C@@H](CCCNC(N)=[NH2+])C(=O)N[C@@H](CCCC[NH3+])C(=O)N[C@@H](CCCC[NH3+])C(=O)N[C@@H](CCCNC(N)=[NH2+])C(=O)N[C@@H](CCCNC(N)=[NH2+])C(=O)N[C@@H](CCC(N)=O)C(=O)N[C@@H](CCCNC(N)=[NH2+])C(=O)N[C@@H](CCCNC(N)=[NH2+])C(=O)N[C@@H](CCCNC(N)=[NH2+])C(=O)N1CCC[C@H]1C(=O)N1CCC[C@H]1C(=O)N[C@H](C=O)CCC(N)=O,1,12.738944,3
NC(=[NH2+])NCCC[C@@H](C=O)NC(=O)[C@H](CCCNC(N)=[NH2+])NC(=O)[C@H](CCCNC(N)=[NH2+])NC(=O)[C@H](CCCNC(N)=[NH2+])NC(=O)[C@H](CCCNC(N)=[NH2+])NC(=O)[C@H](CCCNC(N)=[NH2+])NC(=O)[C@H](CCCNC(N)=[NH2+])NC(=O)[C@H](CCCNC(N)=[NH2+])NC(=O)[C@H](Cc1c[nH]c2ccccc12)NC(=O)[C@H](Cc1c[nH]c2ccccc12)NC(=O)[C@H](Cc1c[nH]c2ccccc12)NC(=O)[C@@H](N)Cc1c[nH]c2ccccc12,1,13.294592,3
CC[C@H](C)[C@H](NC(=O)[C@H](CCCNC(N)=[NH2+])NC(=O)[C@@H](NC(=O)[C@H](CCC(N)=O)NC(=O)[C@@H](N)CCCNC(N)=[NH2+])[C@@H](C)CC)C(=O)N[C@@H](Cc1c[nH]c2ccccc12)C(=O)N[C@@H](Cc1ccccc1)C(=O)N[C@@H](CCC(N)=O)C(=O)N[C@@H](CC(N)=O)C(=O)N[C@@H](CCCNC(N)=[NH2+])C(=O)N[C@@H](CCCNC(N)=[NH2+])C(=O)N[C@@H](CCSC)C(=O)N[C@@H](CCCNC(N)=[NH2+])C(=O)N[C@@H](Cc1c[nH]c2ccccc12)C(=O)N[C@@H](CCCNC(N)=[NH2+])C(=O)N[C@H](C=O)CCCNC(N)=[NH2+],1,11.843292,3
CC(C)C[C@H](NC(=O)[C@H](CO)NC(=O)[C@H](CO)NC(=O)[C@H](Cc1c[nH]c2ccccc12)NC(=O)[C@H](CC(C)C)NC(=O)[C@H](CO)NC(=O)[C@@H]1CCCN1C(=O)[C@H](Cc1c[nH]c2ccccc12)NC(=O)[C@H](C)NC(=O)[C@H](CO)NC(=O)[C@H](Cc1c[nH]c2ccccc12)NC(=O)[C@H](CC(C)C)NC(=O)[C@@H](N)CCCC[NH3+])C(=O)N[C@@H](Cc1c[nH]c2ccccc12)C(=O)N[C@@H](CCCC[NH3+])C(=O)N1CCC[C@H]1C(N)=O,1,-5.5783405,3
CC[C@H](C)[C@@H]1NC(=O)[C@@H]2CCCN2C(=O)[C@@H]2CCCN2C(=O)[C@H]([C@@H](C)CC)NC(=O)[C@H](CO)NC(=O)[C@H](CCCC[NH3+])NC(=O)[C@H]([C@@H](C)O)NC(=O)[C@@H]2CSSC[C@H](NC1=O)C(=O)N[C@@H](Cc1ccccc1)C(=O)N1CCC[C@H]1C(=O)N[C@@H](CC(=O)O)C(=O)NCC(=O)N[C@@H](CCCNC(N)=[NH2+])C(=O)N2,1,-2.352353,3
CC(C)C[C@H](NC(=O)[C@@H](NC(=O)[C@H](CCCCN)NC(=O)[C@H](Cc1ccc(O)cc1)NC(=O)[C@@H](NC(=O)[C@H](Cc1ccc(O)cc1)NC(=O)[C@@H](NC(=O)[C@H](CO)NC(=O)[C@H](Cc1ccc(O)cc1)NC(=O)[C@H](CO)NC(=O)[C@H](CCC(=O)O)NC(=O)[C@H](CCCCN)NC(=O)[C@H](CCCNC(=N)N)NC(=O)[C@H](CO)NC(=O)[C@H](CCCNC(=N)N)NC1=[O+]C(CN)CC[C@@H]1NC(=O)[C@H](CCCNC(=N)N)NC(=O)[C@H](CCCCN)NC(=O)[C@H](CCCCN)NC(=O)CNC(=O)[C@H](CC(=O)O)NC(=O)[C@H](CCCCN)NC(=O)[C@H](CCCCN)NC(=O)[C@H](CCC(N)=O)NC(=O)[C@H](C)NC(=O)[C@H](CCCCN)NC(=O)[C@@H](NC(=O)[C@@H](NC(=O)[C@H](C)NC(=O)[C@H](CCCCN)NC(=O)[C@H](CCCCN)NC(=O)[C@H](CO)NC(=O)CNC(=O)[C@@H](N)CCCCN)C(C)C)[C@@H](C)O)C(C)C)C(C)C)C(C)C)C(=O)N[C@@H](CCCCN)C(=O)N[C@H](C=O)CCC(N)=O,1,4.3525343,3
C[C@@H](O)[C@@H](C=O)NC(=O)[C@H](CCCNC(N)=[NH2+])NC(=O)[C@H](CCCC[NH3+])NC(=O)[C@H](CCCC[NH3+])NC(=O)[C@H](CCCNC(N)=[NH2+])NC(=O)[C@H](CCCC[NH3+])NC(=O)[C@H](CCCNC(N)=[NH2+])NC(=O)CN,1,10.819969,3
C[C@H](NC(=O)[C@H](CCCNC(N)=[NH2+])NC(=O)[C@H](CCCNC(N)=[NH2+])NC(=O)[C@H](CCCNC(N)=[NH2+])NC(=O)[C@H](CCCNC(N)=[NH2+])NC(=O)CN)C(=O)N[C@H](C(=O)N[C@@H](C)C(=O)N[C@@H](CCCC[NH3+])C(=O)N[C@@H](Cc1ccc(O)cc1)C(=O)N[C@@H](CCCNC(N)=[NH2+])C(=O)N[C@H](C(=O)N[C@@H](C)C(=O)NC(CO)CC1CNCN1)[C@@H](C)O)[C@@H](C)O,1,4.336401,3
CC[C@H](C)[C@H](NC(=O)[C@H](CCCC[NH3+])NC(=O)[C@H](C)NC(=O)[C@H](CCC(N)=O)NC(=O)[C@@H](N)CCCNC(N)=[NH2+])C(=O)N[C@@H](Cc1c[nH]c2ccccc12)C(=O)N[C@@H](Cc1ccccc1)C(=O)N[C@@H](CCC(N)=O)C(=O)N[C@@H](CC(N)=O)C(=O)N[C@@H](CCCNC(N)=[NH2+])C(=O)N[C@@H](CCCNC(N)=[NH2+])C(=O)N[C@@H](CCSC)C(=O)N[C@@H](CCCC[NH3+])C(=O)N[C@@H](Cc1c[nH]c2ccccc12)C(=O)N[C@@H](CCCC[NH3+])C(=O)N[C@H](C=O)CCCC[NH3+],1,11.848066,3
CC[C@H](C)[C@H](NC(=O)[C@H](CCCC[NH3+])NC(=O)[C@@H](NC(=O)[C@H](CCC(N)=O)NC(=O)[C@@H](N)CCCNC(N)=[NH2+])[C@@H](C)CC)C(=O)N[C@@H](Cc1c[nH]c2ccccc12)C(=O)N[C@@H](Cc1ccccc1)C(=O)N[C@@H](CCC(N)=O)C(=O)N[C@@H](CC(N)=O)C(=O)N[C@@H](CCCNC(N)=[NH2+])C(=O)N[C@@H](CCCNC(N)=[NH2+])C(=O)N[C@H](C=O)CCSC,1,7.990983,3
CC[C@H](C)[C@H](NC(=O)[C@@H](NC(=O)[C@@H]1CCCN1C(=O)[C@H](CCCC[NH3+])NC(=O)[C@H](CCCC[NH3+])NC(=O)[C@@H](NC(=O)[C@@H]1CCCN1C(=O)[C@H](CCCC[NH3+])NC(=O)[C@@H](NC(=O)[C@@H](NC(=O)[C@@H](NC(=O)[C@H](CCCC[NH3+])NC(=O)[C@H](CCCC[NH3+])NC(=O)CNC(=O)[C@@H]1CCCN1C(=O)[C@H](CCCC[NH3+])NC(=O)[C@H](CCCC[NH3+])NC(=O)[C@H](CC(N)=O)NC(=O)[C@@H]1CCCN1C(=O)[C@@H](NC(=O)[C@H](CCCNC(N)=[NH2+])NC(=O)[C@@H](N)CCCC[NH3+])[C@@H](C)CC)[C@@H](C)O)[C@@H](C)O)[C@@H](C)O)[C@@H](C)O)[C@@H](C)O)C(=O)N[C@@H](CCCC[NH3+])C(=O)N[C@H](C(=O)N[C@H](C(=O)N[C@@H](CCCC[NH3+])C(=O)N[C@H](C=O)CCCC[NH3+])[C@@H](C)O)[C@@H](C)O,1,9.594909,3
NC(=[NH2+])NCCC[C@@H](N)C(=O)N[C@H](CCCNC(N)=[NH2+])C(=O)N[C@H](CCCNC(N)=[NH2+])C(=O)N[C@H](CCCNC(N)=[NH2+])C(=O)N[C@H](CCCNC(N)=[NH2+])C(=O)N[C@H](CCCNC(N)=[NH2+])C(=O)N[C@H](CCCNC(N)=[NH2+])C(=O)N[C@H](CCCNC(N)=[NH2+])C(=O)N[C@H](CCCNC(N)=[NH2+])C(=O)N[C@H](CCCNC(N)=[NH2+])C(=O)N[C@H](CCCNC(N)=[NH2+])C(=O)N[C@H](CCCNC(N)=[NH2+])C(N)=O,1,9.779767,3
C[C@@H](O)[C@H](NC(=O)[C@H](CCCNC(N)=[NH2+])NC(=O)[C@H](CCCC[NH3+])NC(=O)[C@H](CC(N)=O)NC(=O)CNC(=O)[C@@H](N)CS)C(=O)N[C@@H](CCCNC(N)=[NH2+])C(=O)NCC(=O)N[C@H](C=O)CS,1,3.2907794,3
CC(C)C[C@H](NC(=O)CN)C(=O)N[C@@H](CCCC[NH3+])C(=O)N[C@@H](CCCC[NH3+])C(=O)N[C@@H](CC(C)C)C(=O)N[C@@H](C)C(=O)N[C@@H](CCC(=O)O)C(=O)N[C@@H](CC(C)C)C(=O)N[C@@H](C)C(=O)NC(CC1CNCN1)C(O)N[C@@H](CCCC[NH3+])C(=O)N[C@@H](CC(C)C)C(=O)N[C@@H](CC(C)C)C(=O)N[C@@H](CCCC[NH3+])C(=O)N[C@@H](CC(C)C)C(=O)NCC(=O)N[C@@H](CS)C(N)=O,1,-1.7333184,3
CC[C@H](C)[C@H](NC(=O)[C@H](CCCNC(N)=[NH2+])NC(=O)[C@@H](N)CCCC[NH3+])C(=O)N1CCC[C@H]1C(=O)N[C@@H](CC(N)=O)C(=O)N[C@@H](CCCC[NH3+])C(=O)N[C@@H](CCCC[NH3+])C(=O)N1CCC[C@H]1C(=O)N[C@@H](CCCC[NH3+])C(=O)N[C@H](C=O)CCCC[NH3+],1,11.565915,3
CCC[C@@H](C=O)NC(=O)[C@H](C)NC(=O)[C@H](C)NC(=O)[C@H](Cc1c[nH]c2ccccc12)NC(=O)[C@H](CCC(=O)O)NC(=O)CNC(=O)[C@@H](NC(=O)[C@H](CC(C)C)NC(=O)[C@H](CCCNC(=N)N)NC(=O)[C@H](CCC)NC(=O)[C@@H](NC(=O)[C@H](Cc1c[nH]cn1)NC(=O)[C@@H](NC(=O)[C@@H](NC(=O)[C@H](Cc1ccccc1)NC(=O)[C@@H](NC(=O)[C@H](CCCNC(=N)N)NC(=O)[C@@H](NC(=O)[C@H](CCCNC(=N)N)NC(=O)[C@H](CCC)NC(=O)[C@H](CCC)NC(=O)CNC(=O)[C@H](CS)NC(=O)[C@H](C)NC(=O)[C@H](CCCNC(=N)N)NC(=O)[C@H](CCCNC(=N)N)NC(=O)[C@@H](NC(=O)[C@H](CCCNC(=N)N)NC(=O)[C@H](CC(C)C)NC(=O)[C@@H](NC(=O)[C@@H](NC(=O)[C@H](CC(C)C)NC(=O)[C@H](Cc1ccccc1)NC(=O)[C@H](CCCNC(=N)N)NC(=O)[C@H](CCCNC(=N)N)NC(=O)[C@@H](NC(=O)[C@@H](N)CCSC)C(C)C)C(C)C)[C@@H](C)O)[C@@H](C)CC)C(C)C)C(C)C)C(C)C)C(C)C)[C@@H](C)CC)[C@@H](C)O,1,1.3965188,3
CC(C)C[C@H](NC(=O)[C@H](CCCC[NH3+])NC(=O)[C@H](CCCNC(N)=[NH2+])NC(=O)[C@H](Cc1ccccc1)NC(=O)[C@H](Cc1ccccc1)NC(=O)[C@H](CCCC[NH3+])NC(=O)[C@H](CCCC[NH3+])NC(=O)[C@H](Cc1ccccc1)NC(=O)[C@H](CCCNC(N)=[NH2+])NC(=O)[C@H](CCCC[NH3+])NC(=O)[C@@H](N)C(C)C)C(=O)N[C@@H](CCCC[NH3+])C(=O)N[C@@H](CCCC[NH3+])C(=O)N[C@@H](CC(C)C)C(=O)N[C@H](C(N)=O)C(C)C,1,3.2795665,3
CC[C@H](C)[C@H](NC(=O)[C@H](CC(C)C)NC(=O)[C@@H](NC(=O)[C@H](CCCNC(N)=[NH2+])NC(=O)[C@H](Cc1ccccc1)NC(=O)[C@@H](NC(=O)[C@@H](NC(=O)[C@@H](N)CC(C)C)[C@@H](C)CC)[C@@H](C)CC)[C@@H](C)CC)C(=O)N[C@@H](CO)C(=O)NC(CC1CNCN1)C(O)N[C@@H](CCCNC(N)=[NH2+])C(=O)N[C@H](C=O)CCCNC(N)=[NH2+],1,9.59128,3
CC[C@H](C)[C@H](NC(=O)[C@H](C)NC(=O)[C@@H](NC(=O)[C@@H](N)Cc1ccc(O)cc1)[C@@H](C)O)C(=O)N[C@@H](C)C(=O)N[C@@H](Cc1c[nH]c2ccccc12)C(=O)N[C@H](C(=O)N[C@@H](CCCC[NH3+])C(=O)N[C@@H](C)C(=O)N[C@@H](Cc1ccccc1)C(=O)N[C@H](C(=O)N[C@@H](CCCNC(N)=[NH2+])C(=O)N[C@@H](CCCC[NH3+])C(=O)N[C@@H](CC(C)C)C(=O)N[C@@H](CCCNC(N)=[NH2+])C(=O)N[C@H](C=O)CCCC[NH3+])[C@@H](C)CC)C(C)C,1,7.7224903,3
CCC(NC(=O)[C@H](CC(=O)O)NC(=O)CN)C(O)N[C@@H](CC(C)C)C(=O)N1CCC[C@H]1C(=O)NC(CC1CNCN1)C(O)N[C@@H](CC(C)C)C(=O)N[C@@H](CCCCN)C(=O)N[C@@H](CC(C)C)C(=O)N[C@@H](CS)C(=O)O,1,-0.6786644,3
CC[C@H](C)[C@H](NC(=O)[C@H](CS)NC(=O)[C@H](CO)NC(=O)[C@@H](NC(=O)[C@@H]1CCCN1C(=O)[C@@H]1CCCN1C(=O)CNC(=O)[C@H](CCCNC(N)=[NH2+])NC(=O)[C@@H](NC(=O)[C@H](CCCC[NH3+])NC(=O)[C@H](CCCNC(N)=[NH2+])NC(=O)[C@H](CCSC)NC(=O)[C@H](CC(N)=O)NC(=O)[C@H](CCCNC(N)=[NH2+])NC(=O)[C@H](CCC(N)=O)NC(=O)[C@H](Cc1c[nH]c2ccccc12)NC(=O)[C@@H](N)CCC(N)=O)C(C)C)C(C)C)C(=O)N[C@@H](CCCC[NH3+])C(=O)N[C@H](C=O)CCCNC(N)=[NH2+],1,6.727141,3
C[C@H](N)C(=O)N[C@@H](CS)C(=O)N[C@@H](CCCNC(N)=[NH2+])C(=O)NCC(=O)N[C@@H](CCCNC(N)=[NH2+])C(=O)NCC(=O)N[C@@H](CCCNC(N)=[NH2+])C(=O)NCC(=O)N[C@@H](CS)C(=O)N[C@@H](CCCNC(N)=[NH2+])C(=O)NCC(=O)N[C@@H](CCCNC(N)=[NH2+])C(=O)NCC(=O)N[C@@H](CCCNC(N)=[NH2+])C(=O)NCC(=O)N[C@@H](CS)C(=O)NCC=O,1,8.6727495,3
CC[C@H](C)[C@H](NC(=O)[C@H](CCCC[NH3+])NC(=O)[C@H](Cc1ccccc1)NC(=O)[C@@H](NC(=O)[C@@H](NC(=O)[C@@H](N)CCSC)[C@@H](C)CC)[C@@H](C)CC)C(=O)N[C@@H](C)C(=O)N[C@@H](C)C(=O)N[C@@H](CO)C(=O)NC(CC1CNCN1)C(O)N[C@@H](CCCC[NH3+])C(=O)N[C@H](C=O)CCCC[NH3+],1,8.409684,3
CC[C@H](C)[C@H](NC(=O)[C@H](CCCNC(N)=[NH2+])NC(=O)[C@H](CCCNC(N)=[NH2+])NC(=O)[C@H](CCCNC(N)=[NH2+])NC(=O)[C@H](CC(C)C)NC(=O)[C@@H](NC(=O)[C@@H](NC(=O)[C@H](CC(C)C)NC(=O)[C@@H](N)CC(C)C)[C@@H](C)CC)[C@@H](C)CC)C(=O)N[C@@H](CCCNC(N)=[NH2+])C(=O)N[C@@H](CCCC[NH3+])C(=O)N[C@@H](CCC(N)=O)C(=O)N[C@@H](C)C(=O)NC(CC1CNCN1)C(O)N[C@H](C)C(=O)NC(CC1CNCN1)C(O)N[C@@H](CO)C(=O)N[C@H](C=O)CCCC[NH3+],1,11.66147,3
CC[C@H](C)[C@H](NC(=O)[C@H](CC(C)C)NC(=O)[C@H](CC(=O)O)NC(=O)[C@H](CCCNC(N)=[NH2+])NC(=O)[C@H](C)NC(=O)[C@@H](NC(=O)[C@@H](NC(=O)[C@@H](N)CCSC)[C@@H](C)CC)[C@@H](C)CC)C(=O)N[C@H](C=O)CO,1,7.2019463,3
CC[C@H](C)[C@H](NC(=O)[C@H](CCCC[NH3+])NC(=O)[C@H](CCCC[NH3+])NC(=O)[C@H](C)NC(=O)[C@H](CC(C)C)NC(=O)[C@H](C)NC(=O)[C@H](C)NC(=O)[C@H](CC(C)C)NC(=O)[C@H](C)NC(=O)[C@H](CCCC[NH3+])NC(=O)[C@H](CC(C)C)NC(=O)[C@H](CC(N)=O)NC(=O)[C@@H](NC(=O)[C@H](CCCC[NH3+])NC(=O)CNC(=O)[C@H](CC(C)C)NC(=O)[C@H](CC(C)C)NC(=O)[C@H](Cc1ccc(O)cc1)NC(=O)CNC(=O)[C@H](C)NC(=O)[C@H](CO)NC(=O)[C@H](CC(N)=O)NC(=O)[C@H](CC(C)C)NC(=O)[C@@H](NC(=O)[C@H](Cc1c[nH]c2ccccc12)NC(=O)CN)[C@@H](C)O)[C@@H](C)CC)C(=O)N[C@H](C=O)CC(C)C,1,5.122714,3
CC[C@H](C)[C@H](NC(=O)CNC(=O)[C@H](CC(=O)O)NC(=O)[C@H](CO)NC(=O)[C@@H]([NH3+])Cc1c[nH]cn1)C(=O)N[C@@H](Cc1ccccc1)C(=O)N[C@H](C(=O)N[C@@H](CC(=O)O)C(=O)N[C@@H](CO)C(=O)N[C@@H](Cc1ccc(O)cc1)C(=O)N[C@@H](CO)C(=O)N[C@@H](CCCNC(N)=[NH2+])C(=O)N[C@@H](Cc1ccc(O)cc1)C(=O)N[C@@H](CCCNC(N)=[NH2+])C(=O)N[C@@H](CCCC[NH3+])C(=O)N[C@@H](CCC(N)=O)C(=O)N[C@@H](CCSC)C(=O)N[C@@H](C)C(=O)N[C@H](C(=O)N[C@@H](CCCC[NH3+])C(=O)N[C@@H](CCCC[NH3+])C(=O)N[C@@H](Cc1ccc(O)cc1)C(=O)N[C@@H](CC(C)C)C(=O)N[C@@H](C)C(=O)N[C@@H](C)C(=O)N[C@H](C(=O)N[C@@H](CC(C)C)C(=O)NCC(=O)N[C@@H](CCCC[NH3+])C(=O)N[C@@H](CCCNC(N)=[NH2+])C(=O)N[C@@H](Cc1ccc(O)cc1)C(=O)N[C@@H](CCCC[NH3+])C(=O)N[C@@H](CCC(N)=O)C(=O)N[C@@H](CCCNC(N)=[NH2+])C(=O)N[C@H](C(=O)N[C@@H](CCCC[NH3+])C(=O)N[C@@H](CC(N)=O)C(=O)N[C@@H](CCCC[NH3+])C(N)=O)C(C)C)C(C)C)C(C)C)[C@@H](C)O,1,-0.08296951,3
CC[C@H](C)[C@H](NC(=O)[C@H](CC(N)=O)NC(=O)[C@H](C)NC(=O)[C@H](CC(C)C)NC(=O)[C@H](CC(C)C)NC(=O)[C@H](CC(N)=O)NC(=O)[C@H](CO)NC(O)C(CC1CNCN1)NC(O)C(CC1CNCN1)NC(=O)[C@H](CCCNC(N)=[NH2+])NC(=O)[C@H](CC(C)C)NC(O)C(CC1CNCN1)NC(=O)[C@H](CCCNC(N)=[NH2+])NC(=O)[C@H](CC(C)C)NC(=O)[C@H](CC(C)C)NC(=O)[C@H](CC(C)C)NC(=O)CNC(=O)[C@H](CC(C)C)NC(C)=O)C(N)=O,1,-1.9445878,3
NC(=[NH2+])NCCC[C@@H](N)C(=O)N[C@H](CCCNC(N)=[NH2+])C(=O)N[C@H](CCCNC(N)=[NH2+])C(=O)N[C@H](CCCNC(N)=[NH2+])C(=O)N[C@H](CCCNC(N)=[NH2+])C(=O)N[C@H](CCCNC(N)=[NH2+])C(=O)N[C@H](CCCNC(N)=[NH2+])C(=O)N[C@H](CCCNC(N)=[NH2+])C(=O)N[C@H](CCCNC(N)=[NH2+])C(=O)N[C@H](CCCNC(N)=[NH2+])C(=O)N[C@H](CCCNC(N)=[NH2+])C(=O)N[C@H](CCCNC(N)=[NH2+])C(=O)NCC(=O)N[C@@H](CS)C(N)=O,1,10.451024,3
CC(C)[C@H](NC(=O)[C@H](CCCNC(N)=[NH2+])NC(=O)[C@H](CCCNC(N)=[NH2+])NC(=O)[C@H](CCCNC(N)=[NH2+])NC(=O)[C@H](CC(N)=O)NC(=O)[C@H](CCCNC(N)=[NH2+])NC(=O)[C@H](CCCNC(N)=[NH2+])NC(=O)[C@@H](NC(=O)[C@@H](N)CCCNC(N)=[NH2+])[C@@H](C)O)C(=O)N[C@H](C=O)CCCNC(N)=[NH2+],1,15.013295,3
CC[C@H](C)[C@H](NC(=O)[C@H](CO)NC(=O)[C@H](CCCCN)NC(=O)[C@@H](NC(=O)[C@H](CCCNC(=N)N)NC(=O)[C@H](CCC(=O)O)NC(=O)[C@H](Cc1c[nH]c2ccccc12)NC(=O)[C@H](CCSC)NC(=O)[C@H](CO)NC(=O)[C@H](C)N)C(C)C)C(=O)N[C@H](C(=O)N[C@@H](CCCCN)C(=O)N[C@@H](CO)C(=O)N[C@@H](CO)C(=O)N[C@@H](CC(C)C)C(=O)N[C@@H](C)C(=O)N[C@@H](C)C(=O)N[C@@H](C)C(=O)N[C@@H](CO)C(=O)N[C@@H](CC(N)=O)C(=O)N[C@H](C=O)[C@@H](C)CC)[C@@H](C)CC,1,0.8126165,3
C[C@H](NC(=O)[C@H](CCC(N)=O)NC(=O)[C@H](CCCC[NH3+])NC(=O)[C@H](CCC(=O)O)NC(=O)[C@H](C)NC(=O)[C@H](CCCNC(N)=[NH2+])NC(=O)[C@H](CCCNC(N)=[NH2+])NC(=O)[C@H](CCC(=O)O)NC(=O)[C@H](CCCNC(N)=[NH2+])NC(=O)[C@H](CCCNC(N)=[NH2+])NC(=O)[C@H](CCCNC(N)=[NH2+])NC(=O)[C@@H](NC(=O)[C@@H](N)CCC(N)=O)[C@@H](C)O)C(=O)N[C@@H](CCC(N)=O)C(=O)N[C@H](C=O)Cc1c[nH]c2ccccc12,1,8.687652,3
CC[C@H](C)[C@H](NC(=O)[C@H](C)NC(=O)[C@H](CC(C)C)NC(=O)[C@H](CCCC[NH3+])NC(=O)[C@H](CC(C)C)NC(=O)[C@@H](NC(=O)[C@@H](NC(=O)[C@@H](N)CCCC[NH3+])[C@@H](C)CC)[C@@H](C)O)C(=O)N[C@@H](CCCC[NH3+])C(=O)N[C@@H](C)C(=O)N[C@@H](Cc1c[nH]c2ccccc12)C(=O)N[C@@H](CCCC[NH3+])C(=O)N[C@@H](CC(C)C)C(=O)N[C@@H](C)C(=O)N[C@@H](CC(C)C)C(=O)N[C@@H](CCCC[NH3+])C(=O)N[C@@H](C)C(=O)N[C@@H](C)C(N)=O,1,-1.6063148,3
NCC(=O)N[C@@H](CCCNC(N)=[NH2+])C(=O)NCC(=O)N[C@@H](CC(=O)O)C(=O)N[C@@H](CO)C(=O)N1CCC[C@H]1C(=O)N[C@@H](CCCNC(N)=[NH2+])C(=O)N[C@@H](CCCNC(N)=[NH2+])C(=O)N[C@@H](CO)C(=O)N1CCC[C@H]1C(=O)N[C@@H](CCCNC(N)=[NH2+])C(=O)N[C@H](C=O)CCCNC(N)=[NH2+],1,10.971446,3
CC[C@H](C)[C@H](NC(=O)[C@H](CC(C)C)NC(=O)[C@@H](N)CCCC[NH3+])C(=O)N[C@@H](CCCC[NH3+])C(=O)NCC(=O)N[C@@H](CCCNC(N)=[NH2+])C(=O)N[C@H](C(=O)N1CCC[C@H]1C(=O)N[C@H](C(=O)N[C@@H](CCCC[NH3+])C(=O)N[C@@H](Cc1ccccc1)C(=O)NCC(=O)N[C@@H](CCCC[NH3+])C(=O)N[C@@H](C)C(=O)N[C@@H](CCCNC(N)=[NH2+])C(=O)N[C@@H](CS)C(=O)N[C@@H](CCCNC(N)=[NH2+])C(=O)N[C@@H](CCCNC(N)=[NH2+])C(=O)N1CCC[C@H]1C(=O)N1CCC[C@H]1C(=O)N[C@@H](CCCC[NH3+])C(=O)NC(CC1CNCN1)C(O)N[C@@H](CO)C(=O)NCC(=O)N[C@H](C=O)CCCC[NH3+])[C@@H](C)CC)[C@@H](C)O,1,10.589575,3
CC[C@H](C)[C@H](NC(=O)[C@H](CCCNC(N)=[NH2+])NC(=O)[C@H](CC(C)C)NC(=O)[C@H](CCC(N)=O)NC(=O)[C@@H](N)CCCNC(N)=[NH2+])C(=O)N[C@@H](C)C(=O)NCC(=O)N[C@@H](CCCNC(N)=[NH2+])C(=O)N[C@@H](CCCNC(N)=[NH2+])C(=O)N[C@@H](CC(C)C)C(=O)N[C@@H](CCCNC(N)=[NH2+])C(=O)NCC(=O)N[C@@H](CCCNC(N)=[NH2+])C(=O)N[C@@H](CO)C(=O)N[C@H](C=O)CCCNC(N)=[NH2+],1,12.910333,3
NC(=[NH2+])NCCC[C@H](NC(=O)[C@H](CCCNC(N)=[NH2+])NC(=O)[C@H](CCCNC(N)=[NH2+])NC(=O)[C@H](CCCNC(N)=[NH2+])NC(=O)[C@H](CCCNC(N)=[NH2+])NC(=O)[C@H](CCCNC(N)=[NH2+])NC(=O)[C@H](CCCNC(N)=[NH2+])NC(=O)[C@H](CCCNC(N)=[NH2+])NC(=O)[C@@H](N)CCCNC(N)=[NH2+])C(N)=O,1,7.843233,3
CC(C)C[C@H](NC(=O)CN)C(=O)N[C@@H](Cc1c[nH]c2ccccc12)C(=O)N[C@@H](CCCNC(N)=[NH2+])C(=O)N[C@@H](C)C(=O)N[C@@H](CC(C)C)C(=O)N[C@@H](Cc1c[nH]c2ccccc12)C(=O)N[C@@H](CCCNC(N)=[NH2+])C(=O)N[C@@H](CC(C)C)C(=O)N[C@@H](CC(C)C)C(=O)N[C@@H](CCCNC(N)=[NH2+])C(=O)N[C@@H](CO)C(=O)N[C@@H](CC(C)C)C(=O)N[C@@H](Cc1c[nH]c2ccccc12)C(=O)N[C@@H](CCCNC(N)=[NH2+])C(=O)N[C@@H](CC(C)C)C(=O)N[C@@H](CC(C)C)C(=O)N[C@@H](Cc1c[nH]c2ccccc12)C(=O)N[C@@H](CCCNC(N)=[NH2+])C(=O)N[C@@H](C)C=O,1,7.7876797,3
CC(C)C[C@H](NC(=O)CN)C(=O)N[C@@H](CCCC[NH3+])C(=O)N[C@@H](CCCC[NH3+])C(=O)N[C@@H](CC(C)C)C(=O)N[C@@H](C)C(=O)N[C@@H](CCC(=O)O)C(=O)N[C@@H](CC(C)C)C(=O)N[C@@H](Cc1ccccc1)C(=O)NC(CC1CNCN1)C(O)N[C@@H](CCCC[NH3+])C(=O)N[C@@H](CC(C)C)C(=O)N[C@@H](CC(C)C)C(=O)N[C@@H](CCCC[NH3+])C(=O)N[C@@H](CC(C)C)C(=O)NCC(=O)N[C@@H](CS)C(N)=O,1,-2.3954408,3
CSCC[C@H](NC(=O)[C@@H](NC(=O)[C@H](CO)NC(=O)CNC(=O)[C@H](C)NC(=O)[C@H](C)NC(=O)CNC(=O)[C@H](CC(C)C)NC(=O)[C@H](Cc1ccccc1)NC(=O)CNC(=O)[C@H](CC(C)C)NC(=O)[C@H](Cc1ccccc1)NC(=O)[C@H](CC(C)C)NC(=O)[C@H](C)NC(=O)CN)[C@@H](C)O)C(=O)NCC(=O)N[C@@H](C)C(=O)N[C@@H](Cc1c[nH]c2ccccc12)C(=O)N[C@@H](CO)C(=O)N[C@@H](CCC(N)=O)C(=O)N1CCC[C@H]1C(=O)N[C@@H](CCCC[NH3+])C(=O)N[C@@H](CO)C(=O)N[C@@H](CCCC[NH3+])C(=O)N[C@@H](CCCNC(N)=[NH2+])C(=O)N[C@@H](CCCC[NH3+])C(=O)N[C@H](C=O)C(C)C,1,3.7180219,3
CC[C@H](C)[C@H](NC(=O)[C@H](C)NC(=O)[C@H](C)NC(=O)[C@@H]1CCCN1C(=O)[C@H](CCCNC(N)=[NH2+])NC(=O)[C@@H](N)CCCC[NH3+])C(=O)N[C@@H](CCCC[NH3+])C(=O)N[C@@H](CCCC[NH3+])C(=O)N[C@@H](C)C(=O)NCC(=O)N[C@@H](CCC(N)=O)C(=O)N[C@@H](C)C(=O)N[C@@H](CCCC[NH3+])C(=O)N[C@@H](CCCC[NH3+])C(=O)N[C@@H](CCCC[NH3+])C(=O)N[C@H](C=O)CCCC[NH3+],1,15.389359,3
C[C@H](NC(=O)[C@H](CCCC[NH3+])NC(=O)[C@H](CO)NC(=O)[C@H](CCCNC(N)=[NH2+])NC(=O)[C@H](CS)NC(O)C(CC1CNCN1)NC(O)C(CC1CNCN1)NC(=O)[C@H](CCCNC(N)=[NH2+])NC(=O)[C@H](CCCNC(N)=[NH2+])NC(=O)CN)C(=O)N[C@@H](CCCC[NH3+])C(=O)N[C@@H](CCCNC(N)=[NH2+])C(=O)N[C@@H](CO)C(=O)N[C@@H](CCCNC(N)=[NH2+])C(=O)NC(CC1CNCN1)C(O)NC(CO)CC1CNCN1,1,5.4397044,3
C[C@H](N)C(=O)N[C@@H](CS)C(=O)N[C@@H](CO)C(=O)NCC(=O)N[C@@H](CO)C(=O)NCC(=O)N[C@@H](CO)C(=O)NCC(=O)N[C@@H](CS)C(=O)NCC(=O)N[C@@H](CO)C(=O)NCC(=O)N[C@@H](CO)C(=O)NCC(=O)N[C@@H](CO)C(=O)N[C@@H](CS)C(=O)NCC=O,1,-5.4112053,3
NC(=[NH2+])NCCC[C@@H](C=O)NC(=O)[C@H](CCCNC(N)=[NH2+])NC(=O)[C@H](CCCNC(N)=[NH2+])NC(=O)[C@H](CCCNC(N)=[NH2+])NC(=O)[C@H](CCCNC(N)=[NH2+])NC(=O)[C@H](CCCNC(N)=[NH2+])NC(=O)[C@H](CCCNC(N)=[NH2+])NC(=O)[C@@H](N)CCCNC(N)=[NH2+],1,20.29711,3
NCC(=O)N[C@@H](CCCC[NH3+])C(=O)NC(CC1CNCN1)C(O)N[C@@H](CCCNC(N)=[NH2+])C(=O)NC(CC1CNCN1)C(O)N[C@@H](CCC(=O)O)C(=O)N[C@@H](CCCNC(N)=[NH2+])C(=O)NCC(=O)NC(CC1CNCN1)C(O)NC(CC1CNCN1)C(O)N[C@@H](CCCNC(N)=[NH2+])C(=O)N[C@@H](CC(=O)O)C(=O)N[C@@H](CCCNC(N)=[NH2+])C(=O)N[C@@H](CCCNC(N)=[NH2+])C(=O)N[C@@H](CCC(=O)O)C(=O)N[C@H](C=O)CCCNC(N)=[NH2+],1,13.447899,3
NC(=[NH2+])NCCC[C@@H](C=O)NC(=O)[C@H](CCCNC(N)=[NH2+])NC(=O)[C@H](CCCNC(N)=[NH2+])NC(=O)[C@H](CCCNC(N)=[NH2+])NC(=O)[C@H](CCCNC(N)=[NH2+])NC(=O)[C@H](CCCNC(N)=[NH2+])NC(=O)[C@H](CCCNC(N)=[NH2+])NC(=O)[C@H](CCCNC(N)=[NH2+])NC(=O)[C@@H](N)Cc1c[nH]c2ccccc12,1,16.30455,3
CC[C@H](C)[C@H](NC(=O)[C@H](CCCC[NH3+])NC(=O)[C@H](CC(C)C)NC(=O)[C@@H](NC(=O)[C@H](CO)NC(=O)[C@H](CCCC[NH3+])NC(=O)[C@H](Cc1c[nH]c2ccccc12)NC(=O)[C@@H](NC(=O)[C@H](CCCC[NH3+])NC(=O)[C@H](C)NC(=O)[C@@H](NC(=O)[C@H](CO)NC(=O)[C@H](CCCC[NH3+])NC(=O)[C@H](C)NC(=O)[C@H](C)NC(=O)[C@@H](NC(=O)[C@@H](N)CCCC[NH3+])[C@@H](C)CC)[C@@H](C)CC)[C@@H](C)CC)[C@@H](C)CC)C(=O)N[C@@H](C)C(N)=O,1,-1.357866,3
CC[C@H](C)[C@H](NC(=O)[C@H](CCCC[NH3+])NC(=O)[C@@H](NC(=O)[C@H](CCC(N)=O)NC(=O)[C@@H]([NH3+])CCCNC(N)=[NH2+])[C@@H](C)CC)C(=O)N[C@@H](Cc1c[nH]c2ccccc12)C(=O)N[C@@H](Cc1ccccc1)C(=O)N[C@@H](CCC(N)=O)C(=O)N[C@@H](CC(N)=O)C(=O)N[C@@H](CCCNC(N)=[NH2+])C(=O)N[C@@H](CCCNC(N)=[NH2+])C(=O)N[C@@H](CCSC)C(=O)N[C@@H](CCCC[NH3+])C(=O)N[C@@H](Cc1c[nH]c2ccccc12)C(=O)N[C@@H](CCCC[NH3+])C(=O)N[C@@H](CCCC[NH3+])C(=O)O,1,7.1642528,3
CC(C)[C@@H](N)C(=O)N[C@H](CS)C(=O)N[C@@H](C(=O)N[C@@H](C=O)CCCNC(N)=[NH2+])C(C)C,1,3.26403,3
CC(C)C[C@@H](C=O)NC(=O)[C@H](CCC(=O)O)NC(=O)[C@@H](NC(=O)[C@H](CC(C)C)NC(=O)[C@@H](NC(=O)[C@H](CCCC[NH3+])NC(=O)[C@@H](NC(=O)[C@H](CC(C)C)NC(=O)[C@H](CCC(=O)O)NC(=O)[C@H](CCCC[NH3+])NC(=O)[C@H](CC(C)C)NC(=O)[C@@H](NC(=O)[C@H](CCC(=O)O)NC(=O)[C@@H](NC(=O)[C@H](CC(C)C)NC(=O)[C@@H](NC(=O)[C@H](CCCC[NH3+])NC(=O)[C@@H](N)CC(C)C)[C@@H](C)O)[C@@H](C)O)[C@@H](C)O)[C@@H](C)O)[C@@H](C)O)[C@@H](C)O,1,0.65172553,3
CC(C)C[C@H](NC(=O)CNC(=O)[C@H](C)NC(=O)[C@H](CCCNC(=N)N)NC(=O)[C@H](CO)NC(=O)[C@H](CO)NC(=O)[C@H](CCCNC(=N)N)NC(=O)[C@@H](NC(=O)[C@H](CCCCN)NC(=O)[C@H](C)NC(=O)[C@H](CCCCN)NC(=O)[C@H](C)NC(=O)[C@H](CCCNC(=N)N)NC(=O)[C@H](C)NC(=O)[C@H](CCCCN)NC(=O)CNC(=O)CNC(=O)[C@H](CCC(N)=O)NC(=O)[C@H](CCCCN)NC(=O)CNC(=O)[C@H](CCCNC(=N)N)NC(=O)CNC(=O)[C@@H](N)CO)[C@@H](C)O)C(=O)N[C@@H](CCC(N)=O)C(=O)N[C@@H](Cc1ccccc1)C(=O)N1CCC[C@H]1C(=O)N[C@H](C(=O)NCC(=O)N[C@@H](CCCNC(=N)N)C(=O)N[C@H](C(=O)N[C@@H](Cc1c[nH]cn1)C(=O)N[C@@H](CCCNC(=N)N)C(=O)N[C@@H](CC(C)C)C(=O)N[C@@H](CC(C)C)C(=O)N[C@@H](CCCNC(=N)N)C(=O)N[C@@H](CCCCN)C(=O)NCC=O)C(C)C)C(C)C,1,2.279614,3
CC[C@H](C)[C@H](NC(=O)[C@H](CCCC[NH3+])NC(=O)[C@@H](NC(=O)[C@H](CCC(N)=O)NC(=O)[C@@H]([NH3+])CCCNC(N)=[NH2+])[C@@H](C)CC)C(=O)N[C@@H](Cc1c[nH]c2ccccc12)C(=O)N[C@@H](Cc1ccccc1)C(=O)N[C@@H](CCC(N)=O)C(=O)N[C@@H](CC(N)=O)C(=O)N[C@@H](CCCNC(N)=[NH2+])C(=O)N[C@@H](CCCNC(N)=[NH2+])C(=O)N[C@@H](CCSC)C(=O)N[C@@H](CCCC[NH3+])C(=O)N[C@@H](Cc1c[nH]c2ccccc12)C(=O)N[C@@H](CCCC[NH3+])C(=O)N[C@@H](CCCC[NH3+])C(=O)O,1,7.1642528,3
NC(=[NH2+])NCCC[C@@H](N)C(=O)N[C@@H](CCCNC(N)=[NH2+])C(=O)N[C@H](CCCNC(N)=[NH2+])C(=O)NCC(=O)N[C@H](CCCNC(N)=[NH2+])C(=O)N[C@@H](CCCC[NH3+])C(=O)N[C@H](CCCC[NH3+])C(=O)N[C@@H](CCCNC(N)=[NH2+])C(=O)N[C@@H](C=O)CCCNC(N)=[NH2+],1,19.043104,3
CC[C@H](C)[C@H](NC(=O)[C@H](CCCC[NH3+])NC(=O)[C@@H](NC(=O)[C@H](CCC(N)=O)NC(=O)[C@@H](N)CCCNC(N)=[NH2+])[C@@H](C)CC)C(=O)N[C@@H](Cc1c[nH]c2ccccc12)C(=O)N[C@@H](Cc1ccccc1)C(=O)N[C@@H](CCC(N)=O)C(=O)N[C@H](C=O)CC(N)=O,1,3.1796749,3
C[C@H](NC(=O)[C@H](C)NC(=O)[C@H](CO)NC(=O)[C@H](CCCNC(N)=[NH2+])NC(=O)[C@H](CS)NC(O)C(CC1CNCN1)NC(O)C(CC1CNCN1)NC(=O)[C@H](CCCNC(N)=[NH2+])NC(=O)[C@H](CCCNC(N)=[NH2+])NC(=O)[C@@H](N)CO)C(=O)N[C@@H](CCCC[NH3+])C(=O)N[C@@H](CCCNC(N)=[NH2+])C(=O)N[C@@H](CO)C(=O)N[C@@H](CCCNC(N)=[NH2+])C(=O)NC(CC1CNCN1)C(O)NC(CO)CC1CNCN1,1,4.843607,3
NC(=[NH2+])NCCC[C@H](NC(=O)[C@H](Cc1ccccc1)NC(=O)[C@H](CCCC[NH3+])NC(=O)[C@H](CCCC[NH3+])NC(=O)[C@@H](N)Cc1ccccc1)C(=O)N[C@@H](CCCC[NH3+])C(=O)N[C@H](C=O)Cc1ccccc1,1,9.590379,3
CCC[C@@H]1NC(=O)[C@@H]2CS34SC[C@H](NC(=O)[C@H]([C@@H](C)CC)NC(=O)[C@H](CS)NC(=O)[C@H](C)NC(=O)CNC1=O)C(=O)N[C@@H](CCCNC(=N)N)C(=O)NCC(=O)N[C@@H](CC(N)=O)C(=O)NCC(=O)N[C@@H](Cc1ccc(O)cc1)C(=O)N[C@H](C(=O)NCC(=O)N[C@@H](CO)C(=O)NCC(=O)N[C@@H](CO)C(=O)N[C@H](C=O)CC(=O)O)C[SH]3[SH]4C[C@H](NC(=O)[C@H](CCCCN)NC(=O)[C@H](CCCCN)NC(=O)[C@H](CC(C)C)NC(=O)[C@@H](NC(=O)[C@H](C)NC(=O)[C@H](CCC)NC(=O)[C@H](CS)NC(=O)[C@@H](NC(=O)CNC(=O)CN)C(C)C)[C@@H](C)CC)C(=O)N[C@@H](CCCNC(=N)N)C(=O)N[C@@H](CCCNC(=N)N)C(=O)N[C@@H](CC(=O)O)C(=O)N[C@@H](CO)C(=O)N[C@@H](CC(=O)O)C(=O)N2,1,1.7683198,3
C[C@H](N)C(=O)N[C@@H](CS)C(=O)N[C@@H](CO)C(=O)NCC(=O)N[C@@H](CCCNC(N)=[NH2+])C(=O)NCC(=O)N[C@@H](CCCNC(N)=[NH2+])C(=O)NCC(=O)N[C@@H](CS)C(=O)NCC(=O)N[C@@H](CO)C(=O)NCC(=O)N[C@@H](CO)C(=O)NCC(=O)N[C@@H](CO)C(=O)N[C@@H](CS)C(=O)NCC=O,1,1.9482372,3
CC[C@H](C)[C@H](NC(=O)[C@H](CC(C)C)NC(=O)[C@H](C)NC(=O)[C@H](CCCNC(N)=[NH2+])NC(=O)[C@H](Cc1ccccc1)NC(=O)[C@@H](NC(=O)[C@@H](NC(=O)[C@@H](N)CCSC)[C@@H](C)CC)[C@@H](C)CC)C(=O)N[C@@H](CO)C(=O)NC(CC1CNCN1)C(O)N[C@@H](CCCC[NH3+])C(=O)N[C@H](C=O)CCCC[NH3+],1,9.331889,3
CC(C)C[C@H](NC(=O)[C@H](CCCNC(N)=[NH2+])NC(=O)[C@H](CCCNC(N)=[NH2+])NC(=O)[C@H](CC(C)C)NC(=O)[C@H](CC(C)C)NC(=O)[C@H](CCCNC(N)=[NH2+])NC(=O)[C@@H](N)CCCNC(N)=[NH2+])C(=O)N[C@@H](CCCNC(N)=[NH2+])C(=O)N[C@H](C=O)CCCNC(N)=[NH2+],1,17.237366,3
CC[C@H](C)[C@H](NC(=O)[C@H](CCCNC(N)=[NH2+])NC(=O)[C@@H](N)CCCC[NH3+])C(=O)N1CCC[C@H]1C(=O)N[C@@H](CC(N)=O)C(=O)N[C@@H](CCCC[NH3+])C(=O)N[C@@H](CCCC[NH3+])C(=O)N1CCC[C@H]1C(=O)NCC(=O)N[C@@H](CCCC[NH3+])C(=O)N[C@H](C=O)CCCC[NH3+],1,11.136212,3
CC[C@H](C)[C@H](NC(=O)[C@H](CCCC[NH3+])NC(=O)[C@@H](NC(=O)[C@H](CCC(N)=O)NC(=O)[C@@H](N)CCCNC(N)=[NH2+])[C@@H](C)CC)C(=O)N[C@@H](Cc1c[nH]c2ccccc12)C(=O)N[C@@H](Cc1ccccc1)C(=O)N1CCC[C@H]1C(=O)N[C@@H](CC(N)=O)C(=O)N[C@@H](CCCNC(N)=[NH2+])C(=O)N[C@@H](CCCNC(N)=[NH2+])C(=O)N[C@@H](CCSC)C(=O)N[C@@H](CCCC[NH3+])C(=O)N[C@@H](Cc1c[nH]c2ccccc12)C(=O)N[C@@H](CCCC[NH3+])C(=O)N[C@H](C=O)CCCC[NH3+],1,11.862727,3
CC[C@H](C)[C@H](NC(=O)[C@H](CCCNC(N)=[NH2+])NC(=O)[C@@H](NC(=O)[C@@H](N)CCCNC(N)=[NH2+])C(C)C)C(=O)N[C@@H](CC(C)C)C(=O)N[C@@H](C)C(=O)N[C@@H](CCCNC(N)=[NH2+])C(=O)N[C@@H](Cc1ccccc1)C(=O)N[C@@H](CC(C)C)C(=O)N[C@@H](CCCNC(N)=[NH2+])C(=O)N[C@H](C(=O)N[C@@H](CCCNC(N)=[NH2+])C(=O)N[C@H](C=O)C(C)C)[C@@H](C)O,1,10.750094,3
CC[C@H](C)[C@H](NC(=O)[C@H](CCCCN)NC(=O)[C@H](CCCCN)NC(=O)[C@H](C)NC(=O)[C@H](CC(C)C)NC(=O)[C@H](C)NC(=O)[C@H](C)NC(=O)[C@H](CC(C)C)NC(=O)[C@H](C)NC(=O)[C@H](CCCCN)NC(=O)[C@H](CC(C)C)NC(=O)[C@H](CC(N)=O)NC(=O)[C@@H](NC(=O)[C@H](CCCCN)NC(=O)CNC(=O)[C@H](CC(C)C)NC(=O)[C@H](CC(C)C)NC(=O)[C@H](Cc1ccc(O)cc1)NC(=O)CNC(=O)[C@H](C)N)[C@@H](C)O)C(=O)N[C@H](C=O)CC(C)C,1,4.880622,3
NC(=[NH2+])NCCC[C@H](NC(=O)CNC(=O)[C@H](CCCNC(N)=[NH2+])NC(=O)[C@@H](N)CCCNC(N)=[NH2+])C(=O)N[C@@H](CCCNC(N)=[NH2+])C(=O)NCC=O,1,8.240575,3
CC[C@H](C)[C@H](NC(=O)[C@H](CCCNC(N)=[NH2+])NC(=O)[C@H](CC(C)C)NC(=O)[C@@H](NC(=O)[C@@H](NC(=O)[C@H](CC(C)C)NC(=O)[C@H](Cc1ccccc1)NC(=O)[C@H](CCCNC(N)=[NH2+])NC(=O)[C@H](CCCNC(N)=[NH2+])NC(=O)[C@@H](N)C(C)C)C(C)C)[C@@H](C)O)C(=O)N[C@@H](CCCNC(N)=[NH2+])C(=O)N[C@@H](CCCNC(N)=[NH2+])C(=O)N[C@@H](C)C=O,1,9.803094,3
CCC[C@H](NC(=O)[C@@H](NC(=O)[C@H](CC(C)C)NC(=O)[C@H](CC(N)=O)NC(=O)[C@H](CCCNC(=N)N)NC(=O)[C@H](CC(C)C)NC(=O)[C@H](Cc1ccccc1)NC(=O)[C@H](CC(=O)O)NC(=O)[C@H](CCCCN)NC(=O)[C@@H](NC(=O)[C@H](CCCNC(=N)N)NC(=O)[C@H](CCC(N)=O)NC(=O)[C@@H](NC(=O)[C@@H](NC(=O)[C@H](CCCNC(=N)N)NC(=O)[C@H](CCCCN)NC(=O)[C@H](Cc1ccccc1)NC(=O)[C@H](CCC(=O)O)NC(=O)[C@H](CCCCN)NC(=O)CNC(=O)[C@@H](NC(=O)[C@H](CCCCN)NC(=O)[C@H](CCC(=O)O)NC(=O)[C@H](CCCCN)NC(=O)[C@H](CO)NC(=O)[C@H](CCCCN)NC(=O)[C@H](CCCNC(=N)N)NC(=O)[C@H](Cc1ccccc1)NC(=O)[C@H](Cc1ccccc1)NC(=O)[C@H](CC(=O)O)NC(=O)CNC(=O)[C@H](CC(C)C)NC(=O)[C@@H](N)CC(C)C)[C@@H](C)CC)[C@@H](C)CC)C(C)C)[C@@H](C)CC)C(C)C)C(=O)N[C@@H](CCCNC(=N)N)C(=O)N[C@H](C(=O)N[C@@H](CCC(=O)O)C(=O)N[C@@H](CO)C(=O)N[C@H](C=O)CS)[C@@H](C)O,1,2.0698712,3
CC[C@H](C)[C@H](NC(=O)[C@H](C)NC(=O)[C@@H](NC(=O)[C@H](CCC(N)=O)NC(=O)[C@@H]1CCCN1C(=O)[C@H](Cc1ccccc1)NC(=O)[C@@H](NC(O)C(CC1CNCN1)NC(=O)[C@H](Cc1ccccc1)NC(=O)[C@H](CCCC[NH3+])NC(=O)[C@H](CC(N)=O)NC(=O)[C@H](Cc1ccccc1)NC(=O)[C@H](CC(=O)O)NC(=O)[C@H](CCC(N)=O)NC(=O)[C@@H](NC(=O)[C@H](Cc1ccc(O)cc1)NC(=O)[C@@H](NC(=O)CNC(=O)[C@@H](N)CC(C)C)[C@@H](C)O)[C@@H](C)O)[C@@H](C)O)[C@@H](C)O)C(=O)NCC(=O)N[C@H](C(=O)NCC(=O)N[C@@H](C)C(=O)N1CCC[C@H]1C=O)C(C)C,1,1.0758662,3
CSCC[C@H](NC(=O)[C@H](CC(N)=O)NC(=O)[C@H](CCCNC(N)=[NH2+])NC(=O)[C@H](CCC(N)=O)NC(=O)[C@H](Cc1c[nH]c2ccccc12)NC(=O)[C@H](CCC(N)=O)NC(=O)[C@@H](N)Cc1ccccc1)C(=O)N[C@@H](CCCNC(N)=[NH2+])C(=O)N[C@@H](CCCC[NH3+])C(=O)N[C@H](C(=O)N[C@@H](CCCNC(N)=[NH2+])C(=O)NCC(=O)N1CCC[C@H]1C(=O)N1CCC[C@H]1C(=O)N[C@H](C(=O)N[C@H](C=O)CO)C(C)C)C(C)C,1,5.6942477,3
C[C@H](N)C(=O)N[C@@H](CS)C(=O)N[C@@H](CCCNC(N)=[NH2+])C(=O)NCC(=O)N[C@@H](CO)C(=O)NCC(=O)N[C@@H](CCCNC(N)=[NH2+])C(=O)NCC(=O)N[C@@H](CS)C(=O)NCC(=O)N[C@@H](CCCNC(N)=[NH2+])C(=O)NCC(=O)N[C@@H](CO)C(=O)NCC(=O)N[C@@H](CCCNC(N)=[NH2+])C(=O)N[C@@H](CS)C(=O)NCC=O,1,4.7469826,3
CC[C@H](C)[C@H](NC(=O)[C@H](CCCCN)NC(=O)[C@H](CCCCN)NC(=O)[C@H](C)NC(=O)[C@H](CC(C)C)NC(=O)[C@H](CCCCN)NC(=O)[C@H](C)NC(=O)[C@H](CC(C)C)NC(=O)[C@H](CCCCN)NC(=O)[C@H](C)NC(=O)[C@H](CC(C)C)NC(=O)[C@H](CCCCN)NC(=O)[C@H](C)NC(=O)[C@H](CC(C)C)NC(=O)[C@H](CCCCN)NC(=O)[C@H](C)NC(=O)[C@H](CC(C)C)NC(=O)[C@H](CCCCN)NC(=O)[C@H](C)NC(=O)[C@H](CC(C)C)NC(=O)[C@H](C)NC(=O)[C@H](CC(C)C)NC(=O)[C@H](C)NC(=O)[C@H](CC(C)C)NC(=O)[C@H](C)NC(=O)[C@H](CC(C)C)NC(=O)[C@H](C)NC(=O)[C@H](CC(C)C)NC(=O)[C@H](C)NC(=O)[C@H](CC(C)C)NC(=O)[C@H](C)NC(=O)[C@H](CC(C)C)NC(=O)[C@H](C)NC(=O)[C@@H](N)CC(C)C)C(=O)N[C@H](C=O)CCCCN,1,5.6694193,3
CC(C)C[C@H](NC(=O)[C@H](C)NC(=O)[C@H](CC(C)C)NC(=O)[C@H](CC(C)C)NC(=O)[C@@H](NC(=O)[C@H](C)NC(=O)[C@@H]1CCCN1C(=O)[C@H](CC(C)C)NC(=O)[C@H](CC(C)C)NC(=O)[C@H](C)NC(=O)[C@@H](NC(=O)[C@H](C)NC(=O)[C@H](C)NC(=O)[C@H](CCCC[NH3+])NC(=O)[C@H](Cc1ccccc1)NC(=O)[C@H](CCCNC(N)=[NH2+])NC(=O)[C@@H](N)Cc1c[nH]c2ccccc12)C(C)C)C(C)C)C(=O)N[C@@H](CC(C)C)C(=O)N[C@@H](C)C(=O)N1CCC[C@H]1C=O,1,4.8775506,3
CC(C)C[C@H](NC(=O)[C@H](C)NC(=O)[C@H](CC(C)C)NC(=O)[C@H](CCCC[NH3+])NC(=O)[C@H](CC(C)C)NC(=O)[C@H](CCCC[NH3+])NC(=O)[C@H](CC(C)C)NC(=O)[C@H](C)NC(=O)[C@@H](N)CCCC[NH3+])C(=O)N[C@@H](C)C(=O)N[C@@H](CC(C)C)C(=O)N[C@@H](CC(C)C)C(=O)N[C@@H](C)C(=O)N[C@@H](CCCC[NH3+])C(=O)N[C@@H](CC(C)C)C(=O)N[C@@H](CCCC[NH3+])C(=O)N[C@@H](CC(C)C)C(=O)N[C@@H](C)C=O,1,7.0183673,3
CC[C@H](C)[C@H](NC(=O)[C@H](CC(C)C)NC(=O)[C@H](CC(=O)O)NC(=O)[C@H](CCCNC(N)=[NH2+])NC(=O)[C@H](Cc1ccc(O)cc1)NC(=O)[C@H](C)NC(=O)[C@@H](NC(=O)[C@@H](N)CCSC)[C@@H](C)CC)C(=O)N[C@H](C=O)CO,1,6.567077,3
CC(C)C[C@@H](NC(=O)[C@H](NC(=O)[C@H]1CCCN1C(=O)[C@H](N)C(C)C)[C@@H](C)O)C(=O)N[C@@H](C=O)CCCC[NH3+],1,2.5349739,3
CC(C)C[C@H](NC(=O)[C@H](C)NC(=O)[C@H](CCCC[NH3+])NC(=O)[C@H](CC(C)C)NC(=O)[C@H](C)NC(=O)[C@H](CC(C)C)NC(=O)[C@H](CCCC[NH3+])NC(=O)[C@H](CC(C)C)NC(=O)[C@H](C)NC(=O)[C@H](CC(C)C)NC(=O)[C@@H](N)CCCC[NH3+])C(=O)N[C@@H](CCC(N)=O)C(=O)N[C@@H](C)C(=O)N[C@@H](C)C(=O)N[C@@H](CC(C)C)C(=O)N[C@@H](CCC(N)=O)C(=O)N[C@@H](CC(C)C)C(=O)N[C@@H](C)C=O,1,4.070265,3
CC[C@H](C)[C@H](NC(=O)[C@H](CCCC[NH3+])NC(=O)[C@@H](NC(=O)[C@H](CCC(N)=O)NC(=O)[C@@H](N)CCCNC(N)=[NH2+])[C@@H](C)CC)C(=O)N[C@@H](Cc1c[nH]c2ccccc12)C(=O)N[C@@H](Cc1ccccc1)C(=O)N[C@@H](CCC(N)=O)C(=O)N[C@@H](CC(N)=O)C(=O)N[C@@H](CCCNC(N)=[NH2+])C(=O)N[C@@H](CCCNC(N)=[NH2+])C(=O)N[C@@H](C)C(=O)N[C@@H](CCCC[NH3+])C(=O)N[C@@H](Cc1c[nH]c2ccccc12)C(=O)N[C@@H](CCCC[NH3+])C(=O)N[C@H](C=O)CCCC[NH3+],1,10.960546,3
NC(=[NH2+])NCCC[C@@H](C=O)NC(=O)[C@H](CCCNC(N)=[NH2+])NC(=O)[C@H](CCCNC(N)=[NH2+])NC(=O)[C@H](CCC(N)=O)NC(=O)[C@H](CCCNC(N)=[NH2+])NC(=O)[C@H](CCCNC(N)=[NH2+])NC(=O)[C@H](CCCC[NH3+])NC(=O)[C@H](CCCC[NH3+])NC(=O)[C@H](CCCNC(N)=[NH2+])NC(=O)CNC(=O)[C@H](Cc1ccc(O)cc1)NC(=O)[C@H](CCCC[NH3+])NC(=O)[C@@H](N)CS,1,15.715348,3
CC(C)C[C@H](NC(=O)CNC(=O)[C@H](CO)NC(=O)[C@H](C)NC(=O)CNC(=O)[C@H](CO)NC(=O)[C@@H]1CCCN1C(=O)[C@H](C)NC(=O)[C@H](CC(C)C)NC(=O)[C@H](CC(C)C)NC(=O)[C@H](C)NC(=O)[C@H](CC(C)C)NC(=O)[C@H](CC(C)C)NC(=O)[C@@H](NC(=O)[C@H](C)NC(=O)[C@@H]1CCCN1C(=O)[C@H](CC(C)C)NC(=O)[C@H](CC(C)C)NC(=O)[C@H](C)NC(=O)[C@@H](NC(=O)[C@H](C)NC(=O)[C@H](C)N)C(C)C)C(C)C)C(=O)N[C@@H](CC(=O)O)C(=O)N[C@@H](CCCC[NH3+])C(=O)N[C@@H](CCCNC(N)=[NH2+])C(=O)N[C@@H](CC(=O)O)C(=O)N[C@@H](Cc1ccc(O)cc1)C(=O)N[C@H](C(N)=O)C(C)C,1,-0.1981777,3
CC[C@H](C)[C@H](NC(=O)[C@H](CCCNC(N)=[NH2+])NC(=O)[C@H](Cc1ccccc1)NC(=O)[C@@H](NC(=O)[C@@H](NC(=O)[C@@H](N)CCSC)[C@@H](C)CC)[C@@H](C)CC)C(=O)N[C@@H](C)C(=O)N[C@@H](C)C(=O)N[C@@H](CO)C(=O)NC(CC1CNCN1)C(O)N[C@@H](CCCC[NH3+])C(=O)N[C@H](C=O)CCCC[NH3+],1,10.296347,3
CC(=O)NC(CC1CNCN1)C(O)NC(CC1CNCN1)C(O)NC(CC1CNCN1)C(O)NC(CC1CNCN1)C(O)NC(CC1CNCN1)C(O)NC(CC1CNCN1)C(O)NC(CC1CNCN1)C(O)NC(CC1CNCN1)C(O)N[C@@H](CCCNC(N)=[NH2+])C(=O)N[C@@H](CCCNC(N)=[NH2+])C(=O)N[C@@H](CCCNC(N)=[NH2+])C(=O)N[C@@H](CCCNC(N)=[NH2+])C(=O)N[C@@H](CCCNC(N)=[NH2+])C(=O)N[C@@H](CCCNC(N)=[NH2+])C(=O)N[C@@H](CCCNC(N)=[NH2+])C(=O)N[C@@H](CCCNC(N)=[NH2+])C(=O)N[C@@H](CCCNC(N)=[NH2+])C(=O)N[C@@H](CCCNC(N)=[NH2+])C(=O)N[C@@H](CCCNC(N)=[NH2+])C(=O)N[C@@H](CCCNC(N)=[NH2+])C(=O)N[C@@H](CCCNC(N)=[NH2+])C(=O)N[C@@H](CCCNC(N)=[NH2+])C(=O)N[C@@H](CCCNC(N)=[NH2+])C(N)=O,1,7.2587996,3
CC[C@H](C)[C@H](NC(=O)[C@H](CCCC[NH3+])NC(=O)[C@@H](NC(=O)[C@H](CCC(N)=O)NC(=O)[C@@H]([NH3+])CCCNC(N)=[NH2+])[C@@H](C)CC)C(=O)N[C@@H](Cc1c[nH]c2ccccc12)C(=O)N[C@@H](Cc1ccccc1)C(=O)N[C@@H](CCC(N)=O)C(=O)N[C@@H](CC(N)=O)C(=O)N[C@@H](CCCNC(N)=[NH2+])C(=O)N[C@@H](CCCNC(N)=[NH2+])C(=O)N[C@@H](CCSC)C(=O)N[C@@H](CCCC[NH3+])C(=O)N[C@@H](Cc1c[nH]c2ccccc12)C(=O)N[C@@H](CCCC[NH3+])C(=O)N[C@@H](CCCC[NH3+])C(=O)O,1,7.1642528,3
NC(=[NH2+])NCCC[C@H](NC(=O)[C@H](Cc1c[nH]c2ccccc12)NC(=O)[C@H](CCCNC(N)=[NH2+])NC(=O)[C@@H](N)CS)C(=O)N[C@H](Cc1c[nH]c2ccccc12)C(=O)N[C@@H](CCCC[NH3+])C(=O)N[C@@H](CS)C(=O)N[C@@H](CS)C(=O)N[C@@H](CCCC[NH3+])C(=O)N[C@H](C=O)CCCC[NH3+],1,8.074904,3
CC[C@H](C)[C@H](NC(=O)[C@H](CCCC[NH3+])NC(=O)[C@@H](NC(=O)[C@H](CCC(N)=O)NC(=O)[C@@H](N)CCCNC(N)=[NH2+])[C@@H](C)CC)C(=O)N[C@@H](Cc1ccccc1)C(=O)N[C@@H](Cc1ccccc1)C(=O)N[C@@H](CCC(N)=O)C(=O)N[C@@H](CC(N)=O)C(=O)N[C@@H](CCCNC(N)=[NH2+])C(=O)N[C@@H](CCCNC(N)=[NH2+])C(=O)N[C@@H](CCSC)C(=O)N[C@@H](CCCC[NH3+])C(=O)N[C@@H](Cc1c[nH]c2ccccc12)C(=O)N[C@@H](CCCC[NH3+])C(=O)N[C@H](C=O)CCCC[NH3+],1,12.205981,3
CC[C@H](C)[C@H](NC(=O)[C@H](CCCC[NH3+])NC(=O)[C@@H](NC(=O)[C@H](CCC(N)=O)NC(=O)[C@@H](N)CCCNC(N)=[NH2+])[C@@H](C)CC)C(=O)N[C@H](C=O)Cc1c[nH]c2ccccc12,1,5.861327,3
NC(=[NH2+])NCCC[C@H](NC(=O)[C@@H](N)CS)C(=O)N[C@H](Cc1c[nH]c2ccccc12)C(=O)N[C@@H](CCCNC(N)=[NH2+])C(=O)N[C@@H](Cc1c[nH]c2ccccc12)C(=O)N[C@@H](CCCC[NH3+])C(=O)N[C@@H](CS)C(=O)N[C@@H](CS)C(=O)N[C@@H](CCCC[NH3+])C(=O)N[C@H](C=O)CCCC[NH3+],1,8.77243,3
CC[C@H](C)[C@H](NC(=O)[C@H](CCCC[NH3+])NC(=O)[C@@H](NC(=O)[C@H](CCC(N)=O)NC(=O)[C@@H]([NH3+])CCCNC(N)=[NH2+])[C@@H](C)CC)C(=O)N[C@@H](Cc1c[nH]c2ccccc12)C(=O)N[C@@H](Cc1ccccc1)C(=O)N[C@@H](CCC(N)=O)C(=O)N[C@@H](CC(N)=O)C(=O)N[C@@H](CCCNC(N)=[NH2+])C(=O)N[C@@H](CCCNC(N)=[NH2+])C(=O)N[C@@H](CCSC)C(=O)N[C@@H](CCCC[NH3+])C(=O)N[C@@H](Cc1c[nH]c2ccccc12)C(=O)N[C@@H](CCCC[NH3+])C(=O)N[C@@H](CCCC[NH3+])C(=O)O,1,7.1642528,3
CC(C)C[C@@H](C=O)NC(=O)[C@@H](NC(=O)[C@@H](NC(=O)[C@H](CC(C)C)NC(=O)[C@@H](NC(=O)[C@H](CCCC[NH3+])NC(=O)[C@H](C)NC(=O)[C@H](CC(C)C)NC(=O)[C@H](CCCC[NH3+])NC(=O)[C@@H](NC(=O)[C@H](CC(C)C)NC(=O)[C@H](C)NC(=O)[C@@H](NC(=O)[C@H](C)NC(=O)[C@H](CC(C)C)NC(=O)[C@@H](NC(=O)[C@H](CCCC[NH3+])NC(=O)[C@@H](N)CC(C)C)[C@@H](C)O)[C@@H](C)O)[C@@H](C)O)[C@@H](C)O)[C@@H](C)O)[C@@H](C)O,1,3.2884452,3
CC(=O)NCC(=O)N[C@@H](CCCNC(N)=[NH2+])C(=O)NCC(=O)N[C@@H](CC(=O)O)C(=O)NCC(=O)N1CCC[C@H]1C(=O)N[C@@H](CCCNC(N)=[NH2+])C(=O)N[C@@H](CCCNC(N)=[NH2+])C(=O)N[C@@H](CCCC[NH3+])C(=O)N[C@@H](CCCC[NH3+])C(=O)N[C@@H](CCCC[NH3+])C(=O)N[C@@H](CCCC[NH3+])C(=O)NCC(=O)N1CCC[C@H]1C(=O)N[C@@H](CCCNC(N)=[NH2+])C(=O)N[C@@H](CCCNC(N)=[NH2+])C(=O)N[C@@H](CCCC[NH3+])C(=O)N[C@@H](CCCC[NH3+])C(=O)N[C@@H](CCCC[NH3+])C(=O)N[C@@H](CCCC[NH3+])C(=O)NCC(=O)N1CCC[C@H]1C(=O)N[C@@H](CCCNC(N)=[NH2+])C(=O)N[C@H](C=O)CCCNC(N)=[NH2+],1,17.437643,3
N=C(N)NCCC[C@@H](C=O)NC(=O)[C@H](CCCNC(=N)N)NC(=O)[C@H](CCCNC(=N)N)NC(=O)[C@H](CCCNC(=N)N)NC(=O)[C@H](CCCNC(=N)N)NC(=O)[C@H](CCCNC(=N)N)NC(=O)[C@H](CCCNC(=N)N)NC(=O)[C@H](CCCNC(=N)N)NC(=O)[C@H](CCCNC(=N)N)NC(=O)[C@H](CCCNC(=N)N)NC(=O)[C@H](CCCNC(=N)N)NC(=O)[C@H](CCCNC(=N)N)NC(=O)[C@H](CCCNC(=N)N)NC(=O)[C@H](CCCNC(=N)N)NC(=O)[C@H](CCCNC(=N)N)NC(=O)[C@H](Cc1c[nH]cn1)NC(=O)[C@H](Cc1c[nH]cn1)NC(=O)[C@H](Cc1c[nH]cn1)NC(=O)[C@H](Cc1c[nH]cn1)NC(=O)[C@H](Cc1c[nH]cn1)NC(=O)[C@H](Cc1c[nH]cn1)NC(=O)[C@H](Cc1c[nH]cn1)NC(=O)[C@H](Cc1c[nH]cn1)NC(=O)[C@H](Cc1c[nH]cn1)NC(=O)[C@H](Cc1c[nH]cn1)NC(=O)[C@H](Cc1c[nH]cn1)NC(=O)[C@H](Cc1c[nH]cn1)NC(=O)[C@H](Cc1c[nH]cn1)NC(=O)[C@H](Cc1c[nH]cn1)NC(=O)[C@H](Cc1c[nH]cn1)NC(=O)[C@H](Cc1c[nH]cn1)NC(=O)[C@H](Cc1c[nH]cn1)NC(=O)[C@H](Cc1c[nH]cn1)NC(=O)[C@H](Cc1c[nH]cn1)NC(=O)[C@@H](N)Cc1c[nH]cn1,1,3.7298958,3
CC(C)C[C@H](NC(=O)[C@H](C)NC(=O)[C@@H](NC(=O)[C@@H](NC(=O)[C@H](CCCC[NH3+])NC(=O)[C@H](CC(C)C)NC(=O)[C@@H](N)CC(C)C)[C@@H](C)O)[C@@H](C)O)C(=O)N[C@@H](CC(C)C)C(=O)N[C@@H](CCCC[NH3+])C(=O)N[C@H](C(=O)N[C@H](C(=O)N[C@@H](C)C(=O)N[C@@H](CC(C)C)C(=O)N[C@@H](CC(C)C)C(=O)N[C@@H](CCCC[NH3+])C(=O)N[C@H](C(=O)N[C@H](C(=O)N[C@@H](C)C=O)[C@@H](C)O)[C@@H](C)O)[C@@H](C)O)[C@@H](C)O,1,1.3382224,3
NC(=[NH2+])NCCC[C@H](NC(=O)CNC(=O)[C@@H](N)CCCC[NH3+])C(=O)N[C@@H](CCCC[NH3+])C(=O)N[C@@H](CCCC[NH3+])C(=O)N[C@@H](CCCNC(N)=[NH2+])C(=O)N[C@@H](CCCNC(N)=[NH2+])C(=O)N[C@@H](CCC(N)=O)C(=O)N[C@@H](CCCNC(N)=[NH2+])C(=O)N[C@@H](CCCNC(N)=[NH2+])C(=O)N[C@@H](CCCNC(N)=[NH2+])C(=O)N1CCC[C@H]1C(=O)N1CCC[C@H]1C(=O)N[C@H](C=O)CCC(N)=O,1,14.618598,3
NCC(=O)N[C@@H](CCCNC(N)=[NH2+])C(=O)N[C@@H](CCCC[NH3+])C(=O)N[C@@H](CCCC[NH3+])C(=O)N[C@@H](CCCNC(N)=[NH2+])C(=O)N[C@@H](CCCNC(N)=[NH2+])C(=O)N[C@@H](CCC(N)=O)C(=O)N[C@@H](CCCNC(N)=[NH2+])C(=O)N[C@@H](CCCNC(N)=[NH2+])C(=O)N[C@@H](CCCNC(N)=[NH2+])C(=O)N1CCC[C@H]1C(=O)N[C@@H](Cc1c[nH]c2ccccc12)C(=O)N[C@H](C=O)CCC(N)=O,1,10.769839,3
CC[C@H](C)[C@@H](C=O)NC(=O)[C@H](CC(C)C)NC(=O)[C@H](Cc1ccc(O)cc1)NC(=O)[C@@H](NC(=O)[C@H](Cc1ccccc1)NC(=O)[C@@H]1CCCN1)C(C)C,1,2.534857,3
N[C@@H](CCCC[NH3+])C(=O)N[C@@H](CCCC[NH3+])C(=O)N[C@@H](CCCC[NH3+])C(=O)N[C@@H](CCCC[NH3+])C(=O)N[C@@H](CCCC[NH3+])C(=O)N[C@@H](CCCC[NH3+])C(=O)N[C@@H](CCCC[NH3+])C(=O)N[C@@H](CCCC[NH3+])C(=O)N[C@H](C=O)CCCC[NH3+],1,13.709034,3
CC(=O)N[C@@H](CCCC[NH3+])C(=O)N[C@@H](CCC(=O)O)C(=O)N[C@H](C(=O)N[C@@H](Cc1c[nH]c2ccccc12)C(=O)N[C@@H](Cc1c[nH]c2ccccc12)C(=O)N[C@@H](CCC(=O)O)C(=O)N[C@H](C(=O)N[C@@H](Cc1c[nH]c2ccccc12)C(=O)N[C@@H](Cc1c[nH]c2ccccc12)C(=O)N[C@H](C(=O)N[C@@H](CCC(=O)O)C(=O)N[C@@H](Cc1c[nH]c2ccccc12)C(=O)N[C@@H](CO)C(=O)N[C@@H](CCC(N)=O)C(=O)N1CCC[C@H]1C(=O)N[C@@H](CCCC[NH3+])C(=O)N[C@@H](CCCC[NH3+])C(=O)N[C@@H](CCCC[NH3+])C(=O)N[C@@H](CCCNC(N)=[NH2+])C(=O)N[C@@H](CCCC[NH3+])C(=O)N[C@H](C(N)=O)C(C)C)[C@@H](C)O)[C@@H](C)O)[C@@H](C)O,1,-1.8586477,3
NC(=[NH2+])NCCC[C@@H](C=O)NC(=O)[C@H](CCCNC(N)=[NH2+])NC(=O)[C@H](CCCNC(N)=[NH2+])NC(=O)[C@H](CCCNC(N)=[NH2+])NC(=O)[C@H](CCCNC(N)=[NH2+])NC(=O)[C@H](CCCNC(N)=[NH2+])NC(=O)[C@H](CCCNC(N)=[NH2+])NC(=O)[C@H](CCCNC(N)=[NH2+])NC(=O)[C@@H](N)CCCNC(N)=[NH2+],1,21.329523,3
CC[C@H](C)[C@H](NC(=O)[C@H](CCCC[NH3+])NC(=O)[C@@H](NC(=O)[C@H](CCC(N)=O)NC(=O)[C@H](CCCNC(N)=[NH2+])NC(=O)[C@@H](N)CS)[C@@H](C)CC)C(=O)N[C@@H](Cc1c[nH]c2ccccc12)C(=O)N[C@@H](Cc1ccccc1)C(=O)N1CCC[C@H]1C(=O)N[C@@H](CC(N)=O)C(=O)N[C@@H](CCCNC(N)=[NH2+])C(=O)N[C@@H](CCCNC(N)=[NH2+])C(=O)N[C@@H](CCSC)C(=O)N[C@@H](CCCC[NH3+])C(=O)N[C@@H](Cc1c[nH]c2ccccc12)C(=O)N[C@@H](CCCC[NH3+])C(=O)N[C@@H](CCCC[NH3+])C(=O)N[C@H](C=O)CS,1,9.093495,3
NCC(=O)N[C@@H](CCCNC(N)=[NH2+])C(=O)N[C@@H](CCCC[NH3+])C(=O)N[C@@H](CCCC[NH3+])C(=O)N[C@@H](CCCNC(N)=[NH2+])C(=O)N[C@@H](CCCNC(N)=[NH2+])C(=O)N[C@@H](CCC(N)=O)C(=O)N[C@@H](CCCNC(N)=[NH2+])C(=O)N[C@@H](CCCNC(N)=[NH2+])C(=O)N[C@@H](CCCNC(N)=[NH2+])C(=O)N1CCC[C@H]1C(=O)N1CCC[C@H]1C(=O)N[C@H](C=O)CCC(N)=O,1,12.738944,3
CC(C)C[C@H](NC(=O)CN)C(=O)N[C@@H](Cc1c[nH]c2ccccc12)C(=O)N[C@@H](CCCNC(N)=[NH2+])C(=O)N[C@@H](C)C(=O)N[C@@H](CC(C)C)C(=O)N[C@@H](Cc1c[nH]c2ccccc12)C(=O)N[C@@H](CCCNC(N)=[NH2+])C(=O)N[C@@H](C)C(=O)N[C@@H](CC(C)C)C(=O)N[C@@H](Cc1c[nH]c2ccccc12)C(=O)N[C@@H](CCCNC(N)=[NH2+])C(=O)N[C@@H](CO)C(=O)N[C@@H](CC(C)C)C(=O)N[C@@H](Cc1c[nH]c2ccccc12)C(=O)N[C@@H](CCCC[NH3+])C(=O)N[C@@H](CCCC[NH3+])C(=O)N[C@@H](CCCC[NH3+])C(=O)N[C@@H](CCCNC(N)=[NH2+])C(=O)N[C@@H](CCCC[NH3+])C(=O)N[C@H](C=O)C(C)C,1,9.503884,3
NC(=[NH2+])NCCC[C@H](NC(=O)[C@H](CCCNC(N)=[NH2+])NC(=O)[C@H](CCCNC(N)=[NH2+])NC(=O)[C@H](CCCNC(N)=[NH2+])NC(=O)[C@H](CCCNC(N)=[NH2+])NC(=O)[C@H](CCCNC(N)=[NH2+])NC(=O)[C@@H](N)CCCNC(N)=[NH2+])C(=O)N[C@H](C=O)Cc1c[nH]c2ccccc12,1,14.941958,3
CC[C@H](C)[C@H](NC(=O)[C@H](CCCNC(N)=[NH2+])NC(=O)[C@H](CCCNC(N)=[NH2+])NC(=O)[C@H](CCCNC(N)=[NH2+])NC(=O)[C@H](CC(C)C)NC(=O)[C@@H](NC(=O)[C@@H](NC(=O)[C@H](CC(C)C)NC(=O)[C@@H](N)CC(C)C)[C@@H](C)CC)[C@@H](C)CC)C(=O)N[C@@H](CCCNC(N)=[NH2+])C(=O)N[C@@H](CCCC[NH3+])C(=O)N[C@@H](CCC(N)=O)C(=O)N[C@@H](C)C(=O)NC(CC1CNCN1)C(O)N[C@@H](C)C(=O)NC(CC1CNCN1)C(O)N[C@@H](CO)C(=O)N[C@@H](C)C=O,1,9.175359,3
CC(C)[C@@H](C=O)NC(=O)[C@H](CCCC[NH3+])NC(=O)[C@H](CCCNC(N)=[NH2+])NC(=O)[C@H](CCCC[NH3+])NC(=O)[C@H](CO)NC(=O)[C@H](CCCC[NH3+])NC(=O)[C@H](CCCC[NH3+])NC(=O)[C@H](Cc1ccccc1)NC(=O)[C@H](CCCNC(N)=[NH2+])NC(=O)[C@@H](N)Cc1c[nH]c2ccccc12,1,7.2981076,3
CC(C)C[C@H](NC(=O)[C@H](C)NC(=O)[C@H](CC(C)C)NC(=O)[C@H](CCCC[NH3+])NC(=O)[C@H](CC(C)C)NC(=O)[C@H](CCCC[NH3+])NC(=O)[C@H](CC(C)C)NC(=O)[C@H](C)NC(=O)[C@@H](N)CCCC[NH3+])C(=O)N[C@@H](C)C(=O)N[C@@H](CC(C)C)C(=O)N[C@@H](CC(C)C)C(=O)N[C@@H](C)C(=O)N[C@@H](CCCC[NH3+])C(=O)N[C@@H](CC(C)C)C(=O)N[C@@H](CCCC[NH3+])C(=O)N[C@@H](CC(C)C)C(=O)N[C@@H](C)C(N)=O,1,-0.07112191,3
CC[C@H](C)[C@H](NC(=O)[C@H](CCCC[NH3+])NC(=O)[C@@H](NC(=O)[C@H](CCC(N)=O)NC(=O)[C@@H](N)CCCNC(N)=[NH2+])[C@@H](C)CC)C(=O)N[C@@H](C)C(=O)N[C@@H](Cc1ccccc1)C(=O)N[C@@H](CCC(N)=O)C(=O)N[C@@H](CC(N)=O)C(=O)N[C@@H](CCCNC(N)=[NH2+])C(=O)N[C@@H](CCCNC(N)=[NH2+])C(=O)N[C@@H](CCSC)C(=O)N[C@@H](CCCC[NH3+])C(=O)N[C@@H](Cc1c[nH]c2ccccc12)C(=O)N[C@@H](CCCC[NH3+])C(=O)N[C@H](C=O)CCCC[NH3+],1,12.489795,3
CC(C)C[C@H](NC(=O)CNC(=O)[C@H](CCCC[NH3+])NC(=O)[C@H](CC(C)C)NC(=O)CNC(=O)[C@H](CC(C)C)NC(=O)[C@H](CCCC[NH3+])NC(=O)[C@H](CC(C)C)NC(=O)CNC(=O)[C@H](CC(C)C)NC(=O)[C@@H](N)CCCC[NH3+])C(=O)N[C@@H](CCCC[NH3+])C(=O)NCC(=O)NCC(=O)N[C@@H](CC(C)C)C(=O)N[C@@H](CCCC[NH3+])C(=O)N[C@@H](CC(C)C)C(=O)NCC=O,1,1.5145148,3
C[C@H](N)C(=O)N[C@@H](CS)C(=O)N[C@@H](CO)C(=O)NCC(=O)N[C@@H](CO)C(=O)NCC(=O)N[C@@H](CO)C(=O)NCC(=O)N[C@@H](CS)C(=O)NCC(=O)N[C@@H](CO)C(=O)NCC(=O)N[C@@H](CO)C(=O)NCC(=O)N[C@@H](CO)C(=O)N[C@@H](CS)C(=O)NCC(=O)N[C@@H](CCCNC(N)=[NH2+])C(=O)N[C@@H](CCCNC(N)=[NH2+])C(=O)N[C@@H](CCCNC(N)=[NH2+])C(=O)N[C@@H](CCCNC(N)=[NH2+])C(=O)N[C@@H](CCCNC(N)=[NH2+])C(=O)N[C@@H](CCCNC(N)=[NH2+])C(=O)N[C@@H](CCCNC(N)=[NH2+])C(=O)N[C@H](C=O)CCCNC(N)=[NH2+],1,15.648404,3
CC[C@H](C)[C@H](NC(=O)[C@H](CCCNC(N)=[NH2+])NC(=O)[C@H](C)NC(O)C(N)CC1CNCN1)C(=O)N[C@@H](CCCC[NH3+])C(=O)N1CCC[C@H]1C(=O)N[C@H](C(=O)N[C@@H](Cc1ccccc1)C(=O)N[C@@H](CCCNC(N)=[NH2+])C(=O)N[C@@H](CCCNC(N)=[NH2+])C(=O)N[C@@H](CC(C)C)C(=O)N[C@@H](CCCC[NH3+])C(=O)N[C@@H](Cc1c[nH]c2ccccc12)C(=O)N[C@@H](CCCC[NH3+])C(=O)N[C@@H](Cc1ccc(O)cc1)C(=O)N[C@@H](CCCC[NH3+])C(=O)NCC(=O)N[C@@H](CCCC[NH3+])C(=O)N[C@@H](Cc1ccccc1)C(=O)N[C@H](C=O)Cc1c[nH]c2ccccc12)[C@@H](C)O,1,7.255456,3
CC(C)[C@@H](C=O)NC(=O)[C@H](CCCC[NH3+])NC(=O)[C@H](CCCNC(N)=[NH2+])NC(=O)[C@H](CCCC[NH3+])NC(=O)[C@H](CCCC[NH3+])NC(=O)[C@H](CCCC[NH3+])NC(=O)[C@@H]1CCCN1C(=O)[C@H](CCC(N)=O)NC(=O)[C@H](CO)NC(=O)[C@H](Cc1c[nH]c2ccccc12)NC(=O)[C@H](CCC(=O)O)NC(=O)[C@@H](NC(=O)[C@H](Cc1c[nH]c2ccccc12)NC(=O)[C@H](Cc1c[nH]c2ccccc12)NC(=O)[C@@H](NC(=O)[C@H](CCC(=O)O)NC(=O)[C@H](Cc1c[nH]c2ccccc12)NC(=O)[C@H](Cc1c[nH]c2ccccc12)NC(=O)[C@@H](NC(=O)[C@H](CCC(=O)O)NC(=O)[C@@H](N)CCCC[NH3+])[C@@H](C)O)[C@@H](C)O)[C@@H](C)O,1,4.0795145,3
CC(C)C[C@H](NC(=O)[C@H](C)NC(=O)[C@H](CCCC[NH3+])NC(=O)[C@H](CC(C)C)NC(=O)[C@H](C)NC(=O)[C@H](CC(C)C)NC(=O)[C@@H](N)CCCC[NH3+])C(=O)N[C@@H](CCCC[NH3+])C(=O)N[C@@H](C)C(=O)N[C@@H](C)C(=O)N[C@@H](CC(C)C)C(=O)N[C@@H](CCCC[NH3+])C(=O)N[C@@H](CC(C)C)C(=O)N[C@@H](C)C=O,1,8.064957,3
CSCC[C@H](NC(=O)[C@H](CC(C)C)NC(=O)CNC(=O)[C@H](Cc1ccccc1)NC(=O)[C@H](Cc1ccccc1)NC(=O)[C@H](CCC(N)=O)NC(=O)[C@H](CCC(N)=O)NC(=O)[C@H](CC(C)C)NC(=O)[C@H](CC(C)C)NC(=O)[C@H](CCCC[NH3+])NC(=O)[C@H](Cc1c[nH]c2ccccc12)NC(=O)[C@@H](NC(=O)[C@H](CCCC[NH3+])NC(=O)[C@H](CCCNC(N)=[NH2+])NC(=O)[C@H](CCCC[NH3+])NC(=O)[C@H](CCCC[NH3+])NC(=O)[C@H](CCCC[NH3+])NC(=O)[C@@H]1CCCN1)C(C)C)C(N)=O,1,-0.9951796,3
CC[C@H](C)[C@H](NC(=O)[C@H](C)NC(=O)[C@H](Cc1ccccc1)NC(=O)[C@@H](NC(=O)[C@@H](NC(=O)[C@@H](N)CCSC)[C@@H](C)CC)[C@@H](C)CC)C(=O)N[C@@H](C)C(=O)N[C@@H](C)C(=O)N[C@@H](CO)C(=O)NC(CC1CNCN1)C(O)N[C@@H](CCCC[NH3+])C(=O)N[C@H](C=O)CCCC[NH3+],1,7.8435783,3
CC[C@H](C)[C@H](NC(=O)[C@H](CCCNC(N)=[NH2+])NC(=O)[C@H](Cc1ccc(O)cc1)NC(O)C(N)CC1CNCN1)C(=O)N[C@@H](CCCC[NH3+])C(=O)N1CCC[C@H]1C(=O)N[C@H](C(=O)N[C@@H](Cc1ccccc1)C(=O)N[C@@H](CCCNC(N)=[NH2+])C(=O)N[C@@H](CCCNC(N)=[NH2+])C(=O)N[C@@H](CC(C)C)C(=O)N[C@@H](CCCC[NH3+])C(=O)N[C@@H](Cc1c[nH]c2ccccc12)C(=O)N[C@@H](CCCC[NH3+])C(=O)N[C@@H](Cc1ccc(O)cc1)C(=O)N[C@@H](CCCC[NH3+])C(=O)NCC(=O)N[C@@H](CCCC[NH3+])C(=O)N[C@@H](Cc1ccccc1)C(=O)N[C@@H](C)C=O)[C@@H](C)O,1,5.106516,3
NC(=[NH2+])NCCC[C@H](NC(=O)[C@H](CCCNC(N)=[NH2+])NC(=O)[C@H](CCCNC(N)=[NH2+])NC(=O)[C@H](CCC(N)=O)NC(=O)[C@H](CCCNC(N)=[NH2+])NC(=O)[C@H](CCCNC(N)=[NH2+])NC(=O)[C@H](CCCC[NH3+])NC(=O)[C@H](CCCC[NH3+])NC(=O)[C@H](CCCNC(N)=[NH2+])NC(=O)CNC(=O)[C@@H](N)Cc1ccc(O)cc1)C(N)=O,1,4.639547,3
CCC[C@H](NC(=O)[C@H](CS)NC(=O)[C@@H](NC(=O)CNC(=O)CN)C(C)C)C(=O)N[C@@H](CCCCN)C(=O)N[C@H](C(=O)N[C@@H](CC(C)C)C(=O)N[C@@H](C)C(=O)N[C@@H](CCCCN)C(=O)N[C@H]1C[SH]2[SH]3C[C@@H](C(=O)NCC(=O)N[C@@H](CO)C(=O)NCC(=O)N[C@@H](CO)C(=O)N[C@H](C=O)CC(=O)O)NC(=O)[C@H](Cc4ccc(O)cc4)NC(=O)CNC(=O)[C@H](CC(N)=O)NC(=O)CNC(=O)[C@H](CCCNC(=N)N)NC(=O)[C@@H]4CSS32C[C@H](NC(=O)[C@H](CC(=O)O)NC(=O)[C@H](CO)NC(=O)[C@H](CC(=O)O)NC(=O)[C@H](CCCNC(=N)N)NC(=O)[C@H](CCCNC(=N)N)NC1=O)C(=O)N1CCC[C@H]1C(=O)NCC(=O)N[C@@H](C)C(=O)N[C@@H](CS)C(=O)N[C@@H]([C@@H](C)CC)C(=O)N4)[C@@H](C)CC,1,1.3754956,3
CC[C@H](C)[C@H](NC(=O)[C@H](CCCC[NH3+])NC(=O)[C@@H](NC(=O)[C@H](CCC(N)=O)NC(=O)[C@@H]([NH3+])CCCNC(N)=[NH2+])[C@@H](C)CC)C(=O)N[C@@H](Cc1c[nH]c2ccccc12)C(=O)N[C@@H](Cc1ccccc1)C(=O)N[C@@H](CCC(N)=O)C(=O)N[C@@H](CC(N)=O)C(=O)N[C@@H](CCCNC(N)=[NH2+])C(=O)N[C@@H](CCCNC(N)=[NH2+])C(=O)N[C@@H](CCSC)C(=O)N[C@@H](CCCC[NH3+])C(=O)N[C@@H](Cc1c[nH]c2ccccc12)C(=O)N[C@@H](CCCC[NH3+])C(=O)N[C@@H](CCCC[NH3+])C(=O)O,1,7.1642528,3
CC[C@H](C)[C@H](NC(=O)[C@H](CCCC[NH3+])NC(=O)[C@@H](NC(=O)[C@H](CCC(N)=O)NC(=O)[C@@H]([NH3+])CCCNC(N)=[NH2+])[C@@H](C)CC)C(=O)N[C@@H](Cc1c[nH]c2ccccc12)C(=O)N[C@@H](Cc1ccccc1)C(=O)N[C@@H](CCC(N)=O)C(=O)N[C@@H](CC(N)=O)C(=O)N[C@@H](CCCNC(N)=[NH2+])C(=O)N[C@@H](CCCNC(N)=[NH2+])C(=O)N[C@@H](CCSC)C(=O)N[C@@H](CCCC[NH3+])C(=O)N[C@@H](Cc1c[nH]c2ccccc12)C(=O)N[C@@H](CCCC[NH3+])C(=O)N[C@@H](CCCC[NH3+])C(=O)O,1,7.1642528,3
NC(=[NH2+])NCCC[C@@H](C=O)NC(=O)[C@H](CCCNC(N)=[NH2+])NC(=O)[C@H](CCCNC(N)=[NH2+])NC(=O)[C@H](CCC(N)=O)NC(=O)[C@H](CCCNC(N)=[NH2+])NC(=O)[C@H](CCCNC(N)=[NH2+])NC(=O)[C@H](CCCC[NH3+])NC(=O)[C@H](CCCC[NH3+])NC(=O)[C@H](CCCNC(N)=[NH2+])NC(=O)CNC(=O)[C@@H](N)Cc1ccc(O)cc1,1,16.369404,3
NC(=[NH2+])NCCC[C@@H](N)C(=O)N[C@H](CCCNC(N)=[NH2+])C(=O)N[C@H](CCCNC(N)=[NH2+])C(=O)N[C@H](CCCNC(N)=[NH2+])C(=O)N[C@H](CCCNC(N)=[NH2+])C(=O)N[C@H](CCCNC(N)=[NH2+])C(=O)N[C@H](CCCNC(N)=[NH2+])C(=O)N[C@@H](C=O)CCCNC(N)=[NH2+],1,20.172033,3
CC[C@H](C)[C@H](NC(=O)[C@@H](NC(=O)[C@H](CO)NC(=O)[C@H](C)NC(=O)[C@@H](NC(=O)[C@H](CCCC[NH3+])NC(=O)[C@H](CCCC[NH3+])NC(=O)[C@@H](NC(=O)[C@@H](NC(=O)[C@H](CCCC[NH3+])NC(=O)[C@H](Cc1ccccc1)NC(=O)[C@H](CC(C)C)NC(=O)CN)C(C)C)[C@@H](C)CC)C(C)C)C(C)C)C(=O)NCC(=O)NCC(=O)N[C@@H](CC(C)C)C(N)=O,0,-5.016081,3
CC(C)[C@H](NC(=O)[C@H](CCCNC(N)=[NH2+])NC(=O)[C@H](CS)NC(=O)[C@H](C)NC(=O)[C@@H]1CCCN1C(O)C(CC1CNCN1)NC(=O)[C@H](CO)NC(=O)[C@H](CS)NC(=O)[C@H](CS)NC(=O)CN)C(=O)NC(CC1CNCN1)C(O)N[C@@H](Cc1ccc(O)cc1)C(=O)N1CCC[C@H]1C(=O)NC(CC1CNCN1)C(O)N[C@H](C(=O)N[C@@H](CS)C(=O)N[C@@H](Cc1ccc(O)cc1)C(N)=O)C(C)C,0,-6.8804035,3
CSCC[C@H](NC(=O)[C@H](C)NC(C)=O)C(=O)N[C@H](C(=O)N[C@@H](CO)C(=O)N[C@H](C=O)CO)C(C)C,0,0.3627183,3
CSCC[C@H](NC(=O)CNC(=O)[C@H](Cc1ccccc1)NC(=O)CN)C(=O)N[C@@H](C)C(=O)N[C@@H](CC(C)C)C(=O)NC(CCC[NH3+])C(O)N[C@@H](CC(C)C)C(=O)N[C@@H](CC(C)C)C(=O)NC(CCC[NH3+])C(O)NC(CCC[NH3+])C(O)N[C@H](C(=O)N[C@@H](CC(C)C)C(N)=O)C(C)C,0,-4.23064,3
CC[C@H](C)[C@H](NC(=O)CNC(=O)[C@H](CCCC[NH3+])NC(=O)[C@@H](NC(=O)[C@H](CC(C)C)NC(=O)[C@H](CO)NC(=O)CNC(=O)[C@H](CC(C)C)NC(=O)CNC(=O)[C@H](C)NC(=O)[C@H](CCCC[NH3+])NC(=O)[C@H](Cc1ccccc1)NC(=O)[C@@H](NC(=O)[C@H](CC(=O)O)NC(=O)[C@H](CCCC[NH3+])NC(=O)[C@H](CC(C)C)NC(=O)CN)[C@@H](C)CC)C(C)C)C(=O)N[C@@H](C)C(=O)N[C@@H](C)C(=O)NC(CC1CNCN1)C(O)N[C@H](C(=O)N[C@@H](C)C(=O)N[C@@H](CC(N)=O)C(N)=O)C(C)C,0,-4.8361473,3
CC(C)[C@H](N)C(=O)NCC(=O)N[C@@H](CCC(=O)O)C(=O)N[C@@H](C)C(=O)N[C@@H](CS)C(=O)N[C@@H](CS)C(=O)N[C@@H](CCCC[NH3+])C(=O)N[C@@H](CC(N)=O)C(=O)NCC(=O)N[C@@H](CCCC[NH3+])C(=O)N[C@@H](CCCNC(N)=[NH2+])C(=O)NCC(=O)N[C@@H](CS)C(=O)NCC(=O)N[C@@H](CCCNC(N)=[NH2+])C(=O)N[C@@H](Cc1c[nH]c2ccccc12)C(=O)N[C@@H](CS)C(=O)N[C@@H](CCCNC(N)=[NH2+])C(=O)N[C@@H](CC(=O)O)C(=O)NC(CC1CNCN1)C(O)N[C@@H](CO)C(=O)N[C@@H](CCCNC(N)=[NH2+])C(=O)N[C@@H](CS)C(=O)N[C@@H](CS)C(N)=O,0,-4.928162,3
CC[C@H](C)[C@H](NC(=O)[C@H](Cc1ccccc1)NC(=O)[C@H](CO)NC(=O)[C@H](CCCC[NH3+])NC(=O)[C@H](Cc1c[nH]c2ccccc12)NC(=O)[C@@H](N)CCCC[NH3+])C(=O)N[C@@H](CCCC[NH3+])C(=O)N[C@@H](CCCC[NH3+])C(=O)N[C@@H](CC(C)C)C(=O)N[C@H](C(=O)N[C@@H](CO)C(=O)N[C@@H](CCCC[NH3+])C(=O)N[C@@H](Cc1ccccc1)C(=O)N[C@@H](CC(C)C)C(=O)NC(CC1CNCN1)C(O)N[C@@H](CO)C(=O)N[C@@H](C)C(=O)N[C@@H](CC(=O)O)C(=O)N[C@@H](CCCC[NH3+])C(=O)N[C@@H](Cc1ccccc1)C(N)=O)[C@@H](C)O,0,-4.607136,3
CC[C@H](C)[C@H](NC(=O)[C@H](CC(C)C)NC(=O)[C@H](CCCC[NH3+])NC(=O)CNC(=O)[C@H](CC(C)C)NC(=O)[C@@H](NC(=O)[C@H](CCCC[NH3+])NC(=O)[C@H](CCCC[NH3+])NC(=O)[C@H](Cc1c[nH]c2ccccc12)NC(=O)[C@H](CCCC[NH3+])NC(=O)CN)[C@@H](C)CC)C(=O)N[C@@H](CCCNC(N)=[NH2+])C(N)=O,0,-4.2092857,3
CC[C@H](C)[C@H](NC(=O)[C@H](CO)NC(=O)[C@H](C)NC(=O)[C@@H](NC(=O)[C@H](CCCC[NH3+])NC(=O)[C@H](CCCC[NH3+])NC(=O)[C@H](Cc1c[nH]c2ccccc12)NC(=O)[C@@H](NC(=O)[C@@H](N)CC(N)=O)[C@@H](C)CC)[C@@H](C)CC)C(=O)N[C@@H](C)C(=O)N[C@@H](CCCC[NH3+])C(=O)N[C@@H](CCC(=O)O)C(=O)N[C@H](C(=O)N[C@@H](CC(C)C)C(=O)N[C@@H](CCCC[NH3+])C(=O)N[C@@H](C)C(=O)N[C@@H](CC(C)C)C(N)=O)C(C)C,0,-3.505685,3
CC[C@H](C)[C@H](NC(=O)[C@H](CCCC[NH3+])NC(=O)CNC(=O)[C@H](CC(C)C)NC(=O)[C@H](CO)NC(=O)[C@H](CCCC[NH3+])NC(=O)[C@H](CCCC[NH3+])NC(=O)[C@H](Cc1c[nH]c2ccccc12)NC(=O)[C@H](CO)NC(=O)[C@@H](N)C(C)C)C(=O)N[C@H](C(=O)N[C@@H](CCCC[NH3+])C(=O)N[C@H](C(=O)N[C@H](C(=O)N[C@@H](CCCC[NH3+])C(N)=O)C(C)C)C(C)C)[C@@H](C)CC,0,-5.2333574,3
CSCC[C@H](N)C(=O)N[C@@H](CS)C(=O)N1CCC[C@H]1C(=O)N1CCC[C@H]1C(=O)N[C@@H](CC(C)C)C(=O)N[C@@H](CS)C(=O)N[C@@H](C)C(=O)N1CCC[C@H]1C(=O)N[C@@H](CO)C(=O)N[C@@H](CS)C(=O)N[C@H](C(=O)N[C@@H](CC(N)=O)C(=O)N[C@@H](CS)C(N)=O)[C@@H](C)O,0,-8.094998,3
CC[C@H](C)[C@H](N)C(=O)N[C@@H](CC(C)C)C(=O)N1CCC[C@H]1C(=O)N[C@@H](Cc1c[nH]c2ccccc12)C(=O)N[C@@H](CCCC[NH3+])C(=O)N[C@@H](C)C(=O)N1CCC[C@H]1C(=O)N[C@@H](C)C(=O)N[C@@H](C)C(=O)N1CCC[C@H]1C(=O)N[C@@H](C)C(=O)N[C@@H](CCCNC(N)=[NH2+])C(=O)N[C@@H](CCCNC(N)=[NH2+])C(N)=O,0,-1.91588,3
CC[C@H](C)[C@H](NC(=O)[C@H](CO)NC(=O)[C@@H](NC(=O)[C@H](CS)NC(=O)[C@H](CCCC[NH3+])NC(=O)CNC(=O)[C@H](CCCNC(N)=[NH2+])NC(=O)[C@H](CO)NC(=O)[C@H](CS)NC(=O)[C@H](CCSC)NC(=O)[C@H](CC(C)C)NC(=O)CNC(=O)[C@H](CCSC)NC(=O)[C@H](CS)NC(=O)[C@H](CS)NC(=O)[C@@H](NC(O)C1CC(O)CN1C(O)C1CC(O)CN1C(=O)[C@H](CS)NC(=O)[C@H](CCCNC(N)=[NH2+])NC(=O)[C@H](CO)NC(=O)[C@H](CC(=O)O)NC(=O)[C@H](CCCNC(N)=[NH2+])NC(=O)CNC(=O)[C@H](CO)NC(=O)[C@H](CS)NC(=O)[C@@H](N)CO)C(C)C)C(C)C)C(=O)N[C@@H](Cc1ccc(O)cc1)C(=O)NCC(=O)N[C@H](C=O)CCC(=O)O,0,-0.5300419,3
CC[C@H](C)[C@H](NC(=O)CN)C(=O)NCC(=O)N[C@@H](CO)C(=O)N[C@@H](C)C(=O)N[C@H](C(=O)N[C@@H](CC(C)C)C(=O)N[C@@H](CO)C(=O)N[C@@H](C)C(=O)NCC(=O)N[C@@H](CCCC[NH3+])C(=O)N[C@@H](CO)C(=O)N[C@@H](C)C(=O)N[C@@H](CC(C)C)C(=O)N[C@@H](CCCC[NH3+])C(=O)NCC(=O)N[C@@H](CC(C)C)C(=O)N[C@@H](C)C(=O)N[C@@H](CCCC[NH3+])C(=O)NCC(=O)N[C@@H](CC(C)C)C(=O)N[C@@H](C)C(=O)N[C@@H](CCC(=O)O)C(=O)NC(CC1CNCN1)C(O)N[C@@H](Cc1ccccc1)C(=O)N[C@@H](C)C(=O)N[C@@H](CC(N)=O)C(N)=O)[C@@H](C)CC,0,-4.420649,3
CC[C@H](C)[C@H](N)C(=O)N[C@@H](CC(C)C)C(=O)NCC(=O)N[C@@H](CCCC[NH3+])C(=O)N[C@@H](CC(C)C)C(=O)N[C@@H](CC(C)C)C(=O)N[C@@H](CCCC[NH3+])C(=O)N[C@H](C(=O)N[C@@H](C)C(=O)N[C@@H](C)C(=O)N[C@@H](CCCC[NH3+])C(=O)N[C@@H](CC(C)C)C(=O)N[C@@H](CC(C)C)C(=O)N[C@@H](CO)C(=O)N[C@@H](CC(N)=O)C(=O)N[C@@H](CC(C)C)C(N)=O)[C@@H](C)O,0,-5.695799,3
C[C@H](NC(=O)[C@@H]1CCCN1C(O)C(CC1CNCN1)NC(=O)[C@H](CS)NC(=O)[C@H](CS)NC(=O)[C@@H](N)CCC(=O)O)C(=O)N[C@@H](CS)C(=O)NCC(=O)N[C@@H](CCCC[NH3+])C(=O)NC(CC1CNCN1)C(O)N[C@@H](Cc1ccccc1)C(=O)N[C@@H](CO)C(=O)N[C@@H](CS)C(N)=O,0,-8.033238,3
C[C@H](NC(=O)[C@H](C)NC(=O)[C@H](CCCC[NH3+])NC(=O)[C@H](C)NC(=O)[C@H](Cc1ccccc1)NC(=O)[C@H](Cc1c[nH]c2ccccc12)NC(=O)[C@H](CCCC[NH3+])NC(=O)[C@H](Cc1ccccc1)NC(=O)[C@H](CCCC[NH3+])NC(=O)[C@H](CCCC[NH3+])NC(=O)[C@H](C)NC(=O)[C@H](Cc1ccccc1)NC(=O)[C@@H](N)CCCC[NH3+])C(=O)N[C@@H](Cc1ccccc1)C(=O)N[C@@H](CCCC[NH3+])C(=O)N[C@@H](Cc1ccccc1)C(=O)N[C@@H](Cc1ccccc1)C(=O)N[C@@H](CCCC[NH3+])C(=O)N[C@@H](CCCC[NH3+])C(N)=O,0,-2.2583015,3
CC(C)C[C@H](NC(=O)[C@H](CCCC[NH3+])NC(=O)[C@@H](N)CCCC[NH3+])C(=O)N[C@@H](Cc1ccccc1)C(=O)N[C@@H](CCCC[NH3+])C(=O)N[C@@H](CCCC[NH3+])C(=O)N[C@H](CC(C)C)C(=O)N[C@H](CC(C)C)C(=O)N[C@H](CCCC[NH3+])C(=O)N[C@H](Cc1ccc(O)cc1)C(=O)N[C@H](CC(C)C)C(N)=O,0,-2.643033,3
CC[C@H](C)[C@H](NC(=O)[C@H](Cc1ccccc1)NC(=O)[C@H](CCCC[NH3+])NC(=O)[C@H](C)NC(=O)[C@@H](NC(=O)[C@H](CO)NC(=O)[C@H](CCCC[NH3+])NC(=O)[C@H](CCSC)NC(=O)[C@H](C)NC(=O)[C@H](CCCC[NH3+])NC(=O)[C@H](Cc1ccccc1)NC(=O)[C@H](Cc1c[nH]c2ccccc12)NC(=O)CNC(=O)[C@H](CCCC[NH3+])NC(=O)[C@@H](N)CCCNC(N)=[NH2+])[C@@H](C)CC)C(=O)N[C@@H](C)C(=O)N[C@@H](CCCC[NH3+])C(=O)N[C@@H](CCC(=O)O)C(=O)N[C@@H](CCCC[NH3+])C(=O)N[C@@H](CC(C)C)C(=O)N[C@@H](CCCC[NH3+])C(=O)N[C@@H](CCC(=O)O)C(=O)NC(CC1CNCN1)C(O)N[C@@H](CC(C)C)C(N)=O,0,-2.4484832,3
C[C@H](NC(=O)[C@H](C)NC(=O)[C@H](Cc1ccccc1)NC(=O)[C@H](C)NC(=O)[C@H](C)NC(=O)[C@H](Cc1c[nH]c2ccccc12)NC(=O)[C@H](C)NC(=O)[C@H](C)NC(=O)[C@H](Cc1ccccc1)NC(=O)[C@H](C)NC(=O)[C@H](C)NC(=O)[C@H](CCCC[NH3+])NC(=O)[C@H](CCCC[NH3+])NC(=O)[C@H](CCCC[NH3+])NC(=O)[C@H](CCCC[NH3+])NC(=O)[C@H](CCCC[NH3+])NC(=O)[C@@H](N)CCCC[NH3+])C(N)=O,0,-2.1724036,3
CC(C)C[C@@H](NC(=O)[C@@H](C)NC(=O)[C@H]1CCCN1C(=O)[C@@H](CC(C)C)NC(=O)[C@@H](Cc1c[nH]c2ccccc12)NC(O)C(CC1CNCN1)NC(=O)[C@@H](CCCC[NH3+])NC(=O)[C@@H](CC(C)C)NC(=O)[C@@H](C)NC(=O)[C@@H](CCCC[NH3+])NC(=O)[C@@H](C)NC(=O)[C@@H](CC(C)C)NC(=O)[C@@H](C)NC(=O)[C@@H](CCCC[NH3+])NC(=O)[C@H](N)CCCC[NH3+])C(=O)NC(CC1CNCN1)C(O)N[C@H](CCCC[NH3+])C(=O)N[C@H](CC(C)C)C(=O)N[C@H](C)C(=O)N[C@H](CCCC[NH3+])C(=O)N[C@H](C)C(=O)N[C@H](CC(C)C)C(=O)N[C@H](C)C(=O)N[C@H](CCCC[NH3+])C(=O)N[C@H](CCCC[NH3+])C(N)=O,0,-2.4329545,3
CC[C@H](C)[C@H](NC(=O)CN)C(=O)NCC(=O)N[C@@H](C)C(=O)N[C@H](C(=O)N[C@@H](CC(C)C)C(=O)N[C@@H](CCCC[NH3+])C(=O)N[C@H](C(=O)N[C@@H](CC(C)C)C(=O)N[C@@H](C)C(=O)N[C@@H](CC(C)C)C(=O)N[C@H](C(=O)N[C@@H](CO)C(=O)N[C@@H](Cc1c[nH]c2ccccc12)C(=O)N[C@H](C(=O)N[C@@H](CCCC[NH3+])C(=O)N[C@@H](CCCNC(N)=[NH2+])C(=O)N[C@@H](CCCC[NH3+])C(=O)N[C@@H](CCCNC(N)=[NH2+])C(N)=O)[C@@H](C)CC)[C@@H](C)CC)C(C)C)C(C)C,0,-2.4105685,3
CC[C@H](C)[C@H](NC(=O)[C@H](CCCC[NH3+])NC(=O)[C@H](CCCC[NH3+])NC(=O)[C@H](C)NC(=O)[C@@H](NC(=O)CNC(=O)[C@H](CCCNC(N)=[NH2+])NC(=O)[C@H](CC(C)C)NC(=O)[C@@H](NC(=O)[C@@H](N)CCCC[NH3+])[C@@H](C)CC)C(C)C)C(=O)N[C@@H](CCSC)C(=O)N[C@@H](CCCNC(N)=[NH2+])C(=O)N[C@H](C(=O)N[C@@H](Cc1ccccc1)C(=O)N[C@@H](CC(C)C)C(=O)N[C@@H](CCCNC(N)=[NH2+])C(=O)N[C@@H](CCCNC(N)=[NH2+])C(=O)N[C@H](C(=O)N[C@@H](CO)C(=O)N[C@@H](CCCC[NH3+])C(=O)N[C@@H](CC(=O)O)C(=O)N[C@H](C(=O)N[C@@H](CC(C)C)C(=O)N[C@H](C(=O)NCC(=O)N[C@@H](CCCC[NH3+])C(=O)N[C@@H](CCCC[NH3+])C(N)=O)[C@@H](C)O)[C@@H](C)CC)[C@@H](C)CC)[C@@H](C)O,0,-0.24414596,3
CC[C@H](C)[C@H](NC(=O)[C@H](C)NC(O)C(CC1CNCN1)NC(=O)[C@@H]1CCCN1C(=O)[C@@H](NC(=O)[C@H](CC(C)C)NC(=O)[C@H](CO)NC(=O)[C@H](CC(C)C)NC(=O)[C@@H](N)Cc1ccccc1)[C@@H](C)CC)C(=O)N[C@@H](CC(N)=O)C(=O)N[C@@H](C)C(=O)N[C@H](C(=O)N[C@@H](CO)C(=O)N[C@H](C(=O)N[C@@H](CC(C)C)C(=O)N[C@H](C(=O)NC(CC1CNCN1)C(O)NC(CC1CNCN1)C(O)N[C@@H](CO)C(N)=O)C(C)C)[C@@H](C)O)C(C)C,0,-4.3901963,3
CC(C)C[C@H](NC(=O)[C@H](CCCC[NH3+])NC(=O)[C@H](Cc1ccc(O)cc1)NC(=O)CNC(=O)[C@H](CS)NC(=O)[C@H](CS)NC(=O)[C@@H](NC(=O)CNC(=O)[C@@H](N)CC(N)=O)C(C)C)C(=O)N[C@@H](CS)C(=O)NC(CC1CNCN1)C(O)N1CC(O)CC1C(O)N[C@H](C=O)CS,0,-3.6329408,3
CC[C@H](C)[C@H](N)C(=O)N[C@@H](Cc1c[nH]c2ccccc12)C(=O)N[C@@H](CC(C)C)C(=O)N[C@H](C(=O)N[C@@H](C)C(=O)N[C@@H](CC(C)C)C(=O)N[C@@H](CCCC[NH3+])C(=O)N[C@@H](Cc1ccccc1)C(=O)N[C@@H](CC(C)C)C(=O)NCC(=O)N[C@@H](CCCC[NH3+])C(=O)NC(CC1CNCN1)C(O)N[C@@H](C)C(=O)N[C@@H](C)C(=O)N[C@@H](CCCC[NH3+])C(=O)NC(CC1CNCN1)C(O)N[C@@H](CC(C)C)C(=O)N[C@@H](C)C(=O)N[C@@H](CCCC[NH3+])C(=O)N[C@@H](CCC(N)=O)C(=O)N[C@@H](CCC(N)=O)C(=O)N[C@@H](CC(C)C)C(=O)N[C@@H](CO)C(=O)N[C@@H](CCCC[NH3+])C(=O)N[C@@H](CC(C)C)C(N)=O)[C@@H](C)O,0,-3.037655,3
CCCC(CO)NC(=O)[C@@H]1CCCN1C(=O)[C@@H](NC(=O)[C@@H](NC(=O)[C@H](CC(=O)O)NC(C)=O)[C@@H](C)CC)C(C)C,0,-3.6963975,3
CC(C)C[C@H](NC(=O)[C@H](CC(C)C)NC(=O)[C@H](CCCC[NH3+])NC(=O)[C@H](CCCC[NH3+])NC(=O)[C@H](CC(C)C)NC(=O)[C@H](CC(C)C)NC(=O)[C@H](CCCC[NH3+])NC(=O)[C@H](CC(C)C)NC(=O)[C@@H]1CCCN1C(=O)[C@H](CCCC[NH3+])NC(=O)[C@H](CCCC[NH3+])NC(=O)[C@H](CC(C)C)NC(=O)[C@H](CC(C)C)NC(=O)[C@H](CCCC[NH3+])NC(=O)[C@H](CCCC[NH3+])NC(=O)[C@H](Cc1c[nH]c2ccccc12)NC(=O)[C@@H](N)CCCC[NH3+])C(N)=O,0,-3.7548125,3
N=C(N)NCCC[C@H](NC(=O)[C@@H]1CCCN1C(=O)[C@@H]1CSSC[C@H](N)C(=O)N[C@@H](Cc2ccc(O)cc2)C(=O)N[C@@H](Cc2ccccc2)C(=O)N[C@@H](CCC(N)=O)C(=O)N[C@@H](CC(N)=O)C(=O)N1)C(=O)NCC(N)=O,0,-4.0438614,3
CC[C@H](C)[C@@H](NC(=O)[C@@H](C)NC(=O)[C@@H](CCCC[NH3+])NC(=O)[C@@H](CC(C)C)NC(=O)[C@@H](CC(C)C)NC(=O)[C@H](NC(O)C(CC1CNCN1)NC(=O)[C@@H](CC(C)C)NC(=O)[C@H](NC(=O)[C@H](NC(=O)[C@@H](CCCC[NH3+])NC(=O)[C@@H](CCCC[NH3+])NC(=O)[C@@H](CC(C)C)NC(=O)[C@@H](CO)NC(=O)[C@@H](CCCC[NH3+])NC(=O)[C@@H](Cc1ccccc1)NC(=O)[C@H](NC(=O)[C@@H](CCCC[NH3+])NC(=O)[C@@H](CC(C)C)NC(=O)[C@@H](Cc1ccccc1)NC(=O)[C@@H](CO)NC(=O)[C@@H](CCCC[NH3+])NC(=O)[C@@H](Cc1c[nH]c2ccccc12)NC(=O)[C@@H](CCCC[NH3+])NC(C)=O)[C@@H](C)O)[C@@H](C)O)C(C)C)[C@@H](C)O)C(=O)N[C@H](CO)C(=O)N[C@@H](CO)C(N)=O,0,-4.808097,3
C[C@@H]1NC(=O)[C@@H]2CSSC[C@H](NC(=O)C[NH3+])C(=O)N[C@@H](CSSC[C@@H](C(N)=O)NC(=O)[C@H](CCCNC(N)=[NH2+])NC(=O)[C@H](Cc3c[nH]c4ccccc34)NC1=O)C(=O)N[C@@H](CO)C(=O)N[C@@H](CC(=O)O)C(=O)N1CCC[C@H]1C(=O)N[C@@H](CCCNC(N)=[NH2+])C(=O)N2,0,-3.0313993,3
CC(C)C[C@@H]1NC(=O)[C@@H](Cc2c[nH]c3ccccc23)NC(=O)[C@H](CCCC[NH3+])NC(O)C(CO)N(C)C(=O)[C@H](CC(N)=O)NC(=O)[C@@H](CCC(=O)O)NC(=O)[C@H](CO)NC(O)C(CC2CNC3CCCCC23)N(C)C1=O,0,-7.724415,3
CC[C@H](C)[C@H](NC(O)C(CC1CNCN1)NC(=O)[C@H](CCCC[NH3+])NC(=O)[C@H](CC(C)C)NC(=O)[C@H](CC(C)C)NC(=O)[C@H](CO)NC(=O)[C@H](CCSC)NC(=O)[C@H](Cc1c[nH]c2ccccc12)NC(=O)[C@H](CCCC[NH3+])NC(=O)CN)C(=O)N[C@@H](CC(C)C)C(=O)N[C@@H](CCCC[NH3+])C(N)=O,0,-5.6504006,3
CSCC[C@H](NC(=O)[C@H](CCC(=O)O)NC(=O)[C@H](CC(=O)O)NC(C)=O)C(=O)N[C@@H](CCC(=O)O)C(=O)NC(CC1CCC2CCCCC2C1)C(O)N[C@H](C=O)CS,0,-0.9518779,3
CC(C)C[C@H]1NC(=O)CNC(=O)[C@@H](CC(N)=O)NC(=O)[C@H](CCCNC(N)=[NH2+])NC(=O)[C@H]([C@@H](C)O)NC(=O)[C@H](CS)NC(=O)[C@H](C(C)C)NC(=O)[C@@H]2CCCN2C(=O)[C@H](Cc2c[nH]c3ccccc23)NC(=O)[C@H](CO)NC(=O)[C@H](CS)NC(=O)[C@H](CO)NC(=O)[C@H](CS)NC(=O)CNC(=O)[C@@H]2CCCN2C(=O)[C@H]([C@@H](C)O)NC(=O)[C@H](Cc2ccc(O)cc2)NC(=O)[C@H](CS)NC(=O)[C@H](CO)NC(=O)CNC(=O)[C@H](Cc2ccccc2)NC(=O)[C@H](C)NC(=O)[C@H](CS)NC(=O)[C@H]([C@@H](C)O)NC(=O)[C@H](CCC(=O)O)NC(=O)CNC(=O)[C@H](CS)NC(=O)[C@H](C(C)C)NC(=O)[C@@H]2CCCN2C1=O,0,-9.257768,3
CC(C)[C@@H]1NC(=O)[C@H](CCCC[NH3+])NC(=O)[C@H](C)NC(=O)[C@@H]2CCCN2C(=O)[C@@H](Cc2ccc(O)cc2)NC(=O)[C@H](C(C)C)NC(=O)[C@@H](CCCC[NH3+])NC(=O)[C@H](C)NC(=O)[C@H](CCCC[NH3+])NC(=O)[C@H](C(C)C)NC(=O)[C@H]2CCCN2C(=O)[C@@H](Cc2ccc(O)cc2)NC(=O)[C@H](C)NC(=O)[C@H](CCCC[NH3+])NC1=O,0,-3.5110295,3
CC[C@H](C)[C@H](NC(=O)CNC(=O)[C@H](C)NC(=O)[C@H](CS)NC(=O)[C@H](C)NC(=O)[C@H](C)NC(=O)[C@H](CCCNC(N)=[NH2+])NC(=O)[C@H](CO)NC(=O)[C@H](CS)NC(=O)[C@H](CS)NC(=O)CN)C(=O)NC(CC1CNCN1)C(O)N[C@@H](CCC(N)=O)C(=O)N[C@@H](CCC(=O)O)C(=O)N[C@@H](CC(C)C)C(=O)N[C@@H](CS)C(N)=O,0,-5.584299,3
CC(C)C[C@H](NC(=O)[C@H](CCCNC(N)=[NH2+])NC(=O)[C@H](CCCC[NH3+])NC(=O)[C@H](CCCC[NH3+])NC(=O)[C@H](CC(C)C)NC(=O)[C@H](CC(N)=O)NC(=O)[C@H](C)NC(=O)[C@H](Cc1ccccc1)NC(=O)[C@H](CCCNC(N)=[NH2+])NC(=O)[C@H](CCCNC(N)=[NH2+])NC(=O)[C@H](CCCC[NH3+])NC(=O)[C@H](Cc1ccccc1)NC(=O)[C@H](CO)NC(=O)[C@H](C)NC(=O)CNC(=O)[C@H](Cc1ccccc1)NC(=O)[C@H](CCCC[NH3+])NC(=O)[C@H](CCCC[NH3+])NC(=O)[C@H](Cc1ccccc1)NC(=O)[C@H](Cc1ccc(O)cc1)NC(=O)[C@H](CCC(=O)O)NC(=O)[C@H](CCCC[NH3+])NC(=O)[C@H](CCCNC(N)=[NH2+])NC(=O)[C@H](CCCC[NH3+])NC(=O)CNC(=O)[C@H](Cc1ccccc1)NC(=O)[C@H](Cc1ccccc1)NC(=O)CN)C(N)=O,0,0.1649409,3
CC[C@H](C)[C@H](NC(=O)[C@@H](N)CCCC[NH3+])C(=O)N[C@@H](CCCC[NH3+])C(=O)N[C@H](C(=O)N1CCC[C@H]1C(=O)N[C@@H](Cc1c[nH]c2ccccc12)C(=O)NCC(=O)N[C@@H](CCCC[NH3+])C(=O)N[C@H](C(=O)N[C@@H](CCCC[NH3+])C(=O)N[C@@H](CC(=O)O)C(=O)N[C@@H](Cc1ccccc1)C(=O)N[C@@H](CC(C)C)C(=O)N[C@H](C(=O)NCC(=O)NCC(=O)N[C@@H](CCSC)C(=O)N[C@@H](CCCC[NH3+])C(=O)N[C@@H](C)C(=O)N[C@H](C(N)=O)C(C)C)C(C)C)C(C)C)[C@@H](C)CC,0,-2.487961,3
CC[C@H](C)[C@H](NC(=O)[C@H](Cc1ccccc1)NC(=O)[C@@H]1CCCN1C(=O)[C@H](C)NC(=O)[C@@H](NC(=O)[C@@H](N)CC(C)C)[C@@H](C)CC)C(=O)N[C@@H](CCCNC(N)=[NH2+])C(=O)N[C@@H](CC(=O)O)C(=O)N[C@@H](Cc1ccc(O)cc1)C(=O)N[C@@H](CS)C(=O)N[C@@H](CS)C(=O)N1CCC[C@H]1C(=O)N[C@@H](CCCNC(N)=[NH2+])C(=O)NCC(=O)N1CCC[C@H]1C(=O)N[C@@H](CS)C(=O)N[C@@H](CCSC)C(=O)N[C@H](C(=O)N[C@@H](Cc1c[nH]c2ccccc12)C(=O)N[C@@H](CS)C(N)=O)C(C)C,0,-3.6292973,3
C[C@H](NC(=O)[C@H](C)NC(=O)[C@H](C)NC(=O)[C@H](Cc1ccccc1)NC(=O)[C@H](C)NC(=O)[C@H](C)NC(=O)[C@H](Cc1c[nH]c2ccccc12)NC(=O)[C@H](C)NC(=O)[C@H](C)NC(=O)[C@H](Cc1ccccc1)NC(=O)[C@H](C)NC(=O)[C@H](C)NC(=O)[C@H](C)NC(=O)[C@H](C)NC(=O)[C@H](C)NC(=O)[C@H](Cc1ccccc1)NC(=O)[C@H](C)NC(=O)[C@H](C)NC(=O)[C@H](C)NC(=O)[C@H](CCCC[NH3+])NC(=O)[C@H](CCCC[NH3+])NC(=O)[C@H](CCCC[NH3+])NC(=O)[C@H](CCCC[NH3+])NC(=O)[C@H](CCCC[NH3+])NC(=O)[C@@H](N)CCCC[NH3+])C(N)=O,0,-0.62299955,3
CC(C)C[C@H](NC(=O)[C@H](C)NC(=O)[C@H](CC(C)C)NC(=O)[C@H](C)NC(=O)[C@@H](N)Cc1c[nH]c2ccccc12)C(N)=O,0,-5.6330214,3
CC[C@H](C)[C@H](NC(=O)[C@H](CC(C)C)NC(=O)[C@H](CO)NC(=O)[C@@H](NC(=O)[C@@H](NC(=O)[C@H](CC(C)C)NC(=O)CN)C(C)C)[C@@H](C)O)C(=O)N[C@@H](CCCC[NH3+])C(=O)NCC(=O)N[C@@H](C)C(=O)NCC(=O)N[C@@H](CCCC[NH3+])C(=O)N[C@@H](CC(C)C)C(=O)N[C@@H](CC(C)C)C(=O)NCC(=O)NCC(=O)N[C@@H](CC(C)C)C(=O)N[C@@H](Cc1ccccc1)C(=O)NCC(=O)N[C@@H](CO)C(=O)N[C@H](C(=O)N[C@H](C(=O)NCC(N)=O)[C@@H](C)O)C(C)C,0,-3.2906356,3
CC[C@H](C)[C@H](NC(=O)[C@@H](NC(=O)[C@@H]1CCCN1C(=O)[C@H](CC(C)C)NC(=O)[C@@H](N)Cc1ccccc1)[C@@H](C)CC)C(=O)N[C@H](C(=O)N[C@@H](CC(N)=O)C(=O)N[C@@H](CC(C)C)C(=O)N[C@@H](CC(C)C)C(=O)NCC(=O)N[C@@H](CCCC[NH3+])C(=O)N[C@@H](CC(C)C)C(=O)N[C@@H](CC(C)C)C(N)=O)[C@@H](C)O,0,-5.344695,3
CC[C@H](C)[C@H](NC(=O)[C@@H]1CCCN1C(=O)[C@H](CC(C)C)NC(=O)[C@@H](N)Cc1ccccc1)C(=O)N[C@H](C(=O)NCC(=O)N[C@@H](CCCC[NH3+])C(=O)N[C@@H](CC(C)C)C(=O)N[C@@H](CC(C)C)C(=O)N[C@@H](CO)C(=O)NCC(=O)N[C@@H](CC(C)C)C(=O)N[C@@H](CC(C)C)C(N)=O)C(C)C,0,-6.648078,3
C[C@H](NC(O)C(CC1CNCN1)NC(=O)[C@H](Cc1ccc(O)cc1)NC(=O)[C@H](CCC(=O)O)NC(=O)[C@H](Cc1c[nH]c2ccccc12)NC(=O)[C@@H](N)CC(=O)O)C(=O)NC(CC1CNCN1)C(O)N1CCC[C@H]1C(=O)N[C@@H](CCCC[NH3+])C(=O)N1CC(O)CC1C(O)N[C@@H](CC(N)=O)C(=O)N[C@@H](CO)C(=O)N[C@H](Cc1ccccc1)C(=O)N[C@@H](Cc1c[nH]c2ccccc12)C(=O)N[C@H](C=O)[C@@H](C)O,0,-0.6721737,3
CC[C@H](C)[C@H](NC(=O)[C@H](CC(=O)O)NC(=O)[C@H](CCSC)NC(=O)[C@@H](NC(=O)[C@@H](NC(=O)[C@H](CCC(=O)O)NC(=O)[C@H](Cc1ccc(O)cc1)NC(=O)[C@H](Cc1ccccc1)NC(=O)[C@H](CCCCN)NC(=O)[C@H](CCC(N)=O)NC(=O)[C@H](CCC(N)=O)NC(=O)[C@H](CC(C)C)NC(=O)[C@H](CC(=O)O)NC(=O)[C@H](CCCCN)NC(=O)[C@@H](NC(=O)[C@H](CCC(N)=O)NC(=O)[C@H](CC(N)=O)NC(=O)[C@H](Cc1ccc(O)cc1)NC(=O)[C@H](Cc1c[nH]c2ccccc12)NC(=O)[C@H](CCC(=O)O)NC(=O)CNC(=O)[C@H](CC(C)C)NC(=O)[C@@H](NC(=O)[C@@H](NC(=O)[C@H](CC(N)=O)NC(=O)CNC(=O)[C@H](Cc1c[nH]cn1)NC(=O)[C@H](CC(N)=O)NC(=O)[C@@H](N)Cc1c[nH]c2ccccc12)[C@@H](C)CC)[C@@H](C)O)[C@@H](C)O)[C@@H](C)CC)[C@@H](C)CC)C(=O)N[C@@H](CCC(=O)O)C(=O)N[C@@H](CCC(N)=O)C(=O)N[C@@H](CC(N)=O)C(=O)N[C@@H](CC(N)=O)C(=O)N[C@H](C(=O)N[C@@H](CCC(N)=O)C(=O)O)C(C)C,0,-3.076432,3
CC[C@H](C)[C@@H]1NC(=O)[C@H](C)NC(=O)[C@H](CO)NC(=O)[C@H](CO)NC(=O)[C@H]([C@@H](C)CC)NC(=O)[C@H](CS)NC(=O)[C@@H]2CCCN2C(=O)[C@H]([C@@H](C)CC)NC(=O)[C@H](Cc2c[nH]c3ccccc23)NC(=O)[C@H](C(C)C)NC(=O)[C@H](CS)NC(=O)[C@H](CO)NC(=O)[C@H](CCC(=O)O)NC(=O)CNC(=O)[C@H](CS)NC(=O)[C@H]2CCCN2C(=O)[C@H]([C@@H](C)CC)NC(=O)CNC(=O)[C@H](CC(N)=O)NC(=O)[C@H](CCCNC(N)=[NH2+])NC(=O)[C@H](Cc2ccc(O)cc2)NC(=O)[C@H](CS)NC(=O)[C@H](C(C)C)NC(=O)[C@H](CCCC[NH3+])NC(=O)[C@H](CO)NC(=O)[C@H](CCCC[NH3+])NC(=O)[C@H](CS)NC(=O)[C@H](CO)NC(=O)[C@H](CS)NC(=O)CNC1=O,0,-8.755774,3
CSCC[C@@H](C=O)NC(=O)[C@H](CC(C)C)NC(=O)CNC(=O)[C@@H](NC(=O)[C@H](Cc1ccccc1)NC(=O)[C@H](CCC(N)=O)NC(=O)[C@H](CC(=O)O)NC(=O)[C@H](CO)NC(=O)[C@H](CCCCN)NC(=O)[C@@H]1CCCN1C(=O)[C@@H](NC(=O)[C@@H](N)CC(=O)O)C(C)C)C(C)C,0,0.36342433,3
CC[C@H](C)[C@H](NC(=O)[C@H](CCC(N)=O)NC(=O)[C@@H]1CCCN1C(=O)[C@H](CC(N)=O)NC(O)C(CC1CNCN1)NC(=O)[C@@H](NC(=O)[C@@H](NC(=O)[C@H](CS)NC(=O)[C@@H](NC(=O)[C@@H]1CCCN1C(=O)[C@H](CC(N)=O)NC(=O)[C@H](CO)NC(=O)[C@H](CS)NC(=O)[C@@H](N)CS)C(C)C)[C@@H](C)O)C(C)C)C(=O)N[C@@H](CS)C(N)=O,0,-8.470706,3
CC(=O)N[C@@H](CC(=O)O)C(=O)N[C@@H](CCC(=O)O)C(=O)N[C@@H](Cc1ccccc1)C(=O)N[C@@H](CCC(=O)O)C(=O)NC(CC1CCCCC1)C(O)N[C@H](C=O)CS,0,-1.5687922,3
CC(C)C[C@H](NC(=O)[C@H](CCCC[NH3+])NC(=O)[C@H](CC(C)C)NC(=O)[C@H](CCCC[NH3+])NC(=O)[C@H](CC(C)C)NC(=O)[C@H](C)NC(=O)[C@H](CCCC[NH3+])NC(=O)[C@H](C)NC(=O)[C@H](CC(C)C)NC(=O)[C@H](CC(C)C)NC(=O)[C@H](CCCC[NH3+])NC(=O)[C@H](C)NC(=O)[C@@H](N)Cc1ccccc1)C(N)=O,0,-3.8531516,3
CC(C)C[C@H](NC(=O)[C@H](CC(N)=O)NC(=O)[C@H](CO)NC(O)C(CC1CNCN1)NC(=O)[C@H](CCC(=O)O)NC(=O)[C@H](CC(C)C)NC(O)C(CC1CNCN1)NC(=O)[C@H](CS)NC(=O)[C@@H](NC(=O)[C@@H]1CCCN1C(=O)[C@H](CC(N)=O)NC(=O)[C@H](CO)NC(=O)[C@H](CS)NC(=O)[C@H](CS)NC(=O)CNC(=O)[C@@H]1CCCN1C(=O)[C@H](CC(=O)O)NC(=O)[C@@H](N)CCCNC(N)=[NH2+])C(C)C)C(=O)N[C@@H](CS)C(N)=O,0,-7.9198995,3
C[C@H](NC(=O)[C@H](CS)NC(=O)[C@H](CCCNC(N)=[NH2+])NC(=O)[C@@H]1CCCN1C(=O)[C@H](CC(=O)O)NC(=O)[C@H](CO)NC(=O)[C@H](CS)NC(=O)[C@H](CS)NC(=O)CN)C(=O)N[C@H](C(=O)N[C@@H](CCCNC(N)=[NH2+])C(=O)N[C@@H](CS)C(N)=O)[C@@H](C)O,0,-7.1708374,3
CC(C)C[C@@H](NC(=O)[C@@H](C)NC(=O)[C@@H](CC(C)C)NC(=O)[C@@H](CCCC[NH3+])NC(=O)[C@@H](CCCC[NH3+])NC(=O)[C@@H](CC(C)C)NC(=O)[C@@H](C)NC(=O)[C@H]1CCCN1C(=O)[C@@H](CC(C)C)NC(=O)[C@@H](Cc1c[nH]c2ccccc12)NC(=O)[C@@H](CCCC[NH3+])NC(=O)[C@@H](CCCC[NH3+])NC(=O)[C@@H](CC(C)C)NC(=O)[C@@H](C)NC(=O)[C@@H](CC(C)C)NC(=O)[C@@H](CC(C)C)NC(=O)[C@@H](C)NC(=O)[C@@H](CC(C)C)NC(=O)[C@@H](CCCC[NH3+])NC(=O)[C@H](N)CCCC[NH3+])C(=O)N[C@H](CC(C)C)C(=O)N[C@H](C)C(=O)N[C@H](CC(C)C)C(=O)N[C@H](CCCC[NH3+])C(=O)N[C@H](CCCC[NH3+])C(N)=O,0,-1.4043444,3
C[C@@H]1NC(=O)[C@@H]2CSSC[C@H](NC(=O)[C@@H](NC(=O)CN)CSSC[C@@H](C(=O)O)NC(=O)[C@H](CCCNC(N)=[NH2+])NC(=O)[C@H](Cc3c[nH]c4ccccc34)NC1=O)C(=O)N[C@@H](CO)C(=O)N[C@@H](CC(=O)O)C(=O)N[C@@H](CCCCN)C(=O)N[C@@H](CCCNC(N)=[NH2+])C(=O)N2,0,-2.2313352,3
CC[C@H](C)[C@H](NC(=O)[C@@H](NC(=O)[C@@H]1CCCN1C(=O)[C@@H](NC(=O)[C@@H](NC(O)C(CC1CNCN1)NC(=O)[C@@H]1CCCN1C(=O)[C@H](CC(C)C)NC(=O)[C@H](CC(C)C)NC(O)C(CC1CNCN1)NC(=O)[C@H](CCCC[NH3+])NC(=O)[C@H](C)NC(=O)[C@@H](NC(=O)[C@H](CO)NC(=O)CNC(=O)[C@H](CC(C)C)NC(=O)[C@@H](NC(=O)[C@H](CO)NC(=O)[C@H](Cc1ccccc1)NC(=O)[C@H](CC(C)C)NC(=O)CN)C(C)C)C(C)C)C(C)C)C(C)C)C(C)C)C(=O)N[C@@H](C)C(=O)N[C@@H](CCC(=O)O)C(=O)N[C@@H](CCCC[NH3+])C(=O)N[C@@H](CC(C)C)C(N)=O,0,-4.3748055,3
CC[C@H](C)[C@H](NC(=O)CNC(=O)[C@H](CO)NC(=O)[C@H](CC(C)C)NC(=O)[C@H](C)NC(=O)[C@H](CCCNC(N)=[NH2+])NC(=O)CNC(=O)[C@@H](NC(=O)[C@H](CC(C)C)NC(=O)[C@@H]1CCCN1C(=O)[C@H](CC(C)C)NC(=O)[C@@H](N)Cc1ccccc1)[C@@H](C)CC)C(=O)N[C@@H](CC(C)C)C(N)=O,0,-4.814217,3
CC(C)C[C@H](NC(=O)[C@H](CCCC[NH3+])NC(=O)[C@H](CCCC[NH3+])NC(=O)[C@H](CC(C)C)NC(=O)[C@H](C)NC(=O)[C@H](CCCC[NH3+])NC(=O)[C@H](CC(C)C)NC(=O)[C@H](C)NC(=O)[C@H](CC(C)C)NC(=O)[C@H](C)NC(=O)[C@@H](N)C(C)C)C(N)=O,0,-3.2470145,3
C[C@H](NC(=O)[C@@H]1CCCN1C(=O)[C@H](CC(N)=O)NC(=O)[C@H](CCCNC(N)=[NH2+])NC(=O)[C@H](CS)NC(=O)[C@H](CS)NC(=O)CNC(=O)[C@@H](N)CC(N)=O)C(=O)N[C@@H](CS)C(=O)N[C@@H](CCC(=O)O)C(=O)N[C@@H](CO)C(=O)NC(CC1CNCN1)C(O)N[C@@H](CCCNC(N)=[NH2+])C(=O)N[C@@H](CS)C(N)=O,0,-7.174324,3
C[C@H](NC(=O)[C@H](CS)NC(=O)[C@H](CC(=O)O)NC(=O)[C@@H]1CCCN1C(=O)[C@H](CCCNC(N)=[NH2+])NC(=O)[C@H](CO)NC(=O)[C@H](CS)NC(=O)[C@H](CS)NC(=O)CN)C(=O)N[C@@H](Cc1c[nH]c2ccccc12)C(=O)N[C@@H](CCCNC(N)=[NH2+])C(=O)N[C@@H](CS)C(N)=O,0,-8.313624,3
CC(C)C[C@H]1NC(=O)CNC(=O)[C@H](CC(N)=O)NC(=O)[C@@H](CCCNC(N)=[NH2+])NC(=O)[C@H]([C@@H](C)O)NC(=O)[C@H](CS)NC(=O)[C@H](CCCC[NH3+])NC(=O)[C@@H]2CCCN2C(=O)[C@H](Cc2c[nH]c3ccccc23)NC(=O)[C@H](CO)NC(=O)[C@H](CS)NC(=O)[C@H]([C@@H](C)O)NC(=O)[C@H](CS)NC(=O)CNC(=O)[C@@H]2CCCN2C(=O)[C@H]([C@@H](C)O)NC(=O)[C@H](CC(N)=O)NC(=O)[C@H](CS)NC(=O)[C@H]([C@@H](C)O)NC(=O)CNC(=O)CNC(=O)[C@H](C(C)C)NC(=O)[C@H](CS)NC(=O)[C@H]([C@@H](C)O)NC(=O)[C@H](CCC(=O)O)NC(=O)CNC(=O)[C@H](CS)NC(=O)[C@H](C(C)C)NC(=O)[C@@H]2CCCN2C1=O,0,-11.303035,3
CC(C)C[C@H](NC(=O)[C@H](Cc1ccc(O)cc1)NC(=O)[C@@H]1CCCN1C(=O)[C@@H](N)Cc1c[nH]c2ccccc12)C(=O)N1CCC[C@H]1C(=O)N[C@@H](Cc1c[nH]c2ccccc12)C(=O)N[C@@H](CCCNC(N)=[NH2+])C(=O)N[C@@H](CCCNC(N)=[NH2+])C(N)=O,0,-4.6171484,3
CC[C@H](C)[C@H](NC(=O)[C@H](C)NC(=O)[C@H](CO)NC(=O)CNC(=O)[C@@H]1CCCN1C(=O)CN)C(=O)N[C@@H](CS)C(=O)N[C@@H](CC(N)=O)C(=O)N[C@@H](CCSC)C(=O)N[C@@H](C)C(=O)N[C@@H](CS)C(=O)N[C@@H](CCCNC(N)=[NH2+])C(=O)N[C@@H](CC(C)C)C(=O)N[C@@H](CCC(=O)O)C(=O)NC(CC1CNCN1)C(O)NCC(=O)NC(CC1CNCN1)C(O)N[C@@H](CC(C)C)C(=O)N[C@@H](Cc1ccc(O)cc1)C(=O)N1CCC[C@H]1C(=O)N[C@@H](Cc1ccccc1)C(=O)N[C@@H](CS)C(=O)N[C@@H](CC(N)=O)C(=O)N[C@@H](CS)C(=O)N[C@@H](CC(=O)O)C(N)=O,0,-4.9967465,3
CC(C)C[C@H](NC(=O)[C@H](C)NC(=O)[C@H](CC(C)C)NC(=O)[C@H](C)NC(=O)[C@H](CCCC[NH3+])NC(=O)[C@H](CCCC[NH3+])NC(=O)[C@H](C)NC(=O)[C@H](CC(C)C)NC(=O)[C@H](CCCC[NH3+])NC(=O)[C@H](C)NC(=O)[C@H](CC(C)C)NC(=O)[C@H](CCCC[NH3+])NC(=O)[C@H](CCCC[NH3+])NC(=O)[C@H](C)NC(=O)[C@@H](N)Cc1ccccc1)C(N)=O,0,-3.263873,3
CC[C@H](C)[C@H](NC(=O)[C@@H](N)Cc1ccccc1)C(=O)N[C@H](C(=O)N[C@H](C(=O)NC(CC1CNCN1)C(N)O)C(C)C)[C@@H](C)O,0,-1.8767747,3
CC[C@H](C)[C@H](NC(=O)[C@H](CC(=O)O)NC(=O)[C@H](Cc1ccccc1)NC(=O)[C@H](CC(C)C)NC(=O)CN)C(=O)N[C@H](C(=O)N[C@@H](CCCC[NH3+])C(=O)N[C@@H](CCCC[NH3+])C(=O)N[C@H](C(=O)N[C@H](C(=O)NCC(=O)N[C@@H](C)C(=O)N[C@@H](CC(C)C)C(=O)NCC(=O)N[C@@H](CO)C(=O)N[C@@H](CC(C)C)C(N)=O)C(C)C)C(C)C)C(C)C,0,-4.376218,3
CC[C@H](C)[C@@H]1NC(=O)[C@H](CC(C)C)NC(=O)[C@H](C)NC(=O)[C@H]([C@@H](C)O)NC(=O)[C@H](C(C)C)NC(=O)[C@H]([C@@H](C)O)NC(=O)[C@H](CS)NC(=O)[C@@H]2CCCN2C(=O)[C@H]([C@@H](C)CC)NC(=O)[C@H](Cc2c[nH]c3ccccc23)NC(=O)[C@H](C(C)C)NC(=O)[C@H](CS)NC(=O)[C@H](CO)NC(=O)[C@H](CCC(=O)O)NC(=O)[C@H](C)NC(=O)[C@H](CS)NC(=O)[C@@H]2CCCN2C(=O)[C@@H]([C@@H](C)CC)NC(=O)CNC(=O)[C@H](CC(N)=O)NC(=O)[C@@H](Cc2ccc(O)cc2)NC(=O)[C@H](CS)NC(=O)[C@H](C(C)C)NC(=O)[C@H](CCCC[NH3+])NC(=O)[C@H](CC(N)=O)NC(=O)[C@H](CO)NC(=O)[C@H](CS)NC(=O)CNC(=O)[C@H](CS)NC(=O)CNC1=O,0,-10.375995,3
CC(C)C[C@H](NC(=O)[C@H](CCCC[NH3+])NC(=O)[C@H](CCCC[NH3+])NC(=O)[C@H](Cc1c[nH]c2ccccc12)NC(=O)[C@@H](N)CCCC[NH3+])C(=O)N[C@@H](CC(C)C)C(=O)N[C@@H](CCCC[NH3+])C(=O)N[C@@H](CCCC[NH3+])C(=O)N1CCC[C@H]1C(=O)N[C@@H](CC(C)C)C(=O)N[C@@H](CC(C)C)C(=O)N[C@@H](CCCC[NH3+])C(=O)N[C@@H](CCCC[NH3+])C(N)=O,0,-1.5158126,3
CC[C@H](C)[C@H](NC(=O)[C@H](CO)NC(=O)[C@H](CCCC[NH3+])NC(=O)[C@H](CC(C)C)NC(=O)[C@H](CCCC[NH3+])NC(=O)[C@@H](N)CC(C)C)C(=O)N[C@H](C(=O)N[C@@H](CO)C(=O)N[C@@H](Cc1c[nH]c2ccccc12)C(=O)N[C@@H](C)C(=O)N[C@@H](CCCC[NH3+])C(=O)N[C@@H](CC(C)C)C(=O)N[C@H](C(=O)N[C@@H](CC(C)C)C(N)=O)C(C)C)C(C)C,0,-5.381547,3
CC[C@H](C)[C@@H]1NC(=O)[C@H](CS)NC(=O)[C@@H]2CCCN2C(=O)[C@H]([C@@H](C)CC)NC(=O)[C@H](Cc2c[nH]c3ccccc23)NC(=O)[C@H](C(C)C)NC(=O)[C@H](CS)NC(=O)[C@H](CO)NC(=O)[C@H](CCC(=O)O)NC(=O)[C@@H](CS)NC(=O)[C@H]2CCCN2C(=O)[C@H](CC(C)C)NC(=O)[C@@H]([C@@H](C)O)NC(=O)CNC(=O)[C@H](CC(N)=O)NC(=O)[C@H](CCCC[NH3+])NC(=O)[C@H](Cc2ccc(O)cc2)NC(=O)[C@H](CS)NC(=O)[C@H](C(C)C)NC(=O)[C@H](CCCC[NH3+])NC(=O)[C@H](CO)NC(=O)[C@H](CCCC[NH3+])NC(=O)[C@H](CS)NC(=O)[C@H](CO)NC(=O)[C@H](CS)NC(=O)CNC(=O)[C@H](C(C)C)NC(=O)[C@H](C(C)C)NC(=O)[C@H](CO)NC(=O)[C@H](CO)NC1=O,0,-9.594596,3
CC(=O)N[C@@H](CCCNC(N)=[NH2+])C(=O)N[C@@H](CCCNC(N)=[NH2+])C(=O)N[C@@H](Cc1c[nH]c2ccccc12)C(=O)N[C@@H](Cc1c[nH]c2ccccc12)C(=O)N[C@@H](CS)C(=O)N[C@@H](CCCNC(N)=[NH2+])C(=O)N[C@H](C(N)=O)C(C)C,0,-3.186425,3
CCCC(CO)NC(=O)[C@@H]1CCCN1C(=O)[C@@H](NC(=O)[C@@H](NC(=O)[C@H](CC(=O)O)NC(=O)[C@@H](CC(=O)O)NC(C)=O)[C@@H](C)CC)C(C)C,0,-3.329923,3
CC[C@H](C)[C@H](NC(O)C(C)(C)NC(=O)[C@H](CCCC[NH3+])NC(=O)CNC(=O)[C@H](CC(C)C)NC(O)C(C)(C)NC(=O)[C@H](CCCC[NH3+])NC(=O)[C@H](CCCC[NH3+])NC(=O)[C@H](Cc1c[nH]c2ccccc12)NC(=O)[C@H](CC(N)=O)NC(=O)[C@@H](N)C(C)C)C(=O)N[C@@H](CCCC[NH3+])C(=O)NC(C)(C)C(O)N[C@H](C(=O)N[C@@H](CCCC[NH3+])C(N)=O)C(C)C,0,-5.9369383,3
CC[C@H](C)[C@H](NC(=O)[C@H](CC(C)C)NC(=O)[C@H](CCC(=O)O)NC(=O)[C@@H](CC(=O)O)NC(C)=O)C(=O)NC(CC1CCCCC1)C(O)N[C@@H](CS)C(=O)N1CCC[C@H]1C(=O)NC(CC1CCCCC1)C(O)N[C@@H](CC(=O)O)C(=O)N[C@@H](CC(C)C)C(=O)N1CCC[C@@H]1C(=O)N[C@@H](Cc1ccc(O)cc1)C(=O)N[C@@H](CCCC[NH3+])C(N)=O,0,-4.134406,3
CC(C)C[C@H](NC(=O)[C@H](CCCNC(N)=[NH2+])NC(=O)[C@H](CCCNC(N)=[NH2+])NC(=O)[C@H](Cc1ccc(O)cc1)NC(=O)[C@H](CC(C)C)NC(=O)[C@H](CCCNC(N)=[NH2+])NC(=O)[C@H](CCCNC(N)=[NH2+])NC(=O)[C@H](Cc1ccc(O)cc1)NC(=O)[C@H](CC(C)C)NC(=O)[C@H](CCCNC(N)=[NH2+])NC(=O)[C@H](CCCNC(N)=[NH2+])NC(=O)[C@H](Cc1ccc(O)cc1)NC(=O)[C@H](CC(C)C)NC(=O)[C@@H](N)CCCNC(N)=[NH2+])C(=O)N[C@@H](Cc1ccc(O)cc1)C(=O)N[C@@H](CCCNC(N)=[NH2+])C(=O)N[C@@H](CCCC[NH3+])C(=O)N[C@@H](CCCC[NH3+])C(=O)N[C@@H](CCCC[NH3+])C(N)=O,0,4.432881,3
CC[C@H](C)[C@H](NC(=O)[C@H](CCCC[NH3+])NC(=O)[C@H](CCCNC(N)=[NH2+])NC(=O)[C@H](CCCC[NH3+])NC(=O)[C@H](CC(C)C)NC(=O)[C@H](CCCNC(N)=[NH2+])NC(=O)[C@H](CCCNC(N)=[NH2+])NC(=O)[C@H](CC(C)C)NC(=O)[C@H](CCCC[NH3+])NC(=O)[C@@H](N)CCCNC(N)=[NH2+])C(=O)N[C@@H](C)C(=O)NC(CC1CNCN1)C(O)N[C@@H](CCCC[NH3+])C(=O)N[C@H](C(=O)N[C@@H](CCCC[NH3+])C(=O)N[C@@H](CCCC[NH3+])C(=O)N[C@@H](Cc1ccc(O)cc1)C(N)=O)C(C)C,0,1.2737889,3
CC[C@H](C)[C@H](NC(=O)[C@@H](NC(=O)[C@H](CO)NC(=O)[C@H](C)NC(=O)[C@@H](NC(=O)[C@H](CCCC[NH3+])NC(=O)[C@H](CCCC[NH3+])NC(=O)[C@@H](NC(=O)[C@@H](NC(=O)[C@H](CC(=O)O)NC(=O)[C@H](Cc1ccccc1)NC(=O)[C@H](CC(C)C)NC(=O)CN)C(C)C)[C@@H](C)CC)C(C)C)C(C)C)C(=O)N[C@@H](CCCC[NH3+])C(=O)N[C@@H](CCCC[NH3+])C(=O)N[C@@H](CC(C)C)C(N)=O,0,-3.1582816,3
CC(C)C[C@H](NC(=O)[C@H](CCCNC(N)=[NH2+])NC(=O)[C@@H](N)CCCNC(N)=[NH2+])C(=O)N[C@@H](CO)C(=O)N[C@@H](Cc1ccc(O)cc1)C(=O)N[C@@H](CO)C(=O)N[C@@H](CCCNC(N)=[NH2+])C(=O)N[C@@H](CCCNC(N)=[NH2+])C(=O)N[C@@H](CCCNC(N)=[NH2+])C(=O)N[C@@H](Cc1ccccc1)C(N)=O,0,0.7792783,3
C[C@H](NC(=O)[C@H](CCC(=O)O)NC(=O)[C@@H]1CCCN1C(O)C(CC1CNCN1)NC(=O)[C@H](CC(=O)O)NC(=O)[C@H](Cc1ccc(O)cc1)NC(=O)[C@H](CC(N)=O)NC(=O)[C@H](CS)NC(=O)[C@H](CCCNC(N)=[NH2+])NC(=O)[C@@H]1CCCN1C(=O)[C@H](CC(=O)O)NC(=O)[C@H](CO)NC(=O)[C@H](CS)NC(=O)[C@H](CS)NC(=O)CN)C(=O)N[C@@H](CS)C(N)=O,0,-7.2468076,3
CSCC[C@H](NC(=O)[C@@H](NC(=O)[C@H](CCCC[NH3+])NC(=O)[C@H](CCCNC(N)=[NH2+])NC(=O)[C@H](CS)NC(=O)[C@H](CO)NC(=O)[C@H](C)NC(=O)CNC(=O)[C@H](CCCC[NH3+])NC(=O)CNC(=O)[C@H](CCCC[NH3+])NC(=O)[C@@H](N)CS)[C@@H](C)O)C(=O)N[C@@H](Cc1ccc(O)cc1)C(=O)N[C@@H](CC(=O)O)C(=O)N[C@@H](CS)C(=O)N[C@@H](CS)C(=O)N[C@@H](CCCNC(N)=[NH2+])C(=O)NCC(=O)N[C@@H](CO)C(=O)N[C@@H](CS)C(=O)N[C@@H](CCCNC(N)=[NH2+])C(=O)N[C@@H](CO)C(=O)NCC(=O)N[C@@H](CCCNC(N)=[NH2+])C(=O)N[C@@H](CS)C(N)=O,0,-4.6962547,3
CC[C@H](C)[C@H](NC(O)C(CC1CNCN1)NC(=O)[C@H](CCCC[NH3+])NC(=O)[C@H](CC(C)C)NC(=O)[C@H](CC(C)C)NC(=O)[C@H](CO)NC(=O)[C@H](CCCC[NH3+])NC(=O)[C@H](Cc1c[nH]c2ccccc12)NC(=O)[C@H](CCCC[NH3+])NC(=O)CN)C(=O)N[C@@H](CC(C)C)C(=O)N[C@@H](CCCC[NH3+])C(N)=O,0,-5.757449,3
CC[C@H](C)[C@H](N)C(=O)N[C@@H](CC(C)C)C(=O)N1CCC[C@H]1C(=O)N[C@H](C(=O)N[C@@H](CC(C)C)C(=O)NCC(=O)N[C@@H](CC(N)=O)C(=O)N[C@@H](CC(C)C)C(=O)N[C@@H](CC(C)C)C(=O)N[C@@H](CC(N)=O)C(=O)N[C@@H](CO)C(=O)N[C@@H](CC(C)C)C(=O)N[C@@H](CC(C)C)C(N)=O)[C@@H](C)CC,0,-3.1846378,3
CC[C@H](C)[C@@H]1NC(=O)[C@H](CC(C)C)NC(=O)[C@H](Cc2ccccc2)NC(=O)[C@H](Cc2ccccc2)NC(=O)[C@H](C)NC(=O)[C@@H]2CCCN2C(=O)[C@H](C(C)C)NC(=O)[C@H](CC(C)C)NC(=O)[C@H]([C@@H](C)CC)NC1=O,0,-2.9947531,3
CC[C@H](C)[C@H](NC(=O)[C@H](CCCC[NH3+])NC(=O)[C@H](CC(N)=O)NC(=O)[C@H](Cc1c[nH]c2ccccc12)NC(=O)[C@H](CC(C)C)NC(=O)CN)C(=O)N[C@@H](CCCC[NH3+])C(=O)N[C@@H](CCC(=O)O)C(=O)N[C@@H](C)C(=O)N[C@@H](C)C(=O)N[C@@H](CO)C(=O)N[C@@H](CCCC[NH3+])C(=O)N[C@@H](C)C(=O)N[C@@H](C)C(=O)NCC(=O)N[C@@H](CCCC[NH3+])C(=O)N[C@@H](C)C(=O)N[C@@H](C)C(=O)N[C@@H](CC(C)C)C(=O)NCC(=O)N[C@@H](Cc1ccccc1)C(=O)N[C@H](C(=O)N[C@@H](CC(N)=O)C(=O)N[C@@H](CCC(=O)O)C(=O)N[C@@H](CCSC)C(=O)N[C@H](C(N)=O)C(C)C)C(C)C,0,-4.075472,3
CC[C@H](C)[C@H](NC(=O)[C@H](CCCC[NH3+])NC(=O)[C@@H]1CCCN1C(=O)[C@H](CC(C)C)NC(=O)[C@H](Cc1ccccc1)NC(=O)[C@H](CC(N)=O)NC(=O)[C@H](C)NC(=O)[C@H](C)NC(=O)[C@H](CC(C)C)NC(=O)CNC(=O)[C@H](C)NC(=O)[C@H](CC(C)C)NC(=O)[C@H](CC(C)C)NC(=O)[C@@H]1CCCN1C(=O)[C@H](CC(C)C)NC(=O)[C@@H](N)Cc1ccccc1)C(=O)N[C@@H](Cc1ccccc1)C(=O)N[C@@H](CS)C(=O)N[C@@H](CCCC[NH3+])C(=O)N[C@H](C(=O)N[C@H](C(=O)N[C@@H](CCCNC(N)=[NH2+])C(=O)N[C@@H](CCCC[NH3+])C(=O)N[C@@H](CS)C(N)=O)[C@@H](C)O)[C@@H](C)CC,0,-4.1911983,3
C[C@H](NC(O)C(CC1CNCN1)NC(=O)[C@H](Cc1ccc(O)cc1)NC(=O)[C@H](CCC(=O)O)NC(=O)[C@H](Cc1c[nH]c2ccccc12)NC(=O)[C@@H](N)CC(=O)O)C(=O)NC(CC1CNCN1)C(O)N1CCC[C@H]1C(=O)N[C@@H](CCCC[NH3+])C(=O)N1CC(O)CC1C(O)N[C@@H](CC(N)=O)C(=O)N[C@@H](CO)C(=O)N[C@@H](Cc1ccccc1)C(=O)N[C@@H](Cc1c[nH]c2ccccc12)C(=O)N[C@H](C=O)[C@@H](C)O,0,-0.8380113,3
CC[C@H](C)[C@H](NC(=O)CNC(=O)[C@H](CO)NC(=O)[C@@H](NC(=O)[C@H](CC(C)C)NC(=O)[C@H](CCCNC(N)=[NH2+])NC(=O)CNC(=O)[C@@H](NC(=O)[C@@H](NC(=O)[C@@H]1CCCN1C(=O)[C@H](CC(C)C)NC(=O)[C@@H](N)Cc1ccccc1)[C@@H](C)CC)C(C)C)[C@@H](C)CC)C(=O)N[C@@H](CC(C)C)C(N)=O,0,-4.8485503,3
CC[C@H](C)[C@H](NC(=O)[C@H](CC(C)C)NC(=O)[C@H](CC(N)=O)NC(=O)[C@@H](NC(=O)[C@H](CC(C)C)NC(=O)[C@@H](NC(=O)[C@@H]1CCCN1C(=O)[C@H](CC(C)C)NC(=O)[C@@H](N)Cc1ccccc1)[C@@H](C)CC)[C@@H](C)CC)C(=O)NC(CC1CNCN1)C(O)N[C@@H](CCCC[NH3+])C(=O)NCC(=O)N[C@@H](CC(C)C)C(=O)N[C@@H](CC(C)C)C(N)=O,0,-3.5486577,3
CC[C@H](C)[C@@H]1NC(=O)[C@H](Cc2c[nH]c[nH+]2)NC(=O)[C@H](CCC(N)=O)NC(=O)[C@H](CC(N)=O)NC(=O)[C@H](CC(N)=O)NC(=O)CNC(=O)[C@H](C)NC(=O)[C@@H]2CSSC[C@H](NC(=O)C[NH3+])C(=O)N[C@@H](CSSC[C@@H](C(N)=O)NC1=O)C(=O)N[C@@H](CO)C(=O)N[C@@H](Cc1c[nH]c[nH+]1)C(=O)N1CCC[C@H]1C(=O)N[C@@H](C)C(=O)N2,0,-3.4266393,3
CC[C@H](C)[C@H](NC(=O)CN)C(=O)NCC(=O)N[C@@H](CCCC[NH3+])C(=O)N[C@@H](Cc1ccccc1)C(=O)N[C@@H](CC(C)C)C(=O)NC(CC1CNCN1)C(O)N[C@@H](CO)C(=O)N[C@H](C)C(=O)N[C@@H](CCCC[NH3+])C(=O)N[C@@H](CCCC[NH3+])C(=O)N[C@@H](Cc1ccccc1)C(=O)N[C@H](C)C(=O)N[C@@H](CCCC[NH3+])C(=O)N[C@@H](C)C(=O)N[C@@H](Cc1ccccc1)C(=O)N[C@H](C(=O)N[C@H](C)C(=O)N[C@@H](CCC(=O)O)C(=O)N[C@H](C(=O)N[C@@H](CCSC)C(=O)N[C@@H](CC(N)=O)C(=O)N[C@@H](CO)C(N)=O)[C@@H](C)CC)C(C)C,0,-4.602028,3
CC(C)C[C@@H]1NC(=O)[C@H](CC(=O)O)NC(=O)[C@@H]2CCCN2C(=O)[C@H](Cc2c[nH]c[nH+]2)NC(=O)[C@H](CCCC[NH3+])NC(=O)[C@H](CC(N)=O)NC(=O)[C@H](CCCNC(N)=[NH2+])NC(=O)[C@@H]2CSSC[C@H](NC(=O)C[NH3+])C(=O)N[C@@H](CSSC[C@@H](C(N)=O)NC1=O)C(=O)N[C@@H](CO)C(=O)N[C@@H](CC(=O)O)C(=O)N1CCC[C@H]1C(=O)N1CCC[C@H]1C(=O)N2,0,-4.308777,3
CC[C@H](C)[C@H](NC(=O)CN)C(=O)NCC(=O)NCC(=O)N[C@@H](C)C(=O)N[C@@H](CC(C)C)C(=O)N[C@@H](CC(C)C)C(=O)N[C@@H](CO)C(=O)N[C@@H](C)C(=O)NCC(=O)N[C@@H](CCCC[NH3+])C(=O)N[C@@H](C)C(=O)N[C@@H](C)C(=O)N[C@@H](CC(C)C)C(=O)N[C@@H](CCCC[NH3+])C(=O)NCC(=O)N[C@@H](CC(C)C)C(=O)N[C@@H](C)C(=O)N[C@@H](CCCC[NH3+])C(=O)N[C@H](C(=O)N[C@@H](CC(C)C)C(=O)N[C@H](C(N)=O)C(C)C)C(C)C,0,-3.2184842,3
CC(C)C[C@H](NC(=O)[C@@H](NC(=O)[C@H](C)NC(=O)[C@H](CS)NC(=O)[C@@H]1CCCN1C(=O)[C@@H]1CCCN1C(=O)[C@@H](NC(=O)[C@H](CO)NC(=O)[C@H](CS)NC(=O)[C@H](CS)NC(=O)CN)[C@@H](C)O)C(C)C)C(=O)N[C@@H](C)C(=O)N[C@@H](CS)C(N)=O,0,-9.703265,3
CC(=O)NCC(=O)N[C@@H](CCCC[NH3+])C(=O)N[C@@H](CCCC[NH3+])C(=O)N[C@@H](CC(C)C)C(=O)N[C@@H](CC(C)C)C(=O)N[C@@H](CCCC[NH3+])C(=O)N[C@@H](CCCC[NH3+])C(=O)N[C@@H](Cc1c[nH]c2ccccc12)C(=O)N[C@@H](CCCC[NH3+])C(=O)N[C@@H](CCCC[NH3+])C(=O)N[C@@H](CC(C)C)C(=O)N[C@@H](Cc1c[nH]c2ccccc12)C(=O)N[C@@H](CCCC[NH3+])C(=O)N[C@@H](CCCC[NH3+])C(=O)N[C@@H](Cc1c[nH]c2ccccc12)C(N)=O,0,-2.8308742,3
CC(C)C[C@H](NC(=O)[C@H](C)NC(=O)[C@H](CCCC[NH3+])NC(=O)[C@H](CCCC[NH3+])NC(=O)[C@H](CC(C)C)NC(=O)[C@H](C)NC(=O)[C@H](CCCC[NH3+])NC(=O)[C@H](CC(C)C)NC(=O)[C@H](C)NC(=O)[C@H](CC(C)C)NC(=O)[C@H](C)NC(=O)[C@@H](N)Cc1ccccc1)C(N)=O,0,-4.3249297,3
CSCC[C@@H]1NC(=O)[C@H](CCCNC(N)=[NH2+])NC(=O)[C@H](C)NC(=O)[C@H](C)NC(=O)[C@H](Cc2c[nH]c3ccccc23)NC(=O)[C@H](CCCNC(N)=[NH2+])NC(=O)[C@H](Cc2ccccc2)NC(=O)[C@H](C)NC(=O)[C@H](CCCC[NH3+])NC(=O)[C@H](CCCNC(N)=[NH2+])NC(=O)[C@H](Cc2c[nH]c3ccccc23)NC(=O)[C@H](C)NC(=O)[C@@H]2CCCN2C(=O)[C@H](C)NC(=O)[C@H](C)NC(=O)[C@H](CCCC[NH3+])NC(=O)[C@H](CCCC[NH3+])NC(=O)[C@H](CC(C)C)NC1=O,0,-1.5907314,3
CC[C@H](C)[C@H](NC(=O)[C@@H](NC(=O)CN)C(C)C)C(=O)N[C@@H](CC(=O)O)C(=O)N[C@@H](C)C(=O)N[C@@H](C)C(=O)N[C@@H](CCCC[NH3+])C(=O)N[C@@H](CCCC[NH3+])C(=O)N[C@H](C(=O)N[C@H](C(=O)N[C@@H](CC(N)=O)C(=O)N[C@H](C(=O)N[C@@H](CC(C)C)C(=O)N[C@@H](CCCC[NH3+])C(=O)N[C@@H](CC(N)=O)C(=O)N[C@@H](CC(C)C)C(=O)N1CCC[C@H]1C(N)=O)C(C)C)C(C)C)C(C)C,0,-3.2665238,3
CC[C@H](C)[C@H](NC(=O)[C@H](C)NC(=O)[C@H](C)NC(=O)[C@H](CCC(=O)O)NC(=O)[C@H](CCCC[NH3+])NC(=O)CNC(=O)[C@@H](NC(=O)[C@H](CC(N)=O)NC(=O)[C@H](CCCC[NH3+])NC(=O)[C@@H](NC(=O)[C@@H](NC(=O)[C@H](CO)NC(=O)[C@H](Cc1c[nH]c2ccccc12)NC(=O)[C@H](CC(C)C)NC(=O)CN)[C@@H](C)O)[C@@H](C)CC)C(C)C)C(=O)N[C@@H](C)C(=O)N[C@@H](C)C(=O)NCC(=O)N[C@@H](CCCC[NH3+])C(=O)N[C@@H](C)C(=O)N[C@H](C(=O)N[C@@H](CC(C)C)C(=O)NCC(=O)N[C@@H](CO)C(=O)N[C@@H](CC(C)C)C(N)=O)C(C)C,0,-5.135741,3
CC[C@H](C)[C@H](NC(=O)[C@H](CCCC[NH3+])NC(=O)[C@H](CCCC[NH3+])NC(=O)[C@H](CC(C)C)NC(=O)[C@H](CC(=O)O)NC(=O)[C@@H](NC(=O)[C@@H](N)Cc1ccccc1)C(C)C)C(=O)N[C@@H](C)C(=O)N[C@@H](CC(N)=O)C(=O)N[C@H](C(=O)N[C@H](C(=O)N[C@@H](CC(N)=O)C(=O)N[C@@H](CO)C(=O)N[C@H](C(=O)N[C@@H](Cc1ccccc1)C(=O)NCC(=O)N[C@@H](CCCC[NH3+])C(N)=O)[C@@H](C)CC)[C@@H](C)CC)[C@@H](C)CC,0,-5.382481,3
CC[C@H](C)[C@H](N)C(=O)N[C@@H](CC(C)C)C(=O)N1CCC[C@H]1C(=O)N[C@@H](CC(C)C)C(=O)N[C@@H](CCCC[NH3+])C(=O)N[C@@H](Cc1c[nH]c2ccccc12)C(=O)N1CCC[C@H]1C(=O)N[C@@H](Cc1c[nH]c2ccccc12)C(=O)N[C@@H](Cc1c[nH]c2ccccc12)C(=O)N1CCC[C@H]1C(=O)N[C@@H](Cc1c[nH]c2ccccc12)C(=O)N[C@@H](CCCNC(N)=[NH2+])C(=O)N[C@@H](CCCNC(N)=[NH2+])C(N)=O,0,-3.268766,3
CC[C@H](C)[C@H](NC(=O)[C@H](CO)NC(=O)[C@@H]1CCCN1C(=O)[C@H](CC(C)C)NC(=O)[C@@H](NC(=O)CNC(=O)[C@H](C)NC(=O)[C@H](CC(C)C)NC(=O)[C@@H](NC(=O)[C@H](CCCC[NH3+])NC(=O)[C@H](CC(C)C)NC(=O)[C@H](C)NC(=O)[C@H](CO)NC(=O)CNC(=O)[C@@H](NC(=O)[C@@H](N)Cc1ccccc1)[C@@H](C)CC)C(C)C)C(C)C)C(=O)N[C@H](C(=O)N[C@@H](CO)C(=O)N[C@@H](Cc1c[nH]c2ccccc12)C(=O)N[C@H](C(=O)N[C@@H](CCCC[NH3+])C(=O)N[C@@H](CCC(N)=O)C(N)=O)C(C)C)C(C)C,0,-5.1245866,3
CC(C)C[C@H](NC(=O)[C@H](CCC(=O)O)NC(=O)[C@@H]1CCCN1C(=O)[C@H](C)NC(=O)[C@H](CC(N)=O)NC(=O)[C@@H](NC(=O)[C@H](CO)NC(=O)[C@H](CS)NC(=O)[C@H](C)NC(=O)[C@@H]1CCCN1C(O)C(CC1CNCN1)NC(=O)[C@H](CO)NC(=O)[C@H](CS)NC(=O)[C@H](CS)NC(=O)CN)C(C)C)C(=O)N[C@@H](CS)C(N)=O,0,-9.104922,3
CC[C@H](C)[C@H](N)C(=O)N[C@@H](CC(C)C)C(=O)N1CCC[C@H]1C(=O)N[C@H](C(=O)N[C@@H](CC(C)C)C(=O)N[C@@H](C)C(=O)N1CCC[C@H]1C(=O)N[C@@H](CC(C)C)C(=O)N[C@H](C(=O)NCC(=O)NCC(=O)N[C@@H](CC(C)C)C(=O)N[C@@H](CC(C)C)C(N)=O)[C@@H](C)CC)[C@@H](C)CC,0,-1.3348379,3
CC[C@H](C)[C@H](NC(=O)[C@H](C)NC(=O)[C@H](CCCC[NH3+])NC(=O)[C@H](CC(C)C)NC(=O)[C@H](CC(C)C)NC(=O)CNC(O)C(CC1CNCN1)NC(=O)[C@H](CC(C)C)NC(=O)[C@@H](NC(=O)[C@@H](NC(=O)[C@H](CCCC[NH3+])NC(=O)[C@H](CCCC[NH3+])NC(=O)[C@H](C)NC(=O)[C@H](CO)NC(=O)[C@H](CCCC[NH3+])NC(=O)[C@H](Cc1ccccc1)NC(=O)[C@@H](NC(=O)[C@H](CCCC[NH3+])NC(=O)[C@H](CC(C)C)NC(=O)[C@H](Cc1ccccc1)NC(=O)[C@H](CO)NC(=O)[C@H](CCCC[NH3+])NC(=O)[C@H](Cc1c[nH]c2ccccc12)NC(=O)[C@H](CCCC[NH3+])NC(C)=O)[C@@H](C)O)[C@@H](C)O)C(C)C)C(=O)N[C@@H](CO)C(=O)N[C@@H](CO)C(N)=O,0,-4.611332,3
CC[C@H](C)[C@H](NC(=O)[C@H](CCCC[NH3+])NC(=O)CNC(=O)[C@H](CC(C)C)NC(=O)[C@H](Cc1ccccc1)NC(=O)[C@H](CCCC[NH3+])NC(=O)[C@H](CO)NC(=O)[C@H](Cc1ccccc1)NC(=O)[C@H](Cc1c[nH]c2ccccc12)NC(=O)[C@H](CCC(N)=O)NC(=O)[C@@H](NC(=O)[C@@H](N)Cc1ccccc1)C(C)C)C(=O)N[C@@H](CC(C)C)C(N)=O,0,-4.8170958,3
CSCC[C@H](NC(=O)CNC(=O)[C@H](CCCNC(N)=[NH2+])NC(=O)[C@H](CO)NC(=O)[C@H](CS)NC(O)C1CC(O)CN1C(=O)[C@@H](NC(=O)CNC(O)C1CC(O)CN1C(=O)[C@H](CO)NC(=O)[C@H](CCCC[NH3+])NC(=O)[C@@H](N)CS)[C@@H](C)O)C(=O)N[C@@H](CCCNC(N)=[NH2+])C(=O)N[C@@H](CC(=O)O)C(=O)N[C@@H](CS)C(=O)N[C@@H](CS)C(=O)N[C@H](C(=O)N[C@@H](CO)C(=O)N[C@@H](CS)C(=O)N[C@@H](CC(C)C)C(=O)N[C@@H](CC(C)C)C(=O)N[C@@H](Cc1ccc(O)cc1)C(=O)N[C@@H](CO)C(=O)N[C@@H](CC(N)=O)C(=O)N[C@@H](CCCC[NH3+])C(=O)N[C@@H](CS)C(=O)N[C@@H](CCCNC(N)=[NH2+])C(=O)N[C@@H](CCCNC(N)=[NH2+])C(=O)N[C@H](C=O)Cc1ccc(O)cc1)[C@@H](C)O,0,-0.7995767,3
CC(C)C[C@@H]1NC(=O)[C@H](CC(C)C)NC(=O)[C@H](CCC(N)=O)NC(=O)[C@H](CCCNC(=N)N)NC(=O)[C@H](Cc2c[nH]cn2)NC(=O)[C@@H]2CSSC[C@@H](C(=O)N[C@@H](CC(C)C)C(=O)N[C@@H](CCCNC(=N)N)C(=O)N[C@@H](Cc3ccccc3)C(=O)N[C@H](C(N)=O)C(C)C)NC(=O)[C@H](CSSC[C@H](NC(=O)[C@@H](N)CCC(=O)O)C(=O)N2)NC1=O,0,-5.3763657,3
CC(=O)N[C@@H](CCCNC(N)=[NH2+])C(=O)N[C@@H](Cc1c[nH]c2ccccc12)C(=O)N[C@@H](Cc1ccc(O)cc1)C(=O)N[C@@H](CS)C(=O)NCC(N)=O,0,-5.8247266,3
CC(=O)N[C@@H](CC(C)C)C(=O)N[C@@H](CC(C)C)C(=O)N[C@@H](CCCNC(N)=[NH2+])C(=O)N[C@H](C(=O)N[C@@H](CCCC[NH3+])C(=O)N[C@@H](CCCNC(N)=[NH2+])C(N)=O)C(C)C,0,-2.8436596,3
CC(C)[C@H](NC(=O)[C@@H](NC(=O)[C@H](CS)NC(=O)CNC(=O)[C@H](CS)NC(O)C1CC(O)CN1C(O)C(CC1CNCN1)NC(=O)[C@H](CS)NC(=O)[C@H](C)NC(=O)[C@H](C)NC(=O)[C@H](CC(N)=O)NC(O)C1CC(O)CN1C(=O)[C@H](Cc1ccc(O)cc1)NC(=O)[C@H](CCCC[NH3+])NC(=O)CNC(=O)[C@H](CS)NC(=O)[C@H](CS)NC(=O)CN)[C@@H](C)O)C(=O)NCC(=O)N[C@@H](CCCNC(N)=[NH2+])C(=O)N1CC(O)CC1C(O)N1CC(O)CC1C(O)N[C@@H](Cc1ccc(O)cc1)C(=O)N[C@@H](CS)C(=O)N[C@@H](CC(=O)O)C(=O)N[C@@H](CCCNC(N)=[NH2+])C(=O)N1CC(O)CC1C(O)N[C@@H](CO)C(=O)NCC(=O)NCC=O,0,-5.3233714,3
CC[C@H](C)[C@H](NC(=O)[C@@H](N)CCC(N)=O)C(=O)N1CCC[C@H]1C(=O)N[C@@H](Cc1c[nH]c2ccccc12)C(=O)N[C@@H](Cc1ccccc1)C(=O)NC(CC1CNCN1)C(O)N[C@@H](CCCNC(N)=[NH2+])C(N)=O,0,-5.0517,3
CC(C)C[C@H](NC(=O)[C@H](CC(C)C)NC(=O)[C@@H](CCCC[NH3+])NC(=O)[C@H](CC(C)C)NC(=O)[C@H](CC(C)C)NC(=O)[C@H](CCCC[NH3+])NC(=O)[C@@H](CCCC[NH3+])NC(=O)[C@@H](CC(C)C)NC(=O)[C@H](CC(C)C)NC(=O)[C@@H](CCCC[NH3+])NC(=O)[C@H](CCCC[NH3+])NC(=O)[C@H](CC(C)C)NC(=O)[C@@H](CC(C)C)NC(=O)[C@H](CCCC[NH3+])NC(=O)[C@@H](N)CC(C)C)C(N)=O,0,-3.6410246,3
CC[C@H](C)[C@H](NC(=O)[C@H](CCCC[NH3+])NC(=O)[C@H](CCCC[NH3+])NC(=O)[C@H](Cc1ccccc1)NC(=O)[C@H](CC(C)C)NC(=O)[C@H](CCCC[NH3+])NC(=O)[C@@H](N)CC(C)C)C(=O)N[C@@H](CC(C)C)C(=O)N[C@@H](CCCC[NH3+])C(=O)N[C@@H](Cc1ccc(O)cc1)C(=O)N[C@@H](CC(C)C)C(N)=O,0,-2.8665445,3
CC[C@H](C)[C@H](N)C(=O)N[C@@H](CC(N)=O)C(=O)N[C@@H](Cc1c[nH]c2ccccc12)C(=O)N[C@@H](CC(C)C)C(=O)N[C@@H](CCCC[NH3+])C(=O)N[C@@H](CC(C)C)C(=O)NCC(=O)N[C@@H](CCCC[NH3+])C(=O)N[C@@H](CCCC[NH3+])C(=O)N[C@H](C(=O)N[C@@H](CC(C)C)C(=O)NCC(=O)N[C@@H](C)C(=O)N[C@H](C(N)=O)[C@@H](C)CC)[C@@H](C)CC,0,-1.0112338,3
C[C@H](NC(=O)[C@H](C)NC(=O)[C@H](Cc1ccccc1)NC(=O)[C@H](C)NC(=O)[C@H](C)NC(=O)[C@H](CCCNC(N)=[NH2+])NC(=O)[C@H](CCCNC(N)=[NH2+])NC(=O)[C@@H](N)CCCNC(N)=[NH2+])C(=O)N[C@@H](Cc1c[nH]c2ccccc12)C(=O)N[C@@H](C)C(=O)N[C@@H](C)C(=O)N[C@@H](Cc1ccccc1)C(=O)N[C@@H](C)C(=O)N[C@@H](C)C(=O)N[C@@H](CCCNC(N)=[NH2+])C(=O)N[C@@H](CCCNC(N)=[NH2+])C(=O)N[C@@H](CCCNC(N)=[NH2+])C(N)=O,0,1.8398004,3
CC(C)C[C@H](NC(=O)[C@H](CC(N)=O)NC(=O)[C@H](CO)NC(O)C(CC1CNCN1)NC(=O)[C@H](CCC(=O)O)NC(=O)[C@H](C)NC(O)C(CC1CNCN1)NC(=O)[C@H](CS)NC(=O)[C@@H](NC(=O)[C@@H]1CCCN1C(=O)[C@H](CC(N)=O)NC(=O)[C@H](CO)NC(=O)[C@H](CS)NC(=O)[C@H](CS)NC(=O)CN)C(C)C)C(=O)N[C@@H](CS)C(N)=O,0,-8.7860155,3
CC[C@H](C)[C@H](NC(=O)[C@@H](N)CCCNC(N)=[NH2+])C(=O)N[C@@H](CC(C)C)C(=O)N[C@@H](CCCNC(N)=[NH2+])C(=O)NCC(N)=O,0,1.9031807,3
CC[C@H](C)[C@H](NC(=O)CN)C(=O)NCC(=O)NCC(=O)N[C@@H](CCCC[NH3+])C(=O)N[C@H](C(=O)N[C@@H](CC(C)C)C(=O)NCC(=O)NCC(=O)N[C@@H](CC(C)C)C(=O)N[C@@H](CCCC[NH3+])C(=O)N[C@H](C(=O)N[C@@H](C)C(=O)N[C@@H](CC(C)C)C(=O)N[C@@H](CCCC[NH3+])C(=O)NCC(=O)N[C@@H](C)C(=O)N[C@@H](C)C(=O)N[C@@H](CCCC[NH3+])C(=O)N[C@@H](CCC(=O)O)C(=O)N[C@@H](CC(C)C)C(=O)N[C@@H](C)C(=O)N[C@@H](CO)C(=O)N[C@H](C(=O)N[C@@H](Cc1ccc(O)cc1)C(=O)N[C@@H](CC(C)C)C(=O)NC(CC1CNCN1)C(N)O)[C@@H](C)O)[C@@H](C)O)[C@@H](C)CC,0,1.2186085,3
CC[C@H](C)[C@H](NC(=O)[C@H](CCC(N)=O)NC(=O)[C@@H]1CCCN1C(=O)[C@H](CC(N)=O)NC(O)C(CC1CNCN1)NC(=O)[C@@H](NC(=O)[C@@H](NC(=O)[C@H](CS)NC(=O)[C@@H](NC(=O)[C@@H]1CCCN1C(=O)[C@H](CC(N)=O)NC(=O)[C@H](CO)NC(=O)[C@H](CS)NC(=O)[C@H](CS)NC(=O)[C@@H]1CCCN1C(=O)[C@H](CC(=O)O)NC(O)C(N)CCCNC(N)N(C)C)C(C)C)[C@@H](C)O)C(C)C)C(=O)N[C@@H](CS)C(N)=O,0,-7.9247417,3
CC[C@H](C)[C@H](NC(=O)CN)C(=O)NCC(=O)N[C@@H](CCCC[NH3+])C(=O)N[C@@H](Cc1ccccc1)C(=O)N[C@@H](CC(C)C)C(=O)NC(CC1CNCN1)C(O)N[C@@H](CCCC[NH3+])C(=O)N[C@H](C(=O)NCC(=O)N[C@@H](CO)C(=O)N[C@@H](Cc1ccccc1)C(=O)N[C@H](C(=O)N[C@@H](CCCC[NH3+])C(=O)N[C@@H](CO)C(=O)N[C@@H](Cc1c[nH]c2ccccc12)C(=O)N[C@@H](CCCC[NH3+])C(=O)NCC(=O)N[C@@H](CCC(=O)O)C(=O)N[C@H](C(=O)N[C@@H](CCSC)C(=O)N[C@@H](CC(N)=O)C(=O)N[C@@H](CO)C(N)=O)[C@@H](C)CC)[C@@H](C)CC)C(C)C,0,-5.9004374,3
CCCCC(NC(=O)[C@@H](NC(=O)[C@H](CCCC[NH3+])NC(=O)[C@@H]1CCCN1C(=O)[C@H](CC(C)C)NC(=O)[C@H](CO)NC(=O)[C@H](CCCC[NH3+])NC(=O)[C@H](CCCC[NH3+])NC(=O)[C@H](CC(C)C)NC(=O)[C@H](CO)NC(=O)[C@H](CO)NC(=O)[C@H](CC(C)C)NC(=O)[C@H](Cc1ccccc1)NC(=O)CN)C(C)C)C(O)N[C@@H](C)C(=O)NC(CC1CNCN1)C(O)NC(CCCC)C(O)N[C@@H](CCCC[NH3+])C(N)=O,0,-6.8005595,3
CC(C)C[C@@H]1NC(=O)[C@H](CCCC[NH3+])NC(=O)[C@H](C(C)C)NC(=O)[C@@H]2CCCN2C(=O)[C@@H](Cc2ccc(O)cc2)NC(=O)[C@H](CC(C)C)NC(=O)[C@H](CCCC[NH3+])NC(=O)[C@H](C(C)C)NC(=O)[C@H](CCCC[NH3+])NC(=O)[C@H](CC(C)C)NC(=O)[C@H]2CCCN2C(=O)[C@@H](Cc2ccc(O)cc2)NC(=O)[C@H](C(C)C)NC(=O)[C@H](CCCC[NH3+])NC1=O,0,-3.5341895,3
CC[C@H](C)[C@H](NC(=O)[C@H](CCCC[NH3+])NC(=O)[C@H](CCCC[NH3+])NC(=O)[C@H](CCC(N)=O)NC(=O)CN)C(=O)N[C@@H](CCCNC(N)=[NH2+])C(=O)N[C@H](C(=O)N[C@@H](CCCNC(N)=[NH2+])C(=O)N[C@@H](CC(C)C)C(=O)N[C@@H](CO)C(N)=O)C(C)C,0,-1.3881333,3
CC[C@H](C)[C@H](NC(=O)[C@H](CCCC[NH3+])NC(=O)CNC(=O)[C@@H](NC(=O)[C@H](CC(C)C)NC(O)C(CC1CNCN1)NC(=O)[C@H](C)NC(=O)[C@H](CC(C)C)NC(=O)[C@H](CC(C)C)NC(=O)[C@H](CC(=O)O)NC(=O)[C@H](CCCC[NH3+])NC(=O)CNC(=O)[C@H](C)NC(=O)CNC(=O)[C@H](CCCC[NH3+])NC(=O)[C@H](CC(C)C)NC(=O)[C@@H](NC(=O)[C@H](CC(=O)O)NC(=O)[C@@H](NC(=O)[C@@H](NC(=O)CN)C(C)C)C(C)C)[C@@H](C)CC)C(C)C)C(=O)N[C@@H](CO)C(=O)N[C@@H](CCC(=O)O)C(=O)N[C@@H](CCCC[NH3+])C(=O)N[C@H](C(N)=O)C(C)C,0,-1.6956141,3
CC[C@H](C)[C@@H]1NC(=O)[C@H](CCCNC(=N)N)NC(=O)CNC(=O)[C@@H]2CSSC[C@@H](C(=O)N3CCC[C@H]3C(=O)N[C@@H](CCC(=O)O)C(=O)N[C@H](C(=O)N[C@H](C(=O)N[C@@H](CS)C(=O)N3CCC[C@H]3C(=O)N[C@@H](CCCCN)C(=O)N[C@@H](CC(N)=O)C(=O)O)C(C)C)C(C)C)NC(=O)[C@H]([C@@H](C)CC)NC(=O)[C@H](CS)NC(=O)[C@H](CCCNC(=N)N)NC(=O)[C@H](CO)NC(=O)[C@H](CSSC[C@H](NC(=O)[C@H](CCC(=O)O)NC(=O)[C@@H](NC(=O)[C@H](Cc3c[nH]c4ccccc34)NC(=O)[C@H](Cc3ccc(O)cc3)NC(=O)[C@H](CCC(N)=O)NC(=O)[C@@H]3CCCN3C(=O)[C@@H](NC(=O)[C@H](CC(C)C)NC(=O)[C@H](CC(=O)O)NC(=O)[C@H](CC(N)=O)NC(=O)[C@@H](N)CC(C)C)C(C)C)[C@@H](C)O)C(=O)N2)NC(=O)[C@H](Cc2c[nH]cn2)NC(=O)[C@@H]2CCCN2C(=O)CNC1=O,0,-3.6777532,3
CC(C)C[C@H](NC(=O)[C@H](Cc1ccccc1)NC(=O)[C@H](C)NC(=O)CNC(=O)[C@H](Cc1c[nH]c2ccccc12)NC(=O)[C@H](CC(N)=O)NC(=O)[C@@H](N)CC(C)C)C(=O)N[C@@H](CCCC[NH3+])C(=O)NC(CC1CNCN1)C(O)N[C@@H](Cc1ccccc1)C(=O)N[C@@H](Cc1ccccc1)C(=O)N[C@@H](CCCC[NH3+])C(N)=O,0,-6.2224665,3
CC[C@H](C)[C@H](N)C(=O)N[C@@H](CC(N)=O)C(=O)N[C@@H](Cc1c[nH]c2ccccc12)C(=O)N[C@@H](CCCC[NH3+])C(=O)N[C@@H](CCCC[NH3+])C(=O)N[C@H](C(=O)N[C@@H](C)C(=O)N[C@@H](CO)C(=O)N[C@H](C(=O)NCC(=O)N[C@@H](CCCC[NH3+])C(=O)N[C@@H](CCC(=O)O)C(=O)N[C@H](C(=O)N[C@@H](CC(C)C)C(=O)N[C@@H](CCCC[NH3+])C(=O)N[C@@H](C)C(=O)N[C@@H](CC(C)C)C(N)=O)C(C)C)[C@@H](C)CC)[C@@H](C)CC,0,-4.9557014,3
CC[C@H](C)[C@H](NC(=O)[C@H](CCC(=O)O)NC(=O)[C@@H]1CCCN1C(O)C(CC1CNCN1)NC(=O)[C@H](CC(=O)O)NC(=O)[C@H](Cc1ccc(O)cc1)NC(=O)[C@H](CC(N)=O)NC(=O)[C@H](CS)NC(=O)[C@H](CCCNC(N)=[NH2+])NC(=O)[C@@H]1CCCN1C(=O)[C@H](CC(=O)O)NC(=O)[C@H](CO)NC(=O)[C@H](CS)NC(=O)[C@H](CS)NC(=O)[C@H](C)N)C(=O)N[C@@H](CS)C(N)=O,0,-7.4273357,3
CC[C@H](C)[C@H](NC(=O)[C@H](CCC(=O)O)NC(=O)[C@@H]1CCCN1C(O)C(CC1CNCN1)NC(=O)[C@H](CC(=O)O)NC(=O)[C@H](Cc1ccc(O)cc1)NC(=O)[C@H](C)NC(=O)[C@H](CS)NC(=O)[C@H](CCCNC(N)=[NH2+])NC(=O)[C@@H]1CCCN1C(=O)[C@H](CC(=O)O)NC(=O)[C@H](CO)NC(=O)[C@H](CS)NC(=O)[C@H](CS)NC(=O)CN)C(=O)N[C@@H](CS)C(N)=O,0,-6.783539,3
CC[C@H](C)[C@H](NC(=O)[C@@H](NC(=O)[C@@H]1CCCN1C(=O)[C@@H](NC(=O)[C@@H](NC(=O)[C@H](CCCNC(N)=[NH2+])NC(=O)[C@@H]1CCCN1C(=O)[C@@H](NC(=O)[C@@H](NC(O)C(CC1CNCN1)NC(=O)[C@H](CCCC[NH3+])NC(=O)[C@H](C)NC(=O)[C@@H](NC(=O)[C@H](CO)NC(=O)CNC(=O)[C@H](CC(C)C)NC(=O)[C@@H](NC(=O)[C@H](CO)NC(=O)[C@H](Cc1ccccc1)NC(=O)[C@H](CC(C)C)NC(=O)CN)C(C)C)C(C)C)C(C)C)C(C)C)C(C)C)C(C)C)C(C)C)C(=O)N[C@@H](C)C(=O)N[C@@H](CCC(=O)O)C(=O)NC(CC1CNCN1)C(O)N[C@@H](CC(C)C)C(N)=O,0,-3.5257585,3
CC(C)[C@H](NC(=O)[C@H](CCCC[NH3+])NC(=O)[C@@H](NC(=O)[C@H](CCCC[NH3+])NC(=O)[C@@H](NC(=O)[C@H](CCCC[NH3+])NC(=O)[C@@H](NC(=O)[C@@H]1CCCN1C(=O)[C@H]1CCCN1C(=O)[C@@H](NC(=O)[C@H](CCCC[NH3+])NC(=O)[C@@H](NC(=O)[C@H](CCCC[NH3+])NC(=O)[C@@H](NC(=O)[C@H](CCCC[NH3+])NC(=O)[C@@H](NC(=O)[C@@H](N)CCCC[NH3+])C(C)C)C(C)C)C(C)C)C(C)C)[C@@H](C)O)C(C)C)C(C)C)C(=O)N[C@@H](CCCC[NH3+])C(N)=O,0,-3.577254,3
CC(C)C[C@H](NC(=O)[C@H](CC(C)C)NC(=O)[C@H](CCCC[NH3+])NC(=O)CNC(=O)[C@H](CC(C)C)NC(=O)[C@H](CC(C)C)NC(=O)[C@H](CO)NC(=O)[C@H](C)NC(=O)[C@H](Cc1ccccc1)NC(=O)[C@H](Cc1ccccc1)NC(=O)[C@@H]1CCCN1C(=O)[C@H](CC(C)C)NC(=O)[C@@H](N)Cc1ccccc1)C(N)=O,0,-6.7284164,3
C[C@H](NC(=O)[C@H](Cc1ccc(O)cc1)NC(=O)[C@H](CC(N)=O)NC(=O)[C@H](CCCC[NH3+])NC(=O)CNC(=O)[C@H](CS)NC(=O)[C@H](C)NC(=O)[C@@H]1CCCN1C(O)C(CC1CNCN1)NC(=O)[C@H](CS)NC(=O)[C@H](CS)NC(=O)[C@H](CCCNC(N)=[NH2+])NC(=O)CN)C(=O)N[C@@H](CS)C(N)=O,0,-7.4785266,3
CC(C)C[C@H]1NC(=O)[C@@H](C(C)C)NC(=O)[C@@H]2CCCN2C(=O)[C@@H](CC(=O)O)NC(=O)[C@@H](Cc2c[nH]c3ccccc23)NC1=O,0,-5.475833,3
CC[C@H](C)[C@@H]1NC(=O)CNC(=O)[C@H](CCCNC(N)=[NH2+])NC(=O)[C@H](Cc2ccc(O)cc2)NC(=O)[C@@H]2CSSC[C@H](NC1=O)C(=O)N[C@@H](Cc1ccc(O)cc1)C(=O)N[C@@H](CCCNC(N)=[NH2+])C(=O)N[C@@H](CCCNC(N)=[NH2+])C(=O)N[C@H](C(=O)N[C@@H](CCCNC(N)=[NH2+])C(=O)O)CSSC[C@H](NC(=O)[C@H](Cc1c[nH]c3ccccc13)NC(=O)[C@@H]([NH3+])CCCC[NH3+])C(=O)N[C@@H](Cc1ccccc1)C(=O)N[C@@H](CCCNC(N)=[NH2+])C(=O)N[C@@H](C(C)C)C(=O)N2,0,0.9814288,3
CC[C@H](C)[C@H](NC(=O)[C@H](CO)NC(=O)[C@H](C)NC(=O)[C@@H]1CCCN1C(=O)[C@H](CC(C)C)NC(=O)CN)C(=O)N[C@@H](CO)C(=O)N[C@@H](Cc1c[nH]c2ccccc12)C(=O)N[C@H](C(=O)N[C@@H](CCCC[NH3+])C(=O)N[C@@H](CCCNC(N)=[NH2+])C(=O)N[C@@H](CCCC[NH3+])C(=O)N[C@@H](CCCNC(N)=[NH2+])C(=O)N[C@@H](CCC(N)=O)C(=O)N[C@@H](CCC(N)=O)C(N)=O)[C@@H](C)CC,0,-1.9377246,3
CC[C@H](C)[C@H](NC(=O)[C@H](CC(C)C)NC(=O)[C@@H]1CCCN1C(=O)[C@H](CC(C)C)NC(=O)[C@@H](N)C(C)C)C(=O)N[C@@H](CO)C(=O)N[C@@H](CCSC)C(=O)N[C@@H](C)C(=O)N[C@@H](CC(C)C)C(=O)NCC(=O)N[C@@H](CCCC[NH3+])C(=O)N[C@@H](CC(C)C)C(=O)N[C@@H](CC(C)C)C(N)=O,0,-4.1404657,3
C[C@H](NC(=O)CNC(=O)[C@H](CS)NC(=O)[C@H](C)NC(=O)[C@@H]1CCCN1C(=O)[C@H](CC(N)=O)NC(=O)[C@H](CS)NC(=O)[C@H](CS)NC(=O)[C@@H](N)CCC(=O)O)C(=O)NC(CC1CNCN1)C(O)N[C@@H](Cc1ccc(O)cc1)C(=O)N[C@@H](CO)C(=O)N[C@@H](CS)C(N)=O,0,-8.788625,3
CC[C@H](C)[C@H](NC(=O)[C@H](Cc1c[nH]c2ccccc12)NC(=O)[C@H](CS)NC(=O)[C@H](CS)NC(=O)[C@@H](N)CC(C)C)C(=O)NC(CC1CNCN1)C(O)N[C@@H](Cc1c[nH]c2ccccc12)C(=O)N[C@@H](CS)C(=O)NC(CC1CNCN1)C(O)N[C@@H](C)C(=O)N[C@@H](CCCNC(N)=[NH2+])C(=O)N[C@@H](CS)C(=O)N[C@H](C(=O)N[C@@H](CS)C(=O)N[C@@H](CS)C(N)=O)[C@@H](C)O,0,-7.8620496,3
CC(C)C[C@@H]1NC(O)C(CCC[NH3+])NC(=O)[C@H](C(C)C)NC(=O)[C@@H]2CCCN2C(O)C(CC2CCCC3CCCCC32)NC(=O)[C@H](CC(C)C)NC(O)C(CCC[NH3+])NC(=O)[C@H](C(C)C)NC(=O)[C@@H]2CCCN2C(O)C(CC2CCCC3CCCCC32)NC1=O,0,-2.735482,3
NC(=O)[C@H](Cc1c[nH]c2ccccc12)NC(O)C(CC1CNCN1)NC(=O)[C@H](CS)NC(=O)[C@H](CS)NC(=O)[C@H](CCC(=O)O)NC(=O)[C@H](Cc1ccccc1)NC=O,0,-6.958379,3
CC(C)C[C@H](NC(=O)[C@H](C)NC(=O)[C@H](CCCC[NH3+])NC(=O)[C@H](CCCC[NH3+])NC(=O)[C@H](C)NC(=O)CNC(=O)[C@H](CCCC[NH3+])NC(=O)[C@H](CC(C)C)NC(=O)[C@H](CC(C)C)NC(=O)[C@H](CC(=O)O)NC(=O)[C@H](CCCC[NH3+])NC(=O)[C@H](Cc1ccccc1)NC(=O)CN)C(=O)N[C@H](C(=O)N[C@@H](CCCC[NH3+])C(=O)N[C@H](C(=O)N[C@H](C(=O)N[C@@H](CC(C)C)C(=O)N[C@@H](Cc1ccccc1)C(N)=O)C(C)C)[C@@H](C)O)C(C)C,0,-4.9282336,3
CC[C@H](C)[C@H](NC(=O)[C@H](CC(C)C)NC(O)C(CC1CNCN1)NC(=O)CNC(=O)[C@H](CC(C)C)NC(=O)[C@@H](NC(=O)[C@H](CCCC[NH3+])NC(=O)[C@H](CO)NC(=O)[C@H](Cc1c[nH]c2ccccc12)NC(=O)[C@H](CCSC)NC(=O)CN)[C@@H](C)CC)C(=O)N[C@@H](CCCC[NH3+])C(N)=O,0,-6.2777634,3
CC[C@H](C)[C@H](NC(=O)[C@H](CCCNC(N)=[NH2+])NC(=O)[C@H](CS)NC(=O)[C@H](Cc1c[nH]c2ccccc12)NC(=O)[C@H](Cc1c[nH]c2ccccc12)NC(=O)[C@H](CCCNC(N)=[NH2+])NC(=O)[C@H](CCCNC(N)=[NH2+])NC(C)=O)C(N)=O,0,-3.1277063,3
CSCC[C@@H]1NC(=O)[C@H](CCCNC(N)=[NH2+])NC(=O)[C@H](Cc2c[nH]c3ccccc23)NC(=O)[C@H](C)NC(=O)[C@H](C)NC(=O)[C@H](CCCNC(N)=[NH2+])NC(=O)[C@H](Cc2ccccc2)NC(=O)[C@H](C)NC(=O)[C@H](CCCC[NH3+])NC(=O)[C@H](CCCNC(N)=[NH2+])NC(=O)[C@H](Cc2c[nH]c3ccccc23)NC(=O)[C@H](C)NC(=O)[C@H]2CCCN2C(=O)[C@@H](C)NC(=O)[C@H](C)NC(=O)[C@H](CCCC[NH3+])NC(=O)[C@H](CCCC[NH3+])NC(=O)[C@H](CC(C)C)NC1=O,0,-2.083318,3
CC[C@H](C)[C@H]([NH3+])C(=O)N[C@H](C(=O)NCC(=O)N1CCC[C@H]1C(=O)N[C@H](C(=O)N[C@@H](CC(C)C)C(=O)NCC(=O)N[C@@H](CC(C)C)C(=O)N[C@H](C(=O)NCC(=O)N[C@@H](CO)C(=O)N[C@@H](C)C(=O)N[C@@H](CC(C)C)C(=O)NCC(=O)NCC(=O)N[C@@H](CC(C)C)C(=O)N[C@@H](CC(C)C)C(=O)N[C@@H](CCCC[NH3+])C(=O)N[C@@H](CCCC[NH3+])C(=O)N[C@H](C(=O)O)[C@@H](C)CC)C(C)C)C(C)C)[C@@H](C)CC,0,0.26964188,3
CC[C@H](C)[C@H](NC(=O)[C@H](CCCC[NH3+])NC(=O)[C@H](Cc1ccc(O)cc1)NC(=O)CNC(O)C(CC1CNCN1)NC(O)C(CC1CNCN1)NC(=O)[C@H](CCCNC(N)=[NH2+])NC(=O)[C@H](CCCC[NH3+])NC(=O)[C@H](C)NC(O)C(CC1CNCN1)NC(=O)[C@H](CO)NC(=O)[C@@H](N)CC(=O)O)C(=O)N[C@@H](CCCC[NH3+])C(=O)N[C@@H](Cc1ccccc1)C(=O)NC(CC1CNCN1)C(O)N[C@@H](CCC(=O)O)C(=O)N[C@@H](CC(N)=O)C(=O)NC(CC1CNCN1)C(O)NC(CC1CNCN1)C(O)N[C@@H](CO)C(=O)NC(CC1CNCN1)C(O)N[C@@H](CCCNC(N)=[NH2+])C(=O)NCC(=O)N[C@@H](Cc1ccc(O)cc1)C(N)=O,0,-2.2157066,3
CC[C@@H](C)[C@H]1NC(=O)[C@H]2CCCN2C(=O)[C@H](Cc2c[nH]c3ccccc23)NC(=O)[C@H](CO)NC(=O)[C@@H](CS)NC(=O)[C@H]([C@@H](C)O)NC(=O)[C@@H](CS)NC(=O)CNC(=O)[C@H](CCC(N)=O)NC(=O)[C@H]([C@@H](C)O)NC(=O)[C@H](Cc2ccc(O)cc2)NC(=O)[C@H](CS)NC(=O)[C@H]([C@@H](C)O)NC(=O)CNC(=O)[C@H](CC(C)C)NC(=O)[C@H]([C@@H](C)O)NC(=O)[C@H](CS)NC(=O)[C@H]([C@@H](C)O)NC(=O)[C@H](CCC(=O)O)NC(=O)CNC(=O)[C@H](CS)NC(=O)[C@H](C(C)C)NC(=O)[C@@H]2CCCN2C(=O)[C@H](CC(C)C)NC(=O)CNC(=O)[C@H](CC(N)=O)NC(=O)[C@H](CCCNC(N)=[NH2+])NC(=O)[C@H](CCCC[NH3+])NC(=O)[C@H](CS)NC1=O,0,-6.8073864,3
CC(C)C[C@H](NC(=O)[C@H](CCC(=O)O)NC(O)C1CC(O)CN1C(O)C(CC1CNCN1)NC(=O)[C@H](CC(N)=O)NC(=O)[C@@H](NC(=O)[C@H](CO)NC(=O)[C@H](CS)NC(=O)[C@H](C)NC(=O)[C@@H]1CCCN1C(O)C(CC1CNCN1)NC(=O)[C@H](CO)NC(=O)[C@H](CS)NC(=O)[C@H](CS)NC(=O)CN)C(C)C)C(=O)N[C@H](C=O)CS,0,-3.0983765,3
CC(C)C[C@H](NC(=O)[C@H](CCCC[NH3+])NC(=O)[C@H](CCCNC(N)=[NH2+])NC(=O)[C@H](Cc1ccccc1)NC(=O)[C@H](Cc1ccccc1)NC(=O)[C@H](CCCC[NH3+])NC(=O)[C@H](CCCC[NH3+])NC(=O)[C@H](Cc1ccccc1)NC(=O)[C@H](CCCNC(N)=[NH2+])NC(=O)[C@H](CCCC[NH3+])NC(=O)[C@@H](N)C(C)C)C(=O)N[C@@H](CCCC[NH3+])C(=O)N[C@@H](CCCC[NH3+])C(=O)N[C@@H](CCCC[NH3+])C(=O)N[C@H](C(N)=O)C(C)C,1,3.6435034,4
NC(=[NH2+])NCCC[C@H](NC(=O)[C@H](CCCNC(N)=[NH2+])NC(=O)[C@H](CCCNC(N)=[NH2+])NC(=O)[C@H](CCC(N)=O)NC(=O)[C@H](CCCNC(N)=[NH2+])NC(=O)[C@H](CCCNC(N)=[NH2+])NC(=O)[C@H](CCCC[NH3+])NC(=O)[C@H](CCCC[NH3+])NC(=O)[C@@H](N)CCCNC(N)=[NH2+])C(=O)NCC(=O)NCC(=O)NCC(N)=O,1,8.052782,4
CNCCC[C@H](NC(=O)[C@H](CCCNC)NC(=O)[C@H](CCCNC)NC(=O)[C@H](CCCNC)NC(=O)[C@H](CCCNC)NC(=O)[C@H](CCCNC)NC(=O)[C@H](CCCNC)NC(O)C(C)CN)C(N)=O,1,-2.756476,4
CC(C)C[C@H](NC(=O)[C@H](CC(C)C)NC(=O)[C@H](C)NC(=O)[C@H](C)NC(=O)[C@H](C)NC(=O)[C@H](CC(C)C)NC(=O)[C@H](CCCC[NH3+])NC(=O)[C@H](CCCC[NH3+])NC(=O)[C@H](Cc1c[nH]c2ccccc12)NC(=O)[C@H](CCCC[NH3+])NC(=O)[C@H](CCCC[NH3+])NC(=O)[C@H](CC(C)C)NC(=O)[C@H](CC(C)C)NC(=O)[C@H](C)NC(=O)[C@H](C)NC(=O)[C@H](C)NC(=O)[C@H](CC(C)C)NC(=O)[C@@H](N)CCCC[NH3+])C(N)=O,1,-3.5356865,4
CC[C@H](C)[C@H](NC(=O)[C@H](CC(C)C)NC(=O)[C@@H](NC(=O)[C@H](CCCNC(N)=[NH2+])NC(=O)[C@H](Cc1ccccc1)NC(=O)[C@@H](NC(=O)[C@@H](NC(=O)[C@@H](N)CC(C)C)[C@@H](C)CC)[C@@H](C)CC)[C@@H](C)CC)C(=O)N[C@@H](CO)C(=O)NC(CC1CNCN1)C(O)NC(CC1CNCN1)C(O)NC(CO)CC1CNCN1,1,4.5159864,4
CC[C@H](C)[C@H](NC(=O)[C@H](CCCNC(N)=[NH2+])NC(=O)[C@H](CCCNC(N)=[NH2+])NC(=O)[C@H](CCCNC(N)=[NH2+])NC(=O)[C@H](CC(C)C)NC(=O)[C@@H](NC(=O)[C@@H](NC(=O)[C@H](CC(C)C)NC(=O)[C@H](C)N)[C@@H](C)CC)[C@@H](C)CC)C(=O)N[C@@H](CCCNC(N)=[NH2+])C(=O)N[C@@H](CCCC[NH3+])C(=O)N[C@@H](CCC(N)=O)C(=O)N[C@@H](C)C(=O)NC(CC1CNCN1)C(O)N[C@@H](C)C(=O)NC(CC1CNCN1)C(O)N[C@@H](CO)C(=O)N[C@H](C=O)CCCC[NH3+],1,15.757972,4
CC[C@H](C)[C@H](NC(=O)[C@H](CCCC[NH3+])NC(=O)[C@H](CCCC[NH3+])NC(=O)[C@H](C)NC(=O)[C@H](CC(C)C)NC(=O)[C@H](C)NC(=O)[C@H](C)NC(=O)[C@H](CC(C)C)NC(=O)[C@H](C)NC(=O)[C@H](CCCC[NH3+])NC(=O)[C@H](CC(C)C)NC(=O)[C@H](CC(N)=O)NC(=O)[C@@H](NC(=O)[C@H](CCCC[NH3+])NC(=O)CNC(=O)[C@H](CC(C)C)NC(=O)[C@H](CC(C)C)NC(=O)[C@H](Cc1ccc(O)cc1)NC(=O)CNC(=O)[C@H](C)N)[C@@H](C)CC)C(=O)N[C@H](C=O)CC(C)C,1,9.531311,4
C[C@H](N)C(=O)N[C@@H](CS)C(=O)N[C@@H](CCCNC(N)=[NH2+])C(=O)NCC(=O)N[C@@H](CCCNC(N)=[NH2+])C(=O)NCC(=O)N[C@@H](CCCNC(N)=[NH2+])C(=O)NCC(=O)N[C@@H](CS)C(=O)NCC(=O)N[C@@H](CO)C(=O)NCC(=O)N[C@@H](CO)C(=O)N[C@@H](CCCNC(N)=[NH2+])C(=O)N[C@@H](CO)C(=O)N[C@@H](CS)C(=O)NCC=O,1,4.036403,4
CC[C@H](C)[C@H](NC(=O)[C@H](C)NC(=O)[C@@H](NC(=O)[C@H](CCC(N)=O)NC(=O)[C@@H](N)CCCNC(N)=[NH2+])[C@@H](C)CC)C(=O)N[C@@H](Cc1c[nH]c2ccccc12)C(=O)N[C@@H](Cc1ccccc1)C(=O)N[C@@H](CCC(N)=O)C(=O)N[C@@H](CC(N)=O)C(=O)N[C@@H](CCCNC(N)=[NH2+])C(=O)N[C@@H](CCCNC(N)=[NH2+])C(=O)N[C@@H](CCSC)C(=O)N[C@@H](CCCC[NH3+])C(=O)N[C@@H](Cc1c[nH]c2ccccc12)C(=O)N[C@@H](CCCC[NH3+])C(=O)N[C@H](C=O)CCCC[NH3+],1,13.623829,4
NCC(=O)N[C@@H](CCCNC(N)=[NH2+])C(=O)N[C@@H](CCCC[NH3+])C(=O)N[C@@H](CCCC[NH3+])C(=O)N[C@@H](CCCNC(N)=[NH2+])C(=O)N[C@@H](CCCNC(N)=[NH2+])C(=O)N[C@@H](CCC(N)=O)C(=O)N[C@@H](CCCNC(N)=[NH2+])C(=O)N[C@@H](CCCNC(N)=[NH2+])C(=O)N[C@@H](CCCNC(N)=[NH2+])C(=O)N1CCC[C@H]1C(=O)N1CCC[C@H]1C(=O)N[C@@H](CCC(N)=O)C(=O)N[C@H](C=O)Cc1ccc(O)cc1,1,12.040906,4
CC(=O)N[C@@H](CCCNC(N)=[NH2+])C(=O)N[C@@H](CCCNC(N)=[NH2+])C(=O)N[C@@H](CCCNC(N)=[NH2+])C(=O)N[C@@H](CCCNC(N)=[NH2+])C(=O)N[C@@H](CCCNC(N)=[NH2+])C(=O)N[C@@H](CCCNC(N)=[NH2+])C(=O)N[C@@H](CCCNC(N)=[NH2+])C(=O)N[C@@H](CCCNC(N)=[NH2+])C(N)=O,1,3.8980503,4
NC(=[NH2+])NCCC[C@@H](N)C(=O)N[C@H](CCCNC(N)=[NH2+])C(=O)N[C@H](CCCNC(N)=[NH2+])C(=O)N[C@H](CCCNC(N)=[NH2+])C(=O)N[C@H](CCCNC(N)=[NH2+])C(=O)N[C@@H](C=O)CCCNC(N)=[NH2+],1,21.777355,4
NC(=[NH2+])NCCC[C@@H](C=O)NC(=O)[C@H](CCCNC(N)=[NH2+])NC(=O)[C@H](CCCNC(N)=[NH2+])NC(=O)[C@H](CCCNC(N)=[NH2+])NC(=O)[C@H](CCCNC(N)=[NH2+])NC(=O)[C@@H](N)CCCNC(N)=[NH2+],1,18.866268,4
CC[C@H](C)[C@H](NC(=O)[C@@H](NC(=O)[C@@H](N)Cc1c[nH]c2ccccc12)[C@@H](C)CC)C(=O)N[C@@H](Cc1ccccc1)C(=O)N[C@@H](CCCNC(N)=[NH2+])C(=O)N[C@@H](C)C(=O)N[C@@H](C)C(=O)N[C@@H](C)C(=O)N[C@@H](CO)C(=O)NC(CC1CNCN1)C(O)N[C@@H](CCCC[NH3+])C(=O)N[C@H](C=O)CCCC[NH3+],1,8.681263,4
CC(C)C[C@H](NC(=O)[C@H](CCCNC(N)=[NH2+])NC(=O)[C@H](CCC(=O)O)NC(=O)[C@H](CC(=O)O)NC(=O)[C@H](C)NC(=O)[C@@H]1CCCN1C(=O)[C@H](CS)NC(=O)[C@H](CC(N)=O)NC(=O)[C@H](CCCNC(N)=[NH2+])NC(=O)[C@H](Cc1ccccc1)NC(=O)[C@H](CCCNC(N)=[NH2+])NC(=O)[C@H](CC(=O)O)NC(=O)[C@H](CCCNC(N)=[NH2+])NC(=O)[C@H](CS)NC(=O)[C@H](C)N)C(=O)N[C@@H](CS)C(=O)NCC=O,1,2.490406,4
CC(C)C[C@H](NC(=O)[C@H](C)NC(=O)[C@H](CCCC[NH3+])NC(=O)[C@H](CC(C)C)NC(=O)[C@H](C)NC(=O)[C@H](CC(C)C)NC(=O)[C@H](CCCC[NH3+])NC(=O)[C@H](CC(C)C)NC(=O)[C@H](C)NC(=O)[C@H](CC(C)C)NC(=O)[C@@H](N)CCCC[NH3+])C(=O)N[C@@H](CCCC[NH3+])C(=O)N[C@@H](C)C(=O)N[C@@H](C)C(=O)N[C@@H](CC(C)C)C(=O)N[C@@H](CCCC[NH3+])C(=O)N[C@@H](CC(C)C)C(=O)N[C@@H](C)C(=O)NCC(=O)N[C@H](C=O)CS,1,7.6620536,4
NC(=[NH2+])NCCC[C@H](NC(=O)[C@H](CCCNC(N)=[NH2+])NC(=O)[C@H](CCCNC(N)=[NH2+])NC(=O)[C@H](CCCNC(N)=[NH2+])NC(=O)[C@H](CCCNC(N)=[NH2+])NC(=O)[C@H](CCCNC(N)=[NH2+])NC(=O)[C@H](CCCNC(N)=[NH2+])NC(=O)[C@@H](N)CCCNC(N)=[NH2+])C(=O)NCC(=O)N[C@@H](CS)C(N)=O,1,6.6839147,4
CC[C@H](C)[C@H](NC(=O)[C@H](CCCC[NH3+])NC(=O)[C@H](CCCC[NH3+])NC(=O)[C@H](C)NC(=O)[C@H](CC(C)C)NC(=O)[C@H](C)NC(=O)[C@H](C)NC(=O)[C@H](CC(C)C)NC(=O)[C@H](C)NC(=O)[C@H](CCCC[NH3+])NC(=O)[C@H](CC(C)C)NC(=O)[C@H](CC(N)=O)NC(=O)[C@@H](NC(=O)[C@H](CCCC[NH3+])NC(=O)CNC(=O)[C@H](CC(C)C)NC(=O)[C@H](CC(C)C)NC(=O)[C@H](Cc1ccc(O)cc1)NC(=O)CNC(=O)[C@H](C)NC(=O)[C@H](CO)NC(=O)[C@H](CC(N)=O)NC(=O)[C@@H](N)CC(C)C)[C@@H](C)CC)C(=O)N[C@H](C=O)CC(C)C,1,7.2117105,4
CC(=O)N[C@@H](CS)C(=O)N[C@@H](Cc1c[nH]c2ccccc12)C(=O)N[C@@H](CCCC[NH3+])C(=O)N[C@@H](CCCC[NH3+])C(=O)N[C@@H](CCCC[NH3+])C(=O)N[C@@H](CCCC[NH3+])C(=O)N[C@@H](CCCC[NH3+])C(=O)N[C@@H](CCCC[NH3+])C(=O)N[C@@H](CCCC[NH3+])C(=O)N[C@@H](CCCC[NH3+])C(=O)N[C@@H](CCCC[NH3+])C(=O)N[C@@H](CCCC[NH3+])C(=O)N[C@@H](CCCC[NH3+])C(=O)N[C@@H](CCCC[NH3+])C(=O)N[C@@H](CCCC[NH3+])C(=O)N[C@@H](CCCC[NH3+])C(=O)N[C@@H](CCCC[NH3+])C(=O)N[C@@H](CCCC[NH3+])C(=O)N[C@@H](CCCC[NH3+])C(=O)N[C@H](C=O)CCCC[NH3+],1,19.521763,4
CC[C@H](C)[C@H](NC(=O)[C@H](CCCC[NH3+])NC(=O)[C@@H](NC(=O)[C@H](CCC(N)=O)NC(=O)[C@@H]([NH3+])CCCNC(N)=[NH2+])[C@@H](C)CC)C(=O)N[C@@H](Cc1c[nH]c2ccccc12)C(=O)N[C@@H](Cc1ccccc1)C(=O)N[C@@H](CCC(N)=O)C(=O)N[C@@H](CC(N)=O)C(=O)N[C@@H](CCCNC(N)=[NH2+])C(=O)N[C@@H](CCCNC(N)=[NH2+])C(=O)N[C@@H](CCSC)C(=O)N[C@@H](CCCC[NH3+])C(=O)N[C@@H](Cc1c[nH]c2ccccc12)C(=O)N[C@@H](CCCC[NH3+])C(=O)N[C@@H](CCCC[NH3+])C(=O)O,1,8.019056,4
C[C@H](N)C(=O)N[C@@H](CS)C(=O)N[C@@H](CCCNC(N)=[NH2+])C(=O)N[C@@H](CCCNC(N)=[NH2+])C(=O)N[C@@H](CO)C(=O)N[C@@H](CCCNC(N)=[NH2+])C(=O)N[C@@H](CCCNC(N)=[NH2+])C(=O)NCC(=O)N[C@@H](CS)C(=O)NCC(=O)N[C@@H](CCCNC(N)=[NH2+])C(=O)N[C@@H](CCCNC(N)=[NH2+])C(=O)N[C@@H](CO)C(=O)N[C@@H](CCCNC(N)=[NH2+])C(=O)N[C@@H](CCCNC(N)=[NH2+])C(=O)N[C@@H](CS)C(=O)NCC=O,1,9.335867,4
CC(=O)N[C@@H](CCCNC(N)=[NH2+])C(=O)N[C@@H](CC(C)C)C(=O)N[C@@H](CC(C)C)C(=O)N[C@@H](CCCNC(N)=[NH2+])C(=O)N[C@@H](CC(C)C)C(=O)N[C@@H](CC(C)C)C(=O)N[C@@H](CC(C)C)C(=O)N[C@@H](CCCNC(N)=[NH2+])C(=O)N[C@@H](CC(C)C)C(=O)N[C@@H](Cc1c[nH]c2ccccc12)C(=O)N[C@@H](CCCNC(N)=[NH2+])C(=O)N[C@@H](CCCNC(N)=[NH2+])C(=O)N[C@@H](CC(C)C)C(=O)N[C@@H](CC(C)C)C(=O)N[C@@H](CCCNC(N)=[NH2+])C(=O)N[C@@H](CC(C)C)C(=O)N[C@@H](CC(C)C)C(=O)N[C@@H](CCCNC(N)=[NH2+])C(N)=O,1,1.9992884,4
C[C@H](NC(=O)[C@H](CCCC[NH3+])NC(=O)[C@H](CO)NC(=O)[C@H](CCCNC(N)=[NH2+])NC(=O)[C@H](C)NC(O)C(CC1CNCN1)NC(O)C(CC1CNCN1)NC(=O)[C@H](CCCNC(N)=[NH2+])NC(=O)[C@H](CCCNC(N)=[NH2+])NC(=O)[C@@H](N)CO)C(=O)N[C@@H](CCCC[NH3+])C(=O)N[C@@H](CCCNC(N)=[NH2+])C(=O)N[C@@H](CO)C(=O)N[C@@H](CCCNC(N)=[NH2+])C(=O)NC(CC1CNCN1)C(O)NC(CO)CC1CNCN1,1,6.699061,4
NC(=[NH2+])NCCC[C@@H](C=O)NC(=O)[C@H](CCCNC(N)=[NH2+])NC(=O)[C@H](CCCNC(N)=[NH2+])NC(=O)[C@H](CCCNC(N)=[NH2+])NC(=O)[C@H](CCCNC(N)=[NH2+])NC(=O)[C@H](CCCNC(N)=[NH2+])NC(=O)[C@H](CCCNC(N)=[NH2+])NC(=O)[C@H](CCCNC(N)=[NH2+])NC(=O)[C@H](CCCNC(N)=[NH2+])NC(=O)[C@H](CCCNC(N)=[NH2+])NC(=O)[C@@H](N)CCCNC(N)=[NH2+],1,24.249218,4
C[C@H](NC(=O)[C@H](CCC(N)=O)NC(=O)[C@@H](N)CCCNC(N)=[NH2+])C(=O)N[C@@H](CCCNC(N)=[NH2+])C(=O)N[C@@H](CCCNC(N)=[NH2+])C(=O)N[C@@H](CC(N)=O)C(=O)N[C@@H](CCCNC(N)=[NH2+])C(=O)N[C@@H](CCCNC(N)=[NH2+])C(=O)N[C@@H](CCCNC(N)=[NH2+])C(=O)N[C@H](C=O)CS,1,16.177774,4
CC[C@H](C)[C@H](NC(=O)[C@H](CCCC[NH3+])NC(=O)[C@@H](NC(=O)[C@H](CCC(N)=O)NC(=O)[C@@H]([NH3+])CCCNC(N)=[NH2+])[C@@H](C)CC)C(=O)N[C@@H](Cc1c[nH]c2ccccc12)C(=O)N[C@@H](Cc1ccccc1)C(=O)N[C@@H](CCC(N)=O)C(=O)N[C@@H](CC(N)=O)C(=O)N[C@@H](CCCNC(N)=[NH2+])C(=O)N[C@@H](CCCNC(N)=[NH2+])C(=O)N[C@@H](CCSC)C(=O)N[C@@H](CCCC[NH3+])C(=O)N[C@@H](Cc1c[nH]c2ccccc12)C(=O)N[C@@H](CCCC[NH3+])C(=O)N[C@@H](CCCC[NH3+])C(=O)O,1,8.019056,4
NC(=[NH2+])NCCC[C@@H](NC(=O)[C@H](N)CS)C(=O)N[C@H](Cc1c[nH]c2ccccc12)C(=O)N[C@H](CCCNC(N)=[NH2+])C(=O)N[C@H](Cc1c[nH]c2ccccc12)C(=O)N[C@H](CCCC[NH3+])C(=O)N[C@H](CS)C(=O)N[C@H](CS)C(=O)N[C@H](CCCC[NH3+])C(=O)N[C@@H](C=O)CCCC[NH3+],1,10.284256,4
NC(=[NH2+])NCCC[C@H](NC(=O)[C@H](Cc1c[nH]c2ccccc12)NC(=O)[C@@H](CCCNC(N)=[NH2+])NC(=O)[C@@H](N)CS)C(=O)N[C@@H](Cc1c[nH]c2ccccc12)C(=O)N[C@@H](CCCC[NH3+])C(=O)N[C@@H](CS)C(=O)N[C@@H](CS)C(=O)N[C@@H](CCCC[NH3+])C(=O)N[C@H](C=O)CCCC[NH3+],1,7.606899,4
CC[C@H](C)[C@H](NC(=O)[C@H](CC(C)C)NC(=O)[C@@H](N)CCCC[NH3+])C(=O)N[C@@H](CCCC[NH3+])C(=O)NCC(=O)N[C@@H](CCCNC(N)=[NH2+])C(=O)N[C@H](C(=O)N1CCC[C@H]1C(=O)N[C@H](C(=O)N[C@@H](CCCC[NH3+])C(=O)N[C@@H](Cc1ccccc1)C(=O)NCC(=O)N[C@@H](CCCC[NH3+])C(=O)N[C@@H](C)C(=O)N[C@@H](CC(=O)O)C(=O)N[C@@H](CS)C(=O)N[C@@H](CC(=O)O)C(=O)N[C@@H](CCCNC(N)=[NH2+])C(=O)N1CCC[C@H]1C(=O)N1CCC[C@H]1C(=O)N[C@@H](CCCC[NH3+])C(=O)NC(CC1CNCN1)C(O)N[C@@H](CO)C(=O)NCC(=O)N[C@H](C=O)CCCC[NH3+])[C@@H](C)CC)[C@@H](C)O,1,10.2412195,4
CC[C@H](C)[C@H](NC(=O)[C@H](CCCC[NH3+])NC(=O)[C@@H](NC(=O)[C@H](CCC(N)=O)NC(=O)[C@@H]([NH3+])CCCNC(N)=[NH2+])[C@@H](C)CC)C(=O)N[C@@H](Cc1c[nH]c2ccccc12)C(=O)N[C@@H](Cc1ccccc1)C(=O)N[C@@H](CCC(N)=O)C(=O)N[C@@H](CC(N)=O)C(=O)N[C@@H](CCCNC(N)=[NH2+])C(=O)N[C@@H](CCCNC(N)=[NH2+])C(=O)N[C@@H](CCSC)C(=O)N[C@@H](CCCC[NH3+])C(=O)N[C@@H](Cc1c[nH]c2ccccc12)C(=O)N[C@@H](CCCC[NH3+])C(=O)N[C@@H](CCCC[NH3+])C(=O)O,1,8.019056,4
C[C@H](NC(=O)[C@H](CCCNC(N)=[NH2+])NC(=O)[C@H](CCCNC(N)=[NH2+])NC(=O)[C@H](CCC(=O)O)NC(=O)[C@H](CCCNC(N)=[NH2+])NC(=O)[C@H](CCCNC(N)=[NH2+])NC(=O)[C@@H](N)CCCNC(N)=[NH2+])C(=O)N[C@@H](CCC(=O)O)C(=O)N[C@H](C=O)CCCC[NH3+],1,19.706017,4
NCC(=O)N[C@@H](CCCNC(N)=[NH2+])C(=O)N[C@@H](CCCC[NH3+])C(=O)N[C@@H](CCCC[NH3+])C(=O)N[C@@H](CCCNC(N)=[NH2+])C(=O)N[C@@H](CCCNC(N)=[NH2+])C(=O)N[C@@H](CCC(N)=O)C(=O)N[C@@H](CCCNC(N)=[NH2+])C(=O)N[C@@H](CCCNC(N)=[NH2+])C(=O)N[C@@H](CCCNC(N)=[NH2+])C(=O)N1CCC[C@H]1C(=O)N1CCC[C@H]1C(=O)N[C@H](C=O)CCC(N)=O,1,15.178521,4
NC(=[NH2+])NCCC[C@@H](C=O)NC(=O)[C@H](CCCNC(N)=[NH2+])NC(=O)[C@H](CCCNC(N)=[NH2+])NC(=O)[C@H](CCCNC(N)=[NH2+])NC(=O)[C@H](CCCNC(N)=[NH2+])NC(=O)[C@H](CCCNC(N)=[NH2+])NC(=O)[C@H](CCCNC(N)=[NH2+])NC(=O)[C@H](CCCNC(N)=[NH2+])NC(=O)[C@H](Cc1c[nH]c2ccccc12)NC(=O)[C@H](Cc1c[nH]c2ccccc12)NC(=O)[C@H](Cc1c[nH]c2ccccc12)NC(=O)[C@@H](N)Cc1c[nH]c2ccccc12,1,14.1770525,4
CC[C@H](C)[C@H](NC(=O)[C@H](CCCNC(N)=[NH2+])NC(=O)[C@@H](NC(=O)[C@H](CCC(N)=O)NC(=O)[C@@H](N)CCCNC(N)=[NH2+])[C@@H](C)CC)C(=O)N[C@@H](Cc1c[nH]c2ccccc12)C(=O)N[C@@H](Cc1ccccc1)C(=O)N[C@@H](CCC(N)=O)C(=O)N[C@@H](CC(N)=O)C(=O)N[C@@H](CCCNC(N)=[NH2+])C(=O)N[C@@H](CCCNC(N)=[NH2+])C(=O)N[C@@H](CCSC)C(=O)N[C@@H](CCCNC(N)=[NH2+])C(=O)N[C@@H](Cc1c[nH]c2ccccc12)C(=O)N[C@@H](CCCNC(N)=[NH2+])C(=O)N[C@H](C=O)CCCNC(N)=[NH2+],1,14.1153555,4
CC(C)C[C@H](NC(=O)[C@H](CO)NC(=O)[C@H](CO)NC(=O)[C@H](Cc1c[nH]c2ccccc12)NC(=O)[C@H](CC(C)C)NC(=O)[C@H](CO)NC(=O)[C@@H]1CCCN1C(=O)[C@H](Cc1c[nH]c2ccccc12)NC(=O)[C@H](C)NC(=O)[C@H](CO)NC(=O)[C@H](Cc1c[nH]c2ccccc12)NC(=O)[C@H](CC(C)C)NC(=O)[C@@H](N)CCCC[NH3+])C(=O)N[C@@H](Cc1c[nH]c2ccccc12)C(=O)N[C@@H](CCCC[NH3+])C(=O)N1CCC[C@H]1C(N)=O,1,-5.973239,4
CC[C@H](C)[C@@H]1NC(=O)[C@@H]2CCCN2C(=O)[C@@H]2CCCN2C(=O)[C@H]([C@@H](C)CC)NC(=O)[C@H](CO)NC(=O)[C@H](CCCC[NH3+])NC(=O)[C@H]([C@@H](C)O)NC(=O)[C@@H]2CSSC[C@H](NC1=O)C(=O)N[C@@H](Cc1ccccc1)C(=O)N1CCC[C@H]1C(=O)N[C@@H](CC(=O)O)C(=O)NCC(=O)N[C@@H](CCCNC(N)=[NH2+])C(=O)N2,1,-4.956404,4
CC(C)C[C@H](NC(=O)[C@@H](NC(=O)[C@H](CCCCN)NC(=O)[C@H](Cc1ccc(O)cc1)NC(=O)[C@@H](NC(=O)[C@H](Cc1ccc(O)cc1)NC(=O)[C@@H](NC(=O)[C@H](CO)NC(=O)[C@H](Cc1ccc(O)cc1)NC(=O)[C@H](CO)NC(=O)[C@H](CCC(=O)O)NC(=O)[C@H](CCCCN)NC(=O)[C@H](CCCNC(=N)N)NC(=O)[C@H](CO)NC(=O)[C@H](CCCNC(=N)N)NC1=[O+]C(CN)CC[C@@H]1NC(=O)[C@H](CCCNC(=N)N)NC(=O)[C@H](CCCCN)NC(=O)[C@H](CCCCN)NC(=O)CNC(=O)[C@H](CC(=O)O)NC(=O)[C@H](CCCCN)NC(=O)[C@H](CCCCN)NC(=O)[C@H](CCC(N)=O)NC(=O)[C@H](C)NC(=O)[C@H](CCCCN)NC(=O)[C@@H](NC(=O)[C@@H](NC(=O)[C@H](C)NC(=O)[C@H](CCCCN)NC(=O)[C@H](CCCCN)NC(=O)[C@H](CO)NC(=O)CNC(=O)[C@@H](N)CCCCN)C(C)C)[C@@H](C)O)C(C)C)C(C)C)C(C)C)C(=O)N[C@@H](CCCCN)C(=O)N[C@H](C=O)CCC(N)=O,1,3.4248712,4
C[C@@H](O)[C@@H](C=O)NC(=O)[C@H](CCCNC(N)=[NH2+])NC(=O)[C@H](CCCC[NH3+])NC(=O)[C@H](CCCC[NH3+])NC(=O)[C@H](CCCNC(N)=[NH2+])NC(=O)[C@H](CCCC[NH3+])NC(=O)[C@H](CCCNC(N)=[NH2+])NC(=O)CN,1,8.075467,4
C[C@H](NC(=O)[C@H](CCCNC(N)=[NH2+])NC(=O)[C@H](CCCNC(N)=[NH2+])NC(=O)[C@H](CCCNC(N)=[NH2+])NC(=O)[C@H](CCCNC(N)=[NH2+])NC(=O)CN)C(=O)N[C@H](C(=O)N[C@@H](C)C(=O)N[C@@H](CCCC[NH3+])C(=O)N[C@@H](Cc1ccc(O)cc1)C(=O)N[C@@H](CCCNC(N)=[NH2+])C(=O)N[C@H](C(=O)N[C@@H](C)C(=O)NC(CO)CC1CNCN1)[C@@H](C)O)[C@@H](C)O,1,3.0315354,4
CC[C@H](C)[C@H](NC(=O)[C@H](CCCC[NH3+])NC(=O)[C@H](C)NC(=O)[C@H](CCC(N)=O)NC(=O)[C@@H](N)CCCNC(N)=[NH2+])C(=O)N[C@@H](Cc1c[nH]c2ccccc12)C(=O)N[C@@H](Cc1ccccc1)C(=O)N[C@@H](CCC(N)=O)C(=O)N[C@@H](CC(N)=O)C(=O)N[C@@H](CCCNC(N)=[NH2+])C(=O)N[C@@H](CCCNC(N)=[NH2+])C(=O)N[C@@H](CCSC)C(=O)N[C@@H](CCCC[NH3+])C(=O)N[C@@H](Cc1c[nH]c2ccccc12)C(=O)N[C@@H](CCCC[NH3+])C(=O)N[C@H](C=O)CCCC[NH3+],1,14.526844,4
CC[C@H](C)[C@H](NC(=O)[C@H](CCCC[NH3+])NC(=O)[C@@H](NC(=O)[C@H](CCC(N)=O)NC(=O)[C@@H](N)CCCNC(N)=[NH2+])[C@@H](C)CC)C(=O)N[C@@H](Cc1c[nH]c2ccccc12)C(=O)N[C@@H](Cc1ccccc1)C(=O)N[C@@H](CCC(N)=O)C(=O)N[C@@H](CC(N)=O)C(=O)N[C@@H](CCCNC(N)=[NH2+])C(=O)N[C@@H](CCCNC(N)=[NH2+])C(=O)N[C@H](C=O)CCSC,1,10.646033,4
CC[C@H](C)[C@H](NC(=O)[C@@H](NC(=O)[C@@H]1CCCN1C(=O)[C@H](CCCC[NH3+])NC(=O)[C@H](CCCC[NH3+])NC(=O)[C@@H](NC(=O)[C@@H]1CCCN1C(=O)[C@H](CCCC[NH3+])NC(=O)[C@@H](NC(=O)[C@@H](NC(=O)[C@@H](NC(=O)[C@H](CCCC[NH3+])NC(=O)[C@H](CCCC[NH3+])NC(=O)CNC(=O)[C@@H]1CCCN1C(=O)[C@H](CCCC[NH3+])NC(=O)[C@H](CCCC[NH3+])NC(=O)[C@H](CC(N)=O)NC(=O)[C@@H]1CCCN1C(=O)[C@@H](NC(=O)[C@H](CCCNC(N)=[NH2+])NC(=O)[C@@H](N)CCCC[NH3+])[C@@H](C)CC)[C@@H](C)O)[C@@H](C)O)[C@@H](C)O)[C@@H](C)O)[C@@H](C)O)C(=O)N[C@@H](CCCC[NH3+])C(=O)N[C@H](C(=O)N[C@H](C(=O)N[C@@H](CCCC[NH3+])C(=O)N[C@H](C=O)CCCC[NH3+])[C@@H](C)O)[C@@H](C)O,1,11.945374,4
NC(=[NH2+])NCCC[C@@H](N)C(=O)N[C@H](CCCNC(N)=[NH2+])C(=O)N[C@H](CCCNC(N)=[NH2+])C(=O)N[C@H](CCCNC(N)=[NH2+])C(=O)N[C@H](CCCNC(N)=[NH2+])C(=O)N[C@H](CCCNC(N)=[NH2+])C(=O)N[C@H](CCCNC(N)=[NH2+])C(=O)N[C@H](CCCNC(N)=[NH2+])C(=O)N[C@H](CCCNC(N)=[NH2+])C(=O)N[C@H](CCCNC(N)=[NH2+])C(=O)N[C@H](CCCNC(N)=[NH2+])C(=O)N[C@H](CCCNC(N)=[NH2+])C(N)=O,1,12.669935,4
C[C@@H](O)[C@H](NC(=O)[C@H](CCCNC(N)=[NH2+])NC(=O)[C@H](CCCC[NH3+])NC(=O)[C@H](CC(N)=O)NC(=O)CNC(=O)[C@@H](N)CS)C(=O)N[C@@H](CCCNC(N)=[NH2+])C(=O)NCC(=O)N[C@H](C=O)CS,1,2.1469579,4
CC(C)C[C@H](NC(=O)CN)C(=O)N[C@@H](CCCC[NH3+])C(=O)N[C@@H](CCCC[NH3+])C(=O)N[C@@H](CC(C)C)C(=O)N[C@@H](C)C(=O)N[C@@H](CCC(=O)O)C(=O)N[C@@H](CC(C)C)C(=O)N[C@@H](C)C(=O)NC(CC1CNCN1)C(O)N[C@@H](CCCC[NH3+])C(=O)N[C@@H](CC(C)C)C(=O)N[C@@H](CC(C)C)C(=O)N[C@@H](CCCC[NH3+])C(=O)N[C@@H](CC(C)C)C(=O)NCC(=O)N[C@@H](CS)C(N)=O,1,-1.749301,4
CC[C@H](C)[C@H](NC(=O)[C@H](CCCNC(N)=[NH2+])NC(=O)[C@@H](N)CCCC[NH3+])C(=O)N1CCC[C@H]1C(=O)N[C@@H](CC(N)=O)C(=O)N[C@@H](CCCC[NH3+])C(=O)N[C@@H](CCCC[NH3+])C(=O)N1CCC[C@H]1C(=O)N[C@@H](CCCC[NH3+])C(=O)N[C@H](C=O)CCCC[NH3+],1,10.908783,4
CCC[C@@H](C=O)NC(=O)[C@H](C)NC(=O)[C@H](C)NC(=O)[C@H](Cc1c[nH]c2ccccc12)NC(=O)[C@H](CCC(=O)O)NC(=O)CNC(=O)[C@@H](NC(=O)[C@H](CC(C)C)NC(=O)[C@H](CCCNC(=N)N)NC(=O)[C@H](CCC)NC(=O)[C@@H](NC(=O)[C@H](Cc1c[nH]cn1)NC(=O)[C@@H](NC(=O)[C@@H](NC(=O)[C@H](Cc1ccccc1)NC(=O)[C@@H](NC(=O)[C@H](CCCNC(=N)N)NC(=O)[C@@H](NC(=O)[C@H](CCCNC(=N)N)NC(=O)[C@H](CCC)NC(=O)[C@H](CCC)NC(=O)CNC(=O)[C@H](CS)NC(=O)[C@H](C)NC(=O)[C@H](CCCNC(=N)N)NC(=O)[C@H](CCCNC(=N)N)NC(=O)[C@@H](NC(=O)[C@H](CCCNC(=N)N)NC(=O)[C@H](CC(C)C)NC(=O)[C@@H](NC(=O)[C@@H](NC(=O)[C@H](CC(C)C)NC(=O)[C@H](Cc1ccccc1)NC(=O)[C@H](CCCNC(=N)N)NC(=O)[C@H](CCCNC(=N)N)NC(=O)[C@@H](NC(=O)[C@@H](N)CCSC)C(C)C)C(C)C)[C@@H](C)O)[C@@H](C)CC)C(C)C)C(C)C)C(C)C)C(C)C)[C@@H](C)CC)[C@@H](C)O,1,0.8008902,4
CC(C)C[C@H](NC(=O)[C@H](CCCC[NH3+])NC(=O)[C@H](CCCNC(N)=[NH2+])NC(=O)[C@H](Cc1ccccc1)NC(=O)[C@H](Cc1ccccc1)NC(=O)[C@H](CCCC[NH3+])NC(=O)[C@H](CCCC[NH3+])NC(=O)[C@H](Cc1ccccc1)NC(=O)[C@H](CCCNC(N)=[NH2+])NC(=O)[C@H](CCCC[NH3+])NC(=O)[C@@H](N)C(C)C)C(=O)N[C@@H](CCCC[NH3+])C(=O)N[C@@H](CCCC[NH3+])C(=O)N[C@@H](CC(C)C)C(=O)N[C@H](C(N)=O)C(C)C,1,2.5064425,4
CC[C@H](C)[C@H](NC(=O)[C@H](CC(C)C)NC(=O)[C@@H](NC(=O)[C@H](CCCNC(N)=[NH2+])NC(=O)[C@H](Cc1ccccc1)NC(=O)[C@@H](NC(=O)[C@@H](NC(=O)[C@@H](N)CC(C)C)[C@@H](C)CC)[C@@H](C)CC)[C@@H](C)CC)C(=O)N[C@@H](CO)C(=O)NC(CC1CNCN1)C(O)N[C@@H](CCCNC(N)=[NH2+])C(=O)N[C@H](C=O)CCCNC(N)=[NH2+],1,12.26439,4
CC[C@H](C)[C@H](NC(=O)[C@H](C)NC(=O)[C@@H](NC(=O)[C@@H](N)Cc1ccc(O)cc1)[C@@H](C)O)C(=O)N[C@@H](C)C(=O)N[C@@H](Cc1c[nH]c2ccccc12)C(=O)N[C@H](C(=O)N[C@@H](CCCC[NH3+])C(=O)N[C@@H](C)C(=O)N[C@@H](Cc1ccccc1)C(=O)N[C@H](C(=O)N[C@@H](CCCNC(N)=[NH2+])C(=O)N[C@@H](CCCC[NH3+])C(=O)N[C@@H](CC(C)C)C(=O)N[C@@H](CCCNC(N)=[NH2+])C(=O)N[C@H](C=O)CCCC[NH3+])[C@@H](C)CC)C(C)C,1,9.569653,4
CCC(NC(=O)[C@H](CC(=O)O)NC(=O)CN)C(O)N[C@@H](CC(C)C)C(=O)N1CCC[C@H]1C(=O)NC(CC1CNCN1)C(O)N[C@@H](CC(C)C)C(=O)N[C@@H](CCCCN)C(=O)N[C@@H](CC(C)C)C(=O)N[C@@H](CS)C(=O)O,1,-1.4262395,4
CC[C@H](C)[C@H](NC(=O)[C@H](CS)NC(=O)[C@H](CO)NC(=O)[C@@H](NC(=O)[C@@H]1CCCN1C(=O)[C@@H]1CCCN1C(=O)CNC(=O)[C@H](CCCNC(N)=[NH2+])NC(=O)[C@@H](NC(=O)[C@H](CCCC[NH3+])NC(=O)[C@H](CCCNC(N)=[NH2+])NC(=O)[C@H](CCSC)NC(=O)[C@H](CC(N)=O)NC(=O)[C@H](CCCNC(N)=[NH2+])NC(=O)[C@H](CCC(N)=O)NC(=O)[C@H](Cc1c[nH]c2ccccc12)NC(=O)[C@@H](N)CCC(N)=O)C(C)C)C(C)C)C(=O)N[C@@H](CCCC[NH3+])C(=O)N[C@H](C=O)CCCNC(N)=[NH2+],1,8.100061,4
C[C@H](N)C(=O)N[C@@H](CS)C(=O)N[C@@H](CCCNC(N)=[NH2+])C(=O)NCC(=O)N[C@@H](CCCNC(N)=[NH2+])C(=O)NCC(=O)N[C@@H](CCCNC(N)=[NH2+])C(=O)NCC(=O)N[C@@H](CS)C(=O)N[C@@H](CCCNC(N)=[NH2+])C(=O)NCC(=O)N[C@@H](CCCNC(N)=[NH2+])C(=O)NCC(=O)N[C@@H](CCCNC(N)=[NH2+])C(=O)NCC(=O)N[C@@H](CS)C(=O)NCC=O,1,8.953313,4
CC[C@H](C)[C@H](NC(=O)[C@H](CCCC[NH3+])NC(=O)[C@H](Cc1ccccc1)NC(=O)[C@@H](NC(=O)[C@@H](NC(=O)[C@@H](N)CCSC)[C@@H](C)CC)[C@@H](C)CC)C(=O)N[C@@H](C)C(=O)N[C@@H](C)C(=O)N[C@@H](CO)C(=O)NC(CC1CNCN1)C(O)N[C@@H](CCCC[NH3+])C(=O)N[C@H](C=O)CCCC[NH3+],1,10.764362,4
CC[C@H](C)[C@H](NC(=O)[C@H](CCCNC(N)=[NH2+])NC(=O)[C@H](CCCNC(N)=[NH2+])NC(=O)[C@H](CCCNC(N)=[NH2+])NC(=O)[C@H](CC(C)C)NC(=O)[C@@H](NC(=O)[C@@H](NC(=O)[C@H](CC(C)C)NC(=O)[C@@H](N)CC(C)C)[C@@H](C)CC)[C@@H](C)CC)C(=O)N[C@@H](CCCNC(N)=[NH2+])C(=O)N[C@@H](CCCC[NH3+])C(=O)N[C@@H](CCC(N)=O)C(=O)N[C@@H](C)C(=O)NC(CC1CNCN1)C(O)N[C@H](C)C(=O)NC(CC1CNCN1)C(O)N[C@@H](CO)C(=O)N[C@H](C=O)CCCC[NH3+],1,15.211481,4
CC[C@H](C)[C@H](NC(=O)[C@H](CC(C)C)NC(=O)[C@H](CC(=O)O)NC(=O)[C@H](CCCNC(N)=[NH2+])NC(=O)[C@H](C)NC(=O)[C@@H](NC(=O)[C@@H](NC(=O)[C@@H](N)CCSC)[C@@H](C)CC)[C@@H](C)CC)C(=O)N[C@H](C=O)CO,1,8.892551,4
CC[C@H](C)[C@H](NC(=O)[C@H](CCCC[NH3+])NC(=O)[C@H](CCCC[NH3+])NC(=O)[C@H](C)NC(=O)[C@H](CC(C)C)NC(=O)[C@H](C)NC(=O)[C@H](C)NC(=O)[C@H](CC(C)C)NC(=O)[C@H](C)NC(=O)[C@H](CCCC[NH3+])NC(=O)[C@H](CC(C)C)NC(=O)[C@H](CC(N)=O)NC(=O)[C@@H](NC(=O)[C@H](CCCC[NH3+])NC(=O)CNC(=O)[C@H](CC(C)C)NC(=O)[C@H](CC(C)C)NC(=O)[C@H](Cc1ccc(O)cc1)NC(=O)CNC(=O)[C@H](C)NC(=O)[C@H](CO)NC(=O)[C@H](CC(N)=O)NC(=O)[C@H](CC(C)C)NC(=O)[C@@H](NC(=O)[C@H](Cc1c[nH]c2ccccc12)NC(=O)CN)[C@@H](C)O)[C@@H](C)CC)C(=O)N[C@H](C=O)CC(C)C,1,6.8918557,4
CC[C@H](C)[C@H](NC(=O)CNC(=O)[C@H](CC(=O)O)NC(=O)[C@H](CO)NC(=O)[C@@H]([NH3+])Cc1c[nH]cn1)C(=O)N[C@@H](Cc1ccccc1)C(=O)N[C@H](C(=O)N[C@@H](CC(=O)O)C(=O)N[C@@H](CO)C(=O)N[C@@H](Cc1ccc(O)cc1)C(=O)N[C@@H](CO)C(=O)N[C@@H](CCCNC(N)=[NH2+])C(=O)N[C@@H](Cc1ccc(O)cc1)C(=O)N[C@@H](CCCNC(N)=[NH2+])C(=O)N[C@@H](CCCC[NH3+])C(=O)N[C@@H](CCC(N)=O)C(=O)N[C@@H](CCSC)C(=O)N[C@@H](C)C(=O)N[C@H](C(=O)N[C@@H](CCCC[NH3+])C(=O)N[C@@H](CCCC[NH3+])C(=O)N[C@@H](Cc1ccc(O)cc1)C(=O)N[C@@H](CC(C)C)C(=O)N[C@@H](C)C(=O)N[C@@H](C)C(=O)N[C@H](C(=O)N[C@@H](CC(C)C)C(=O)NCC(=O)N[C@@H](CCCC[NH3+])C(=O)N[C@@H](CCCNC(N)=[NH2+])C(=O)N[C@@H](Cc1ccc(O)cc1)C(=O)N[C@@H](CCCC[NH3+])C(=O)N[C@@H](CCC(N)=O)C(=O)N[C@@H](CCCNC(N)=[NH2+])C(=O)N[C@H](C(=O)N[C@@H](CCCC[NH3+])C(=O)N[C@@H](CC(N)=O)C(=O)N[C@@H](CCCC[NH3+])C(N)=O)C(C)C)C(C)C)C(C)C)[C@@H](C)O,1,-1.9015316,4
CC[C@H](C)[C@H](NC(=O)[C@H](CC(N)=O)NC(=O)[C@H](C)NC(=O)[C@H](CC(C)C)NC(=O)[C@H](CC(C)C)NC(=O)[C@H](CC(N)=O)NC(=O)[C@H](CO)NC(O)C(CC1CNCN1)NC(O)C(CC1CNCN1)NC(=O)[C@H](CCCNC(N)=[NH2+])NC(=O)[C@H](CC(C)C)NC(O)C(CC1CNCN1)NC(=O)[C@H](CCCNC(N)=[NH2+])NC(=O)[C@H](CC(C)C)NC(=O)[C@H](CC(C)C)NC(=O)[C@H](CC(C)C)NC(=O)CNC(=O)[C@H](CC(C)C)NC(C)=O)C(N)=O,1,-2.5362158,4
NC(=[NH2+])NCCC[C@@H](N)C(=O)N[C@H](CCCNC(N)=[NH2+])C(=O)N[C@H](CCCNC(N)=[NH2+])C(=O)N[C@H](CCCNC(N)=[NH2+])C(=O)N[C@H](CCCNC(N)=[NH2+])C(=O)N[C@H](CCCNC(N)=[NH2+])C(=O)N[C@H](CCCNC(N)=[NH2+])C(=O)N[C@H](CCCNC(N)=[NH2+])C(=O)N[C@H](CCCNC(N)=[NH2+])C(=O)N[C@H](CCCNC(N)=[NH2+])C(=O)N[C@H](CCCNC(N)=[NH2+])C(=O)N[C@H](CCCNC(N)=[NH2+])C(=O)NCC(=O)N[C@@H](CS)C(N)=O,1,14.685141,4
CC(C)[C@H](NC(=O)[C@H](CCCNC(N)=[NH2+])NC(=O)[C@H](CCCNC(N)=[NH2+])NC(=O)[C@H](CCCNC(N)=[NH2+])NC(=O)[C@H](CC(N)=O)NC(=O)[C@H](CCCNC(N)=[NH2+])NC(=O)[C@H](CCCNC(N)=[NH2+])NC(=O)[C@@H](NC(=O)[C@@H](N)CCCNC(N)=[NH2+])[C@@H](C)O)C(=O)N[C@H](C=O)CCCNC(N)=[NH2+],1,18.149023,4
CC[C@H](C)[C@H](NC(=O)[C@H](CO)NC(=O)[C@H](CCCCN)NC(=O)[C@@H](NC(=O)[C@H](CCCNC(=N)N)NC(=O)[C@H](CCC(=O)O)NC(=O)[C@H](Cc1c[nH]c2ccccc12)NC(=O)[C@H](CCSC)NC(=O)[C@H](CO)NC(=O)[C@H](C)N)C(C)C)C(=O)N[C@H](C(=O)N[C@@H](CCCCN)C(=O)N[C@@H](CO)C(=O)N[C@@H](CO)C(=O)N[C@@H](CC(C)C)C(=O)N[C@@H](C)C(=O)N[C@@H](C)C(=O)N[C@@H](C)C(=O)N[C@@H](CO)C(=O)N[C@@H](CC(N)=O)C(=O)N[C@H](C=O)[C@@H](C)CC)[C@@H](C)CC,1,2.0833013,4
C[C@H](NC(=O)[C@H](CCC(N)=O)NC(=O)[C@H](CCCC[NH3+])NC(=O)[C@H](CCC(=O)O)NC(=O)[C@H](C)NC(=O)[C@H](CCCNC(N)=[NH2+])NC(=O)[C@H](CCCNC(N)=[NH2+])NC(=O)[C@H](CCC(=O)O)NC(=O)[C@H](CCCNC(N)=[NH2+])NC(=O)[C@H](CCCNC(N)=[NH2+])NC(=O)[C@H](CCCNC(N)=[NH2+])NC(=O)[C@@H](NC(=O)[C@@H](N)CCC(N)=O)[C@@H](C)O)C(=O)N[C@@H](CCC(N)=O)C(=O)N[C@H](C=O)Cc1c[nH]c2ccccc12,1,11.903324,4
CC[C@H](C)[C@H](NC(=O)[C@H](C)NC(=O)[C@H](CC(C)C)NC(=O)[C@H](CCCC[NH3+])NC(=O)[C@H](CC(C)C)NC(=O)[C@@H](NC(=O)[C@@H](NC(=O)[C@@H](N)CCCC[NH3+])[C@@H](C)CC)[C@@H](C)O)C(=O)N[C@@H](CCCC[NH3+])C(=O)N[C@@H](C)C(=O)N[C@@H](Cc1c[nH]c2ccccc12)C(=O)N[C@@H](CCCC[NH3+])C(=O)N[C@@H](CC(C)C)C(=O)N[C@@H](C)C(=O)N[C@@H](CC(C)C)C(=O)N[C@@H](CCCC[NH3+])C(=O)N[C@@H](C)C(=O)N[C@@H](C)C(N)=O,1,0.6972936,4
NCC(=O)N[C@@H](CCCNC(N)=[NH2+])C(=O)NCC(=O)N[C@@H](CC(=O)O)C(=O)N[C@@H](CO)C(=O)N1CCC[C@H]1C(=O)N[C@@H](CCCNC(N)=[NH2+])C(=O)N[C@@H](CCCNC(N)=[NH2+])C(=O)N[C@@H](CO)C(=O)N1CCC[C@H]1C(=O)N[C@@H](CCCNC(N)=[NH2+])C(=O)N[C@H](C=O)CCCNC(N)=[NH2+],1,11.065374,4
CC[C@H](C)[C@H](NC(=O)[C@H](CC(C)C)NC(=O)[C@@H](N)CCCC[NH3+])C(=O)N[C@@H](CCCC[NH3+])C(=O)NCC(=O)N[C@@H](CCCNC(N)=[NH2+])C(=O)N[C@H](C(=O)N1CCC[C@H]1C(=O)N[C@H](C(=O)N[C@@H](CCCC[NH3+])C(=O)N[C@@H](Cc1ccccc1)C(=O)NCC(=O)N[C@@H](CCCC[NH3+])C(=O)N[C@@H](C)C(=O)N[C@@H](CCCNC(N)=[NH2+])C(=O)N[C@@H](CS)C(=O)N[C@@H](CCCNC(N)=[NH2+])C(=O)N[C@@H](CCCNC(N)=[NH2+])C(=O)N1CCC[C@H]1C(=O)N1CCC[C@H]1C(=O)N[C@@H](CCCC[NH3+])C(=O)NC(CC1CNCN1)C(O)N[C@@H](CO)C(=O)NCC(=O)N[C@H](C=O)CCCC[NH3+])[C@@H](C)CC)[C@@H](C)O,1,12.894382,4
CC[C@H](C)[C@H](NC(=O)[C@H](CCCNC(N)=[NH2+])NC(=O)[C@H](CC(C)C)NC(=O)[C@H](CCC(N)=O)NC(=O)[C@@H](N)CCCNC(N)=[NH2+])C(=O)N[C@@H](C)C(=O)NCC(=O)N[C@@H](CCCNC(N)=[NH2+])C(=O)N[C@@H](CCCNC(N)=[NH2+])C(=O)N[C@@H](CC(C)C)C(=O)N[C@@H](CCCNC(N)=[NH2+])C(=O)NCC(=O)N[C@@H](CCCNC(N)=[NH2+])C(=O)N[C@@H](CO)C(=O)N[C@H](C=O)CCCNC(N)=[NH2+],1,15.870967,4
NC(=[NH2+])NCCC[C@H](NC(=O)[C@H](CCCNC(N)=[NH2+])NC(=O)[C@H](CCCNC(N)=[NH2+])NC(=O)[C@H](CCCNC(N)=[NH2+])NC(=O)[C@H](CCCNC(N)=[NH2+])NC(=O)[C@H](CCCNC(N)=[NH2+])NC(=O)[C@H](CCCNC(N)=[NH2+])NC(=O)[C@H](CCCNC(N)=[NH2+])NC(=O)[C@@H](N)CCCNC(N)=[NH2+])C(N)=O,1,5.6534076,4
CC(C)C[C@H](NC(=O)CN)C(=O)N[C@@H](Cc1c[nH]c2ccccc12)C(=O)N[C@@H](CCCNC(N)=[NH2+])C(=O)N[C@@H](C)C(=O)N[C@@H](CC(C)C)C(=O)N[C@@H](Cc1c[nH]c2ccccc12)C(=O)N[C@@H](CCCNC(N)=[NH2+])C(=O)N[C@@H](CC(C)C)C(=O)N[C@@H](CC(C)C)C(=O)N[C@@H](CCCNC(N)=[NH2+])C(=O)N[C@@H](CO)C(=O)N[C@@H](CC(C)C)C(=O)N[C@@H](Cc1c[nH]c2ccccc12)C(=O)N[C@@H](CCCNC(N)=[NH2+])C(=O)N[C@@H](CC(C)C)C(=O)N[C@@H](CC(C)C)C(=O)N[C@@H](Cc1c[nH]c2ccccc12)C(=O)N[C@@H](CCCNC(N)=[NH2+])C(=O)N[C@@H](C)C=O,1,9.923999,4
CC(C)C[C@H](NC(=O)CN)C(=O)N[C@@H](CCCC[NH3+])C(=O)N[C@@H](CCCC[NH3+])C(=O)N[C@@H](CC(C)C)C(=O)N[C@@H](C)C(=O)N[C@@H](CCC(=O)O)C(=O)N[C@@H](CC(C)C)C(=O)N[C@@H](Cc1ccccc1)C(=O)NC(CC1CNCN1)C(O)N[C@@H](CCCC[NH3+])C(=O)N[C@@H](CC(C)C)C(=O)N[C@@H](CC(C)C)C(=O)N[C@@H](CCCC[NH3+])C(=O)N[C@@H](CC(C)C)C(=O)NCC(=O)N[C@@H](CS)C(N)=O,1,-1.8689389,4
CSCC[C@H](NC(=O)[C@@H](NC(=O)[C@H](CO)NC(=O)CNC(=O)[C@H](C)NC(=O)[C@H](C)NC(=O)CNC(=O)[C@H](CC(C)C)NC(=O)[C@H](Cc1ccccc1)NC(=O)CNC(=O)[C@H](CC(C)C)NC(=O)[C@H](Cc1ccccc1)NC(=O)[C@H](CC(C)C)NC(=O)[C@H](C)NC(=O)CN)[C@@H](C)O)C(=O)NCC(=O)N[C@@H](C)C(=O)N[C@@H](Cc1c[nH]c2ccccc12)C(=O)N[C@@H](CO)C(=O)N[C@@H](CCC(N)=O)C(=O)N1CCC[C@H]1C(=O)N[C@@H](CCCC[NH3+])C(=O)N[C@@H](CO)C(=O)N[C@@H](CCCC[NH3+])C(=O)N[C@@H](CCCNC(N)=[NH2+])C(=O)N[C@@H](CCCC[NH3+])C(=O)N[C@H](C=O)C(C)C,1,5.0134306,4
CC[C@H](C)[C@H](NC(=O)[C@H](C)NC(=O)[C@H](C)NC(=O)[C@@H]1CCCN1C(=O)[C@H](CCCNC(N)=[NH2+])NC(=O)[C@@H](N)CCCC[NH3+])C(=O)N[C@@H](CCCC[NH3+])C(=O)N[C@@H](CCCC[NH3+])C(=O)N[C@@H](C)C(=O)NCC(=O)N[C@@H](CCC(N)=O)C(=O)N[C@@H](C)C(=O)N[C@@H](CCCC[NH3+])C(=O)N[C@@H](CCCC[NH3+])C(=O)N[C@@H](CCCC[NH3+])C(=O)N[C@H](C=O)CCCC[NH3+],1,14.234531,4
C[C@H](NC(=O)[C@H](CCCC[NH3+])NC(=O)[C@H](CO)NC(=O)[C@H](CCCNC(N)=[NH2+])NC(=O)[C@H](CS)NC(O)C(CC1CNCN1)NC(O)C(CC1CNCN1)NC(=O)[C@H](CCCNC(N)=[NH2+])NC(=O)[C@H](CCCNC(N)=[NH2+])NC(=O)CN)C(=O)N[C@@H](CCCC[NH3+])C(=O)N[C@@H](CCCNC(N)=[NH2+])C(=O)N[C@@H](CO)C(=O)N[C@@H](CCCNC(N)=[NH2+])C(=O)NC(CC1CNCN1)C(O)NC(CO)CC1CNCN1,1,5.262593,4
C[C@H](N)C(=O)N[C@@H](CS)C(=O)N[C@@H](CO)C(=O)NCC(=O)N[C@@H](CO)C(=O)NCC(=O)N[C@@H](CO)C(=O)NCC(=O)N[C@@H](CS)C(=O)NCC(=O)N[C@@H](CO)C(=O)NCC(=O)N[C@@H](CO)C(=O)NCC(=O)N[C@@H](CO)C(=O)N[C@@H](CS)C(=O)NCC=O,1,-6.3134794,4
NC(=[NH2+])NCCC[C@@H](C=O)NC(=O)[C@H](CCCNC(N)=[NH2+])NC(=O)[C@H](CCCNC(N)=[NH2+])NC(=O)[C@H](CCCNC(N)=[NH2+])NC(=O)[C@H](CCCNC(N)=[NH2+])NC(=O)[C@H](CCCNC(N)=[NH2+])NC(=O)[C@H](CCCNC(N)=[NH2+])NC(=O)[C@@H](N)CCCNC(N)=[NH2+],1,22.60094,4
NCC(=O)N[C@@H](CCCC[NH3+])C(=O)NC(CC1CNCN1)C(O)N[C@@H](CCCNC(N)=[NH2+])C(=O)NC(CC1CNCN1)C(O)N[C@@H](CCC(=O)O)C(=O)N[C@@H](CCCNC(N)=[NH2+])C(=O)NCC(=O)NC(CC1CNCN1)C(O)NC(CC1CNCN1)C(O)N[C@@H](CCCNC(N)=[NH2+])C(=O)N[C@@H](CC(=O)O)C(=O)N[C@@H](CCCNC(N)=[NH2+])C(=O)N[C@@H](CCCNC(N)=[NH2+])C(=O)N[C@@H](CCC(=O)O)C(=O)N[C@H](C=O)CCCNC(N)=[NH2+],1,17.447598,4
NC(=[NH2+])NCCC[C@@H](C=O)NC(=O)[C@H](CCCNC(N)=[NH2+])NC(=O)[C@H](CCCNC(N)=[NH2+])NC(=O)[C@H](CCCNC(N)=[NH2+])NC(=O)[C@H](CCCNC(N)=[NH2+])NC(=O)[C@H](CCCNC(N)=[NH2+])NC(=O)[C@H](CCCNC(N)=[NH2+])NC(=O)[C@H](CCCNC(N)=[NH2+])NC(=O)[C@@H](N)Cc1c[nH]c2ccccc12,1,17.692635,4
CC[C@H](C)[C@H](NC(=O)[C@H](CCCC[NH3+])NC(=O)[C@H](CC(C)C)NC(=O)[C@@H](NC(=O)[C@H](CO)NC(=O)[C@H](CCCC[NH3+])NC(=O)[C@H](Cc1c[nH]c2ccccc12)NC(=O)[C@@H](NC(=O)[C@H](CCCC[NH3+])NC(=O)[C@H](C)NC(=O)[C@@H](NC(=O)[C@H](CO)NC(=O)[C@H](CCCC[NH3+])NC(=O)[C@H](C)NC(=O)[C@H](C)NC(=O)[C@@H](NC(=O)[C@@H](N)CCCC[NH3+])[C@@H](C)CC)[C@@H](C)CC)[C@@H](C)CC)[C@@H](C)CC)C(=O)N[C@@H](C)C(N)=O,1,-1.6010162,4
CC[C@H](C)[C@H](NC(=O)[C@H](CCCC[NH3+])NC(=O)[C@@H](NC(=O)[C@H](CCC(N)=O)NC(=O)[C@@H]([NH3+])CCCNC(N)=[NH2+])[C@@H](C)CC)C(=O)N[C@@H](Cc1c[nH]c2ccccc12)C(=O)N[C@@H](Cc1ccccc1)C(=O)N[C@@H](CCC(N)=O)C(=O)N[C@@H](CC(N)=O)C(=O)N[C@@H](CCCNC(N)=[NH2+])C(=O)N[C@@H](CCCNC(N)=[NH2+])C(=O)N[C@@H](CCSC)C(=O)N[C@@H](CCCC[NH3+])C(=O)N[C@@H](Cc1c[nH]c2ccccc12)C(=O)N[C@@H](CCCC[NH3+])C(=O)N[C@@H](CCCC[NH3+])C(=O)O,1,8.019056,4
CC(C)[C@@H](N)C(=O)N[C@H](CS)C(=O)N[C@@H](C(=O)N[C@@H](C=O)CCCNC(N)=[NH2+])C(C)C,1,2.1317844,4
CC(C)C[C@@H](C=O)NC(=O)[C@H](CCC(=O)O)NC(=O)[C@@H](NC(=O)[C@H](CC(C)C)NC(=O)[C@@H](NC(=O)[C@H](CCCC[NH3+])NC(=O)[C@@H](NC(=O)[C@H](CC(C)C)NC(=O)[C@H](CCC(=O)O)NC(=O)[C@H](CCCC[NH3+])NC(=O)[C@H](CC(C)C)NC(=O)[C@@H](NC(=O)[C@H](CCC(=O)O)NC(=O)[C@@H](NC(=O)[C@H](CC(C)C)NC(=O)[C@@H](NC(=O)[C@H](CCCC[NH3+])NC(=O)[C@@H](N)CC(C)C)[C@@H](C)O)[C@@H](C)O)[C@@H](C)O)[C@@H](C)O)[C@@H](C)O)[C@@H](C)O,1,3.1539853,4
CC(C)C[C@H](NC(=O)CNC(=O)[C@H](C)NC(=O)[C@H](CCCNC(=N)N)NC(=O)[C@H](CO)NC(=O)[C@H](CO)NC(=O)[C@H](CCCNC(=N)N)NC(=O)[C@@H](NC(=O)[C@H](CCCCN)NC(=O)[C@H](C)NC(=O)[C@H](CCCCN)NC(=O)[C@H](C)NC(=O)[C@H](CCCNC(=N)N)NC(=O)[C@H](C)NC(=O)[C@H](CCCCN)NC(=O)CNC(=O)CNC(=O)[C@H](CCC(N)=O)NC(=O)[C@H](CCCCN)NC(=O)CNC(=O)[C@H](CCCNC(=N)N)NC(=O)CNC(=O)[C@@H](N)CO)[C@@H](C)O)C(=O)N[C@@H](CCC(N)=O)C(=O)N[C@@H](Cc1ccccc1)C(=O)N1CCC[C@H]1C(=O)N[C@H](C(=O)NCC(=O)N[C@@H](CCCNC(=N)N)C(=O)N[C@H](C(=O)N[C@@H](Cc1c[nH]cn1)C(=O)N[C@@H](CCCNC(=N)N)C(=O)N[C@@H](CC(C)C)C(=O)N[C@@H](CC(C)C)C(=O)N[C@@H](CCCNC(=N)N)C(=O)N[C@@H](CCCCN)C(=O)NCC=O)C(C)C)C(C)C,1,1.8461767,4
CC[C@H](C)[C@H](NC(=O)[C@H](CCCC[NH3+])NC(=O)[C@@H](NC(=O)[C@H](CCC(N)=O)NC(=O)[C@@H]([NH3+])CCCNC(N)=[NH2+])[C@@H](C)CC)C(=O)N[C@@H](Cc1c[nH]c2ccccc12)C(=O)N[C@@H](Cc1ccccc1)C(=O)N[C@@H](CCC(N)=O)C(=O)N[C@@H](CC(N)=O)C(=O)N[C@@H](CCCNC(N)=[NH2+])C(=O)N[C@@H](CCCNC(N)=[NH2+])C(=O)N[C@@H](CCSC)C(=O)N[C@@H](CCCC[NH3+])C(=O)N[C@@H](Cc1c[nH]c2ccccc12)C(=O)N[C@@H](CCCC[NH3+])C(=O)N[C@@H](CCCC[NH3+])C(=O)O,1,8.019056,4
NC(=[NH2+])NCCC[C@@H](N)C(=O)N[C@@H](CCCNC(N)=[NH2+])C(=O)N[C@H](CCCNC(N)=[NH2+])C(=O)NCC(=O)N[C@H](CCCNC(N)=[NH2+])C(=O)N[C@@H](CCCC[NH3+])C(=O)N[C@H](CCCC[NH3+])C(=O)N[C@@H](CCCNC(N)=[NH2+])C(=O)N[C@@H](C=O)CCCNC(N)=[NH2+],1,21.421375,4
CC[C@H](C)[C@H](NC(=O)[C@H](CCCC[NH3+])NC(=O)[C@@H](NC(=O)[C@H](CCC(N)=O)NC(=O)[C@@H](N)CCCNC(N)=[NH2+])[C@@H](C)CC)C(=O)N[C@@H](Cc1c[nH]c2ccccc12)C(=O)N[C@@H](Cc1ccccc1)C(=O)N[C@@H](CCC(N)=O)C(=O)N[C@H](C=O)CC(N)=O,1,3.1165075,4
C[C@H](NC(=O)[C@H](C)NC(=O)[C@H](CO)NC(=O)[C@H](CCCNC(N)=[NH2+])NC(=O)[C@H](CS)NC(O)C(CC1CNCN1)NC(O)C(CC1CNCN1)NC(=O)[C@H](CCCNC(N)=[NH2+])NC(=O)[C@H](CCCNC(N)=[NH2+])NC(=O)[C@@H](N)CO)C(=O)N[C@@H](CCCC[NH3+])C(=O)N[C@@H](CCCNC(N)=[NH2+])C(=O)N[C@@H](CO)C(=O)N[C@@H](CCCNC(N)=[NH2+])C(=O)NC(CC1CNCN1)C(O)NC(CO)CC1CNCN1,1,5.75282,4
NC(=[NH2+])NCCC[C@H](NC(=O)[C@H](Cc1ccccc1)NC(=O)[C@H](CCCC[NH3+])NC(=O)[C@H](CCCC[NH3+])NC(=O)[C@@H](N)Cc1ccccc1)C(=O)N[C@@H](CCCC[NH3+])C(=O)N[C@H](C=O)Cc1ccccc1,1,8.592258,4
CCC[C@@H]1NC(=O)[C@@H]2CS34SC[C@H](NC(=O)[C@H]([C@@H](C)CC)NC(=O)[C@H](CS)NC(=O)[C@H](C)NC(=O)CNC1=O)C(=O)N[C@@H](CCCNC(=N)N)C(=O)NCC(=O)N[C@@H](CC(N)=O)C(=O)NCC(=O)N[C@@H](Cc1ccc(O)cc1)C(=O)N[C@H](C(=O)NCC(=O)N[C@@H](CO)C(=O)NCC(=O)N[C@@H](CO)C(=O)N[C@H](C=O)CC(=O)O)C[SH]3[SH]4C[C@H](NC(=O)[C@H](CCCCN)NC(=O)[C@H](CCCCN)NC(=O)[C@H](CC(C)C)NC(=O)[C@@H](NC(=O)[C@H](C)NC(=O)[C@H](CCC)NC(=O)[C@H](CS)NC(=O)[C@@H](NC(=O)CNC(=O)CN)C(C)C)[C@@H](C)CC)C(=O)N[C@@H](CCCNC(=N)N)C(=O)N[C@@H](CCCNC(=N)N)C(=O)N[C@@H](CC(=O)O)C(=O)N[C@@H](CO)C(=O)N[C@@H](CC(=O)O)C(=O)N2,1,2.131475,4
C[C@H](N)C(=O)N[C@@H](CS)C(=O)N[C@@H](CO)C(=O)NCC(=O)N[C@@H](CCCNC(N)=[NH2+])C(=O)NCC(=O)N[C@@H](CCCNC(N)=[NH2+])C(=O)NCC(=O)N[C@@H](CS)C(=O)NCC(=O)N[C@@H](CO)C(=O)NCC(=O)N[C@@H](CO)C(=O)NCC(=O)N[C@@H](CO)C(=O)N[C@@H](CS)C(=O)NCC=O,1,0.40793517,4
CC[C@H](C)[C@H](NC(=O)[C@H](CC(C)C)NC(=O)[C@H](C)NC(=O)[C@H](CCCNC(N)=[NH2+])NC(=O)[C@H](Cc1ccccc1)NC(=O)[C@@H](NC(=O)[C@@H](NC(=O)[C@@H](N)CCSC)[C@@H](C)CC)[C@@H](C)CC)C(=O)N[C@@H](CO)C(=O)NC(CC1CNCN1)C(O)N[C@@H](CCCC[NH3+])C(=O)N[C@H](C=O)CCCC[NH3+],1,11.134127,4
CC(C)C[C@H](NC(=O)[C@H](CCCNC(N)=[NH2+])NC(=O)[C@H](CCCNC(N)=[NH2+])NC(=O)[C@H](CC(C)C)NC(=O)[C@H](CC(C)C)NC(=O)[C@H](CCCNC(N)=[NH2+])NC(=O)[C@@H](N)CCCNC(N)=[NH2+])C(=O)N[C@@H](CCCNC(N)=[NH2+])C(=O)N[C@H](C=O)CCCNC(N)=[NH2+],1,19.32999,4
CC[C@H](C)[C@H](NC(=O)[C@H](CCCNC(N)=[NH2+])NC(=O)[C@@H](N)CCCC[NH3+])C(=O)N1CCC[C@H]1C(=O)N[C@@H](CC(N)=O)C(=O)N[C@@H](CCCC[NH3+])C(=O)N[C@@H](CCCC[NH3+])C(=O)N1CCC[C@H]1C(=O)NCC(=O)N[C@@H](CCCC[NH3+])C(=O)N[C@H](C=O)CCCC[NH3+],1,10.390665,4
CC[C@H](C)[C@H](NC(=O)[C@H](CCCC[NH3+])NC(=O)[C@@H](NC(=O)[C@H](CCC(N)=O)NC(=O)[C@@H](N)CCCNC(N)=[NH2+])[C@@H](C)CC)C(=O)N[C@@H](Cc1c[nH]c2ccccc12)C(=O)N[C@@H](Cc1ccccc1)C(=O)N1CCC[C@H]1C(=O)N[C@@H](CC(N)=O)C(=O)N[C@@H](CCCNC(N)=[NH2+])C(=O)N[C@@H](CCCNC(N)=[NH2+])C(=O)N[C@@H](CCSC)C(=O)N[C@@H](CCCC[NH3+])C(=O)N[C@@H](Cc1c[nH]c2ccccc12)C(=O)N[C@@H](CCCC[NH3+])C(=O)N[C@H](C=O)CCCC[NH3+],1,14.559235,4
CC[C@H](C)[C@H](NC(=O)[C@H](CCCNC(N)=[NH2+])NC(=O)[C@@H](NC(=O)[C@@H](N)CCCNC(N)=[NH2+])C(C)C)C(=O)N[C@@H](CC(C)C)C(=O)N[C@@H](C)C(=O)N[C@@H](CCCNC(N)=[NH2+])C(=O)N[C@@H](Cc1ccccc1)C(=O)N[C@@H](CC(C)C)C(=O)N[C@@H](CCCNC(N)=[NH2+])C(=O)N[C@H](C(=O)N[C@@H](CCCNC(N)=[NH2+])C(=O)N[C@H](C=O)C(C)C)[C@@H](C)O,1,13.000393,4
CC[C@H](C)[C@H](NC(=O)[C@H](CCCCN)NC(=O)[C@H](CCCCN)NC(=O)[C@H](C)NC(=O)[C@H](CC(C)C)NC(=O)[C@H](C)NC(=O)[C@H](C)NC(=O)[C@H](CC(C)C)NC(=O)[C@H](C)NC(=O)[C@H](CCCCN)NC(=O)[C@H](CC(C)C)NC(=O)[C@H](CC(N)=O)NC(=O)[C@@H](NC(=O)[C@H](CCCCN)NC(=O)CNC(=O)[C@H](CC(C)C)NC(=O)[C@H](CC(C)C)NC(=O)[C@H](Cc1ccc(O)cc1)NC(=O)CNC(=O)[C@H](C)N)[C@@H](C)O)C(=O)N[C@H](C=O)CC(C)C,1,5.400595,4
NC(=[NH2+])NCCC[C@H](NC(=O)CNC(=O)[C@H](CCCNC(N)=[NH2+])NC(=O)[C@@H](N)CCCNC(N)=[NH2+])C(=O)N[C@@H](CCCNC(N)=[NH2+])C(=O)NCC=O,1,5.697957,4
CC[C@H](C)[C@H](NC(=O)[C@H](CCCNC(N)=[NH2+])NC(=O)[C@H](CC(C)C)NC(=O)[C@@H](NC(=O)[C@@H](NC(=O)[C@H](CC(C)C)NC(=O)[C@H](Cc1ccccc1)NC(=O)[C@H](CCCNC(N)=[NH2+])NC(=O)[C@H](CCCNC(N)=[NH2+])NC(=O)[C@@H](N)C(C)C)C(C)C)[C@@H](C)O)C(=O)N[C@@H](CCCNC(N)=[NH2+])C(=O)N[C@@H](CCCNC(N)=[NH2+])C(=O)N[C@@H](C)C=O,1,12.755437,4
CCC[C@H](NC(=O)[C@@H](NC(=O)[C@H](CC(C)C)NC(=O)[C@H](CC(N)=O)NC(=O)[C@H](CCCNC(=N)N)NC(=O)[C@H](CC(C)C)NC(=O)[C@H](Cc1ccccc1)NC(=O)[C@H](CC(=O)O)NC(=O)[C@H](CCCCN)NC(=O)[C@@H](NC(=O)[C@H](CCCNC(=N)N)NC(=O)[C@H](CCC(N)=O)NC(=O)[C@@H](NC(=O)[C@@H](NC(=O)[C@H](CCCNC(=N)N)NC(=O)[C@H](CCCCN)NC(=O)[C@H](Cc1ccccc1)NC(=O)[C@H](CCC(=O)O)NC(=O)[C@H](CCCCN)NC(=O)CNC(=O)[C@@H](NC(=O)[C@H](CCCCN)NC(=O)[C@H](CCC(=O)O)NC(=O)[C@H](CCCCN)NC(=O)[C@H](CO)NC(=O)[C@H](CCCCN)NC(=O)[C@H](CCCNC(=N)N)NC(=O)[C@H](Cc1ccccc1)NC(=O)[C@H](Cc1ccccc1)NC(=O)[C@H](CC(=O)O)NC(=O)CNC(=O)[C@H](CC(C)C)NC(=O)[C@@H](N)CC(C)C)[C@@H](C)CC)[C@@H](C)CC)C(C)C)[C@@H](C)CC)C(C)C)C(=O)N[C@@H](CCCNC(=N)N)C(=O)N[C@H](C(=O)N[C@@H](CCC(=O)O)C(=O)N[C@@H](CO)C(=O)N[C@H](C=O)CS)[C@@H](C)O,1,1.6511549,4
CC[C@H](C)[C@H](NC(=O)[C@H](C)NC(=O)[C@@H](NC(=O)[C@H](CCC(N)=O)NC(=O)[C@@H]1CCCN1C(=O)[C@H](Cc1ccccc1)NC(=O)[C@@H](NC(O)C(CC1CNCN1)NC(=O)[C@H](Cc1ccccc1)NC(=O)[C@H](CCCC[NH3+])NC(=O)[C@H](CC(N)=O)NC(=O)[C@H](Cc1ccccc1)NC(=O)[C@H](CC(=O)O)NC(=O)[C@H](CCC(N)=O)NC(=O)[C@@H](NC(=O)[C@H](Cc1ccc(O)cc1)NC(=O)[C@@H](NC(=O)CNC(=O)[C@@H](N)CC(C)C)[C@@H](C)O)[C@@H](C)O)[C@@H](C)O)[C@@H](C)O)C(=O)NCC(=O)N[C@H](C(=O)NCC(=O)N[C@@H](C)C(=O)N1CCC[C@H]1C=O)C(C)C,1,1.9662992,4
CSCC[C@H](NC(=O)[C@H](CC(N)=O)NC(=O)[C@H](CCCNC(N)=[NH2+])NC(=O)[C@H](CCC(N)=O)NC(=O)[C@H](Cc1c[nH]c2ccccc12)NC(=O)[C@H](CCC(N)=O)NC(=O)[C@@H](N)Cc1ccccc1)C(=O)N[C@@H](CCCNC(N)=[NH2+])C(=O)N[C@@H](CCCC[NH3+])C(=O)N[C@H](C(=O)N[C@@H](CCCNC(N)=[NH2+])C(=O)NCC(=O)N1CCC[C@H]1C(=O)N1CCC[C@H]1C(=O)N[C@H](C(=O)N[C@H](C=O)CO)C(C)C)C(C)C,1,5.3923926,4
C[C@H](N)C(=O)N[C@@H](CS)C(=O)N[C@@H](CCCNC(N)=[NH2+])C(=O)NCC(=O)N[C@@H](CO)C(=O)NCC(=O)N[C@@H](CCCNC(N)=[NH2+])C(=O)NCC(=O)N[C@@H](CS)C(=O)NCC(=O)N[C@@H](CCCNC(N)=[NH2+])C(=O)NCC(=O)N[C@@H](CO)C(=O)NCC(=O)N[C@@H](CCCNC(N)=[NH2+])C(=O)N[C@@H](CS)C(=O)NCC=O,1,3.2575922,4
CC[C@H](C)[C@H](NC(=O)[C@H](CCCCN)NC(=O)[C@H](CCCCN)NC(=O)[C@H](C)NC(=O)[C@H](CC(C)C)NC(=O)[C@H](CCCCN)NC(=O)[C@H](C)NC(=O)[C@H](CC(C)C)NC(=O)[C@H](CCCCN)NC(=O)[C@H](C)NC(=O)[C@H](CC(C)C)NC(=O)[C@H](CCCCN)NC(=O)[C@H](C)NC(=O)[C@H](CC(C)C)NC(=O)[C@H](CCCCN)NC(=O)[C@H](C)NC(=O)[C@H](CC(C)C)NC(=O)[C@H](CCCCN)NC(=O)[C@H](C)NC(=O)[C@H](CC(C)C)NC(=O)[C@H](C)NC(=O)[C@H](CC(C)C)NC(=O)[C@H](C)NC(=O)[C@H](CC(C)C)NC(=O)[C@H](C)NC(=O)[C@H](CC(C)C)NC(=O)[C@H](C)NC(=O)[C@H](CC(C)C)NC(=O)[C@H](C)NC(=O)[C@H](CC(C)C)NC(=O)[C@H](C)NC(=O)[C@H](CC(C)C)NC(=O)[C@H](C)NC(=O)[C@@H](N)CC(C)C)C(=O)N[C@H](C=O)CCCCN,1,6.58547,4
CC(C)C[C@H](NC(=O)[C@H](C)NC(=O)[C@H](CC(C)C)NC(=O)[C@H](CC(C)C)NC(=O)[C@@H](NC(=O)[C@H](C)NC(=O)[C@@H]1CCCN1C(=O)[C@H](CC(C)C)NC(=O)[C@H](CC(C)C)NC(=O)[C@H](C)NC(=O)[C@@H](NC(=O)[C@H](C)NC(=O)[C@H](C)NC(=O)[C@H](CCCC[NH3+])NC(=O)[C@H](Cc1ccccc1)NC(=O)[C@H](CCCNC(N)=[NH2+])NC(=O)[C@@H](N)Cc1c[nH]c2ccccc12)C(C)C)C(C)C)C(=O)N[C@@H](CC(C)C)C(=O)N[C@@H](C)C(=O)N1CCC[C@H]1C=O,1,7.7907453,4
CC(C)C[C@H](NC(=O)[C@H](C)NC(=O)[C@H](CC(C)C)NC(=O)[C@H](CCCC[NH3+])NC(=O)[C@H](CC(C)C)NC(=O)[C@H](CCCC[NH3+])NC(=O)[C@H](CC(C)C)NC(=O)[C@H](C)NC(=O)[C@@H](N)CCCC[NH3+])C(=O)N[C@@H](C)C(=O)N[C@@H](CC(C)C)C(=O)N[C@@H](CC(C)C)C(=O)N[C@@H](C)C(=O)N[C@@H](CCCC[NH3+])C(=O)N[C@@H](CC(C)C)C(=O)N[C@@H](CCCC[NH3+])C(=O)N[C@@H](CC(C)C)C(=O)N[C@@H](C)C=O,1,9.705945,4
CC[C@H](C)[C@H](NC(=O)[C@H](CC(C)C)NC(=O)[C@H](CC(=O)O)NC(=O)[C@H](CCCNC(N)=[NH2+])NC(=O)[C@H](Cc1ccc(O)cc1)NC(=O)[C@H](C)NC(=O)[C@@H](NC(=O)[C@@H](N)CCSC)[C@@H](C)CC)C(=O)N[C@H](C=O)CO,1,7.345831,4
CC(C)C[C@@H](NC(=O)[C@H](NC(=O)[C@H]1CCCN1C(=O)[C@H](N)C(C)C)[C@@H](C)O)C(=O)N[C@@H](C=O)CCCC[NH3+],1,3.659656,4
CC(C)C[C@H](NC(=O)[C@H](C)NC(=O)[C@H](CCCC[NH3+])NC(=O)[C@H](CC(C)C)NC(=O)[C@H](C)NC(=O)[C@H](CC(C)C)NC(=O)[C@H](CCCC[NH3+])NC(=O)[C@H](CC(C)C)NC(=O)[C@H](C)NC(=O)[C@H](CC(C)C)NC(=O)[C@@H](N)CCCC[NH3+])C(=O)N[C@@H](CCC(N)=O)C(=O)N[C@@H](C)C(=O)N[C@@H](C)C(=O)N[C@@H](CC(C)C)C(=O)N[C@@H](CCC(N)=O)C(=O)N[C@@H](CC(C)C)C(=O)N[C@@H](C)C=O,1,7.4073434,4
CC[C@H](C)[C@H](NC(=O)[C@H](CCCC[NH3+])NC(=O)[C@@H](NC(=O)[C@H](CCC(N)=O)NC(=O)[C@@H](N)CCCNC(N)=[NH2+])[C@@H](C)CC)C(=O)N[C@@H](Cc1c[nH]c2ccccc12)C(=O)N[C@@H](Cc1ccccc1)C(=O)N[C@@H](CCC(N)=O)C(=O)N[C@@H](CC(N)=O)C(=O)N[C@@H](CCCNC(N)=[NH2+])C(=O)N[C@@H](CCCNC(N)=[NH2+])C(=O)N[C@@H](C)C(=O)N[C@@H](CCCC[NH3+])C(=O)N[C@@H](Cc1c[nH]c2ccccc12)C(=O)N[C@@H](CCCC[NH3+])C(=O)N[C@H](C=O)CCCC[NH3+],1,13.593599,4
NC(=[NH2+])NCCC[C@@H](C=O)NC(=O)[C@H](CCCNC(N)=[NH2+])NC(=O)[C@H](CCCNC(N)=[NH2+])NC(=O)[C@H](CCC(N)=O)NC(=O)[C@H](CCCNC(N)=[NH2+])NC(=O)[C@H](CCCNC(N)=[NH2+])NC(=O)[C@H](CCCC[NH3+])NC(=O)[C@H](CCCC[NH3+])NC(=O)[C@H](CCCNC(N)=[NH2+])NC(=O)CNC(=O)[C@H](Cc1ccc(O)cc1)NC(=O)[C@H](CCCC[NH3+])NC(=O)[C@@H](N)CS,1,13.400545,4
CC(C)C[C@H](NC(=O)CNC(=O)[C@H](CO)NC(=O)[C@H](C)NC(=O)CNC(=O)[C@H](CO)NC(=O)[C@@H]1CCCN1C(=O)[C@H](C)NC(=O)[C@H](CC(C)C)NC(=O)[C@H](CC(C)C)NC(=O)[C@H](C)NC(=O)[C@H](CC(C)C)NC(=O)[C@H](CC(C)C)NC(=O)[C@@H](NC(=O)[C@H](C)NC(=O)[C@@H]1CCCN1C(=O)[C@H](CC(C)C)NC(=O)[C@H](CC(C)C)NC(=O)[C@H](C)NC(=O)[C@@H](NC(=O)[C@H](C)NC(=O)[C@H](C)N)C(C)C)C(C)C)C(=O)N[C@@H](CC(=O)O)C(=O)N[C@@H](CCCC[NH3+])C(=O)N[C@@H](CCCNC(N)=[NH2+])C(=O)N[C@@H](CC(=O)O)C(=O)N[C@@H](Cc1ccc(O)cc1)C(=O)N[C@H](C(N)=O)C(C)C,1,-0.62946117,4
CC[C@H](C)[C@H](NC(=O)[C@H](CCCNC(N)=[NH2+])NC(=O)[C@H](Cc1ccccc1)NC(=O)[C@@H](NC(=O)[C@@H](NC(=O)[C@@H](N)CCSC)[C@@H](C)CC)[C@@H](C)CC)C(=O)N[C@@H](C)C(=O)N[C@@H](C)C(=O)N[C@@H](CO)C(=O)NC(CC1CNCN1)C(O)N[C@@H](CCCC[NH3+])C(=O)N[C@H](C=O)CCCC[NH3+],1,12.0150585,4
CC(=O)NC(CC1CNCN1)C(O)NC(CC1CNCN1)C(O)NC(CC1CNCN1)C(O)NC(CC1CNCN1)C(O)NC(CC1CNCN1)C(O)NC(CC1CNCN1)C(O)NC(CC1CNCN1)C(O)NC(CC1CNCN1)C(O)N[C@@H](CCCNC(N)=[NH2+])C(=O)N[C@@H](CCCNC(N)=[NH2+])C(=O)N[C@@H](CCCNC(N)=[NH2+])C(=O)N[C@@H](CCCNC(N)=[NH2+])C(=O)N[C@@H](CCCNC(N)=[NH2+])C(=O)N[C@@H](CCCNC(N)=[NH2+])C(=O)N[C@@H](CCCNC(N)=[NH2+])C(=O)N[C@@H](CCCNC(N)=[NH2+])C(=O)N[C@@H](CCCNC(N)=[NH2+])C(=O)N[C@@H](CCCNC(N)=[NH2+])C(=O)N[C@@H](CCCNC(N)=[NH2+])C(=O)N[C@@H](CCCNC(N)=[NH2+])C(=O)N[C@@H](CCCNC(N)=[NH2+])C(=O)N[C@@H](CCCNC(N)=[NH2+])C(=O)N[C@@H](CCCNC(N)=[NH2+])C(N)=O,1,9.166937,4
CC[C@H](C)[C@H](NC(=O)[C@H](CCCC[NH3+])NC(=O)[C@@H](NC(=O)[C@H](CCC(N)=O)NC(=O)[C@@H]([NH3+])CCCNC(N)=[NH2+])[C@@H](C)CC)C(=O)N[C@@H](Cc1c[nH]c2ccccc12)C(=O)N[C@@H](Cc1ccccc1)C(=O)N[C@@H](CCC(N)=O)C(=O)N[C@@H](CC(N)=O)C(=O)N[C@@H](CCCNC(N)=[NH2+])C(=O)N[C@@H](CCCNC(N)=[NH2+])C(=O)N[C@@H](CCSC)C(=O)N[C@@H](CCCC[NH3+])C(=O)N[C@@H](Cc1c[nH]c2ccccc12)C(=O)N[C@@H](CCCC[NH3+])C(=O)N[C@@H](CCCC[NH3+])C(=O)O,1,8.019056,4
NC(=[NH2+])NCCC[C@H](NC(=O)[C@H](Cc1c[nH]c2ccccc12)NC(=O)[C@H](CCCNC(N)=[NH2+])NC(=O)[C@@H](N)CS)C(=O)N[C@H](Cc1c[nH]c2ccccc12)C(=O)N[C@@H](CCCC[NH3+])C(=O)N[C@@H](CS)C(=O)N[C@@H](CS)C(=O)N[C@@H](CCCC[NH3+])C(=O)N[C@H](C=O)CCCC[NH3+],1,8.375358,4
CC[C@H](C)[C@H](NC(=O)[C@H](CCCC[NH3+])NC(=O)[C@@H](NC(=O)[C@H](CCC(N)=O)NC(=O)[C@@H](N)CCCNC(N)=[NH2+])[C@@H](C)CC)C(=O)N[C@@H](Cc1ccccc1)C(=O)N[C@@H](Cc1ccccc1)C(=O)N[C@@H](CCC(N)=O)C(=O)N[C@@H](CC(N)=O)C(=O)N[C@@H](CCCNC(N)=[NH2+])C(=O)N[C@@H](CCCNC(N)=[NH2+])C(=O)N[C@@H](CCSC)C(=O)N[C@@H](CCCC[NH3+])C(=O)N[C@@H](Cc1c[nH]c2ccccc12)C(=O)N[C@@H](CCCC[NH3+])C(=O)N[C@H](C=O)CCCC[NH3+],1,14.779928,4
CC[C@H](C)[C@H](NC(=O)[C@H](CCCC[NH3+])NC(=O)[C@@H](NC(=O)[C@H](CCC(N)=O)NC(=O)[C@@H](N)CCCNC(N)=[NH2+])[C@@H](C)CC)C(=O)N[C@H](C=O)Cc1c[nH]c2ccccc12,1,5.799998,4
NC(=[NH2+])NCCC[C@H](NC(=O)[C@@H](N)CS)C(=O)N[C@H](Cc1c[nH]c2ccccc12)C(=O)N[C@@H](CCCNC(N)=[NH2+])C(=O)N[C@@H](Cc1c[nH]c2ccccc12)C(=O)N[C@@H](CCCC[NH3+])C(=O)N[C@@H](CS)C(=O)N[C@@H](CS)C(=O)N[C@@H](CCCC[NH3+])C(=O)N[C@H](C=O)CCCC[NH3+],1,9.393804,4
CC[C@H](C)[C@H](NC(=O)[C@H](CCCC[NH3+])NC(=O)[C@@H](NC(=O)[C@H](CCC(N)=O)NC(=O)[C@@H]([NH3+])CCCNC(N)=[NH2+])[C@@H](C)CC)C(=O)N[C@@H](Cc1c[nH]c2ccccc12)C(=O)N[C@@H](Cc1ccccc1)C(=O)N[C@@H](CCC(N)=O)C(=O)N[C@@H](CC(N)=O)C(=O)N[C@@H](CCCNC(N)=[NH2+])C(=O)N[C@@H](CCCNC(N)=[NH2+])C(=O)N[C@@H](CCSC)C(=O)N[C@@H](CCCC[NH3+])C(=O)N[C@@H](Cc1c[nH]c2ccccc12)C(=O)N[C@@H](CCCC[NH3+])C(=O)N[C@@H](CCCC[NH3+])C(=O)O,1,8.019056,4
CC(C)C[C@@H](C=O)NC(=O)[C@@H](NC(=O)[C@@H](NC(=O)[C@H](CC(C)C)NC(=O)[C@@H](NC(=O)[C@H](CCCC[NH3+])NC(=O)[C@H](C)NC(=O)[C@H](CC(C)C)NC(=O)[C@H](CCCC[NH3+])NC(=O)[C@@H](NC(=O)[C@H](CC(C)C)NC(=O)[C@H](C)NC(=O)[C@@H](NC(=O)[C@H](C)NC(=O)[C@H](CC(C)C)NC(=O)[C@@H](NC(=O)[C@H](CCCC[NH3+])NC(=O)[C@@H](N)CC(C)C)[C@@H](C)O)[C@@H](C)O)[C@@H](C)O)[C@@H](C)O)[C@@H](C)O)[C@@H](C)O,1,4.3912635,4
CC(=O)NCC(=O)N[C@@H](CCCNC(N)=[NH2+])C(=O)NCC(=O)N[C@@H](CC(=O)O)C(=O)NCC(=O)N1CCC[C@H]1C(=O)N[C@@H](CCCNC(N)=[NH2+])C(=O)N[C@@H](CCCNC(N)=[NH2+])C(=O)N[C@@H](CCCC[NH3+])C(=O)N[C@@H](CCCC[NH3+])C(=O)N[C@@H](CCCC[NH3+])C(=O)N[C@@H](CCCC[NH3+])C(=O)NCC(=O)N1CCC[C@H]1C(=O)N[C@@H](CCCNC(N)=[NH2+])C(=O)N[C@@H](CCCNC(N)=[NH2+])C(=O)N[C@@H](CCCC[NH3+])C(=O)N[C@@H](CCCC[NH3+])C(=O)N[C@@H](CCCC[NH3+])C(=O)N[C@@H](CCCC[NH3+])C(=O)NCC(=O)N1CCC[C@H]1C(=O)N[C@@H](CCCNC(N)=[NH2+])C(=O)N[C@H](C=O)CCCNC(N)=[NH2+],1,18.5598,4
N=C(N)NCCC[C@@H](C=O)NC(=O)[C@H](CCCNC(=N)N)NC(=O)[C@H](CCCNC(=N)N)NC(=O)[C@H](CCCNC(=N)N)NC(=O)[C@H](CCCNC(=N)N)NC(=O)[C@H](CCCNC(=N)N)NC(=O)[C@H](CCCNC(=N)N)NC(=O)[C@H](CCCNC(=N)N)NC(=O)[C@H](CCCNC(=N)N)NC(=O)[C@H](CCCNC(=N)N)NC(=O)[C@H](CCCNC(=N)N)NC(=O)[C@H](CCCNC(=N)N)NC(=O)[C@H](CCCNC(=N)N)NC(=O)[C@H](CCCNC(=N)N)NC(=O)[C@H](CCCNC(=N)N)NC(=O)[C@H](Cc1c[nH]cn1)NC(=O)[C@H](Cc1c[nH]cn1)NC(=O)[C@H](Cc1c[nH]cn1)NC(=O)[C@H](Cc1c[nH]cn1)NC(=O)[C@H](Cc1c[nH]cn1)NC(=O)[C@H](Cc1c[nH]cn1)NC(=O)[C@H](Cc1c[nH]cn1)NC(=O)[C@H](Cc1c[nH]cn1)NC(=O)[C@H](Cc1c[nH]cn1)NC(=O)[C@H](Cc1c[nH]cn1)NC(=O)[C@H](Cc1c[nH]cn1)NC(=O)[C@H](Cc1c[nH]cn1)NC(=O)[C@H](Cc1c[nH]cn1)NC(=O)[C@H](Cc1c[nH]cn1)NC(=O)[C@H](Cc1c[nH]cn1)NC(=O)[C@H](Cc1c[nH]cn1)NC(=O)[C@H](Cc1c[nH]cn1)NC(=O)[C@H](Cc1c[nH]cn1)NC(=O)[C@H](Cc1c[nH]cn1)NC(=O)[C@@H](N)Cc1c[nH]cn1,1,5.1542625,4
CC(C)C[C@H](NC(=O)[C@H](C)NC(=O)[C@@H](NC(=O)[C@@H](NC(=O)[C@H](CCCC[NH3+])NC(=O)[C@H](CC(C)C)NC(=O)[C@@H](N)CC(C)C)[C@@H](C)O)[C@@H](C)O)C(=O)N[C@@H](CC(C)C)C(=O)N[C@@H](CCCC[NH3+])C(=O)N[C@H](C(=O)N[C@H](C(=O)N[C@@H](C)C(=O)N[C@@H](CC(C)C)C(=O)N[C@@H](CC(C)C)C(=O)N[C@@H](CCCC[NH3+])C(=O)N[C@H](C(=O)N[C@H](C(=O)N[C@@H](C)C=O)[C@@H](C)O)[C@@H](C)O)[C@@H](C)O)[C@@H](C)O,1,3.701801,4
NC(=[NH2+])NCCC[C@H](NC(=O)CNC(=O)[C@@H](N)CCCC[NH3+])C(=O)N[C@@H](CCCC[NH3+])C(=O)N[C@@H](CCCC[NH3+])C(=O)N[C@@H](CCCNC(N)=[NH2+])C(=O)N[C@@H](CCCNC(N)=[NH2+])C(=O)N[C@@H](CCC(N)=O)C(=O)N[C@@H](CCCNC(N)=[NH2+])C(=O)N[C@@H](CCCNC(N)=[NH2+])C(=O)N[C@@H](CCCNC(N)=[NH2+])C(=O)N1CCC[C@H]1C(=O)N1CCC[C@H]1C(=O)N[C@H](C=O)CCC(N)=O,1,17.729132,4
NCC(=O)N[C@@H](CCCNC(N)=[NH2+])C(=O)N[C@@H](CCCC[NH3+])C(=O)N[C@@H](CCCC[NH3+])C(=O)N[C@@H](CCCNC(N)=[NH2+])C(=O)N[C@@H](CCCNC(N)=[NH2+])C(=O)N[C@@H](CCC(N)=O)C(=O)N[C@@H](CCCNC(N)=[NH2+])C(=O)N[C@@H](CCCNC(N)=[NH2+])C(=O)N[C@@H](CCCNC(N)=[NH2+])C(=O)N1CCC[C@H]1C(=O)N[C@@H](Cc1c[nH]c2ccccc12)C(=O)N[C@H](C=O)CCC(N)=O,1,12.138069,4
CC[C@H](C)[C@@H](C=O)NC(=O)[C@H](CC(C)C)NC(=O)[C@H](Cc1ccc(O)cc1)NC(=O)[C@@H](NC(=O)[C@H](Cc1ccccc1)NC(=O)[C@@H]1CCCN1)C(C)C,1,2.2138314,4
N[C@@H](CCCC[NH3+])C(=O)N[C@@H](CCCC[NH3+])C(=O)N[C@@H](CCCC[NH3+])C(=O)N[C@@H](CCCC[NH3+])C(=O)N[C@@H](CCCC[NH3+])C(=O)N[C@@H](CCCC[NH3+])C(=O)N[C@@H](CCCC[NH3+])C(=O)N[C@@H](CCCC[NH3+])C(=O)N[C@H](C=O)CCCC[NH3+],1,16.261414,4
CC(=O)N[C@@H](CCCC[NH3+])C(=O)N[C@@H](CCC(=O)O)C(=O)N[C@H](C(=O)N[C@@H](Cc1c[nH]c2ccccc12)C(=O)N[C@@H](Cc1c[nH]c2ccccc12)C(=O)N[C@@H](CCC(=O)O)C(=O)N[C@H](C(=O)N[C@@H](Cc1c[nH]c2ccccc12)C(=O)N[C@@H](Cc1c[nH]c2ccccc12)C(=O)N[C@H](C(=O)N[C@@H](CCC(=O)O)C(=O)N[C@@H](Cc1c[nH]c2ccccc12)C(=O)N[C@@H](CO)C(=O)N[C@@H](CCC(N)=O)C(=O)N1CCC[C@H]1C(=O)N[C@@H](CCCC[NH3+])C(=O)N[C@@H](CCCC[NH3+])C(=O)N[C@@H](CCCC[NH3+])C(=O)N[C@@H](CCCNC(N)=[NH2+])C(=O)N[C@@H](CCCC[NH3+])C(=O)N[C@H](C(N)=O)C(C)C)[C@@H](C)O)[C@@H](C)O)[C@@H](C)O,1,-2.6699667,4
NC(=[NH2+])NCCC[C@@H](C=O)NC(=O)[C@H](CCCNC(N)=[NH2+])NC(=O)[C@H](CCCNC(N)=[NH2+])NC(=O)[C@H](CCCNC(N)=[NH2+])NC(=O)[C@H](CCCNC(N)=[NH2+])NC(=O)[C@H](CCCNC(N)=[NH2+])NC(=O)[C@H](CCCNC(N)=[NH2+])NC(=O)[C@H](CCCNC(N)=[NH2+])NC(=O)[C@@H](N)CCCNC(N)=[NH2+],1,23.362144,4
CC[C@H](C)[C@H](NC(=O)[C@H](CCCC[NH3+])NC(=O)[C@@H](NC(=O)[C@H](CCC(N)=O)NC(=O)[C@H](CCCNC(N)=[NH2+])NC(=O)[C@@H](N)CS)[C@@H](C)CC)C(=O)N[C@@H](Cc1c[nH]c2ccccc12)C(=O)N[C@@H](Cc1ccccc1)C(=O)N1CCC[C@H]1C(=O)N[C@@H](CC(N)=O)C(=O)N[C@@H](CCCNC(N)=[NH2+])C(=O)N[C@@H](CCCNC(N)=[NH2+])C(=O)N[C@@H](CCSC)C(=O)N[C@@H](CCCC[NH3+])C(=O)N[C@@H](Cc1c[nH]c2ccccc12)C(=O)N[C@@H](CCCC[NH3+])C(=O)N[C@@H](CCCC[NH3+])C(=O)N[C@H](C=O)CS,1,10.800865,4
NCC(=O)N[C@@H](CCCNC(N)=[NH2+])C(=O)N[C@@H](CCCC[NH3+])C(=O)N[C@@H](CCCC[NH3+])C(=O)N[C@@H](CCCNC(N)=[NH2+])C(=O)N[C@@H](CCCNC(N)=[NH2+])C(=O)N[C@@H](CCC(N)=O)C(=O)N[C@@H](CCCNC(N)=[NH2+])C(=O)N[C@@H](CCCNC(N)=[NH2+])C(=O)N[C@@H](CCCNC(N)=[NH2+])C(=O)N1CCC[C@H]1C(=O)N1CCC[C@H]1C(=O)N[C@H](C=O)CCC(N)=O,1,15.178521,4
CC(C)C[C@H](NC(=O)CN)C(=O)N[C@@H](Cc1c[nH]c2ccccc12)C(=O)N[C@@H](CCCNC(N)=[NH2+])C(=O)N[C@@H](C)C(=O)N[C@@H](CC(C)C)C(=O)N[C@@H](Cc1c[nH]c2ccccc12)C(=O)N[C@@H](CCCNC(N)=[NH2+])C(=O)N[C@@H](C)C(=O)N[C@@H](CC(C)C)C(=O)N[C@@H](Cc1c[nH]c2ccccc12)C(=O)N[C@@H](CCCNC(N)=[NH2+])C(=O)N[C@@H](CO)C(=O)N[C@@H](CC(C)C)C(=O)N[C@@H](Cc1c[nH]c2ccccc12)C(=O)N[C@@H](CCCC[NH3+])C(=O)N[C@@H](CCCC[NH3+])C(=O)N[C@@H](CCCC[NH3+])C(=O)N[C@@H](CCCNC(N)=[NH2+])C(=O)N[C@@H](CCCC[NH3+])C(=O)N[C@H](C=O)C(C)C,1,11.321302,4
NC(=[NH2+])NCCC[C@H](NC(=O)[C@H](CCCNC(N)=[NH2+])NC(=O)[C@H](CCCNC(N)=[NH2+])NC(=O)[C@H](CCCNC(N)=[NH2+])NC(=O)[C@H](CCCNC(N)=[NH2+])NC(=O)[C@H](CCCNC(N)=[NH2+])NC(=O)[C@@H](N)CCCNC(N)=[NH2+])C(=O)N[C@H](C=O)Cc1c[nH]c2ccccc12,1,16.54446,4
CC[C@H](C)[C@H](NC(=O)[C@H](CCCNC(N)=[NH2+])NC(=O)[C@H](CCCNC(N)=[NH2+])NC(=O)[C@H](CCCNC(N)=[NH2+])NC(=O)[C@H](CC(C)C)NC(=O)[C@@H](NC(=O)[C@@H](NC(=O)[C@H](CC(C)C)NC(=O)[C@@H](N)CC(C)C)[C@@H](C)CC)[C@@H](C)CC)C(=O)N[C@@H](CCCNC(N)=[NH2+])C(=O)N[C@@H](CCCC[NH3+])C(=O)N[C@@H](CCC(N)=O)C(=O)N[C@@H](C)C(=O)NC(CC1CNCN1)C(O)N[C@@H](C)C(=O)NC(CC1CNCN1)C(O)N[C@@H](CO)C(=O)N[C@@H](C)C=O,1,13.131197,4
CC(C)[C@@H](C=O)NC(=O)[C@H](CCCC[NH3+])NC(=O)[C@H](CCCNC(N)=[NH2+])NC(=O)[C@H](CCCC[NH3+])NC(=O)[C@H](CO)NC(=O)[C@H](CCCC[NH3+])NC(=O)[C@H](CCCC[NH3+])NC(=O)[C@H](Cc1ccccc1)NC(=O)[C@H](CCCNC(N)=[NH2+])NC(=O)[C@@H](N)Cc1c[nH]c2ccccc12,1,4.7185035,4
CC(C)C[C@H](NC(=O)[C@H](C)NC(=O)[C@H](CC(C)C)NC(=O)[C@H](CCCC[NH3+])NC(=O)[C@H](CC(C)C)NC(=O)[C@H](CCCC[NH3+])NC(=O)[C@H](CC(C)C)NC(=O)[C@H](C)NC(=O)[C@@H](N)CCCC[NH3+])C(=O)N[C@@H](C)C(=O)N[C@@H](CC(C)C)C(=O)N[C@@H](CC(C)C)C(=O)N[C@@H](C)C(=O)N[C@@H](CCCC[NH3+])C(=O)N[C@@H](CC(C)C)C(=O)N[C@@H](CCCC[NH3+])C(=O)N[C@@H](CC(C)C)C(=O)N[C@@H](C)C(N)=O,1,1.8265654,4
CC[C@H](C)[C@H](NC(=O)[C@H](CCCC[NH3+])NC(=O)[C@@H](NC(=O)[C@H](CCC(N)=O)NC(=O)[C@@H](N)CCCNC(N)=[NH2+])[C@@H](C)CC)C(=O)N[C@@H](C)C(=O)N[C@@H](Cc1ccccc1)C(=O)N[C@@H](CCC(N)=O)C(=O)N[C@@H](CC(N)=O)C(=O)N[C@@H](CCCNC(N)=[NH2+])C(=O)N[C@@H](CCCNC(N)=[NH2+])C(=O)N[C@@H](CCSC)C(=O)N[C@@H](CCCC[NH3+])C(=O)N[C@@H](Cc1c[nH]c2ccccc12)C(=O)N[C@@H](CCCC[NH3+])C(=O)N[C@H](C=O)CCCC[NH3+],1,14.93025,4
CC(C)C[C@H](NC(=O)CNC(=O)[C@H](CCCC[NH3+])NC(=O)[C@H](CC(C)C)NC(=O)CNC(=O)[C@H](CC(C)C)NC(=O)[C@H](CCCC[NH3+])NC(=O)[C@H](CC(C)C)NC(=O)CNC(=O)[C@H](CC(C)C)NC(=O)[C@@H](N)CCCC[NH3+])C(=O)N[C@@H](CCCC[NH3+])C(=O)NCC(=O)NCC(=O)N[C@@H](CC(C)C)C(=O)N[C@@H](CCCC[NH3+])C(=O)N[C@@H](CC(C)C)C(=O)NCC=O,1,-1.4251722,4
C[C@H](N)C(=O)N[C@@H](CS)C(=O)N[C@@H](CO)C(=O)NCC(=O)N[C@@H](CO)C(=O)NCC(=O)N[C@@H](CO)C(=O)NCC(=O)N[C@@H](CS)C(=O)NCC(=O)N[C@@H](CO)C(=O)NCC(=O)N[C@@H](CO)C(=O)NCC(=O)N[C@@H](CO)C(=O)N[C@@H](CS)C(=O)NCC(=O)N[C@@H](CCCNC(N)=[NH2+])C(=O)N[C@@H](CCCNC(N)=[NH2+])C(=O)N[C@@H](CCCNC(N)=[NH2+])C(=O)N[C@@H](CCCNC(N)=[NH2+])C(=O)N[C@@H](CCCNC(N)=[NH2+])C(=O)N[C@@H](CCCNC(N)=[NH2+])C(=O)N[C@@H](CCCNC(N)=[NH2+])C(=O)N[C@H](C=O)CCCNC(N)=[NH2+],1,18.502962,4
CC[C@H](C)[C@H](NC(=O)[C@H](CCCNC(N)=[NH2+])NC(=O)[C@H](C)NC(O)C(N)CC1CNCN1)C(=O)N[C@@H](CCCC[NH3+])C(=O)N1CCC[C@H]1C(=O)N[C@H](C(=O)N[C@@H](Cc1ccccc1)C(=O)N[C@@H](CCCNC(N)=[NH2+])C(=O)N[C@@H](CCCNC(N)=[NH2+])C(=O)N[C@@H](CC(C)C)C(=O)N[C@@H](CCCC[NH3+])C(=O)N[C@@H](Cc1c[nH]c2ccccc12)C(=O)N[C@@H](CCCC[NH3+])C(=O)N[C@@H](Cc1ccc(O)cc1)C(=O)N[C@@H](CCCC[NH3+])C(=O)NCC(=O)N[C@@H](CCCC[NH3+])C(=O)N[C@@H](Cc1ccccc1)C(=O)N[C@H](C=O)Cc1c[nH]c2ccccc12)[C@@H](C)O,1,8.283394,4
CC(C)[C@@H](C=O)NC(=O)[C@H](CCCC[NH3+])NC(=O)[C@H](CCCNC(N)=[NH2+])NC(=O)[C@H](CCCC[NH3+])NC(=O)[C@H](CCCC[NH3+])NC(=O)[C@H](CCCC[NH3+])NC(=O)[C@@H]1CCCN1C(=O)[C@H](CCC(N)=O)NC(=O)[C@H](CO)NC(=O)[C@H](Cc1c[nH]c2ccccc12)NC(=O)[C@H](CCC(=O)O)NC(=O)[C@@H](NC(=O)[C@H](Cc1c[nH]c2ccccc12)NC(=O)[C@H](Cc1c[nH]c2ccccc12)NC(=O)[C@@H](NC(=O)[C@H](CCC(=O)O)NC(=O)[C@H](Cc1c[nH]c2ccccc12)NC(=O)[C@H](Cc1c[nH]c2ccccc12)NC(=O)[C@@H](NC(=O)[C@H](CCC(=O)O)NC(=O)[C@@H](N)CCCC[NH3+])[C@@H](C)O)[C@@H](C)O)[C@@H](C)O,1,4.61783,4
CC(C)C[C@H](NC(=O)[C@H](C)NC(=O)[C@H](CCCC[NH3+])NC(=O)[C@H](CC(C)C)NC(=O)[C@H](C)NC(=O)[C@H](CC(C)C)NC(=O)[C@@H](N)CCCC[NH3+])C(=O)N[C@@H](CCCC[NH3+])C(=O)N[C@@H](C)C(=O)N[C@@H](C)C(=O)N[C@@H](CC(C)C)C(=O)N[C@@H](CCCC[NH3+])C(=O)N[C@@H](CC(C)C)C(=O)N[C@@H](C)C=O,1,10.145042,4
CSCC[C@H](NC(=O)[C@H](CC(C)C)NC(=O)CNC(=O)[C@H](Cc1ccccc1)NC(=O)[C@H](Cc1ccccc1)NC(=O)[C@H](CCC(N)=O)NC(=O)[C@H](CCC(N)=O)NC(=O)[C@H](CC(C)C)NC(=O)[C@H](CC(C)C)NC(=O)[C@H](CCCC[NH3+])NC(=O)[C@H](Cc1c[nH]c2ccccc12)NC(=O)[C@@H](NC(=O)[C@H](CCCC[NH3+])NC(=O)[C@H](CCCNC(N)=[NH2+])NC(=O)[C@H](CCCC[NH3+])NC(=O)[C@H](CCCC[NH3+])NC(=O)[C@H](CCCC[NH3+])NC(=O)[C@@H]1CCCN1)C(C)C)C(N)=O,1,-2.7079585,4
CC[C@H](C)[C@H](NC(=O)[C@H](C)NC(=O)[C@H](Cc1ccccc1)NC(=O)[C@@H](NC(=O)[C@@H](NC(=O)[C@@H](N)CCSC)[C@@H](C)CC)[C@@H](C)CC)C(=O)N[C@@H](C)C(=O)N[C@@H](C)C(=O)N[C@@H](CO)C(=O)NC(CC1CNCN1)C(O)N[C@@H](CCCC[NH3+])C(=O)N[C@H](C=O)CCCC[NH3+],1,9.667693,4
CC[C@H](C)[C@H](NC(=O)[C@H](CCCNC(N)=[NH2+])NC(=O)[C@H](Cc1ccc(O)cc1)NC(O)C(N)CC1CNCN1)C(=O)N[C@@H](CCCC[NH3+])C(=O)N1CCC[C@H]1C(=O)N[C@H](C(=O)N[C@@H](Cc1ccccc1)C(=O)N[C@@H](CCCNC(N)=[NH2+])C(=O)N[C@@H](CCCNC(N)=[NH2+])C(=O)N[C@@H](CC(C)C)C(=O)N[C@@H](CCCC[NH3+])C(=O)N[C@@H](Cc1c[nH]c2ccccc12)C(=O)N[C@@H](CCCC[NH3+])C(=O)N[C@@H](Cc1ccc(O)cc1)C(=O)N[C@@H](CCCC[NH3+])C(=O)NCC(=O)N[C@@H](CCCC[NH3+])C(=O)N[C@@H](Cc1ccccc1)C(=O)N[C@@H](C)C=O)[C@@H](C)O,1,7.3991256,4
NC(=[NH2+])NCCC[C@H](NC(=O)[C@H](CCCNC(N)=[NH2+])NC(=O)[C@H](CCCNC(N)=[NH2+])NC(=O)[C@H](CCC(N)=O)NC(=O)[C@H](CCCNC(N)=[NH2+])NC(=O)[C@H](CCCNC(N)=[NH2+])NC(=O)[C@H](CCCC[NH3+])NC(=O)[C@H](CCCC[NH3+])NC(=O)[C@H](CCCNC(N)=[NH2+])NC(=O)CNC(=O)[C@@H](N)Cc1ccc(O)cc1)C(N)=O,1,2.0291533,4
CCC[C@H](NC(=O)[C@H](CS)NC(=O)[C@@H](NC(=O)CNC(=O)CN)C(C)C)C(=O)N[C@@H](CCCCN)C(=O)N[C@H](C(=O)N[C@@H](CC(C)C)C(=O)N[C@@H](C)C(=O)N[C@@H](CCCCN)C(=O)N[C@H]1C[SH]2[SH]3C[C@@H](C(=O)NCC(=O)N[C@@H](CO)C(=O)NCC(=O)N[C@@H](CO)C(=O)N[C@H](C=O)CC(=O)O)NC(=O)[C@H](Cc4ccc(O)cc4)NC(=O)CNC(=O)[C@H](CC(N)=O)NC(=O)CNC(=O)[C@H](CCCNC(=N)N)NC(=O)[C@@H]4CSS32C[C@H](NC(=O)[C@H](CC(=O)O)NC(=O)[C@H](CO)NC(=O)[C@H](CC(=O)O)NC(=O)[C@H](CCCNC(=N)N)NC(=O)[C@H](CCCNC(=N)N)NC1=O)C(=O)N1CCC[C@H]1C(=O)NCC(=O)N[C@@H](C)C(=O)N[C@@H](CS)C(=O)N[C@@H]([C@@H](C)CC)C(=O)N4)[C@@H](C)CC,1,1.2374536,4
CC[C@H](C)[C@H](NC(=O)[C@H](CCCC[NH3+])NC(=O)[C@@H](NC(=O)[C@H](CCC(N)=O)NC(=O)[C@@H]([NH3+])CCCNC(N)=[NH2+])[C@@H](C)CC)C(=O)N[C@@H](Cc1c[nH]c2ccccc12)C(=O)N[C@@H](Cc1ccccc1)C(=O)N[C@@H](CCC(N)=O)C(=O)N[C@@H](CC(N)=O)C(=O)N[C@@H](CCCNC(N)=[NH2+])C(=O)N[C@@H](CCCNC(N)=[NH2+])C(=O)N[C@@H](CCSC)C(=O)N[C@@H](CCCC[NH3+])C(=O)N[C@@H](Cc1c[nH]c2ccccc12)C(=O)N[C@@H](CCCC[NH3+])C(=O)N[C@@H](CCCC[NH3+])C(=O)O,1,8.019056,4
CC[C@H](C)[C@H](NC(=O)[C@H](CCCC[NH3+])NC(=O)[C@@H](NC(=O)[C@H](CCC(N)=O)NC(=O)[C@@H]([NH3+])CCCNC(N)=[NH2+])[C@@H](C)CC)C(=O)N[C@@H](Cc1c[nH]c2ccccc12)C(=O)N[C@@H](Cc1ccccc1)C(=O)N[C@@H](CCC(N)=O)C(=O)N[C@@H](CC(N)=O)C(=O)N[C@@H](CCCNC(N)=[NH2+])C(=O)N[C@@H](CCCNC(N)=[NH2+])C(=O)N[C@@H](CCSC)C(=O)N[C@@H](CCCC[NH3+])C(=O)N[C@@H](Cc1c[nH]c2ccccc12)C(=O)N[C@@H](CCCC[NH3+])C(=O)N[C@@H](CCCC[NH3+])C(=O)O,1,8.019056,4
NC(=[NH2+])NCCC[C@@H](C=O)NC(=O)[C@H](CCCNC(N)=[NH2+])NC(=O)[C@H](CCCNC(N)=[NH2+])NC(=O)[C@H](CCC(N)=O)NC(=O)[C@H](CCCNC(N)=[NH2+])NC(=O)[C@H](CCCNC(N)=[NH2+])NC(=O)[C@H](CCCC[NH3+])NC(=O)[C@H](CCCC[NH3+])NC(=O)[C@H](CCCNC(N)=[NH2+])NC(=O)CNC(=O)[C@@H](N)Cc1ccc(O)cc1,1,15.647598,4
NC(=[NH2+])NCCC[C@@H](N)C(=O)N[C@H](CCCNC(N)=[NH2+])C(=O)N[C@H](CCCNC(N)=[NH2+])C(=O)N[C@H](CCCNC(N)=[NH2+])C(=O)N[C@H](CCCNC(N)=[NH2+])C(=O)N[C@H](CCCNC(N)=[NH2+])C(=O)N[C@H](CCCNC(N)=[NH2+])C(=O)N[C@@H](C=O)CCCNC(N)=[NH2+],1,23.778372,4
CC[C@H](C)[C@H](NC(=O)[C@@H](NC(=O)[C@H](CO)NC(=O)[C@H](C)NC(=O)[C@@H](NC(=O)[C@H](CCCC[NH3+])NC(=O)[C@H](CCCC[NH3+])NC(=O)[C@@H](NC(=O)[C@@H](NC(=O)[C@H](CCCC[NH3+])NC(=O)[C@H](Cc1ccccc1)NC(=O)[C@H](CC(C)C)NC(=O)CN)C(C)C)[C@@H](C)CC)C(C)C)C(C)C)C(=O)NCC(=O)NCC(=O)N[C@@H](CC(C)C)C(N)=O,0,-5.941572,4
CC(C)[C@H](NC(=O)[C@H](CCCNC(N)=[NH2+])NC(=O)[C@H](CS)NC(=O)[C@H](C)NC(=O)[C@@H]1CCCN1C(O)C(CC1CNCN1)NC(=O)[C@H](CO)NC(=O)[C@H](CS)NC(=O)[C@H](CS)NC(=O)CN)C(=O)NC(CC1CNCN1)C(O)N[C@@H](Cc1ccc(O)cc1)C(=O)N1CCC[C@H]1C(=O)NC(CC1CNCN1)C(O)N[C@H](C(=O)N[C@@H](CS)C(=O)N[C@@H](Cc1ccc(O)cc1)C(N)=O)C(C)C,0,-8.248236,4
CSCC[C@H](NC(=O)[C@H](C)NC(C)=O)C(=O)N[C@H](C(=O)N[C@@H](CO)C(=O)N[C@H](C=O)CO)C(C)C,0,0.30452144,4
CSCC[C@H](NC(=O)CNC(=O)[C@H](Cc1ccccc1)NC(=O)CN)C(=O)N[C@@H](C)C(=O)N[C@@H](CC(C)C)C(=O)NC(CCC[NH3+])C(O)N[C@@H](CC(C)C)C(=O)N[C@@H](CC(C)C)C(=O)NC(CCC[NH3+])C(O)NC(CCC[NH3+])C(O)N[C@H](C(=O)N[C@@H](CC(C)C)C(N)=O)C(C)C,0,-6.0102334,4
CC[C@H](C)[C@H](NC(=O)CNC(=O)[C@H](CCCC[NH3+])NC(=O)[C@@H](NC(=O)[C@H](CC(C)C)NC(=O)[C@H](CO)NC(=O)CNC(=O)[C@H](CC(C)C)NC(=O)CNC(=O)[C@H](C)NC(=O)[C@H](CCCC[NH3+])NC(=O)[C@H](Cc1ccccc1)NC(=O)[C@@H](NC(=O)[C@H](CC(=O)O)NC(=O)[C@H](CCCC[NH3+])NC(=O)[C@H](CC(C)C)NC(=O)CN)[C@@H](C)CC)C(C)C)C(=O)N[C@@H](C)C(=O)N[C@@H](C)C(=O)NC(CC1CNCN1)C(O)N[C@H](C(=O)N[C@@H](C)C(=O)N[C@@H](CC(N)=O)C(N)=O)C(C)C,0,-7.411015,4
CC(C)[C@H](N)C(=O)NCC(=O)N[C@@H](CCC(=O)O)C(=O)N[C@@H](C)C(=O)N[C@@H](CS)C(=O)N[C@@H](CS)C(=O)N[C@@H](CCCC[NH3+])C(=O)N[C@@H](CC(N)=O)C(=O)NCC(=O)N[C@@H](CCCC[NH3+])C(=O)N[C@@H](CCCNC(N)=[NH2+])C(=O)NCC(=O)N[C@@H](CS)C(=O)NCC(=O)N[C@@H](CCCNC(N)=[NH2+])C(=O)N[C@@H](Cc1c[nH]c2ccccc12)C(=O)N[C@@H](CS)C(=O)N[C@@H](CCCNC(N)=[NH2+])C(=O)N[C@@H](CC(=O)O)C(=O)NC(CC1CNCN1)C(O)N[C@@H](CO)C(=O)N[C@@H](CCCNC(N)=[NH2+])C(=O)N[C@@H](CS)C(=O)N[C@@H](CS)C(N)=O,0,-5.4169497,4
CC[C@H](C)[C@H](NC(=O)[C@H](Cc1ccccc1)NC(=O)[C@H](CO)NC(=O)[C@H](CCCC[NH3+])NC(=O)[C@H](Cc1c[nH]c2ccccc12)NC(=O)[C@@H](N)CCCC[NH3+])C(=O)N[C@@H](CCCC[NH3+])C(=O)N[C@@H](CCCC[NH3+])C(=O)N[C@@H](CC(C)C)C(=O)N[C@H](C(=O)N[C@@H](CO)C(=O)N[C@@H](CCCC[NH3+])C(=O)N[C@@H](Cc1ccccc1)C(=O)N[C@@H](CC(C)C)C(=O)NC(CC1CNCN1)C(O)N[C@@H](CO)C(=O)N[C@@H](C)C(=O)N[C@@H](CC(=O)O)C(=O)N[C@@H](CCCC[NH3+])C(=O)N[C@@H](Cc1ccccc1)C(N)=O)[C@@H](C)O,0,-6.8693566,4
CC[C@H](C)[C@H](NC(=O)[C@H](CC(C)C)NC(=O)[C@H](CCCC[NH3+])NC(=O)CNC(=O)[C@H](CC(C)C)NC(=O)[C@@H](NC(=O)[C@H](CCCC[NH3+])NC(=O)[C@H](CCCC[NH3+])NC(=O)[C@H](Cc1c[nH]c2ccccc12)NC(=O)[C@H](CCCC[NH3+])NC(=O)CN)[C@@H](C)CC)C(=O)N[C@@H](CCCNC(N)=[NH2+])C(N)=O,0,-5.2302575,4
CC[C@H](C)[C@H](NC(=O)[C@H](CO)NC(=O)[C@H](C)NC(=O)[C@@H](NC(=O)[C@H](CCCC[NH3+])NC(=O)[C@H](CCCC[NH3+])NC(=O)[C@H](Cc1c[nH]c2ccccc12)NC(=O)[C@@H](NC(=O)[C@@H](N)CC(N)=O)[C@@H](C)CC)[C@@H](C)CC)C(=O)N[C@@H](C)C(=O)N[C@@H](CCCC[NH3+])C(=O)N[C@@H](CCC(=O)O)C(=O)N[C@H](C(=O)N[C@@H](CC(C)C)C(=O)N[C@@H](CCCC[NH3+])C(=O)N[C@@H](C)C(=O)N[C@@H](CC(C)C)C(N)=O)C(C)C,0,-5.3583446,4
CC[C@H](C)[C@H](NC(=O)[C@H](CCCC[NH3+])NC(=O)CNC(=O)[C@H](CC(C)C)NC(=O)[C@H](CO)NC(=O)[C@H](CCCC[NH3+])NC(=O)[C@H](CCCC[NH3+])NC(=O)[C@H](Cc1c[nH]c2ccccc12)NC(=O)[C@H](CO)NC(=O)[C@@H](N)C(C)C)C(=O)N[C@H](C(=O)N[C@@H](CCCC[NH3+])C(=O)N[C@H](C(=O)N[C@H](C(=O)N[C@@H](CCCC[NH3+])C(N)=O)C(C)C)C(C)C)[C@@H](C)CC,0,-7.9816704,4
CSCC[C@H](N)C(=O)N[C@@H](CS)C(=O)N1CCC[C@H]1C(=O)N1CCC[C@H]1C(=O)N[C@@H](CC(C)C)C(=O)N[C@@H](CS)C(=O)N[C@@H](C)C(=O)N1CCC[C@H]1C(=O)N[C@@H](CO)C(=O)N[C@@H](CS)C(=O)N[C@H](C(=O)N[C@@H](CC(N)=O)C(=O)N[C@@H](CS)C(N)=O)[C@@H](C)O,0,-7.366788,4
CC[C@H](C)[C@H](N)C(=O)N[C@@H](CC(C)C)C(=O)N1CCC[C@H]1C(=O)N[C@@H](Cc1c[nH]c2ccccc12)C(=O)N[C@@H](CCCC[NH3+])C(=O)N[C@@H](C)C(=O)N1CCC[C@H]1C(=O)N[C@@H](C)C(=O)N[C@@H](C)C(=O)N1CCC[C@H]1C(=O)N[C@@H](C)C(=O)N[C@@H](CCCNC(N)=[NH2+])C(=O)N[C@@H](CCCNC(N)=[NH2+])C(N)=O,0,-1.5439595,4
CC[C@H](C)[C@H](NC(=O)[C@H](CO)NC(=O)[C@@H](NC(=O)[C@H](CS)NC(=O)[C@H](CCCC[NH3+])NC(=O)CNC(=O)[C@H](CCCNC(N)=[NH2+])NC(=O)[C@H](CO)NC(=O)[C@H](CS)NC(=O)[C@H](CCSC)NC(=O)[C@H](CC(C)C)NC(=O)CNC(=O)[C@H](CCSC)NC(=O)[C@H](CS)NC(=O)[C@H](CS)NC(=O)[C@@H](NC(O)C1CC(O)CN1C(O)C1CC(O)CN1C(=O)[C@H](CS)NC(=O)[C@H](CCCNC(N)=[NH2+])NC(=O)[C@H](CO)NC(=O)[C@H](CC(=O)O)NC(=O)[C@H](CCCNC(N)=[NH2+])NC(=O)CNC(=O)[C@H](CO)NC(=O)[C@H](CS)NC(=O)[C@@H](N)CO)C(C)C)C(C)C)C(=O)N[C@@H](Cc1ccc(O)cc1)C(=O)NCC(=O)N[C@H](C=O)CCC(=O)O,0,-2.8325596,4
CC[C@H](C)[C@H](NC(=O)CN)C(=O)NCC(=O)N[C@@H](CO)C(=O)N[C@@H](C)C(=O)N[C@H](C(=O)N[C@@H](CC(C)C)C(=O)N[C@@H](CO)C(=O)N[C@@H](C)C(=O)NCC(=O)N[C@@H](CCCC[NH3+])C(=O)N[C@@H](CO)C(=O)N[C@@H](C)C(=O)N[C@@H](CC(C)C)C(=O)N[C@@H](CCCC[NH3+])C(=O)NCC(=O)N[C@@H](CC(C)C)C(=O)N[C@@H](C)C(=O)N[C@@H](CCCC[NH3+])C(=O)NCC(=O)N[C@@H](CC(C)C)C(=O)N[C@@H](C)C(=O)N[C@@H](CCC(=O)O)C(=O)NC(CC1CNCN1)C(O)N[C@@H](Cc1ccccc1)C(=O)N[C@@H](C)C(=O)N[C@@H](CC(N)=O)C(N)=O)[C@@H](C)CC,0,-6.4328046,4
CC[C@H](C)[C@H](N)C(=O)N[C@@H](CC(C)C)C(=O)NCC(=O)N[C@@H](CCCC[NH3+])C(=O)N[C@@H](CC(C)C)C(=O)N[C@@H](CC(C)C)C(=O)N[C@@H](CCCC[NH3+])C(=O)N[C@H](C(=O)N[C@@H](C)C(=O)N[C@@H](C)C(=O)N[C@@H](CCCC[NH3+])C(=O)N[C@@H](CC(C)C)C(=O)N[C@@H](CC(C)C)C(=O)N[C@@H](CO)C(=O)N[C@@H](CC(N)=O)C(=O)N[C@@H](CC(C)C)C(N)=O)[C@@H](C)O,0,-6.6293807,4
C[C@H](NC(=O)[C@@H]1CCCN1C(O)C(CC1CNCN1)NC(=O)[C@H](CS)NC(=O)[C@H](CS)NC(=O)[C@@H](N)CCC(=O)O)C(=O)N[C@@H](CS)C(=O)NCC(=O)N[C@@H](CCCC[NH3+])C(=O)NC(CC1CNCN1)C(O)N[C@@H](Cc1ccccc1)C(=O)N[C@@H](CO)C(=O)N[C@@H](CS)C(N)=O,0,-8.093374,4
C[C@H](NC(=O)[C@H](C)NC(=O)[C@H](CCCC[NH3+])NC(=O)[C@H](C)NC(=O)[C@H](Cc1ccccc1)NC(=O)[C@H](Cc1c[nH]c2ccccc12)NC(=O)[C@H](CCCC[NH3+])NC(=O)[C@H](Cc1ccccc1)NC(=O)[C@H](CCCC[NH3+])NC(=O)[C@H](CCCC[NH3+])NC(=O)[C@H](C)NC(=O)[C@H](Cc1ccccc1)NC(=O)[C@@H](N)CCCC[NH3+])C(=O)N[C@@H](Cc1ccccc1)C(=O)N[C@@H](CCCC[NH3+])C(=O)N[C@@H](Cc1ccccc1)C(=O)N[C@@H](Cc1ccccc1)C(=O)N[C@@H](CCCC[NH3+])C(=O)N[C@@H](CCCC[NH3+])C(N)=O,0,-4.3564787,4
CC(C)C[C@H](NC(=O)[C@H](CCCC[NH3+])NC(=O)[C@@H](N)CCCC[NH3+])C(=O)N[C@@H](Cc1ccccc1)C(=O)N[C@@H](CCCC[NH3+])C(=O)N[C@@H](CCCC[NH3+])C(=O)N[C@H](CC(C)C)C(=O)N[C@H](CC(C)C)C(=O)N[C@H](CCCC[NH3+])C(=O)N[C@H](Cc1ccc(O)cc1)C(=O)N[C@H](CC(C)C)C(N)=O,0,-3.4166381,4
CC[C@H](C)[C@H](NC(=O)[C@H](Cc1ccccc1)NC(=O)[C@H](CCCC[NH3+])NC(=O)[C@H](C)NC(=O)[C@@H](NC(=O)[C@H](CO)NC(=O)[C@H](CCCC[NH3+])NC(=O)[C@H](CCSC)NC(=O)[C@H](C)NC(=O)[C@H](CCCC[NH3+])NC(=O)[C@H](Cc1ccccc1)NC(=O)[C@H](Cc1c[nH]c2ccccc12)NC(=O)CNC(=O)[C@H](CCCC[NH3+])NC(=O)[C@@H](N)CCCNC(N)=[NH2+])[C@@H](C)CC)C(=O)N[C@@H](C)C(=O)N[C@@H](CCCC[NH3+])C(=O)N[C@@H](CCC(=O)O)C(=O)N[C@@H](CCCC[NH3+])C(=O)N[C@@H](CC(C)C)C(=O)N[C@@H](CCCC[NH3+])C(=O)N[C@@H](CCC(=O)O)C(=O)NC(CC1CNCN1)C(O)N[C@@H](CC(C)C)C(N)=O,0,-3.093826,4
C[C@H](NC(=O)[C@H](C)NC(=O)[C@H](Cc1ccccc1)NC(=O)[C@H](C)NC(=O)[C@H](C)NC(=O)[C@H](Cc1c[nH]c2ccccc12)NC(=O)[C@H](C)NC(=O)[C@H](C)NC(=O)[C@H](Cc1ccccc1)NC(=O)[C@H](C)NC(=O)[C@H](C)NC(=O)[C@H](CCCC[NH3+])NC(=O)[C@H](CCCC[NH3+])NC(=O)[C@H](CCCC[NH3+])NC(=O)[C@H](CCCC[NH3+])NC(=O)[C@H](CCCC[NH3+])NC(=O)[C@@H](N)CCCC[NH3+])C(N)=O,0,-4.8926597,4
CC(C)C[C@@H](NC(=O)[C@@H](C)NC(=O)[C@H]1CCCN1C(=O)[C@@H](CC(C)C)NC(=O)[C@@H](Cc1c[nH]c2ccccc12)NC(O)C(CC1CNCN1)NC(=O)[C@@H](CCCC[NH3+])NC(=O)[C@@H](CC(C)C)NC(=O)[C@@H](C)NC(=O)[C@@H](CCCC[NH3+])NC(=O)[C@@H](C)NC(=O)[C@@H](CC(C)C)NC(=O)[C@@H](C)NC(=O)[C@@H](CCCC[NH3+])NC(=O)[C@H](N)CCCC[NH3+])C(=O)NC(CC1CNCN1)C(O)N[C@H](CCCC[NH3+])C(=O)N[C@H](CC(C)C)C(=O)N[C@H](C)C(=O)N[C@H](CCCC[NH3+])C(=O)N[C@H](C)C(=O)N[C@H](CC(C)C)C(=O)N[C@H](C)C(=O)N[C@H](CCCC[NH3+])C(=O)N[C@H](CCCC[NH3+])C(N)=O,0,-4.0300264,4
CC[C@H](C)[C@H](NC(=O)CN)C(=O)NCC(=O)N[C@@H](C)C(=O)N[C@H](C(=O)N[C@@H](CC(C)C)C(=O)N[C@@H](CCCC[NH3+])C(=O)N[C@H](C(=O)N[C@@H](CC(C)C)C(=O)N[C@@H](C)C(=O)N[C@@H](CC(C)C)C(=O)N[C@H](C(=O)N[C@@H](CO)C(=O)N[C@@H](Cc1c[nH]c2ccccc12)C(=O)N[C@H](C(=O)N[C@@H](CCCC[NH3+])C(=O)N[C@@H](CCCNC(N)=[NH2+])C(=O)N[C@@H](CCCC[NH3+])C(=O)N[C@@H](CCCNC(N)=[NH2+])C(N)=O)[C@@H](C)CC)[C@@H](C)CC)C(C)C)C(C)C,0,-4.1670804,4
CC[C@H](C)[C@H](NC(=O)[C@H](CCCC[NH3+])NC(=O)[C@H](CCCC[NH3+])NC(=O)[C@H](C)NC(=O)[C@@H](NC(=O)CNC(=O)[C@H](CCCNC(N)=[NH2+])NC(=O)[C@H](CC(C)C)NC(=O)[C@@H](NC(=O)[C@@H](N)CCCC[NH3+])[C@@H](C)CC)C(C)C)C(=O)N[C@@H](CCSC)C(=O)N[C@@H](CCCNC(N)=[NH2+])C(=O)N[C@H](C(=O)N[C@@H](Cc1ccccc1)C(=O)N[C@@H](CC(C)C)C(=O)N[C@@H](CCCNC(N)=[NH2+])C(=O)N[C@@H](CCCNC(N)=[NH2+])C(=O)N[C@H](C(=O)N[C@@H](CO)C(=O)N[C@@H](CCCC[NH3+])C(=O)N[C@@H](CC(=O)O)C(=O)N[C@H](C(=O)N[C@@H](CC(C)C)C(=O)N[C@H](C(=O)NCC(=O)N[C@@H](CCCC[NH3+])C(=O)N[C@@H](CCCC[NH3+])C(N)=O)[C@@H](C)O)[C@@H](C)CC)[C@@H](C)CC)[C@@H](C)O,0,-3.0074985,4
CC[C@H](C)[C@H](NC(=O)[C@H](C)NC(O)C(CC1CNCN1)NC(=O)[C@@H]1CCCN1C(=O)[C@@H](NC(=O)[C@H](CC(C)C)NC(=O)[C@H](CO)NC(=O)[C@H](CC(C)C)NC(=O)[C@@H](N)Cc1ccccc1)[C@@H](C)CC)C(=O)N[C@@H](CC(N)=O)C(=O)N[C@@H](C)C(=O)N[C@H](C(=O)N[C@@H](CO)C(=O)N[C@H](C(=O)N[C@@H](CC(C)C)C(=O)N[C@H](C(=O)NC(CC1CNCN1)C(O)NC(CC1CNCN1)C(O)N[C@@H](CO)C(N)=O)C(C)C)[C@@H](C)O)C(C)C,0,-5.13619,4
CC(C)C[C@H](NC(=O)[C@H](CCCC[NH3+])NC(=O)[C@H](Cc1ccc(O)cc1)NC(=O)CNC(=O)[C@H](CS)NC(=O)[C@H](CS)NC(=O)[C@@H](NC(=O)CNC(=O)[C@@H](N)CC(N)=O)C(C)C)C(=O)N[C@@H](CS)C(=O)NC(CC1CNCN1)C(O)N1CC(O)CC1C(O)N[C@H](C=O)CS,0,-5.2085605,4
CC[C@H](C)[C@H](N)C(=O)N[C@@H](Cc1c[nH]c2ccccc12)C(=O)N[C@@H](CC(C)C)C(=O)N[C@H](C(=O)N[C@@H](C)C(=O)N[C@@H](CC(C)C)C(=O)N[C@@H](CCCC[NH3+])C(=O)N[C@@H](Cc1ccccc1)C(=O)N[C@@H](CC(C)C)C(=O)NCC(=O)N[C@@H](CCCC[NH3+])C(=O)NC(CC1CNCN1)C(O)N[C@@H](C)C(=O)N[C@@H](C)C(=O)N[C@@H](CCCC[NH3+])C(=O)NC(CC1CNCN1)C(O)N[C@@H](CC(C)C)C(=O)N[C@@H](C)C(=O)N[C@@H](CCCC[NH3+])C(=O)N[C@@H](CCC(N)=O)C(=O)N[C@@H](CCC(N)=O)C(=O)N[C@@H](CC(C)C)C(=O)N[C@@H](CO)C(=O)N[C@@H](CCCC[NH3+])C(=O)N[C@@H](CC(C)C)C(N)=O)[C@@H](C)O,0,-4.520501,4
CCCC(CO)NC(=O)[C@@H]1CCCN1C(=O)[C@@H](NC(=O)[C@@H](NC(=O)[C@H](CC(=O)O)NC(C)=O)[C@@H](C)CC)C(C)C,0,-5.033709,4
CC(C)C[C@H](NC(=O)[C@H](CC(C)C)NC(=O)[C@H](CCCC[NH3+])NC(=O)[C@H](CCCC[NH3+])NC(=O)[C@H](CC(C)C)NC(=O)[C@H](CC(C)C)NC(=O)[C@H](CCCC[NH3+])NC(=O)[C@H](CC(C)C)NC(=O)[C@@H]1CCCN1C(=O)[C@H](CCCC[NH3+])NC(=O)[C@H](CCCC[NH3+])NC(=O)[C@H](CC(C)C)NC(=O)[C@H](CC(C)C)NC(=O)[C@H](CCCC[NH3+])NC(=O)[C@H](CCCC[NH3+])NC(=O)[C@H](Cc1c[nH]c2ccccc12)NC(=O)[C@@H](N)CCCC[NH3+])C(N)=O,0,-5.741182,4
N=C(N)NCCC[C@H](NC(=O)[C@@H]1CCCN1C(=O)[C@@H]1CSSC[C@H](N)C(=O)N[C@@H](Cc2ccc(O)cc2)C(=O)N[C@@H](Cc2ccccc2)C(=O)N[C@@H](CCC(N)=O)C(=O)N[C@@H](CC(N)=O)C(=O)N1)C(=O)NCC(N)=O,0,-4.617415,4
CC[C@H](C)[C@@H](NC(=O)[C@@H](C)NC(=O)[C@@H](CCCC[NH3+])NC(=O)[C@@H](CC(C)C)NC(=O)[C@@H](CC(C)C)NC(=O)[C@H](NC(O)C(CC1CNCN1)NC(=O)[C@@H](CC(C)C)NC(=O)[C@H](NC(=O)[C@H](NC(=O)[C@@H](CCCC[NH3+])NC(=O)[C@@H](CCCC[NH3+])NC(=O)[C@@H](CC(C)C)NC(=O)[C@@H](CO)NC(=O)[C@@H](CCCC[NH3+])NC(=O)[C@@H](Cc1ccccc1)NC(=O)[C@H](NC(=O)[C@@H](CCCC[NH3+])NC(=O)[C@@H](CC(C)C)NC(=O)[C@@H](Cc1ccccc1)NC(=O)[C@@H](CO)NC(=O)[C@@H](CCCC[NH3+])NC(=O)[C@@H](Cc1c[nH]c2ccccc12)NC(=O)[C@@H](CCCC[NH3+])NC(C)=O)[C@@H](C)O)[C@@H](C)O)C(C)C)[C@@H](C)O)C(=O)N[C@H](CO)C(=O)N[C@@H](CO)C(N)=O,0,-5.079655,4
C[C@@H]1NC(=O)[C@@H]2CSSC[C@H](NC(=O)C[NH3+])C(=O)N[C@@H](CSSC[C@@H](C(N)=O)NC(=O)[C@H](CCCNC(N)=[NH2+])NC(=O)[C@H](Cc3c[nH]c4ccccc34)NC1=O)C(=O)N[C@@H](CO)C(=O)N[C@@H](CC(=O)O)C(=O)N1CCC[C@H]1C(=O)N[C@@H](CCCNC(N)=[NH2+])C(=O)N2,0,-4.6728034,4
CC(C)C[C@@H]1NC(=O)[C@@H](Cc2c[nH]c3ccccc23)NC(=O)[C@H](CCCC[NH3+])NC(O)C(CO)N(C)C(=O)[C@H](CC(N)=O)NC(=O)[C@@H](CCC(=O)O)NC(=O)[C@H](CO)NC(O)C(CC2CNC3CCCCC23)N(C)C1=O,0,-8.700658,4
CC[C@H](C)[C@H](NC(O)C(CC1CNCN1)NC(=O)[C@H](CCCC[NH3+])NC(=O)[C@H](CC(C)C)NC(=O)[C@H](CC(C)C)NC(=O)[C@H](CO)NC(=O)[C@H](CCSC)NC(=O)[C@H](Cc1c[nH]c2ccccc12)NC(=O)[C@H](CCCC[NH3+])NC(=O)CN)C(=O)N[C@@H](CC(C)C)C(=O)N[C@@H](CCCC[NH3+])C(N)=O,0,-6.936565,4
CSCC[C@H](NC(=O)[C@H](CCC(=O)O)NC(=O)[C@H](CC(=O)O)NC(C)=O)C(=O)N[C@@H](CCC(=O)O)C(=O)NC(CC1CCC2CCCCC2C1)C(O)N[C@H](C=O)CS,0,-0.63934577,4
CC(C)C[C@H]1NC(=O)CNC(=O)[C@@H](CC(N)=O)NC(=O)[C@H](CCCNC(N)=[NH2+])NC(=O)[C@H]([C@@H](C)O)NC(=O)[C@H](CS)NC(=O)[C@H](C(C)C)NC(=O)[C@@H]2CCCN2C(=O)[C@H](Cc2c[nH]c3ccccc23)NC(=O)[C@H](CO)NC(=O)[C@H](CS)NC(=O)[C@H](CO)NC(=O)[C@H](CS)NC(=O)CNC(=O)[C@@H]2CCCN2C(=O)[C@H]([C@@H](C)O)NC(=O)[C@H](Cc2ccc(O)cc2)NC(=O)[C@H](CS)NC(=O)[C@H](CO)NC(=O)CNC(=O)[C@H](Cc2ccccc2)NC(=O)[C@H](C)NC(=O)[C@H](CS)NC(=O)[C@H]([C@@H](C)O)NC(=O)[C@H](CCC(=O)O)NC(=O)CNC(=O)[C@H](CS)NC(=O)[C@H](C(C)C)NC(=O)[C@@H]2CCCN2C1=O,0,-12.541158,4
CC(C)[C@@H]1NC(=O)[C@H](CCCC[NH3+])NC(=O)[C@H](C)NC(=O)[C@@H]2CCCN2C(=O)[C@@H](Cc2ccc(O)cc2)NC(=O)[C@H](C(C)C)NC(=O)[C@@H](CCCC[NH3+])NC(=O)[C@H](C)NC(=O)[C@H](CCCC[NH3+])NC(=O)[C@H](C(C)C)NC(=O)[C@H]2CCCN2C(=O)[C@@H](Cc2ccc(O)cc2)NC(=O)[C@H](C)NC(=O)[C@H](CCCC[NH3+])NC1=O,0,-5.087976,4
CC[C@H](C)[C@H](NC(=O)CNC(=O)[C@H](C)NC(=O)[C@H](CS)NC(=O)[C@H](C)NC(=O)[C@H](C)NC(=O)[C@H](CCCNC(N)=[NH2+])NC(=O)[C@H](CO)NC(=O)[C@H](CS)NC(=O)[C@H](CS)NC(=O)CN)C(=O)NC(CC1CNCN1)C(O)N[C@@H](CCC(N)=O)C(=O)N[C@@H](CCC(=O)O)C(=O)N[C@@H](CC(C)C)C(=O)N[C@@H](CS)C(N)=O,0,-6.364477,4
CC(C)C[C@H](NC(=O)[C@H](CCCNC(N)=[NH2+])NC(=O)[C@H](CCCC[NH3+])NC(=O)[C@H](CCCC[NH3+])NC(=O)[C@H](CC(C)C)NC(=O)[C@H](CC(N)=O)NC(=O)[C@H](C)NC(=O)[C@H](Cc1ccccc1)NC(=O)[C@H](CCCNC(N)=[NH2+])NC(=O)[C@H](CCCNC(N)=[NH2+])NC(=O)[C@H](CCCC[NH3+])NC(=O)[C@H](Cc1ccccc1)NC(=O)[C@H](CO)NC(=O)[C@H](C)NC(=O)CNC(=O)[C@H](Cc1ccccc1)NC(=O)[C@H](CCCC[NH3+])NC(=O)[C@H](CCCC[NH3+])NC(=O)[C@H](Cc1ccccc1)NC(=O)[C@H](Cc1ccc(O)cc1)NC(=O)[C@H](CCC(=O)O)NC(=O)[C@H](CCCC[NH3+])NC(=O)[C@H](CCCNC(N)=[NH2+])NC(=O)[C@H](CCCC[NH3+])NC(=O)CNC(=O)[C@H](Cc1ccccc1)NC(=O)[C@H](Cc1ccccc1)NC(=O)CN)C(N)=O,0,-4.6400375,4
CC[C@H](C)[C@H](NC(=O)[C@@H](N)CCCC[NH3+])C(=O)N[C@@H](CCCC[NH3+])C(=O)N[C@H](C(=O)N1CCC[C@H]1C(=O)N[C@@H](Cc1c[nH]c2ccccc12)C(=O)NCC(=O)N[C@@H](CCCC[NH3+])C(=O)N[C@H](C(=O)N[C@@H](CCCC[NH3+])C(=O)N[C@@H](CC(=O)O)C(=O)N[C@@H](Cc1ccccc1)C(=O)N[C@@H](CC(C)C)C(=O)N[C@H](C(=O)NCC(=O)NCC(=O)N[C@@H](CCSC)C(=O)N[C@@H](CCCC[NH3+])C(=O)N[C@@H](C)C(=O)N[C@H](C(N)=O)C(C)C)C(C)C)C(C)C)[C@@H](C)CC,0,-2.8510644,4
CC[C@H](C)[C@H](NC(=O)[C@H](Cc1ccccc1)NC(=O)[C@@H]1CCCN1C(=O)[C@H](C)NC(=O)[C@@H](NC(=O)[C@@H](N)CC(C)C)[C@@H](C)CC)C(=O)N[C@@H](CCCNC(N)=[NH2+])C(=O)N[C@@H](CC(=O)O)C(=O)N[C@@H](Cc1ccc(O)cc1)C(=O)N[C@@H](CS)C(=O)N[C@@H](CS)C(=O)N1CCC[C@H]1C(=O)N[C@@H](CCCNC(N)=[NH2+])C(=O)NCC(=O)N1CCC[C@H]1C(=O)N[C@@H](CS)C(=O)N[C@@H](CCSC)C(=O)N[C@H](C(=O)N[C@@H](Cc1c[nH]c2ccccc12)C(=O)N[C@@H](CS)C(N)=O)C(C)C,0,-4.329799,4
C[C@H](NC(=O)[C@H](C)NC(=O)[C@H](C)NC(=O)[C@H](Cc1ccccc1)NC(=O)[C@H](C)NC(=O)[C@H](C)NC(=O)[C@H](Cc1c[nH]c2ccccc12)NC(=O)[C@H](C)NC(=O)[C@H](C)NC(=O)[C@H](Cc1ccccc1)NC(=O)[C@H](C)NC(=O)[C@H](C)NC(=O)[C@H](C)NC(=O)[C@H](C)NC(=O)[C@H](C)NC(=O)[C@H](Cc1ccccc1)NC(=O)[C@H](C)NC(=O)[C@H](C)NC(=O)[C@H](C)NC(=O)[C@H](CCCC[NH3+])NC(=O)[C@H](CCCC[NH3+])NC(=O)[C@H](CCCC[NH3+])NC(=O)[C@H](CCCC[NH3+])NC(=O)[C@H](CCCC[NH3+])NC(=O)[C@@H](N)CCCC[NH3+])C(N)=O,0,-4.424288,4
CC(C)C[C@H](NC(=O)[C@H](C)NC(=O)[C@H](CC(C)C)NC(=O)[C@H](C)NC(=O)[C@@H](N)Cc1c[nH]c2ccccc12)C(N)=O,0,-5.8919864,4
CC[C@H](C)[C@H](NC(=O)[C@H](CC(C)C)NC(=O)[C@H](CO)NC(=O)[C@@H](NC(=O)[C@@H](NC(=O)[C@H](CC(C)C)NC(=O)CN)C(C)C)[C@@H](C)O)C(=O)N[C@@H](CCCC[NH3+])C(=O)NCC(=O)N[C@@H](C)C(=O)NCC(=O)N[C@@H](CCCC[NH3+])C(=O)N[C@@H](CC(C)C)C(=O)N[C@@H](CC(C)C)C(=O)NCC(=O)NCC(=O)N[C@@H](CC(C)C)C(=O)N[C@@H](Cc1ccccc1)C(=O)NCC(=O)N[C@@H](CO)C(=O)N[C@H](C(=O)N[C@H](C(=O)NCC(N)=O)[C@@H](C)O)C(C)C,0,-4.069674,4
CC[C@H](C)[C@H](NC(=O)[C@@H](NC(=O)[C@@H]1CCCN1C(=O)[C@H](CC(C)C)NC(=O)[C@@H](N)Cc1ccccc1)[C@@H](C)CC)C(=O)N[C@H](C(=O)N[C@@H](CC(N)=O)C(=O)N[C@@H](CC(C)C)C(=O)N[C@@H](CC(C)C)C(=O)NCC(=O)N[C@@H](CCCC[NH3+])C(=O)N[C@@H](CC(C)C)C(=O)N[C@@H](CC(C)C)C(N)=O)[C@@H](C)O,0,-6.1534004,4
CC[C@H](C)[C@H](NC(=O)[C@@H]1CCCN1C(=O)[C@H](CC(C)C)NC(=O)[C@@H](N)Cc1ccccc1)C(=O)N[C@H](C(=O)NCC(=O)N[C@@H](CCCC[NH3+])C(=O)N[C@@H](CC(C)C)C(=O)N[C@@H](CC(C)C)C(=O)N[C@@H](CO)C(=O)NCC(=O)N[C@@H](CC(C)C)C(=O)N[C@@H](CC(C)C)C(N)=O)C(C)C,0,-7.077099,4
C[C@H](NC(O)C(CC1CNCN1)NC(=O)[C@H](Cc1ccc(O)cc1)NC(=O)[C@H](CCC(=O)O)NC(=O)[C@H](Cc1c[nH]c2ccccc12)NC(=O)[C@@H](N)CC(=O)O)C(=O)NC(CC1CNCN1)C(O)N1CCC[C@H]1C(=O)N[C@@H](CCCC[NH3+])C(=O)N1CC(O)CC1C(O)N[C@@H](CC(N)=O)C(=O)N[C@@H](CO)C(=O)N[C@H](Cc1ccccc1)C(=O)N[C@@H](Cc1c[nH]c2ccccc12)C(=O)N[C@H](C=O)[C@@H](C)O,0,-1.0080208,4
CC[C@H](C)[C@H](NC(=O)[C@H](CC(=O)O)NC(=O)[C@H](CCSC)NC(=O)[C@@H](NC(=O)[C@@H](NC(=O)[C@H](CCC(=O)O)NC(=O)[C@H](Cc1ccc(O)cc1)NC(=O)[C@H](Cc1ccccc1)NC(=O)[C@H](CCCCN)NC(=O)[C@H](CCC(N)=O)NC(=O)[C@H](CCC(N)=O)NC(=O)[C@H](CC(C)C)NC(=O)[C@H](CC(=O)O)NC(=O)[C@H](CCCCN)NC(=O)[C@@H](NC(=O)[C@H](CCC(N)=O)NC(=O)[C@H](CC(N)=O)NC(=O)[C@H](Cc1ccc(O)cc1)NC(=O)[C@H](Cc1c[nH]c2ccccc12)NC(=O)[C@H](CCC(=O)O)NC(=O)CNC(=O)[C@H](CC(C)C)NC(=O)[C@@H](NC(=O)[C@@H](NC(=O)[C@H](CC(N)=O)NC(=O)CNC(=O)[C@H](Cc1c[nH]cn1)NC(=O)[C@H](CC(N)=O)NC(=O)[C@@H](N)Cc1c[nH]c2ccccc12)[C@@H](C)CC)[C@@H](C)O)[C@@H](C)O)[C@@H](C)CC)[C@@H](C)CC)C(=O)N[C@@H](CCC(=O)O)C(=O)N[C@@H](CCC(N)=O)C(=O)N[C@@H](CC(N)=O)C(=O)N[C@@H](CC(N)=O)C(=O)N[C@H](C(=O)N[C@@H](CCC(N)=O)C(=O)O)C(C)C,0,-3.2584853,4
CC[C@H](C)[C@@H]1NC(=O)[C@H](C)NC(=O)[C@H](CO)NC(=O)[C@H](CO)NC(=O)[C@H]([C@@H](C)CC)NC(=O)[C@H](CS)NC(=O)[C@@H]2CCCN2C(=O)[C@H]([C@@H](C)CC)NC(=O)[C@H](Cc2c[nH]c3ccccc23)NC(=O)[C@H](C(C)C)NC(=O)[C@H](CS)NC(=O)[C@H](CO)NC(=O)[C@H](CCC(=O)O)NC(=O)CNC(=O)[C@H](CS)NC(=O)[C@H]2CCCN2C(=O)[C@H]([C@@H](C)CC)NC(=O)CNC(=O)[C@H](CC(N)=O)NC(=O)[C@H](CCCNC(N)=[NH2+])NC(=O)[C@H](Cc2ccc(O)cc2)NC(=O)[C@H](CS)NC(=O)[C@H](C(C)C)NC(=O)[C@H](CCCC[NH3+])NC(=O)[C@H](CO)NC(=O)[C@H](CCCC[NH3+])NC(=O)[C@H](CS)NC(=O)[C@H](CO)NC(=O)[C@H](CS)NC(=O)CNC1=O,0,-11.855001,4
CSCC[C@@H](C=O)NC(=O)[C@H](CC(C)C)NC(=O)CNC(=O)[C@@H](NC(=O)[C@H](Cc1ccccc1)NC(=O)[C@H](CCC(N)=O)NC(=O)[C@H](CC(=O)O)NC(=O)[C@H](CO)NC(=O)[C@H](CCCCN)NC(=O)[C@@H]1CCCN1C(=O)[C@@H](NC(=O)[C@@H](N)CC(=O)O)C(C)C)C(C)C,0,0.19002903,4
CC[C@H](C)[C@H](NC(=O)[C@H](CCC(N)=O)NC(=O)[C@@H]1CCCN1C(=O)[C@H](CC(N)=O)NC(O)C(CC1CNCN1)NC(=O)[C@@H](NC(=O)[C@@H](NC(=O)[C@H](CS)NC(=O)[C@@H](NC(=O)[C@@H]1CCCN1C(=O)[C@H](CC(N)=O)NC(=O)[C@H](CO)NC(=O)[C@H](CS)NC(=O)[C@@H](N)CS)C(C)C)[C@@H](C)O)C(C)C)C(=O)N[C@@H](CS)C(N)=O,0,-9.244912,4
CC(=O)N[C@@H](CC(=O)O)C(=O)N[C@@H](CCC(=O)O)C(=O)N[C@@H](Cc1ccccc1)C(=O)N[C@@H](CCC(=O)O)C(=O)NC(CC1CCCCC1)C(O)N[C@H](C=O)CS,0,-1.0379632,4
CC(C)C[C@H](NC(=O)[C@H](CCCC[NH3+])NC(=O)[C@H](CC(C)C)NC(=O)[C@H](CCCC[NH3+])NC(=O)[C@H](CC(C)C)NC(=O)[C@H](C)NC(=O)[C@H](CCCC[NH3+])NC(=O)[C@H](C)NC(=O)[C@H](CC(C)C)NC(=O)[C@H](CC(C)C)NC(=O)[C@H](CCCC[NH3+])NC(=O)[C@H](C)NC(=O)[C@@H](N)Cc1ccccc1)C(N)=O,0,-5.3938785,4
CC(C)C[C@H](NC(=O)[C@H](CC(N)=O)NC(=O)[C@H](CO)NC(O)C(CC1CNCN1)NC(=O)[C@H](CCC(=O)O)NC(=O)[C@H](CC(C)C)NC(O)C(CC1CNCN1)NC(=O)[C@H](CS)NC(=O)[C@@H](NC(=O)[C@@H]1CCCN1C(=O)[C@H](CC(N)=O)NC(=O)[C@H](CO)NC(=O)[C@H](CS)NC(=O)[C@H](CS)NC(=O)CNC(=O)[C@@H]1CCCN1C(=O)[C@H](CC(=O)O)NC(=O)[C@@H](N)CCCNC(N)=[NH2+])C(C)C)C(=O)N[C@@H](CS)C(N)=O,0,-8.431641,4
C[C@H](NC(=O)[C@H](CS)NC(=O)[C@H](CCCNC(N)=[NH2+])NC(=O)[C@@H]1CCCN1C(=O)[C@H](CC(=O)O)NC(=O)[C@H](CO)NC(=O)[C@H](CS)NC(=O)[C@H](CS)NC(=O)CN)C(=O)N[C@H](C(=O)N[C@@H](CCCNC(N)=[NH2+])C(=O)N[C@@H](CS)C(N)=O)[C@@H](C)O,0,-8.081177,4
CC(C)C[C@@H](NC(=O)[C@@H](C)NC(=O)[C@@H](CC(C)C)NC(=O)[C@@H](CCCC[NH3+])NC(=O)[C@@H](CCCC[NH3+])NC(=O)[C@@H](CC(C)C)NC(=O)[C@@H](C)NC(=O)[C@H]1CCCN1C(=O)[C@@H](CC(C)C)NC(=O)[C@@H](Cc1c[nH]c2ccccc12)NC(=O)[C@@H](CCCC[NH3+])NC(=O)[C@@H](CCCC[NH3+])NC(=O)[C@@H](CC(C)C)NC(=O)[C@@H](C)NC(=O)[C@@H](CC(C)C)NC(=O)[C@@H](CC(C)C)NC(=O)[C@@H](C)NC(=O)[C@@H](CC(C)C)NC(=O)[C@@H](CCCC[NH3+])NC(=O)[C@H](N)CCCC[NH3+])C(=O)N[C@H](CC(C)C)C(=O)N[C@H](C)C(=O)N[C@H](CC(C)C)C(=O)N[C@H](CCCC[NH3+])C(=O)N[C@H](CCCC[NH3+])C(N)=O,0,-4.053129,4
C[C@@H]1NC(=O)[C@@H]2CSSC[C@H](NC(=O)[C@@H](NC(=O)CN)CSSC[C@@H](C(=O)O)NC(=O)[C@H](CCCNC(N)=[NH2+])NC(=O)[C@H](Cc3c[nH]c4ccccc34)NC1=O)C(=O)N[C@@H](CO)C(=O)N[C@@H](CC(=O)O)C(=O)N[C@@H](CCCCN)C(=O)N[C@@H](CCCNC(N)=[NH2+])C(=O)N2,0,-3.6133113,4
CC[C@H](C)[C@H](NC(=O)[C@@H](NC(=O)[C@@H]1CCCN1C(=O)[C@@H](NC(=O)[C@@H](NC(O)C(CC1CNCN1)NC(=O)[C@@H]1CCCN1C(=O)[C@H](CC(C)C)NC(=O)[C@H](CC(C)C)NC(O)C(CC1CNCN1)NC(=O)[C@H](CCCC[NH3+])NC(=O)[C@H](C)NC(=O)[C@@H](NC(=O)[C@H](CO)NC(=O)CNC(=O)[C@H](CC(C)C)NC(=O)[C@@H](NC(=O)[C@H](CO)NC(=O)[C@H](Cc1ccccc1)NC(=O)[C@H](CC(C)C)NC(=O)CN)C(C)C)C(C)C)C(C)C)C(C)C)C(C)C)C(=O)N[C@@H](C)C(=O)N[C@@H](CCC(=O)O)C(=O)N[C@@H](CCCC[NH3+])C(=O)N[C@@H](CC(C)C)C(N)=O,0,-7.012428,4
CC[C@H](C)[C@H](NC(=O)CNC(=O)[C@H](CO)NC(=O)[C@H](CC(C)C)NC(=O)[C@H](C)NC(=O)[C@H](CCCNC(N)=[NH2+])NC(=O)CNC(=O)[C@@H](NC(=O)[C@H](CC(C)C)NC(=O)[C@@H]1CCCN1C(=O)[C@H](CC(C)C)NC(=O)[C@@H](N)Cc1ccccc1)[C@@H](C)CC)C(=O)N[C@@H](CC(C)C)C(N)=O,0,-5.58302,4
CC(C)C[C@H](NC(=O)[C@H](CCCC[NH3+])NC(=O)[C@H](CCCC[NH3+])NC(=O)[C@H](CC(C)C)NC(=O)[C@H](C)NC(=O)[C@H](CCCC[NH3+])NC(=O)[C@H](CC(C)C)NC(=O)[C@H](C)NC(=O)[C@H](CC(C)C)NC(=O)[C@H](C)NC(=O)[C@@H](N)C(C)C)C(N)=O,0,-4.72658,4
C[C@H](NC(=O)[C@@H]1CCCN1C(=O)[C@H](CC(N)=O)NC(=O)[C@H](CCCNC(N)=[NH2+])NC(=O)[C@H](CS)NC(=O)[C@H](CS)NC(=O)CNC(=O)[C@@H](N)CC(N)=O)C(=O)N[C@@H](CS)C(=O)N[C@@H](CCC(=O)O)C(=O)N[C@@H](CO)C(=O)NC(CC1CNCN1)C(O)N[C@@H](CCCNC(N)=[NH2+])C(=O)N[C@@H](CS)C(N)=O,0,-7.6745296,4
C[C@H](NC(=O)[C@H](CS)NC(=O)[C@H](CC(=O)O)NC(=O)[C@@H]1CCCN1C(=O)[C@H](CCCNC(N)=[NH2+])NC(=O)[C@H](CO)NC(=O)[C@H](CS)NC(=O)[C@H](CS)NC(=O)CN)C(=O)N[C@@H](Cc1c[nH]c2ccccc12)C(=O)N[C@@H](CCCNC(N)=[NH2+])C(=O)N[C@@H](CS)C(N)=O,0,-8.446379,4
CC(C)C[C@H]1NC(=O)CNC(=O)[C@H](CC(N)=O)NC(=O)[C@@H](CCCNC(N)=[NH2+])NC(=O)[C@H]([C@@H](C)O)NC(=O)[C@H](CS)NC(=O)[C@H](CCCC[NH3+])NC(=O)[C@@H]2CCCN2C(=O)[C@H](Cc2c[nH]c3ccccc23)NC(=O)[C@H](CO)NC(=O)[C@H](CS)NC(=O)[C@H]([C@@H](C)O)NC(=O)[C@H](CS)NC(=O)CNC(=O)[C@@H]2CCCN2C(=O)[C@H]([C@@H](C)O)NC(=O)[C@H](CC(N)=O)NC(=O)[C@H](CS)NC(=O)[C@H]([C@@H](C)O)NC(=O)CNC(=O)CNC(=O)[C@H](C(C)C)NC(=O)[C@H](CS)NC(=O)[C@H]([C@@H](C)O)NC(=O)[C@H](CCC(=O)O)NC(=O)CNC(=O)[C@H](CS)NC(=O)[C@H](C(C)C)NC(=O)[C@@H]2CCCN2C1=O,0,-13.249781,4
CC(C)C[C@H](NC(=O)[C@H](Cc1ccc(O)cc1)NC(=O)[C@@H]1CCCN1C(=O)[C@@H](N)Cc1c[nH]c2ccccc12)C(=O)N1CCC[C@H]1C(=O)N[C@@H](Cc1c[nH]c2ccccc12)C(=O)N[C@@H](CCCNC(N)=[NH2+])C(=O)N[C@@H](CCCNC(N)=[NH2+])C(N)=O,0,-5.5804677,4
CC[C@H](C)[C@H](NC(=O)[C@H](C)NC(=O)[C@H](CO)NC(=O)CNC(=O)[C@@H]1CCCN1C(=O)CN)C(=O)N[C@@H](CS)C(=O)N[C@@H](CC(N)=O)C(=O)N[C@@H](CCSC)C(=O)N[C@@H](C)C(=O)N[C@@H](CS)C(=O)N[C@@H](CCCNC(N)=[NH2+])C(=O)N[C@@H](CC(C)C)C(=O)N[C@@H](CCC(=O)O)C(=O)NC(CC1CNCN1)C(O)NCC(=O)NC(CC1CNCN1)C(O)N[C@@H](CC(C)C)C(=O)N[C@@H](Cc1ccc(O)cc1)C(=O)N1CCC[C@H]1C(=O)N[C@@H](Cc1ccccc1)C(=O)N[C@@H](CS)C(=O)N[C@@H](CC(N)=O)C(=O)N[C@@H](CS)C(=O)N[C@@H](CC(=O)O)C(N)=O,0,-7.410778,4
CC(C)C[C@H](NC(=O)[C@H](C)NC(=O)[C@H](CC(C)C)NC(=O)[C@H](C)NC(=O)[C@H](CCCC[NH3+])NC(=O)[C@H](CCCC[NH3+])NC(=O)[C@H](C)NC(=O)[C@H](CC(C)C)NC(=O)[C@H](CCCC[NH3+])NC(=O)[C@H](C)NC(=O)[C@H](CC(C)C)NC(=O)[C@H](CCCC[NH3+])NC(=O)[C@H](CCCC[NH3+])NC(=O)[C@H](C)NC(=O)[C@@H](N)Cc1ccccc1)C(N)=O,0,-4.5944777,4
CC[C@H](C)[C@H](NC(=O)[C@@H](N)Cc1ccccc1)C(=O)N[C@H](C(=O)N[C@H](C(=O)NC(CC1CNCN1)C(N)O)C(C)C)[C@@H](C)O,0,-3.1463838,4
CC[C@H](C)[C@H](NC(=O)[C@H](CC(=O)O)NC(=O)[C@H](Cc1ccccc1)NC(=O)[C@H](CC(C)C)NC(=O)CN)C(=O)N[C@H](C(=O)N[C@@H](CCCC[NH3+])C(=O)N[C@@H](CCCC[NH3+])C(=O)N[C@H](C(=O)N[C@H](C(=O)NCC(=O)N[C@@H](C)C(=O)N[C@@H](CC(C)C)C(=O)NCC(=O)N[C@@H](CO)C(=O)N[C@@H](CC(C)C)C(N)=O)C(C)C)C(C)C)C(C)C,0,-7.2475123,4
CC[C@H](C)[C@@H]1NC(=O)[C@H](CC(C)C)NC(=O)[C@H](C)NC(=O)[C@H]([C@@H](C)O)NC(=O)[C@H](C(C)C)NC(=O)[C@H]([C@@H](C)O)NC(=O)[C@H](CS)NC(=O)[C@@H]2CCCN2C(=O)[C@H]([C@@H](C)CC)NC(=O)[C@H](Cc2c[nH]c3ccccc23)NC(=O)[C@H](C(C)C)NC(=O)[C@H](CS)NC(=O)[C@H](CO)NC(=O)[C@H](CCC(=O)O)NC(=O)[C@H](C)NC(=O)[C@H](CS)NC(=O)[C@@H]2CCCN2C(=O)[C@@H]([C@@H](C)CC)NC(=O)CNC(=O)[C@H](CC(N)=O)NC(=O)[C@@H](Cc2ccc(O)cc2)NC(=O)[C@H](CS)NC(=O)[C@H](C(C)C)NC(=O)[C@H](CCCC[NH3+])NC(=O)[C@H](CC(N)=O)NC(=O)[C@H](CO)NC(=O)[C@H](CS)NC(=O)CNC(=O)[C@H](CS)NC(=O)CNC1=O,0,-12.658153,4
CC(C)C[C@H](NC(=O)[C@H](CCCC[NH3+])NC(=O)[C@H](CCCC[NH3+])NC(=O)[C@H](Cc1c[nH]c2ccccc12)NC(=O)[C@@H](N)CCCC[NH3+])C(=O)N[C@@H](CC(C)C)C(=O)N[C@@H](CCCC[NH3+])C(=O)N[C@@H](CCCC[NH3+])C(=O)N1CCC[C@H]1C(=O)N[C@@H](CC(C)C)C(=O)N[C@@H](CC(C)C)C(=O)N[C@@H](CCCC[NH3+])C(=O)N[C@@H](CCCC[NH3+])C(N)=O,0,-2.9526167,4
CC[C@H](C)[C@H](NC(=O)[C@H](CO)NC(=O)[C@H](CCCC[NH3+])NC(=O)[C@H](CC(C)C)NC(=O)[C@H](CCCC[NH3+])NC(=O)[C@@H](N)CC(C)C)C(=O)N[C@H](C(=O)N[C@@H](CO)C(=O)N[C@@H](Cc1c[nH]c2ccccc12)C(=O)N[C@@H](C)C(=O)N[C@@H](CCCC[NH3+])C(=O)N[C@@H](CC(C)C)C(=O)N[C@H](C(=O)N[C@@H](CC(C)C)C(N)=O)C(C)C)C(C)C,0,-7.272657,4
CC[C@H](C)[C@@H]1NC(=O)[C@H](CS)NC(=O)[C@@H]2CCCN2C(=O)[C@H]([C@@H](C)CC)NC(=O)[C@H](Cc2c[nH]c3ccccc23)NC(=O)[C@H](C(C)C)NC(=O)[C@H](CS)NC(=O)[C@H](CO)NC(=O)[C@H](CCC(=O)O)NC(=O)[C@@H](CS)NC(=O)[C@H]2CCCN2C(=O)[C@H](CC(C)C)NC(=O)[C@@H]([C@@H](C)O)NC(=O)CNC(=O)[C@H](CC(N)=O)NC(=O)[C@H](CCCC[NH3+])NC(=O)[C@H](Cc2ccc(O)cc2)NC(=O)[C@H](CS)NC(=O)[C@H](C(C)C)NC(=O)[C@H](CCCC[NH3+])NC(=O)[C@H](CO)NC(=O)[C@H](CCCC[NH3+])NC(=O)[C@H](CS)NC(=O)[C@H](CO)NC(=O)[C@H](CS)NC(=O)CNC(=O)[C@H](C(C)C)NC(=O)[C@H](C(C)C)NC(=O)[C@H](CO)NC(=O)[C@H](CO)NC1=O,0,-11.948381,4
CC(=O)N[C@@H](CCCNC(N)=[NH2+])C(=O)N[C@@H](CCCNC(N)=[NH2+])C(=O)N[C@@H](Cc1c[nH]c2ccccc12)C(=O)N[C@@H](Cc1c[nH]c2ccccc12)C(=O)N[C@@H](CS)C(=O)N[C@@H](CCCNC(N)=[NH2+])C(=O)N[C@H](C(N)=O)C(C)C,0,-3.2214675,4
CCCC(CO)NC(=O)[C@@H]1CCCN1C(=O)[C@@H](NC(=O)[C@@H](NC(=O)[C@H](CC(=O)O)NC(=O)[C@@H](CC(=O)O)NC(C)=O)[C@@H](C)CC)C(C)C,0,-4.4459157,4
CC[C@H](C)[C@H](NC(O)C(C)(C)NC(=O)[C@H](CCCC[NH3+])NC(=O)CNC(=O)[C@H](CC(C)C)NC(O)C(C)(C)NC(=O)[C@H](CCCC[NH3+])NC(=O)[C@H](CCCC[NH3+])NC(=O)[C@H](Cc1c[nH]c2ccccc12)NC(=O)[C@H](CC(N)=O)NC(=O)[C@@H](N)C(C)C)C(=O)N[C@@H](CCCC[NH3+])C(=O)NC(C)(C)C(O)N[C@H](C(=O)N[C@@H](CCCC[NH3+])C(N)=O)C(C)C,0,-7.531751,4
CC[C@H](C)[C@H](NC(=O)[C@H](CC(C)C)NC(=O)[C@H](CCC(=O)O)NC(=O)[C@@H](CC(=O)O)NC(C)=O)C(=O)NC(CC1CCCCC1)C(O)N[C@@H](CS)C(=O)N1CCC[C@H]1C(=O)NC(CC1CCCCC1)C(O)N[C@@H](CC(=O)O)C(=O)N[C@@H](CC(C)C)C(=O)N1CCC[C@@H]1C(=O)N[C@@H](Cc1ccc(O)cc1)C(=O)N[C@@H](CCCC[NH3+])C(N)=O,0,-4.391257,4
CC(C)C[C@H](NC(=O)[C@H](CCCNC(N)=[NH2+])NC(=O)[C@H](CCCNC(N)=[NH2+])NC(=O)[C@H](Cc1ccc(O)cc1)NC(=O)[C@H](CC(C)C)NC(=O)[C@H](CCCNC(N)=[NH2+])NC(=O)[C@H](CCCNC(N)=[NH2+])NC(=O)[C@H](Cc1ccc(O)cc1)NC(=O)[C@H](CC(C)C)NC(=O)[C@H](CCCNC(N)=[NH2+])NC(=O)[C@H](CCCNC(N)=[NH2+])NC(=O)[C@H](Cc1ccc(O)cc1)NC(=O)[C@H](CC(C)C)NC(=O)[C@@H](N)CCCNC(N)=[NH2+])C(=O)N[C@@H](Cc1ccc(O)cc1)C(=O)N[C@@H](CCCNC(N)=[NH2+])C(=O)N[C@@H](CCCC[NH3+])C(=O)N[C@@H](CCCC[NH3+])C(=O)N[C@@H](CCCC[NH3+])C(N)=O,0,3.3209,4
CC[C@H](C)[C@H](NC(=O)[C@H](CCCC[NH3+])NC(=O)[C@H](CCCNC(N)=[NH2+])NC(=O)[C@H](CCCC[NH3+])NC(=O)[C@H](CC(C)C)NC(=O)[C@H](CCCNC(N)=[NH2+])NC(=O)[C@H](CCCNC(N)=[NH2+])NC(=O)[C@H](CC(C)C)NC(=O)[C@H](CCCC[NH3+])NC(=O)[C@@H](N)CCCNC(N)=[NH2+])C(=O)N[C@@H](C)C(=O)NC(CC1CNCN1)C(O)N[C@@H](CCCC[NH3+])C(=O)N[C@H](C(=O)N[C@@H](CCCC[NH3+])C(=O)N[C@@H](CCCC[NH3+])C(=O)N[C@@H](Cc1ccc(O)cc1)C(N)=O)C(C)C,0,-0.33406594,4
CC[C@H](C)[C@H](NC(=O)[C@@H](NC(=O)[C@H](CO)NC(=O)[C@H](C)NC(=O)[C@@H](NC(=O)[C@H](CCCC[NH3+])NC(=O)[C@H](CCCC[NH3+])NC(=O)[C@@H](NC(=O)[C@@H](NC(=O)[C@H](CC(=O)O)NC(=O)[C@H](Cc1ccccc1)NC(=O)[C@H](CC(C)C)NC(=O)CN)C(C)C)[C@@H](C)CC)C(C)C)C(C)C)C(=O)N[C@@H](CCCC[NH3+])C(=O)N[C@@H](CCCC[NH3+])C(=O)N[C@@H](CC(C)C)C(N)=O,0,-3.9680243,4
CC(C)C[C@H](NC(=O)[C@H](CCCNC(N)=[NH2+])NC(=O)[C@@H](N)CCCNC(N)=[NH2+])C(=O)N[C@@H](CO)C(=O)N[C@@H](Cc1ccc(O)cc1)C(=O)N[C@@H](CO)C(=O)N[C@@H](CCCNC(N)=[NH2+])C(=O)N[C@@H](CCCNC(N)=[NH2+])C(=O)N[C@@H](CCCNC(N)=[NH2+])C(=O)N[C@@H](Cc1ccccc1)C(N)=O,0,-1.745098,4
C[C@H](NC(=O)[C@H](CCC(=O)O)NC(=O)[C@@H]1CCCN1C(O)C(CC1CNCN1)NC(=O)[C@H](CC(=O)O)NC(=O)[C@H](Cc1ccc(O)cc1)NC(=O)[C@H](CC(N)=O)NC(=O)[C@H](CS)NC(=O)[C@H](CCCNC(N)=[NH2+])NC(=O)[C@@H]1CCCN1C(=O)[C@H](CC(=O)O)NC(=O)[C@H](CO)NC(=O)[C@H](CS)NC(=O)[C@H](CS)NC(=O)CN)C(=O)N[C@@H](CS)C(N)=O,0,-7.4005976,4
CSCC[C@H](NC(=O)[C@@H](NC(=O)[C@H](CCCC[NH3+])NC(=O)[C@H](CCCNC(N)=[NH2+])NC(=O)[C@H](CS)NC(=O)[C@H](CO)NC(=O)[C@H](C)NC(=O)CNC(=O)[C@H](CCCC[NH3+])NC(=O)CNC(=O)[C@H](CCCC[NH3+])NC(=O)[C@@H](N)CS)[C@@H](C)O)C(=O)N[C@@H](Cc1ccc(O)cc1)C(=O)N[C@@H](CC(=O)O)C(=O)N[C@@H](CS)C(=O)N[C@@H](CS)C(=O)N[C@@H](CCCNC(N)=[NH2+])C(=O)NCC(=O)N[C@@H](CO)C(=O)N[C@@H](CS)C(=O)N[C@@H](CCCNC(N)=[NH2+])C(=O)N[C@@H](CO)C(=O)NCC(=O)N[C@@H](CCCNC(N)=[NH2+])C(=O)N[C@@H](CS)C(N)=O,0,-6.0468154,4
CC[C@H](C)[C@H](NC(O)C(CC1CNCN1)NC(=O)[C@H](CCCC[NH3+])NC(=O)[C@H](CC(C)C)NC(=O)[C@H](CC(C)C)NC(=O)[C@H](CO)NC(=O)[C@H](CCCC[NH3+])NC(=O)[C@H](Cc1c[nH]c2ccccc12)NC(=O)[C@H](CCCC[NH3+])NC(=O)CN)C(=O)N[C@@H](CC(C)C)C(=O)N[C@@H](CCCC[NH3+])C(N)=O,0,-6.86339,4
CC[C@H](C)[C@H](N)C(=O)N[C@@H](CC(C)C)C(=O)N1CCC[C@H]1C(=O)N[C@H](C(=O)N[C@@H](CC(C)C)C(=O)NCC(=O)N[C@@H](CC(N)=O)C(=O)N[C@@H](CC(C)C)C(=O)N[C@@H](CC(C)C)C(=O)N[C@@H](CC(N)=O)C(=O)N[C@@H](CO)C(=O)N[C@@H](CC(C)C)C(=O)N[C@@H](CC(C)C)C(N)=O)[C@@H](C)CC,0,-3.3824675,4
CC[C@H](C)[C@@H]1NC(=O)[C@H](CC(C)C)NC(=O)[C@H](Cc2ccccc2)NC(=O)[C@H](Cc2ccccc2)NC(=O)[C@H](C)NC(=O)[C@@H]2CCCN2C(=O)[C@H](C(C)C)NC(=O)[C@H](CC(C)C)NC(=O)[C@H]([C@@H](C)CC)NC1=O,0,-3.8671741,4
CC[C@H](C)[C@H](NC(=O)[C@H](CCCC[NH3+])NC(=O)[C@H](CC(N)=O)NC(=O)[C@H](Cc1c[nH]c2ccccc12)NC(=O)[C@H](CC(C)C)NC(=O)CN)C(=O)N[C@@H](CCCC[NH3+])C(=O)N[C@@H](CCC(=O)O)C(=O)N[C@@H](C)C(=O)N[C@@H](C)C(=O)N[C@@H](CO)C(=O)N[C@@H](CCCC[NH3+])C(=O)N[C@@H](C)C(=O)N[C@@H](C)C(=O)NCC(=O)N[C@@H](CCCC[NH3+])C(=O)N[C@@H](C)C(=O)N[C@@H](C)C(=O)N[C@@H](CC(C)C)C(=O)NCC(=O)N[C@@H](Cc1ccccc1)C(=O)N[C@H](C(=O)N[C@@H](CC(N)=O)C(=O)N[C@@H](CCC(=O)O)C(=O)N[C@@H](CCSC)C(=O)N[C@H](C(N)=O)C(C)C)C(C)C,0,-5.080933,4
CC[C@H](C)[C@H](NC(=O)[C@H](CCCC[NH3+])NC(=O)[C@@H]1CCCN1C(=O)[C@H](CC(C)C)NC(=O)[C@H](Cc1ccccc1)NC(=O)[C@H](CC(N)=O)NC(=O)[C@H](C)NC(=O)[C@H](C)NC(=O)[C@H](CC(C)C)NC(=O)CNC(=O)[C@H](C)NC(=O)[C@H](CC(C)C)NC(=O)[C@H](CC(C)C)NC(=O)[C@@H]1CCCN1C(=O)[C@H](CC(C)C)NC(=O)[C@@H](N)Cc1ccccc1)C(=O)N[C@@H](Cc1ccccc1)C(=O)N[C@@H](CS)C(=O)N[C@@H](CCCC[NH3+])C(=O)N[C@H](C(=O)N[C@H](C(=O)N[C@@H](CCCNC(N)=[NH2+])C(=O)N[C@@H](CCCC[NH3+])C(=O)N[C@@H](CS)C(N)=O)[C@@H](C)O)[C@@H](C)CC,0,-6.050005,4
C[C@H](NC(O)C(CC1CNCN1)NC(=O)[C@H](Cc1ccc(O)cc1)NC(=O)[C@H](CCC(=O)O)NC(=O)[C@H](Cc1c[nH]c2ccccc12)NC(=O)[C@@H](N)CC(=O)O)C(=O)NC(CC1CNCN1)C(O)N1CCC[C@H]1C(=O)N[C@@H](CCCC[NH3+])C(=O)N1CC(O)CC1C(O)N[C@@H](CC(N)=O)C(=O)N[C@@H](CO)C(=O)N[C@@H](Cc1ccccc1)C(=O)N[C@@H](Cc1c[nH]c2ccccc12)C(=O)N[C@H](C=O)[C@@H](C)O,0,-1.0263581,4
CC[C@H](C)[C@H](NC(=O)CNC(=O)[C@H](CO)NC(=O)[C@@H](NC(=O)[C@H](CC(C)C)NC(=O)[C@H](CCCNC(N)=[NH2+])NC(=O)CNC(=O)[C@@H](NC(=O)[C@@H](NC(=O)[C@@H]1CCCN1C(=O)[C@H](CC(C)C)NC(=O)[C@@H](N)Cc1ccccc1)[C@@H](C)CC)C(C)C)[C@@H](C)CC)C(=O)N[C@@H](CC(C)C)C(N)=O,0,-5.028759,4
CC[C@H](C)[C@H](NC(=O)[C@H](CC(C)C)NC(=O)[C@H](CC(N)=O)NC(=O)[C@@H](NC(=O)[C@H](CC(C)C)NC(=O)[C@@H](NC(=O)[C@@H]1CCCN1C(=O)[C@H](CC(C)C)NC(=O)[C@@H](N)Cc1ccccc1)[C@@H](C)CC)[C@@H](C)CC)C(=O)NC(CC1CNCN1)C(O)N[C@@H](CCCC[NH3+])C(=O)NCC(=O)N[C@@H](CC(C)C)C(=O)N[C@@H](CC(C)C)C(N)=O,0,-4.971528,4
CC[C@H](C)[C@@H]1NC(=O)[C@H](Cc2c[nH]c[nH+]2)NC(=O)[C@H](CCC(N)=O)NC(=O)[C@H](CC(N)=O)NC(=O)[C@H](CC(N)=O)NC(=O)CNC(=O)[C@H](C)NC(=O)[C@@H]2CSSC[C@H](NC(=O)C[NH3+])C(=O)N[C@@H](CSSC[C@@H](C(N)=O)NC1=O)C(=O)N[C@@H](CO)C(=O)N[C@@H](Cc1c[nH]c[nH+]1)C(=O)N1CCC[C@H]1C(=O)N[C@@H](C)C(=O)N2,0,-5.3133607,4
CC[C@H](C)[C@H](NC(=O)CN)C(=O)NCC(=O)N[C@@H](CCCC[NH3+])C(=O)N[C@@H](Cc1ccccc1)C(=O)N[C@@H](CC(C)C)C(=O)NC(CC1CNCN1)C(O)N[C@@H](CO)C(=O)N[C@H](C)C(=O)N[C@@H](CCCC[NH3+])C(=O)N[C@@H](CCCC[NH3+])C(=O)N[C@@H](Cc1ccccc1)C(=O)N[C@H](C)C(=O)N[C@@H](CCCC[NH3+])C(=O)N[C@@H](C)C(=O)N[C@@H](Cc1ccccc1)C(=O)N[C@H](C(=O)N[C@H](C)C(=O)N[C@@H](CCC(=O)O)C(=O)N[C@H](C(=O)N[C@@H](CCSC)C(=O)N[C@@H](CC(N)=O)C(=O)N[C@@H](CO)C(N)=O)[C@@H](C)CC)C(C)C,0,-5.9098396,4
CC(C)C[C@@H]1NC(=O)[C@H](CC(=O)O)NC(=O)[C@@H]2CCCN2C(=O)[C@H](Cc2c[nH]c[nH+]2)NC(=O)[C@H](CCCC[NH3+])NC(=O)[C@H](CC(N)=O)NC(=O)[C@H](CCCNC(N)=[NH2+])NC(=O)[C@@H]2CSSC[C@H](NC(=O)C[NH3+])C(=O)N[C@@H](CSSC[C@@H](C(N)=O)NC1=O)C(=O)N[C@@H](CO)C(=O)N[C@@H](CC(=O)O)C(=O)N1CCC[C@H]1C(=O)N1CCC[C@H]1C(=O)N2,0,-5.2938595,4
CC[C@H](C)[C@H](NC(=O)CN)C(=O)NCC(=O)NCC(=O)N[C@@H](C)C(=O)N[C@@H](CC(C)C)C(=O)N[C@@H](CC(C)C)C(=O)N[C@@H](CO)C(=O)N[C@@H](C)C(=O)NCC(=O)N[C@@H](CCCC[NH3+])C(=O)N[C@@H](C)C(=O)N[C@@H](C)C(=O)N[C@@H](CC(C)C)C(=O)N[C@@H](CCCC[NH3+])C(=O)NCC(=O)N[C@@H](CC(C)C)C(=O)N[C@@H](C)C(=O)N[C@@H](CCCC[NH3+])C(=O)N[C@H](C(=O)N[C@@H](CC(C)C)C(=O)N[C@H](C(N)=O)C(C)C)C(C)C,0,-3.8758283,4
CC(C)C[C@H](NC(=O)[C@@H](NC(=O)[C@H](C)NC(=O)[C@H](CS)NC(=O)[C@@H]1CCCN1C(=O)[C@@H]1CCCN1C(=O)[C@@H](NC(=O)[C@H](CO)NC(=O)[C@H](CS)NC(=O)[C@H](CS)NC(=O)CN)[C@@H](C)O)C(C)C)C(=O)N[C@@H](C)C(=O)N[C@@H](CS)C(N)=O,0,-9.973234,4
CC(=O)NCC(=O)N[C@@H](CCCC[NH3+])C(=O)N[C@@H](CCCC[NH3+])C(=O)N[C@@H](CC(C)C)C(=O)N[C@@H](CC(C)C)C(=O)N[C@@H](CCCC[NH3+])C(=O)N[C@@H](CCCC[NH3+])C(=O)N[C@@H](Cc1c[nH]c2ccccc12)C(=O)N[C@@H](CCCC[NH3+])C(=O)N[C@@H](CCCC[NH3+])C(=O)N[C@@H](CC(C)C)C(=O)N[C@@H](Cc1c[nH]c2ccccc12)C(=O)N[C@@H](CCCC[NH3+])C(=O)N[C@@H](CCCC[NH3+])C(=O)N[C@@H](Cc1c[nH]c2ccccc12)C(N)=O,0,-3.8404422,4
CC(C)C[C@H](NC(=O)[C@H](C)NC(=O)[C@H](CCCC[NH3+])NC(=O)[C@H](CCCC[NH3+])NC(=O)[C@H](CC(C)C)NC(=O)[C@H](C)NC(=O)[C@H](CCCC[NH3+])NC(=O)[C@H](CC(C)C)NC(=O)[C@H](C)NC(=O)[C@H](CC(C)C)NC(=O)[C@H](C)NC(=O)[C@@H](N)Cc1ccccc1)C(N)=O,0,-4.9921665,4
CSCC[C@@H]1NC(=O)[C@H](CCCNC(N)=[NH2+])NC(=O)[C@H](C)NC(=O)[C@H](C)NC(=O)[C@H](Cc2c[nH]c3ccccc23)NC(=O)[C@H](CCCNC(N)=[NH2+])NC(=O)[C@H](Cc2ccccc2)NC(=O)[C@H](C)NC(=O)[C@H](CCCC[NH3+])NC(=O)[C@H](CCCNC(N)=[NH2+])NC(=O)[C@H](Cc2c[nH]c3ccccc23)NC(=O)[C@H](C)NC(=O)[C@@H]2CCCN2C(=O)[C@H](C)NC(=O)[C@H](C)NC(=O)[C@H](CCCC[NH3+])NC(=O)[C@H](CCCC[NH3+])NC(=O)[C@H](CC(C)C)NC1=O,0,-4.6322427,4
CC[C@H](C)[C@H](NC(=O)[C@@H](NC(=O)CN)C(C)C)C(=O)N[C@@H](CC(=O)O)C(=O)N[C@@H](C)C(=O)N[C@@H](C)C(=O)N[C@@H](CCCC[NH3+])C(=O)N[C@@H](CCCC[NH3+])C(=O)N[C@H](C(=O)N[C@H](C(=O)N[C@@H](CC(N)=O)C(=O)N[C@H](C(=O)N[C@@H](CC(C)C)C(=O)N[C@@H](CCCC[NH3+])C(=O)N[C@@H](CC(N)=O)C(=O)N[C@@H](CC(C)C)C(=O)N1CCC[C@H]1C(N)=O)C(C)C)C(C)C)C(C)C,0,-3.004456,4
CC[C@H](C)[C@H](NC(=O)[C@H](C)NC(=O)[C@H](C)NC(=O)[C@H](CCC(=O)O)NC(=O)[C@H](CCCC[NH3+])NC(=O)CNC(=O)[C@@H](NC(=O)[C@H](CC(N)=O)NC(=O)[C@H](CCCC[NH3+])NC(=O)[C@@H](NC(=O)[C@@H](NC(=O)[C@H](CO)NC(=O)[C@H](Cc1c[nH]c2ccccc12)NC(=O)[C@H](CC(C)C)NC(=O)CN)[C@@H](C)O)[C@@H](C)CC)C(C)C)C(=O)N[C@@H](C)C(=O)N[C@@H](C)C(=O)NCC(=O)N[C@@H](CCCC[NH3+])C(=O)N[C@@H](C)C(=O)N[C@H](C(=O)N[C@@H](CC(C)C)C(=O)NCC(=O)N[C@@H](CO)C(=O)N[C@@H](CC(C)C)C(N)=O)C(C)C,0,-7.9667954,4
CC[C@H](C)[C@H](NC(=O)[C@H](CCCC[NH3+])NC(=O)[C@H](CCCC[NH3+])NC(=O)[C@H](CC(C)C)NC(=O)[C@H](CC(=O)O)NC(=O)[C@@H](NC(=O)[C@@H](N)Cc1ccccc1)C(C)C)C(=O)N[C@@H](C)C(=O)N[C@@H](CC(N)=O)C(=O)N[C@H](C(=O)N[C@H](C(=O)N[C@@H](CC(N)=O)C(=O)N[C@@H](CO)C(=O)N[C@H](C(=O)N[C@@H](Cc1ccccc1)C(=O)NCC(=O)N[C@@H](CCCC[NH3+])C(N)=O)[C@@H](C)CC)[C@@H](C)CC)[C@@H](C)CC,0,-6.880896,4
CC[C@H](C)[C@H](N)C(=O)N[C@@H](CC(C)C)C(=O)N1CCC[C@H]1C(=O)N[C@@H](CC(C)C)C(=O)N[C@@H](CCCC[NH3+])C(=O)N[C@@H](Cc1c[nH]c2ccccc12)C(=O)N1CCC[C@H]1C(=O)N[C@@H](Cc1c[nH]c2ccccc12)C(=O)N[C@@H](Cc1c[nH]c2ccccc12)C(=O)N1CCC[C@H]1C(=O)N[C@@H](Cc1c[nH]c2ccccc12)C(=O)N[C@@H](CCCNC(N)=[NH2+])C(=O)N[C@@H](CCCNC(N)=[NH2+])C(N)=O,0,-2.985902,4
CC[C@H](C)[C@H](NC(=O)[C@H](CO)NC(=O)[C@@H]1CCCN1C(=O)[C@H](CC(C)C)NC(=O)[C@@H](NC(=O)CNC(=O)[C@H](C)NC(=O)[C@H](CC(C)C)NC(=O)[C@@H](NC(=O)[C@H](CCCC[NH3+])NC(=O)[C@H](CC(C)C)NC(=O)[C@H](C)NC(=O)[C@H](CO)NC(=O)CNC(=O)[C@@H](NC(=O)[C@@H](N)Cc1ccccc1)[C@@H](C)CC)C(C)C)C(C)C)C(=O)N[C@H](C(=O)N[C@@H](CO)C(=O)N[C@@H](Cc1c[nH]c2ccccc12)C(=O)N[C@H](C(=O)N[C@@H](CCCC[NH3+])C(=O)N[C@@H](CCC(N)=O)C(N)=O)C(C)C)C(C)C,0,-8.216618,4
CC(C)C[C@H](NC(=O)[C@H](CCC(=O)O)NC(=O)[C@@H]1CCCN1C(=O)[C@H](C)NC(=O)[C@H](CC(N)=O)NC(=O)[C@@H](NC(=O)[C@H](CO)NC(=O)[C@H](CS)NC(=O)[C@H](C)NC(=O)[C@@H]1CCCN1C(O)C(CC1CNCN1)NC(=O)[C@H](CO)NC(=O)[C@H](CS)NC(=O)[C@H](CS)NC(=O)CN)C(C)C)C(=O)N[C@@H](CS)C(N)=O,0,-9.422799,4
CC[C@H](C)[C@H](N)C(=O)N[C@@H](CC(C)C)C(=O)N1CCC[C@H]1C(=O)N[C@H](C(=O)N[C@@H](CC(C)C)C(=O)N[C@@H](C)C(=O)N1CCC[C@H]1C(=O)N[C@@H](CC(C)C)C(=O)N[C@H](C(=O)NCC(=O)NCC(=O)N[C@@H](CC(C)C)C(=O)N[C@@H](CC(C)C)C(N)=O)[C@@H](C)CC)[C@@H](C)CC,0,0.016667377,4
CC[C@H](C)[C@H](NC(=O)[C@H](C)NC(=O)[C@H](CCCC[NH3+])NC(=O)[C@H](CC(C)C)NC(=O)[C@H](CC(C)C)NC(=O)CNC(O)C(CC1CNCN1)NC(=O)[C@H](CC(C)C)NC(=O)[C@@H](NC(=O)[C@@H](NC(=O)[C@H](CCCC[NH3+])NC(=O)[C@H](CCCC[NH3+])NC(=O)[C@H](C)NC(=O)[C@H](CO)NC(=O)[C@H](CCCC[NH3+])NC(=O)[C@H](Cc1ccccc1)NC(=O)[C@@H](NC(=O)[C@H](CCCC[NH3+])NC(=O)[C@H](CC(C)C)NC(=O)[C@H](Cc1ccccc1)NC(=O)[C@H](CO)NC(=O)[C@H](CCCC[NH3+])NC(=O)[C@H](Cc1c[nH]c2ccccc12)NC(=O)[C@H](CCCC[NH3+])NC(C)=O)[C@@H](C)O)[C@@H](C)O)C(C)C)C(=O)N[C@@H](CO)C(=O)N[C@@H](CO)C(N)=O,0,-4.7033668,4
CC[C@H](C)[C@H](NC(=O)[C@H](CCCC[NH3+])NC(=O)CNC(=O)[C@H](CC(C)C)NC(=O)[C@H](Cc1ccccc1)NC(=O)[C@H](CCCC[NH3+])NC(=O)[C@H](CO)NC(=O)[C@H](Cc1ccccc1)NC(=O)[C@H](Cc1c[nH]c2ccccc12)NC(=O)[C@H](CCC(N)=O)NC(=O)[C@@H](NC(=O)[C@@H](N)Cc1ccccc1)C(C)C)C(=O)N[C@@H](CC(C)C)C(N)=O,0,-6.6104045,4
CSCC[C@H](NC(=O)CNC(=O)[C@H](CCCNC(N)=[NH2+])NC(=O)[C@H](CO)NC(=O)[C@H](CS)NC(O)C1CC(O)CN1C(=O)[C@@H](NC(=O)CNC(O)C1CC(O)CN1C(=O)[C@H](CO)NC(=O)[C@H](CCCC[NH3+])NC(=O)[C@@H](N)CS)[C@@H](C)O)C(=O)N[C@@H](CCCNC(N)=[NH2+])C(=O)N[C@@H](CC(=O)O)C(=O)N[C@@H](CS)C(=O)N[C@@H](CS)C(=O)N[C@H](C(=O)N[C@@H](CO)C(=O)N[C@@H](CS)C(=O)N[C@@H](CC(C)C)C(=O)N[C@@H](CC(C)C)C(=O)N[C@@H](Cc1ccc(O)cc1)C(=O)N[C@@H](CO)C(=O)N[C@@H](CC(N)=O)C(=O)N[C@@H](CCCC[NH3+])C(=O)N[C@@H](CS)C(=O)N[C@@H](CCCNC(N)=[NH2+])C(=O)N[C@@H](CCCNC(N)=[NH2+])C(=O)N[C@H](C=O)Cc1ccc(O)cc1)[C@@H](C)O,0,-1.9915116,4
CC(C)C[C@@H]1NC(=O)[C@H](CC(C)C)NC(=O)[C@H](CCC(N)=O)NC(=O)[C@H](CCCNC(=N)N)NC(=O)[C@H](Cc2c[nH]cn2)NC(=O)[C@@H]2CSSC[C@@H](C(=O)N[C@@H](CC(C)C)C(=O)N[C@@H](CCCNC(=N)N)C(=O)N[C@@H](Cc3ccccc3)C(=O)N[C@H](C(N)=O)C(C)C)NC(=O)[C@H](CSSC[C@H](NC(=O)[C@@H](N)CCC(=O)O)C(=O)N2)NC1=O,0,-5.050695,4
CC(=O)N[C@@H](CCCNC(N)=[NH2+])C(=O)N[C@@H](Cc1c[nH]c2ccccc12)C(=O)N[C@@H](Cc1ccc(O)cc1)C(=O)N[C@@H](CS)C(=O)NCC(N)=O,0,-6.553163,4
CC(=O)N[C@@H](CC(C)C)C(=O)N[C@@H](CC(C)C)C(=O)N[C@@H](CCCNC(N)=[NH2+])C(=O)N[C@H](C(=O)N[C@@H](CCCC[NH3+])C(=O)N[C@@H](CCCNC(N)=[NH2+])C(N)=O)C(C)C,0,-5.1791625,4
CC(C)[C@H](NC(=O)[C@@H](NC(=O)[C@H](CS)NC(=O)CNC(=O)[C@H](CS)NC(O)C1CC(O)CN1C(O)C(CC1CNCN1)NC(=O)[C@H](CS)NC(=O)[C@H](C)NC(=O)[C@H](C)NC(=O)[C@H](CC(N)=O)NC(O)C1CC(O)CN1C(=O)[C@H](Cc1ccc(O)cc1)NC(=O)[C@H](CCCC[NH3+])NC(=O)CNC(=O)[C@H](CS)NC(=O)[C@H](CS)NC(=O)CN)[C@@H](C)O)C(=O)NCC(=O)N[C@@H](CCCNC(N)=[NH2+])C(=O)N1CC(O)CC1C(O)N1CC(O)CC1C(O)N[C@@H](Cc1ccc(O)cc1)C(=O)N[C@@H](CS)C(=O)N[C@@H](CC(=O)O)C(=O)N[C@@H](CCCNC(N)=[NH2+])C(=O)N1CC(O)CC1C(O)N[C@@H](CO)C(=O)NCC(=O)NCC=O,0,-7.9655375,4
CC[C@H](C)[C@H](NC(=O)[C@@H](N)CCC(N)=O)C(=O)N1CCC[C@H]1C(=O)N[C@@H](Cc1c[nH]c2ccccc12)C(=O)N[C@@H](Cc1ccccc1)C(=O)NC(CC1CNCN1)C(O)N[C@@H](CCCNC(N)=[NH2+])C(N)=O,0,-6.1801023,4
CC(C)C[C@H](NC(=O)[C@H](CC(C)C)NC(=O)[C@@H](CCCC[NH3+])NC(=O)[C@H](CC(C)C)NC(=O)[C@H](CC(C)C)NC(=O)[C@H](CCCC[NH3+])NC(=O)[C@@H](CCCC[NH3+])NC(=O)[C@@H](CC(C)C)NC(=O)[C@H](CC(C)C)NC(=O)[C@@H](CCCC[NH3+])NC(=O)[C@H](CCCC[NH3+])NC(=O)[C@H](CC(C)C)NC(=O)[C@@H](CC(C)C)NC(=O)[C@H](CCCC[NH3+])NC(=O)[C@@H](N)CC(C)C)C(N)=O,0,-3.3078098,4
CC[C@H](C)[C@H](NC(=O)[C@H](CCCC[NH3+])NC(=O)[C@H](CCCC[NH3+])NC(=O)[C@H](Cc1ccccc1)NC(=O)[C@H](CC(C)C)NC(=O)[C@H](CCCC[NH3+])NC(=O)[C@@H](N)CC(C)C)C(=O)N[C@@H](CC(C)C)C(=O)N[C@@H](CCCC[NH3+])C(=O)N[C@@H](Cc1ccc(O)cc1)C(=O)N[C@@H](CC(C)C)C(N)=O,0,-3.74091,4
CC[C@H](C)[C@H](N)C(=O)N[C@@H](CC(N)=O)C(=O)N[C@@H](Cc1c[nH]c2ccccc12)C(=O)N[C@@H](CC(C)C)C(=O)N[C@@H](CCCC[NH3+])C(=O)N[C@@H](CC(C)C)C(=O)NCC(=O)N[C@@H](CCCC[NH3+])C(=O)N[C@@H](CCCC[NH3+])C(=O)N[C@H](C(=O)N[C@@H](CC(C)C)C(=O)NCC(=O)N[C@@H](C)C(=O)N[C@H](C(N)=O)[C@@H](C)CC)[C@@H](C)CC,0,-1.5981928,4
C[C@H](NC(=O)[C@H](C)NC(=O)[C@H](Cc1ccccc1)NC(=O)[C@H](C)NC(=O)[C@H](C)NC(=O)[C@H](CCCNC(N)=[NH2+])NC(=O)[C@H](CCCNC(N)=[NH2+])NC(=O)[C@@H](N)CCCNC(N)=[NH2+])C(=O)N[C@@H](Cc1c[nH]c2ccccc12)C(=O)N[C@@H](C)C(=O)N[C@@H](C)C(=O)N[C@@H](Cc1ccccc1)C(=O)N[C@@H](C)C(=O)N[C@@H](C)C(=O)N[C@@H](CCCNC(N)=[NH2+])C(=O)N[C@@H](CCCNC(N)=[NH2+])C(=O)N[C@@H](CCCNC(N)=[NH2+])C(N)=O,0,0.89135724,4
CC(C)C[C@H](NC(=O)[C@H](CC(N)=O)NC(=O)[C@H](CO)NC(O)C(CC1CNCN1)NC(=O)[C@H](CCC(=O)O)NC(=O)[C@H](C)NC(O)C(CC1CNCN1)NC(=O)[C@H](CS)NC(=O)[C@@H](NC(=O)[C@@H]1CCCN1C(=O)[C@H](CC(N)=O)NC(=O)[C@H](CO)NC(=O)[C@H](CS)NC(=O)[C@H](CS)NC(=O)CN)C(C)C)C(=O)N[C@@H](CS)C(N)=O,0,-9.524572,4
CC[C@H](C)[C@H](NC(=O)[C@@H](N)CCCNC(N)=[NH2+])C(=O)N[C@@H](CC(C)C)C(=O)N[C@@H](CCCNC(N)=[NH2+])C(=O)NCC(N)=O,0,-0.65800995,4
CC[C@H](C)[C@H](NC(=O)CN)C(=O)NCC(=O)NCC(=O)N[C@@H](CCCC[NH3+])C(=O)N[C@H](C(=O)N[C@@H](CC(C)C)C(=O)NCC(=O)NCC(=O)N[C@@H](CC(C)C)C(=O)N[C@@H](CCCC[NH3+])C(=O)N[C@H](C(=O)N[C@@H](C)C(=O)N[C@@H](CC(C)C)C(=O)N[C@@H](CCCC[NH3+])C(=O)NCC(=O)N[C@@H](C)C(=O)N[C@@H](C)C(=O)N[C@@H](CCCC[NH3+])C(=O)N[C@@H](CCC(=O)O)C(=O)N[C@@H](CC(C)C)C(=O)N[C@@H](C)C(=O)N[C@@H](CO)C(=O)N[C@H](C(=O)N[C@@H](Cc1ccc(O)cc1)C(=O)N[C@@H](CC(C)C)C(=O)NC(CC1CNCN1)C(N)O)[C@@H](C)O)[C@@H](C)O)[C@@H](C)CC,0,-2.5691366,4
CC[C@H](C)[C@H](NC(=O)[C@H](CCC(N)=O)NC(=O)[C@@H]1CCCN1C(=O)[C@H](CC(N)=O)NC(O)C(CC1CNCN1)NC(=O)[C@@H](NC(=O)[C@@H](NC(=O)[C@H](CS)NC(=O)[C@@H](NC(=O)[C@@H]1CCCN1C(=O)[C@H](CC(N)=O)NC(=O)[C@H](CO)NC(=O)[C@H](CS)NC(=O)[C@H](CS)NC(=O)[C@@H]1CCCN1C(=O)[C@H](CC(=O)O)NC(O)C(N)CCCNC(N)N(C)C)C(C)C)[C@@H](C)O)C(C)C)C(=O)N[C@@H](CS)C(N)=O,0,-8.48646,4
CC[C@H](C)[C@H](NC(=O)CN)C(=O)NCC(=O)N[C@@H](CCCC[NH3+])C(=O)N[C@@H](Cc1ccccc1)C(=O)N[C@@H](CC(C)C)C(=O)NC(CC1CNCN1)C(O)N[C@@H](CCCC[NH3+])C(=O)N[C@H](C(=O)NCC(=O)N[C@@H](CO)C(=O)N[C@@H](Cc1ccccc1)C(=O)N[C@H](C(=O)N[C@@H](CCCC[NH3+])C(=O)N[C@@H](CO)C(=O)N[C@@H](Cc1c[nH]c2ccccc12)C(=O)N[C@@H](CCCC[NH3+])C(=O)NCC(=O)N[C@@H](CCC(=O)O)C(=O)N[C@H](C(=O)N[C@@H](CCSC)C(=O)N[C@@H](CC(N)=O)C(=O)N[C@@H](CO)C(N)=O)[C@@H](C)CC)[C@@H](C)CC)C(C)C,0,-8.23894,4
CCCCC(NC(=O)[C@@H](NC(=O)[C@H](CCCC[NH3+])NC(=O)[C@@H]1CCCN1C(=O)[C@H](CC(C)C)NC(=O)[C@H](CO)NC(=O)[C@H](CCCC[NH3+])NC(=O)[C@H](CCCC[NH3+])NC(=O)[C@H](CC(C)C)NC(=O)[C@H](CO)NC(=O)[C@H](CO)NC(=O)[C@H](CC(C)C)NC(=O)[C@H](Cc1ccccc1)NC(=O)CN)C(C)C)C(O)N[C@@H](C)C(=O)NC(CC1CNCN1)C(O)NC(CCCC)C(O)N[C@@H](CCCC[NH3+])C(N)=O,0,-7.9683666,4
CC(C)C[C@@H]1NC(=O)[C@H](CCCC[NH3+])NC(=O)[C@H](C(C)C)NC(=O)[C@@H]2CCCN2C(=O)[C@@H](Cc2ccc(O)cc2)NC(=O)[C@H](CC(C)C)NC(=O)[C@H](CCCC[NH3+])NC(=O)[C@H](C(C)C)NC(=O)[C@H](CCCC[NH3+])NC(=O)[C@H](CC(C)C)NC(=O)[C@H]2CCCN2C(=O)[C@@H](Cc2ccc(O)cc2)NC(=O)[C@H](C(C)C)NC(=O)[C@H](CCCC[NH3+])NC1=O,0,-5.7040925,4
CC[C@H](C)[C@H](NC(=O)[C@H](CCCC[NH3+])NC(=O)[C@H](CCCC[NH3+])NC(=O)[C@H](CCC(N)=O)NC(=O)CN)C(=O)N[C@@H](CCCNC(N)=[NH2+])C(=O)N[C@H](C(=O)N[C@@H](CCCNC(N)=[NH2+])C(=O)N[C@@H](CC(C)C)C(=O)N[C@@H](CO)C(N)=O)C(C)C,0,-2.4018567,4
CC[C@H](C)[C@H](NC(=O)[C@H](CCCC[NH3+])NC(=O)CNC(=O)[C@@H](NC(=O)[C@H](CC(C)C)NC(O)C(CC1CNCN1)NC(=O)[C@H](C)NC(=O)[C@H](CC(C)C)NC(=O)[C@H](CC(C)C)NC(=O)[C@H](CC(=O)O)NC(=O)[C@H](CCCC[NH3+])NC(=O)CNC(=O)[C@H](C)NC(=O)CNC(=O)[C@H](CCCC[NH3+])NC(=O)[C@H](CC(C)C)NC(=O)[C@@H](NC(=O)[C@H](CC(=O)O)NC(=O)[C@@H](NC(=O)[C@@H](NC(=O)CN)C(C)C)C(C)C)[C@@H](C)CC)C(C)C)C(=O)N[C@@H](CO)C(=O)N[C@@H](CCC(=O)O)C(=O)N[C@@H](CCCC[NH3+])C(=O)N[C@H](C(N)=O)C(C)C,0,-2.5139117,4
CC[C@H](C)[C@@H]1NC(=O)[C@H](CCCNC(=N)N)NC(=O)CNC(=O)[C@@H]2CSSC[C@@H](C(=O)N3CCC[C@H]3C(=O)N[C@@H](CCC(=O)O)C(=O)N[C@H](C(=O)N[C@H](C(=O)N[C@@H](CS)C(=O)N3CCC[C@H]3C(=O)N[C@@H](CCCCN)C(=O)N[C@@H](CC(N)=O)C(=O)O)C(C)C)C(C)C)NC(=O)[C@H]([C@@H](C)CC)NC(=O)[C@H](CS)NC(=O)[C@H](CCCNC(=N)N)NC(=O)[C@H](CO)NC(=O)[C@H](CSSC[C@H](NC(=O)[C@H](CCC(=O)O)NC(=O)[C@@H](NC(=O)[C@H](Cc3c[nH]c4ccccc34)NC(=O)[C@H](Cc3ccc(O)cc3)NC(=O)[C@H](CCC(N)=O)NC(=O)[C@@H]3CCCN3C(=O)[C@@H](NC(=O)[C@H](CC(C)C)NC(=O)[C@H](CC(=O)O)NC(=O)[C@H](CC(N)=O)NC(=O)[C@@H](N)CC(C)C)C(C)C)[C@@H](C)O)C(=O)N2)NC(=O)[C@H](Cc2c[nH]cn2)NC(=O)[C@@H]2CCCN2C(=O)CNC1=O,0,-4.5339475,4
CC(C)C[C@H](NC(=O)[C@H](Cc1ccccc1)NC(=O)[C@H](C)NC(=O)CNC(=O)[C@H](Cc1c[nH]c2ccccc12)NC(=O)[C@H](CC(N)=O)NC(=O)[C@@H](N)CC(C)C)C(=O)N[C@@H](CCCC[NH3+])C(=O)NC(CC1CNCN1)C(O)N[C@@H](Cc1ccccc1)C(=O)N[C@@H](Cc1ccccc1)C(=O)N[C@@H](CCCC[NH3+])C(N)=O,0,-6.7249293,4
CC[C@H](C)[C@H](N)C(=O)N[C@@H](CC(N)=O)C(=O)N[C@@H](Cc1c[nH]c2ccccc12)C(=O)N[C@@H](CCCC[NH3+])C(=O)N[C@@H](CCCC[NH3+])C(=O)N[C@H](C(=O)N[C@@H](C)C(=O)N[C@@H](CO)C(=O)N[C@H](C(=O)NCC(=O)N[C@@H](CCCC[NH3+])C(=O)N[C@@H](CCC(=O)O)C(=O)N[C@H](C(=O)N[C@@H](CC(C)C)C(=O)N[C@@H](CCCC[NH3+])C(=O)N[C@@H](C)C(=O)N[C@@H](CC(C)C)C(N)=O)C(C)C)[C@@H](C)CC)[C@@H](C)CC,0,-7.2152047,4
CC[C@H](C)[C@H](NC(=O)[C@H](CCC(=O)O)NC(=O)[C@@H]1CCCN1C(O)C(CC1CNCN1)NC(=O)[C@H](CC(=O)O)NC(=O)[C@H](Cc1ccc(O)cc1)NC(=O)[C@H](CC(N)=O)NC(=O)[C@H](CS)NC(=O)[C@H](CCCNC(N)=[NH2+])NC(=O)[C@@H]1CCCN1C(=O)[C@H](CC(=O)O)NC(=O)[C@H](CO)NC(=O)[C@H](CS)NC(=O)[C@H](CS)NC(=O)[C@H](C)N)C(=O)N[C@@H](CS)C(N)=O,0,-6.894342,4
CC[C@H](C)[C@H](NC(=O)[C@H](CCC(=O)O)NC(=O)[C@@H]1CCCN1C(O)C(CC1CNCN1)NC(=O)[C@H](CC(=O)O)NC(=O)[C@H](Cc1ccc(O)cc1)NC(=O)[C@H](C)NC(=O)[C@H](CS)NC(=O)[C@H](CCCNC(N)=[NH2+])NC(=O)[C@@H]1CCCN1C(=O)[C@H](CC(=O)O)NC(=O)[C@H](CO)NC(=O)[C@H](CS)NC(=O)[C@H](CS)NC(=O)CN)C(=O)N[C@@H](CS)C(N)=O,0,-6.3929276,4
CC[C@H](C)[C@H](NC(=O)[C@@H](NC(=O)[C@@H]1CCCN1C(=O)[C@@H](NC(=O)[C@@H](NC(=O)[C@H](CCCNC(N)=[NH2+])NC(=O)[C@@H]1CCCN1C(=O)[C@@H](NC(=O)[C@@H](NC(O)C(CC1CNCN1)NC(=O)[C@H](CCCC[NH3+])NC(=O)[C@H](C)NC(=O)[C@@H](NC(=O)[C@H](CO)NC(=O)CNC(=O)[C@H](CC(C)C)NC(=O)[C@@H](NC(=O)[C@H](CO)NC(=O)[C@H](Cc1ccccc1)NC(=O)[C@H](CC(C)C)NC(=O)CN)C(C)C)C(C)C)C(C)C)C(C)C)C(C)C)C(C)C)C(C)C)C(=O)N[C@@H](C)C(=O)N[C@@H](CCC(=O)O)C(=O)NC(CC1CNCN1)C(O)N[C@@H](CC(C)C)C(N)=O,0,-6.91866,4
CC(C)[C@H](NC(=O)[C@H](CCCC[NH3+])NC(=O)[C@@H](NC(=O)[C@H](CCCC[NH3+])NC(=O)[C@@H](NC(=O)[C@H](CCCC[NH3+])NC(=O)[C@@H](NC(=O)[C@@H]1CCCN1C(=O)[C@H]1CCCN1C(=O)[C@@H](NC(=O)[C@H](CCCC[NH3+])NC(=O)[C@@H](NC(=O)[C@H](CCCC[NH3+])NC(=O)[C@@H](NC(=O)[C@H](CCCC[NH3+])NC(=O)[C@@H](NC(=O)[C@@H](N)CCCC[NH3+])C(C)C)C(C)C)C(C)C)C(C)C)[C@@H](C)O)C(C)C)C(C)C)C(=O)N[C@@H](CCCC[NH3+])C(N)=O,0,-4.5869427,4
CC(C)C[C@H](NC(=O)[C@H](CC(C)C)NC(=O)[C@H](CCCC[NH3+])NC(=O)CNC(=O)[C@H](CC(C)C)NC(=O)[C@H](CC(C)C)NC(=O)[C@H](CO)NC(=O)[C@H](C)NC(=O)[C@H](Cc1ccccc1)NC(=O)[C@H](Cc1ccccc1)NC(=O)[C@@H]1CCCN1C(=O)[C@H](CC(C)C)NC(=O)[C@@H](N)Cc1ccccc1)C(N)=O,0,-8.289959,4
C[C@H](NC(=O)[C@H](Cc1ccc(O)cc1)NC(=O)[C@H](CC(N)=O)NC(=O)[C@H](CCCC[NH3+])NC(=O)CNC(=O)[C@H](CS)NC(=O)[C@H](C)NC(=O)[C@@H]1CCCN1C(O)C(CC1CNCN1)NC(=O)[C@H](CS)NC(=O)[C@H](CS)NC(=O)[C@H](CCCNC(N)=[NH2+])NC(=O)CN)C(=O)N[C@@H](CS)C(N)=O,0,-7.8412766,4
CC(C)C[C@H]1NC(=O)[C@@H](C(C)C)NC(=O)[C@@H]2CCCN2C(=O)[C@@H](CC(=O)O)NC(=O)[C@@H](Cc2c[nH]c3ccccc23)NC1=O,0,-6.8525624,4
CC[C@H](C)[C@@H]1NC(=O)CNC(=O)[C@H](CCCNC(N)=[NH2+])NC(=O)[C@H](Cc2ccc(O)cc2)NC(=O)[C@@H]2CSSC[C@H](NC1=O)C(=O)N[C@@H](Cc1ccc(O)cc1)C(=O)N[C@@H](CCCNC(N)=[NH2+])C(=O)N[C@@H](CCCNC(N)=[NH2+])C(=O)N[C@H](C(=O)N[C@@H](CCCNC(N)=[NH2+])C(=O)O)CSSC[C@H](NC(=O)[C@H](Cc1c[nH]c3ccccc13)NC(=O)[C@@H]([NH3+])CCCC[NH3+])C(=O)N[C@@H](Cc1ccccc1)C(=O)N[C@@H](CCCNC(N)=[NH2+])C(=O)N[C@@H](C(C)C)C(=O)N2,0,-1.2359565,4
CC[C@H](C)[C@H](NC(=O)[C@H](CO)NC(=O)[C@H](C)NC(=O)[C@@H]1CCCN1C(=O)[C@H](CC(C)C)NC(=O)CN)C(=O)N[C@@H](CO)C(=O)N[C@@H](Cc1c[nH]c2ccccc12)C(=O)N[C@H](C(=O)N[C@@H](CCCC[NH3+])C(=O)N[C@@H](CCCNC(N)=[NH2+])C(=O)N[C@@H](CCCC[NH3+])C(=O)N[C@@H](CCCNC(N)=[NH2+])C(=O)N[C@@H](CCC(N)=O)C(=O)N[C@@H](CCC(N)=O)C(N)=O)[C@@H](C)CC,0,-3.813872,4
CC[C@H](C)[C@H](NC(=O)[C@H](CC(C)C)NC(=O)[C@@H]1CCCN1C(=O)[C@H](CC(C)C)NC(=O)[C@@H](N)C(C)C)C(=O)N[C@@H](CO)C(=O)N[C@@H](CCSC)C(=O)N[C@@H](C)C(=O)N[C@@H](CC(C)C)C(=O)NCC(=O)N[C@@H](CCCC[NH3+])C(=O)N[C@@H](CC(C)C)C(=O)N[C@@H](CC(C)C)C(N)=O,0,-5.4587917,4
C[C@H](NC(=O)CNC(=O)[C@H](CS)NC(=O)[C@H](C)NC(=O)[C@@H]1CCCN1C(=O)[C@H](CC(N)=O)NC(=O)[C@H](CS)NC(=O)[C@H](CS)NC(=O)[C@@H](N)CCC(=O)O)C(=O)NC(CC1CNCN1)C(O)N[C@@H](Cc1ccc(O)cc1)C(=O)N[C@@H](CO)C(=O)N[C@@H](CS)C(N)=O,0,-8.4487505,4
CC[C@H](C)[C@H](NC(=O)[C@H](Cc1c[nH]c2ccccc12)NC(=O)[C@H](CS)NC(=O)[C@H](CS)NC(=O)[C@@H](N)CC(C)C)C(=O)NC(CC1CNCN1)C(O)N[C@@H](Cc1c[nH]c2ccccc12)C(=O)N[C@@H](CS)C(=O)NC(CC1CNCN1)C(O)N[C@@H](C)C(=O)N[C@@H](CCCNC(N)=[NH2+])C(=O)N[C@@H](CS)C(=O)N[C@H](C(=O)N[C@@H](CS)C(=O)N[C@@H](CS)C(N)=O)[C@@H](C)O,0,-7.4995046,4
CC(C)C[C@@H]1NC(O)C(CCC[NH3+])NC(=O)[C@H](C(C)C)NC(=O)[C@@H]2CCCN2C(O)C(CC2CCCC3CCCCC32)NC(=O)[C@H](CC(C)C)NC(O)C(CCC[NH3+])NC(=O)[C@H](C(C)C)NC(=O)[C@@H]2CCCN2C(O)C(CC2CCCC3CCCCC32)NC1=O,0,-3.7708564,4
NC(=O)[C@H](Cc1c[nH]c2ccccc12)NC(O)C(CC1CNCN1)NC(=O)[C@H](CS)NC(=O)[C@H](CS)NC(=O)[C@H](CCC(=O)O)NC(=O)[C@H](Cc1ccccc1)NC=O,0,-7.0671973,4
CC(C)C[C@H](NC(=O)[C@H](C)NC(=O)[C@H](CCCC[NH3+])NC(=O)[C@H](CCCC[NH3+])NC(=O)[C@H](C)NC(=O)CNC(=O)[C@H](CCCC[NH3+])NC(=O)[C@H](CC(C)C)NC(=O)[C@H](CC(C)C)NC(=O)[C@H](CC(=O)O)NC(=O)[C@H](CCCC[NH3+])NC(=O)[C@H](Cc1ccccc1)NC(=O)CN)C(=O)N[C@H](C(=O)N[C@@H](CCCC[NH3+])C(=O)N[C@H](C(=O)N[C@H](C(=O)N[C@@H](CC(C)C)C(=O)N[C@@H](Cc1ccccc1)C(N)=O)C(C)C)[C@@H](C)O)C(C)C,0,-6.434715,4
CC[C@H](C)[C@H](NC(=O)[C@H](CC(C)C)NC(O)C(CC1CNCN1)NC(=O)CNC(=O)[C@H](CC(C)C)NC(=O)[C@@H](NC(=O)[C@H](CCCC[NH3+])NC(=O)[C@H](CO)NC(=O)[C@H](Cc1c[nH]c2ccccc12)NC(=O)[C@H](CCSC)NC(=O)CN)[C@@H](C)CC)C(=O)N[C@@H](CCCC[NH3+])C(N)=O,0,-6.8818135,4
CC[C@H](C)[C@H](NC(=O)[C@H](CCCNC(N)=[NH2+])NC(=O)[C@H](CS)NC(=O)[C@H](Cc1c[nH]c2ccccc12)NC(=O)[C@H](Cc1c[nH]c2ccccc12)NC(=O)[C@H](CCCNC(N)=[NH2+])NC(=O)[C@H](CCCNC(N)=[NH2+])NC(C)=O)C(N)=O,0,-4.733297,4
CSCC[C@@H]1NC(=O)[C@H](CCCNC(N)=[NH2+])NC(=O)[C@H](Cc2c[nH]c3ccccc23)NC(=O)[C@H](C)NC(=O)[C@H](C)NC(=O)[C@H](CCCNC(N)=[NH2+])NC(=O)[C@H](Cc2ccccc2)NC(=O)[C@H](C)NC(=O)[C@H](CCCC[NH3+])NC(=O)[C@H](CCCNC(N)=[NH2+])NC(=O)[C@H](Cc2c[nH]c3ccccc23)NC(=O)[C@H](C)NC(=O)[C@H]2CCCN2C(=O)[C@@H](C)NC(=O)[C@H](C)NC(=O)[C@H](CCCC[NH3+])NC(=O)[C@H](CCCC[NH3+])NC(=O)[C@H](CC(C)C)NC1=O,0,-4.8971305,4
CC[C@H](C)[C@H]([NH3+])C(=O)N[C@H](C(=O)NCC(=O)N1CCC[C@H]1C(=O)N[C@H](C(=O)N[C@@H](CC(C)C)C(=O)NCC(=O)N[C@@H](CC(C)C)C(=O)N[C@H](C(=O)NCC(=O)N[C@@H](CO)C(=O)N[C@@H](C)C(=O)N[C@@H](CC(C)C)C(=O)NCC(=O)NCC(=O)N[C@@H](CC(C)C)C(=O)N[C@@H](CC(C)C)C(=O)N[C@@H](CCCC[NH3+])C(=O)N[C@@H](CCCC[NH3+])C(=O)N[C@H](C(=O)O)[C@@H](C)CC)C(C)C)C(C)C)[C@@H](C)CC,0,-1.9238123,4
CC[C@H](C)[C@H](NC(=O)[C@H](CCCC[NH3+])NC(=O)[C@H](Cc1ccc(O)cc1)NC(=O)CNC(O)C(CC1CNCN1)NC(O)C(CC1CNCN1)NC(=O)[C@H](CCCNC(N)=[NH2+])NC(=O)[C@H](CCCC[NH3+])NC(=O)[C@H](C)NC(O)C(CC1CNCN1)NC(=O)[C@H](CO)NC(=O)[C@@H](N)CC(=O)O)C(=O)N[C@@H](CCCC[NH3+])C(=O)N[C@@H](Cc1ccccc1)C(=O)NC(CC1CNCN1)C(O)N[C@@H](CCC(=O)O)C(=O)N[C@@H](CC(N)=O)C(=O)NC(CC1CNCN1)C(O)NC(CC1CNCN1)C(O)N[C@@H](CO)C(=O)NC(CC1CNCN1)C(O)N[C@@H](CCCNC(N)=[NH2+])C(=O)NCC(=O)N[C@@H](Cc1ccc(O)cc1)C(N)=O,0,-2.7641225,4
CC[C@@H](C)[C@H]1NC(=O)[C@H]2CCCN2C(=O)[C@H](Cc2c[nH]c3ccccc23)NC(=O)[C@H](CO)NC(=O)[C@@H](CS)NC(=O)[C@H]([C@@H](C)O)NC(=O)[C@@H](CS)NC(=O)CNC(=O)[C@H](CCC(N)=O)NC(=O)[C@H]([C@@H](C)O)NC(=O)[C@H](Cc2ccc(O)cc2)NC(=O)[C@H](CS)NC(=O)[C@H]([C@@H](C)O)NC(=O)CNC(=O)[C@H](CC(C)C)NC(=O)[C@H]([C@@H](C)O)NC(=O)[C@H](CS)NC(=O)[C@H]([C@@H](C)O)NC(=O)[C@H](CCC(=O)O)NC(=O)CNC(=O)[C@H](CS)NC(=O)[C@H](C(C)C)NC(=O)[C@@H]2CCCN2C(=O)[C@H](CC(C)C)NC(=O)CNC(=O)[C@H](CC(N)=O)NC(=O)[C@H](CCCNC(N)=[NH2+])NC(=O)[C@H](CCCC[NH3+])NC(=O)[C@H](CS)NC1=O,0,-9.806934,4
CC(C)C[C@H](NC(=O)[C@H](CCC(=O)O)NC(O)C1CC(O)CN1C(O)C(CC1CNCN1)NC(=O)[C@H](CC(N)=O)NC(=O)[C@@H](NC(=O)[C@H](CO)NC(=O)[C@H](CS)NC(=O)[C@H](C)NC(=O)[C@@H]1CCCN1C(O)C(CC1CNCN1)NC(=O)[C@H](CO)NC(=O)[C@H](CS)NC(=O)[C@H](CS)NC(=O)CN)C(C)C)C(=O)N[C@H](C=O)CS,0,-4.0611167,4
