molecule,fold,true,predicted,model,run
bert_rerun3_fold1_idx0,1,0.0,0.0506456568837165,aaronfeller_PeptideMLM-MTR_lg,bert_rerun3
bert_rerun3_fold1_idx1,1,0.0,0.2669479548931122,aaronfeller_PeptideMLM-MTR_lg,bert_rerun3
bert_rerun3_fold1_idx2,1,1.0,0.6458659172058105,aaronfeller_PeptideMLM-MTR_lg,bert_rerun3
bert_rerun3_fold1_idx3,1,0.0,0.401740550994873,aaronfeller_PeptideMLM-MTR_lg,bert_rerun3
bert_rerun3_fold1_idx4,1,0.0,0.0532939434051513,aaronfeller_PeptideMLM-MTR_lg,bert_rerun3
bert_rerun3_fold1_idx5,1,0.0,0.2275856286287307,aaronfeller_PeptideMLM-MTR_lg,bert_rerun3
bert_rerun3_fold1_idx6,1,0.0,0.1619274914264679,aaronfeller_PeptideMLM-MTR_lg,bert_rerun3
bert_rerun3_fold1_idx7,1,1.0,0.6202220916748047,aaronfeller_PeptideMLM-MTR_lg,bert_rerun3
bert_rerun3_fold1_idx8,1,0.0,0.1684719026088714,aaronfeller_PeptideMLM-MTR_lg,bert_rerun3
bert_rerun3_fold1_idx9,1,1.0,0.416885644197464,aaronfeller_PeptideMLM-MTR_lg,bert_rerun3
bert_rerun3_fold1_idx10,1,0.0,0.0910692140460014,aaronfeller_PeptideMLM-MTR_lg,bert_rerun3
bert_rerun3_fold1_idx11,1,1.0,0.0820744857192039,aaronfeller_PeptideMLM-MTR_lg,bert_rerun3
bert_rerun3_fold1_idx12,1,1.0,0.6222851276397705,aaronfeller_PeptideMLM-MTR_lg,bert_rerun3
bert_rerun3_fold1_idx13,1,1.0,0.2698208093643188,aaronfeller_PeptideMLM-MTR_lg,bert_rerun3
bert_rerun3_fold1_idx14,1,0.0,0.059340912848711,aaronfeller_PeptideMLM-MTR_lg,bert_rerun3
bert_rerun3_fold1_idx15,1,1.0,0.8633940815925598,aaronfeller_PeptideMLM-MTR_lg,bert_rerun3
bert_rerun3_fold1_idx16,1,0.0,0.113368846476078,aaronfeller_PeptideMLM-MTR_lg,bert_rerun3
bert_rerun3_fold1_idx17,1,1.0,0.8769689798355103,aaronfeller_PeptideMLM-MTR_lg,bert_rerun3
bert_rerun3_fold1_idx18,1,0.0,0.2981597185134887,aaronfeller_PeptideMLM-MTR_lg,bert_rerun3
bert_rerun3_fold1_idx19,1,1.0,0.7509655356407166,aaronfeller_PeptideMLM-MTR_lg,bert_rerun3
bert_rerun3_fold1_idx20,1,1.0,0.9272273182868958,aaronfeller_PeptideMLM-MTR_lg,bert_rerun3
bert_rerun3_fold1_idx21,1,1.0,0.91753751039505,aaronfeller_PeptideMLM-MTR_lg,bert_rerun3
bert_rerun3_fold1_idx22,1,1.0,0.5500016212463379,aaronfeller_PeptideMLM-MTR_lg,bert_rerun3
bert_rerun3_fold1_idx23,1,1.0,0.8119593858718872,aaronfeller_PeptideMLM-MTR_lg,bert_rerun3
bert_rerun3_fold1_idx24,1,1.0,0.7727591395378113,aaronfeller_PeptideMLM-MTR_lg,bert_rerun3
bert_rerun3_fold1_idx25,1,0.0,0.1000154912471771,aaronfeller_PeptideMLM-MTR_lg,bert_rerun3
bert_rerun3_fold1_idx26,1,1.0,0.6175332069396973,aaronfeller_PeptideMLM-MTR_lg,bert_rerun3
bert_rerun3_fold1_idx27,1,1.0,0.1525943428277969,aaronfeller_PeptideMLM-MTR_lg,bert_rerun3
bert_rerun3_fold1_idx28,1,0.0,0.0767413228750228,aaronfeller_PeptideMLM-MTR_lg,bert_rerun3
bert_rerun3_fold1_idx29,1,0.0,0.0874495580792427,aaronfeller_PeptideMLM-MTR_lg,bert_rerun3
bert_rerun3_fold1_idx30,1,0.0,0.1927854865789413,aaronfeller_PeptideMLM-MTR_lg,bert_rerun3
bert_rerun3_fold1_idx31,1,0.0,0.6309095621109009,aaronfeller_PeptideMLM-MTR_lg,bert_rerun3
bert_rerun3_fold1_idx32,1,1.0,0.7753993272781372,aaronfeller_PeptideMLM-MTR_lg,bert_rerun3
bert_rerun3_fold1_idx33,1,1.0,0.6194507479667664,aaronfeller_PeptideMLM-MTR_lg,bert_rerun3
bert_rerun3_fold1_idx34,1,0.0,0.7296846508979797,aaronfeller_PeptideMLM-MTR_lg,bert_rerun3
bert_rerun3_fold1_idx35,1,1.0,0.6333263516426086,aaronfeller_PeptideMLM-MTR_lg,bert_rerun3
bert_rerun3_fold1_idx36,1,0.0,0.1599471122026443,aaronfeller_PeptideMLM-MTR_lg,bert_rerun3
bert_rerun3_fold1_idx37,1,0.0,0.0305283907800912,aaronfeller_PeptideMLM-MTR_lg,bert_rerun3
bert_rerun3_fold1_idx38,1,1.0,0.9064390063285828,aaronfeller_PeptideMLM-MTR_lg,bert_rerun3
bert_rerun3_fold1_idx39,1,1.0,0.1387513130903244,aaronfeller_PeptideMLM-MTR_lg,bert_rerun3
bert_rerun3_fold1_idx40,1,0.0,0.1823396831750869,aaronfeller_PeptideMLM-MTR_lg,bert_rerun3
bert_rerun3_fold1_idx41,1,0.0,0.2898394763469696,aaronfeller_PeptideMLM-MTR_lg,bert_rerun3
bert_rerun3_fold1_idx42,1,0.0,0.0628673061728477,aaronfeller_PeptideMLM-MTR_lg,bert_rerun3
bert_rerun3_fold1_idx43,1,0.0,0.2923018634319305,aaronfeller_PeptideMLM-MTR_lg,bert_rerun3
bert_rerun3_fold1_idx44,1,0.0,0.0258293990045785,aaronfeller_PeptideMLM-MTR_lg,bert_rerun3
bert_rerun3_fold1_idx45,1,0.0,0.0275965388864278,aaronfeller_PeptideMLM-MTR_lg,bert_rerun3
bert_rerun3_fold1_idx46,1,0.0,0.0276151020079851,aaronfeller_PeptideMLM-MTR_lg,bert_rerun3
bert_rerun3_fold1_idx47,1,0.0,0.0268697924911975,aaronfeller_PeptideMLM-MTR_lg,bert_rerun3
bert_rerun3_fold1_idx48,1,0.0,0.0262332875281572,aaronfeller_PeptideMLM-MTR_lg,bert_rerun3
bert_rerun3_fold1_idx49,1,0.0,0.0280668511986732,aaronfeller_PeptideMLM-MTR_lg,bert_rerun3
bert_rerun3_fold1_idx50,1,0.0,0.0331286415457725,aaronfeller_PeptideMLM-MTR_lg,bert_rerun3
bert_rerun3_fold1_idx51,1,0.0,0.3369284868240356,aaronfeller_PeptideMLM-MTR_lg,bert_rerun3
bert_rerun3_fold1_idx52,1,0.0,0.9043731093406676,aaronfeller_PeptideMLM-MTR_lg,bert_rerun3
bert_rerun3_fold1_idx53,1,1.0,0.922315001487732,aaronfeller_PeptideMLM-MTR_lg,bert_rerun3
bert_rerun3_fold1_idx54,1,0.0,0.2754889130592346,aaronfeller_PeptideMLM-MTR_lg,bert_rerun3
bert_rerun3_fold1_idx55,1,1.0,0.7693963050842285,aaronfeller_PeptideMLM-MTR_lg,bert_rerun3
bert_rerun3_fold1_idx56,1,0.0,0.3579673767089844,aaronfeller_PeptideMLM-MTR_lg,bert_rerun3
bert_rerun3_fold1_idx57,1,0.0,0.5470645427703857,aaronfeller_PeptideMLM-MTR_lg,bert_rerun3
bert_rerun3_fold1_idx58,1,0.0,0.955597758293152,aaronfeller_PeptideMLM-MTR_lg,bert_rerun3
bert_rerun3_fold1_idx59,1,1.0,0.1225582063198089,aaronfeller_PeptideMLM-MTR_lg,bert_rerun3
bert_rerun3_fold1_idx60,1,1.0,0.935228705406189,aaronfeller_PeptideMLM-MTR_lg,bert_rerun3
bert_rerun3_fold1_idx61,1,1.0,0.9437670111656188,aaronfeller_PeptideMLM-MTR_lg,bert_rerun3
bert_rerun3_fold1_idx62,1,1.0,0.9444398283958436,aaronfeller_PeptideMLM-MTR_lg,bert_rerun3
bert_rerun3_fold1_idx63,1,0.0,0.0895181223750114,aaronfeller_PeptideMLM-MTR_lg,bert_rerun3
bert_rerun3_fold2_idx0,2,0.0,0.1496759504079818,aaronfeller_PeptideMLM-MTR_lg,bert_rerun3
bert_rerun3_fold2_idx1,2,0.0,0.0378524214029312,aaronfeller_PeptideMLM-MTR_lg,bert_rerun3
bert_rerun3_fold2_idx2,2,0.0,0.4607037305831909,aaronfeller_PeptideMLM-MTR_lg,bert_rerun3
bert_rerun3_fold2_idx3,2,1.0,0.705221951007843,aaronfeller_PeptideMLM-MTR_lg,bert_rerun3
bert_rerun3_fold2_idx4,2,0.0,0.1214145943522453,aaronfeller_PeptideMLM-MTR_lg,bert_rerun3
bert_rerun3_fold2_idx5,2,1.0,0.1707609742879867,aaronfeller_PeptideMLM-MTR_lg,bert_rerun3
bert_rerun3_fold2_idx6,2,0.0,0.2582007348537445,aaronfeller_PeptideMLM-MTR_lg,bert_rerun3
bert_rerun3_fold2_idx7,2,1.0,0.6030411720275879,aaronfeller_PeptideMLM-MTR_lg,bert_rerun3
bert_rerun3_fold2_idx8,2,1.0,0.6143609285354614,aaronfeller_PeptideMLM-MTR_lg,bert_rerun3
bert_rerun3_fold2_idx9,2,0.0,0.111930102109909,aaronfeller_PeptideMLM-MTR_lg,bert_rerun3
bert_rerun3_fold2_idx10,2,0.0,0.0736579149961471,aaronfeller_PeptideMLM-MTR_lg,bert_rerun3
bert_rerun3_fold2_idx11,2,1.0,0.6732462048530579,aaronfeller_PeptideMLM-MTR_lg,bert_rerun3
bert_rerun3_fold2_idx12,2,1.0,0.955435276031494,aaronfeller_PeptideMLM-MTR_lg,bert_rerun3
bert_rerun3_fold2_idx13,2,0.0,0.3408446311950683,aaronfeller_PeptideMLM-MTR_lg,bert_rerun3
bert_rerun3_fold2_idx14,2,1.0,0.5918229818344116,aaronfeller_PeptideMLM-MTR_lg,bert_rerun3
bert_rerun3_fold2_idx15,2,0.0,0.1468840539455413,aaronfeller_PeptideMLM-MTR_lg,bert_rerun3
bert_rerun3_fold2_idx16,2,1.0,0.6433664560317993,aaronfeller_PeptideMLM-MTR_lg,bert_rerun3
bert_rerun3_fold2_idx17,2,0.0,0.2395628690719604,aaronfeller_PeptideMLM-MTR_lg,bert_rerun3
bert_rerun3_fold2_idx18,2,0.0,0.1236174181103706,aaronfeller_PeptideMLM-MTR_lg,bert_rerun3
bert_rerun3_fold2_idx19,2,0.0,0.4761793613433838,aaronfeller_PeptideMLM-MTR_lg,bert_rerun3
bert_rerun3_fold2_idx20,2,1.0,0.7529578804969788,aaronfeller_PeptideMLM-MTR_lg,bert_rerun3
bert_rerun3_fold2_idx21,2,1.0,0.7890964150428772,aaronfeller_PeptideMLM-MTR_lg,bert_rerun3
bert_rerun3_fold2_idx22,2,1.0,0.2929339706897735,aaronfeller_PeptideMLM-MTR_lg,bert_rerun3
bert_rerun3_fold2_idx23,2,0.0,0.2216508835554123,aaronfeller_PeptideMLM-MTR_lg,bert_rerun3
bert_rerun3_fold2_idx24,2,0.0,0.0963534563779831,aaronfeller_PeptideMLM-MTR_lg,bert_rerun3
bert_rerun3_fold2_idx25,2,0.0,0.1249033212661743,aaronfeller_PeptideMLM-MTR_lg,bert_rerun3
bert_rerun3_fold2_idx26,2,0.0,0.1051421165466308,aaronfeller_PeptideMLM-MTR_lg,bert_rerun3
bert_rerun3_fold2_idx27,2,0.0,0.5315311551094055,aaronfeller_PeptideMLM-MTR_lg,bert_rerun3
bert_rerun3_fold2_idx28,2,0.0,0.3753429353237152,aaronfeller_PeptideMLM-MTR_lg,bert_rerun3
bert_rerun3_fold2_idx29,2,1.0,0.3647654056549072,aaronfeller_PeptideMLM-MTR_lg,bert_rerun3
bert_rerun3_fold2_idx30,2,0.0,0.0779696702957153,aaronfeller_PeptideMLM-MTR_lg,bert_rerun3
bert_rerun3_fold2_idx31,2,0.0,0.4048355221748352,aaronfeller_PeptideMLM-MTR_lg,bert_rerun3
bert_rerun3_fold2_idx32,2,0.0,0.3867624700069427,aaronfeller_PeptideMLM-MTR_lg,bert_rerun3
bert_rerun3_fold2_idx33,2,0.0,0.0315428972244262,aaronfeller_PeptideMLM-MTR_lg,bert_rerun3
bert_rerun3_fold2_idx34,2,0.0,0.031283114105463,aaronfeller_PeptideMLM-MTR_lg,bert_rerun3
bert_rerun3_fold2_idx35,2,0.0,0.8013033270835876,aaronfeller_PeptideMLM-MTR_lg,bert_rerun3
bert_rerun3_fold2_idx36,2,0.0,0.0308341812342405,aaronfeller_PeptideMLM-MTR_lg,bert_rerun3
bert_rerun3_fold2_idx37,2,0.0,0.0315981060266494,aaronfeller_PeptideMLM-MTR_lg,bert_rerun3
bert_rerun3_fold2_idx38,2,0.0,0.0302957240492105,aaronfeller_PeptideMLM-MTR_lg,bert_rerun3
bert_rerun3_fold2_idx39,2,0.0,0.0312837176024913,aaronfeller_PeptideMLM-MTR_lg,bert_rerun3
bert_rerun3_fold2_idx40,2,0.0,0.0340473428368568,aaronfeller_PeptideMLM-MTR_lg,bert_rerun3
bert_rerun3_fold2_idx41,2,0.0,0.0383752919733524,aaronfeller_PeptideMLM-MTR_lg,bert_rerun3
bert_rerun3_fold2_idx42,2,0.0,0.034668680280447,aaronfeller_PeptideMLM-MTR_lg,bert_rerun3
bert_rerun3_fold2_idx43,2,0.0,0.697371780872345,aaronfeller_PeptideMLM-MTR_lg,bert_rerun3
bert_rerun3_fold2_idx44,2,1.0,0.6639423966407776,aaronfeller_PeptideMLM-MTR_lg,bert_rerun3
bert_rerun3_fold2_idx45,2,1.0,0.9003575444221497,aaronfeller_PeptideMLM-MTR_lg,bert_rerun3
bert_rerun3_fold2_idx46,2,1.0,0.8984565138816833,aaronfeller_PeptideMLM-MTR_lg,bert_rerun3
bert_rerun3_fold2_idx47,2,0.0,0.179136723279953,aaronfeller_PeptideMLM-MTR_lg,bert_rerun3
bert_rerun3_fold2_idx48,2,0.0,0.045054730027914,aaronfeller_PeptideMLM-MTR_lg,bert_rerun3
bert_rerun3_fold2_idx49,2,0.0,0.0323507599532604,aaronfeller_PeptideMLM-MTR_lg,bert_rerun3
bert_rerun3_fold2_idx50,2,0.0,0.1307605654001236,aaronfeller_PeptideMLM-MTR_lg,bert_rerun3
bert_rerun3_fold2_idx51,2,0.0,0.2334019541740417,aaronfeller_PeptideMLM-MTR_lg,bert_rerun3
bert_rerun3_fold2_idx52,2,0.0,0.0662387385964393,aaronfeller_PeptideMLM-MTR_lg,bert_rerun3
bert_rerun3_fold2_idx53,2,1.0,0.910997986793518,aaronfeller_PeptideMLM-MTR_lg,bert_rerun3
bert_rerun3_fold2_idx54,2,1.0,0.9107012152671814,aaronfeller_PeptideMLM-MTR_lg,bert_rerun3
bert_rerun3_fold2_idx55,2,1.0,0.6569360494613647,aaronfeller_PeptideMLM-MTR_lg,bert_rerun3
bert_rerun3_fold2_idx56,2,0.0,0.0318915210664272,aaronfeller_PeptideMLM-MTR_lg,bert_rerun3
bert_rerun3_fold2_idx57,2,1.0,0.8786181211471558,aaronfeller_PeptideMLM-MTR_lg,bert_rerun3
bert_rerun3_fold2_idx58,2,0.0,0.1296417713165283,aaronfeller_PeptideMLM-MTR_lg,bert_rerun3
bert_rerun3_fold2_idx59,2,1.0,0.970364272594452,aaronfeller_PeptideMLM-MTR_lg,bert_rerun3
bert_rerun3_fold2_idx60,2,0.0,0.1273172199726104,aaronfeller_PeptideMLM-MTR_lg,bert_rerun3
bert_rerun3_fold2_idx61,2,0.0,0.0368042699992656,aaronfeller_PeptideMLM-MTR_lg,bert_rerun3
bert_rerun3_fold2_idx62,2,1.0,0.1654954850673675,aaronfeller_PeptideMLM-MTR_lg,bert_rerun3
bert_rerun3_fold2_idx63,2,0.0,0.8454661965370178,aaronfeller_PeptideMLM-MTR_lg,bert_rerun3
bert_rerun3_fold3_idx0,3,0.0,0.050272662192583,aaronfeller_PeptideMLM-MTR_lg,bert_rerun3
bert_rerun3_fold3_idx1,3,0.0,0.776143491268158,aaronfeller_PeptideMLM-MTR_lg,bert_rerun3
bert_rerun3_fold3_idx2,3,0.0,0.0530917234718799,aaronfeller_PeptideMLM-MTR_lg,bert_rerun3
bert_rerun3_fold3_idx3,3,0.0,0.038416814059019,aaronfeller_PeptideMLM-MTR_lg,bert_rerun3
bert_rerun3_fold3_idx4,3,0.0,0.791542112827301,aaronfeller_PeptideMLM-MTR_lg,bert_rerun3
bert_rerun3_fold3_idx5,3,0.0,0.0636662691831588,aaronfeller_PeptideMLM-MTR_lg,bert_rerun3
bert_rerun3_fold3_idx6,3,0.0,0.3259584605693817,aaronfeller_PeptideMLM-MTR_lg,bert_rerun3
bert_rerun3_fold3_idx7,3,1.0,0.6477159261703491,aaronfeller_PeptideMLM-MTR_lg,bert_rerun3
bert_rerun3_fold3_idx8,3,1.0,0.9151304960250854,aaronfeller_PeptideMLM-MTR_lg,bert_rerun3
bert_rerun3_fold3_idx9,3,1.0,0.8481891751289368,aaronfeller_PeptideMLM-MTR_lg,bert_rerun3
bert_rerun3_fold3_idx10,3,1.0,0.8552431464195251,aaronfeller_PeptideMLM-MTR_lg,bert_rerun3
bert_rerun3_fold3_idx11,3,1.0,0.9375123381614684,aaronfeller_PeptideMLM-MTR_lg,bert_rerun3
bert_rerun3_fold3_idx12,3,0.0,0.0288372356444597,aaronfeller_PeptideMLM-MTR_lg,bert_rerun3
bert_rerun3_fold3_idx13,3,1.0,0.1312544047832489,aaronfeller_PeptideMLM-MTR_lg,bert_rerun3
bert_rerun3_fold3_idx14,3,1.0,0.2993957698345184,aaronfeller_PeptideMLM-MTR_lg,bert_rerun3
bert_rerun3_fold3_idx15,3,1.0,0.5910375118255615,aaronfeller_PeptideMLM-MTR_lg,bert_rerun3
bert_rerun3_fold3_idx16,3,0.0,0.060544665902853,aaronfeller_PeptideMLM-MTR_lg,bert_rerun3
bert_rerun3_fold3_idx17,3,1.0,0.8770049810409546,aaronfeller_PeptideMLM-MTR_lg,bert_rerun3
bert_rerun3_fold3_idx18,3,1.0,0.6354492902755737,aaronfeller_PeptideMLM-MTR_lg,bert_rerun3
bert_rerun3_fold3_idx19,3,1.0,0.8909163475036621,aaronfeller_PeptideMLM-MTR_lg,bert_rerun3
bert_rerun3_fold3_idx20,3,1.0,0.90350341796875,aaronfeller_PeptideMLM-MTR_lg,bert_rerun3
bert_rerun3_fold3_idx21,3,0.0,0.0451225228607654,aaronfeller_PeptideMLM-MTR_lg,bert_rerun3
bert_rerun3_fold3_idx22,3,1.0,0.0363466143608093,aaronfeller_PeptideMLM-MTR_lg,bert_rerun3
bert_rerun3_fold3_idx23,3,1.0,0.21526700258255,aaronfeller_PeptideMLM-MTR_lg,bert_rerun3
bert_rerun3_fold3_idx24,3,0.0,0.4332187175750732,aaronfeller_PeptideMLM-MTR_lg,bert_rerun3
bert_rerun3_fold3_idx25,3,1.0,0.9584679007530212,aaronfeller_PeptideMLM-MTR_lg,bert_rerun3
bert_rerun3_fold3_idx26,3,1.0,0.9431157112121582,aaronfeller_PeptideMLM-MTR_lg,bert_rerun3
bert_rerun3_fold3_idx27,3,1.0,0.5855256915092468,aaronfeller_PeptideMLM-MTR_lg,bert_rerun3
bert_rerun3_fold3_idx28,3,1.0,0.7788703441619873,aaronfeller_PeptideMLM-MTR_lg,bert_rerun3
bert_rerun3_fold3_idx29,3,0.0,0.4761987030506134,aaronfeller_PeptideMLM-MTR_lg,bert_rerun3
bert_rerun3_fold3_idx30,3,0.0,0.0230288095772266,aaronfeller_PeptideMLM-MTR_lg,bert_rerun3
bert_rerun3_fold3_idx31,3,0.0,0.5699502229690552,aaronfeller_PeptideMLM-MTR_lg,bert_rerun3
bert_rerun3_fold3_idx32,3,0.0,0.0351449586451053,aaronfeller_PeptideMLM-MTR_lg,bert_rerun3
bert_rerun3_fold3_idx33,3,0.0,0.0279301665723323,aaronfeller_PeptideMLM-MTR_lg,bert_rerun3
bert_rerun3_fold3_idx34,3,0.0,0.0281784739345312,aaronfeller_PeptideMLM-MTR_lg,bert_rerun3
bert_rerun3_fold3_idx35,3,0.0,0.114146202802658,aaronfeller_PeptideMLM-MTR_lg,bert_rerun3
bert_rerun3_fold3_idx36,3,0.0,0.0215099714696407,aaronfeller_PeptideMLM-MTR_lg,bert_rerun3
bert_rerun3_fold3_idx37,3,0.0,0.1309806853532791,aaronfeller_PeptideMLM-MTR_lg,bert_rerun3
bert_rerun3_fold3_idx38,3,1.0,0.8548051118850708,aaronfeller_PeptideMLM-MTR_lg,bert_rerun3
bert_rerun3_fold3_idx39,3,1.0,0.8904357552528381,aaronfeller_PeptideMLM-MTR_lg,bert_rerun3
bert_rerun3_fold3_idx40,3,1.0,0.8849242925643921,aaronfeller_PeptideMLM-MTR_lg,bert_rerun3
bert_rerun3_fold3_idx41,3,1.0,0.8767496943473816,aaronfeller_PeptideMLM-MTR_lg,bert_rerun3
bert_rerun3_fold3_idx42,3,0.0,0.4923827052116394,aaronfeller_PeptideMLM-MTR_lg,bert_rerun3
bert_rerun3_fold3_idx43,3,1.0,0.7800441384315491,aaronfeller_PeptideMLM-MTR_lg,bert_rerun3
bert_rerun3_fold3_idx44,3,1.0,0.8361254334449768,aaronfeller_PeptideMLM-MTR_lg,bert_rerun3
bert_rerun3_fold3_idx45,3,1.0,0.8448521494865417,aaronfeller_PeptideMLM-MTR_lg,bert_rerun3
bert_rerun3_fold3_idx46,3,0.0,0.1079547777771949,aaronfeller_PeptideMLM-MTR_lg,bert_rerun3
bert_rerun3_fold3_idx47,3,1.0,0.8612669110298157,aaronfeller_PeptideMLM-MTR_lg,bert_rerun3
bert_rerun3_fold3_idx48,3,0.0,0.3046391904354095,aaronfeller_PeptideMLM-MTR_lg,bert_rerun3
bert_rerun3_fold3_idx49,3,1.0,0.5533570647239685,aaronfeller_PeptideMLM-MTR_lg,bert_rerun3
bert_rerun3_fold3_idx50,3,0.0,0.2078467607498169,aaronfeller_PeptideMLM-MTR_lg,bert_rerun3
bert_rerun3_fold3_idx51,3,0.0,0.2020369470119476,aaronfeller_PeptideMLM-MTR_lg,bert_rerun3
bert_rerun3_fold3_idx52,3,0.0,0.3862388730049133,aaronfeller_PeptideMLM-MTR_lg,bert_rerun3
bert_rerun3_fold3_idx53,3,0.0,0.7977653741836548,aaronfeller_PeptideMLM-MTR_lg,bert_rerun3
bert_rerun3_fold3_idx54,3,1.0,0.8930944800376892,aaronfeller_PeptideMLM-MTR_lg,bert_rerun3
bert_rerun3_fold3_idx55,3,0.0,0.5480154752731323,aaronfeller_PeptideMLM-MTR_lg,bert_rerun3
bert_rerun3_fold3_idx56,3,1.0,0.4707092940807342,aaronfeller_PeptideMLM-MTR_lg,bert_rerun3
bert_rerun3_fold3_idx57,3,1.0,0.7129613757133484,aaronfeller_PeptideMLM-MTR_lg,bert_rerun3
bert_rerun3_fold3_idx58,3,1.0,0.7659037113189697,aaronfeller_PeptideMLM-MTR_lg,bert_rerun3
bert_rerun3_fold3_idx59,3,0.0,0.8169302344322205,aaronfeller_PeptideMLM-MTR_lg,bert_rerun3
bert_rerun3_fold3_idx60,3,0.0,0.8303335905075073,aaronfeller_PeptideMLM-MTR_lg,bert_rerun3
bert_rerun3_fold3_idx61,3,0.0,0.0838866084814071,aaronfeller_PeptideMLM-MTR_lg,bert_rerun3
bert_rerun3_fold3_idx62,3,1.0,0.4457086622714996,aaronfeller_PeptideMLM-MTR_lg,bert_rerun3
bert_rerun3_fold3_idx63,3,0.0,0.3955922424793243,aaronfeller_PeptideMLM-MTR_lg,bert_rerun3
bert_rerun3_fold4_idx0,4,0.0,0.32013139128685,aaronfeller_PeptideMLM-MTR_lg,bert_rerun3
bert_rerun3_fold4_idx1,4,1.0,0.8001013994216919,aaronfeller_PeptideMLM-MTR_lg,bert_rerun3
bert_rerun3_fold4_idx2,4,0.0,0.0232847537845373,aaronfeller_PeptideMLM-MTR_lg,bert_rerun3
bert_rerun3_fold4_idx3,4,0.0,0.47803795337677,aaronfeller_PeptideMLM-MTR_lg,bert_rerun3
bert_rerun3_fold4_idx4,4,0.0,0.8781377077102661,aaronfeller_PeptideMLM-MTR_lg,bert_rerun3
bert_rerun3_fold4_idx5,4,1.0,0.9007529616355896,aaronfeller_PeptideMLM-MTR_lg,bert_rerun3
bert_rerun3_fold4_idx6,4,1.0,0.9072168469429016,aaronfeller_PeptideMLM-MTR_lg,bert_rerun3
bert_rerun3_fold4_idx7,4,1.0,0.8646087646484375,aaronfeller_PeptideMLM-MTR_lg,bert_rerun3
bert_rerun3_fold4_idx8,4,0.0,0.0147511754184961,aaronfeller_PeptideMLM-MTR_lg,bert_rerun3
bert_rerun3_fold4_idx9,4,0.0,0.0175430066883564,aaronfeller_PeptideMLM-MTR_lg,bert_rerun3
bert_rerun3_fold4_idx10,4,0.0,0.0168078299611806,aaronfeller_PeptideMLM-MTR_lg,bert_rerun3
bert_rerun3_fold4_idx11,4,1.0,0.5014501214027405,aaronfeller_PeptideMLM-MTR_lg,bert_rerun3
bert_rerun3_fold4_idx12,4,0.0,0.9320091605186462,aaronfeller_PeptideMLM-MTR_lg,bert_rerun3
bert_rerun3_fold4_idx13,4,1.0,0.4332584142684936,aaronfeller_PeptideMLM-MTR_lg,bert_rerun3
bert_rerun3_fold4_idx14,4,0.0,0.88917076587677,aaronfeller_PeptideMLM-MTR_lg,bert_rerun3
bert_rerun3_fold4_idx15,4,1.0,0.0964500904083252,aaronfeller_PeptideMLM-MTR_lg,bert_rerun3
bert_rerun3_fold4_idx16,4,1.0,0.6671490669250488,aaronfeller_PeptideMLM-MTR_lg,bert_rerun3
bert_rerun3_fold4_idx17,4,1.0,0.9463178515434264,aaronfeller_PeptideMLM-MTR_lg,bert_rerun3
bert_rerun3_fold4_idx18,4,1.0,0.8086323142051697,aaronfeller_PeptideMLM-MTR_lg,bert_rerun3
bert_rerun3_fold4_idx19,4,0.0,0.5094739198684692,aaronfeller_PeptideMLM-MTR_lg,bert_rerun3
bert_rerun3_fold4_idx20,4,1.0,0.6963968276977539,aaronfeller_PeptideMLM-MTR_lg,bert_rerun3
bert_rerun3_fold4_idx21,4,0.0,0.0504984855651855,aaronfeller_PeptideMLM-MTR_lg,bert_rerun3
bert_rerun3_fold4_idx22,4,0.0,0.0472557470202446,aaronfeller_PeptideMLM-MTR_lg,bert_rerun3
bert_rerun3_fold4_idx23,4,0.0,0.6879897117614746,aaronfeller_PeptideMLM-MTR_lg,bert_rerun3
bert_rerun3_fold4_idx24,4,1.0,0.9061251878738404,aaronfeller_PeptideMLM-MTR_lg,bert_rerun3
bert_rerun3_fold4_idx25,4,1.0,0.0689061731100082,aaronfeller_PeptideMLM-MTR_lg,bert_rerun3
bert_rerun3_fold4_idx26,4,1.0,0.6588965654373169,aaronfeller_PeptideMLM-MTR_lg,bert_rerun3
bert_rerun3_fold4_idx27,4,1.0,0.4327804744243622,aaronfeller_PeptideMLM-MTR_lg,bert_rerun3
bert_rerun3_fold4_idx28,4,0.0,0.0169658623635768,aaronfeller_PeptideMLM-MTR_lg,bert_rerun3
bert_rerun3_fold4_idx29,4,0.0,0.0180773697793483,aaronfeller_PeptideMLM-MTR_lg,bert_rerun3
bert_rerun3_fold4_idx30,4,0.0,0.4490441977977752,aaronfeller_PeptideMLM-MTR_lg,bert_rerun3
bert_rerun3_fold4_idx31,4,0.0,0.9273467659950256,aaronfeller_PeptideMLM-MTR_lg,bert_rerun3
bert_rerun3_fold4_idx32,4,0.0,0.2445968091487884,aaronfeller_PeptideMLM-MTR_lg,bert_rerun3
bert_rerun3_fold4_idx33,4,0.0,0.8712341785430908,aaronfeller_PeptideMLM-MTR_lg,bert_rerun3
bert_rerun3_fold4_idx34,4,1.0,0.9464136958122252,aaronfeller_PeptideMLM-MTR_lg,bert_rerun3
bert_rerun3_fold4_idx35,4,1.0,0.9706536531448364,aaronfeller_PeptideMLM-MTR_lg,bert_rerun3
bert_rerun3_fold4_idx36,4,0.0,0.1409748047590255,aaronfeller_PeptideMLM-MTR_lg,bert_rerun3
bert_rerun3_fold4_idx37,4,0.0,0.9074780344963074,aaronfeller_PeptideMLM-MTR_lg,bert_rerun3
bert_rerun3_fold4_idx38,4,1.0,0.6929457187652588,aaronfeller_PeptideMLM-MTR_lg,bert_rerun3
bert_rerun3_fold4_idx39,4,0.0,0.0138922436162829,aaronfeller_PeptideMLM-MTR_lg,bert_rerun3
bert_rerun3_fold4_idx40,4,0.0,0.0384789034724235,aaronfeller_PeptideMLM-MTR_lg,bert_rerun3
bert_rerun3_fold4_idx41,4,0.0,0.2897676229476928,aaronfeller_PeptideMLM-MTR_lg,bert_rerun3
bert_rerun3_fold4_idx42,4,1.0,0.62860107421875,aaronfeller_PeptideMLM-MTR_lg,bert_rerun3
bert_rerun3_fold4_idx43,4,1.0,0.6505599617958069,aaronfeller_PeptideMLM-MTR_lg,bert_rerun3
bert_rerun3_fold4_idx44,4,0.0,0.0186755135655403,aaronfeller_PeptideMLM-MTR_lg,bert_rerun3
bert_rerun3_fold4_idx45,4,0.0,0.3267364501953125,aaronfeller_PeptideMLM-MTR_lg,bert_rerun3
bert_rerun3_fold4_idx46,4,1.0,0.8495626449584961,aaronfeller_PeptideMLM-MTR_lg,bert_rerun3
bert_rerun3_fold4_idx47,4,0.0,0.3511219322681427,aaronfeller_PeptideMLM-MTR_lg,bert_rerun3
bert_rerun3_fold4_idx48,4,1.0,0.9251181483268738,aaronfeller_PeptideMLM-MTR_lg,bert_rerun3
bert_rerun3_fold4_idx49,4,1.0,0.9491779804229736,aaronfeller_PeptideMLM-MTR_lg,bert_rerun3
bert_rerun3_fold4_idx50,4,1.0,0.9291930198669434,aaronfeller_PeptideMLM-MTR_lg,bert_rerun3
bert_rerun3_fold4_idx51,4,0.0,0.0144479339942336,aaronfeller_PeptideMLM-MTR_lg,bert_rerun3
bert_rerun3_fold4_idx52,4,0.0,0.5053813457489014,aaronfeller_PeptideMLM-MTR_lg,bert_rerun3
bert_rerun3_fold4_idx53,4,0.0,0.6455093026161194,aaronfeller_PeptideMLM-MTR_lg,bert_rerun3
bert_rerun3_fold4_idx54,4,1.0,0.9423917531967164,aaronfeller_PeptideMLM-MTR_lg,bert_rerun3
bert_rerun3_fold4_idx55,4,0.0,0.0344330817461013,aaronfeller_PeptideMLM-MTR_lg,bert_rerun3
bert_rerun3_fold4_idx56,4,1.0,0.6850525736808777,aaronfeller_PeptideMLM-MTR_lg,bert_rerun3
bert_rerun3_fold4_idx57,4,0.0,0.2893781363964081,aaronfeller_PeptideMLM-MTR_lg,bert_rerun3
bert_rerun3_fold4_idx58,4,1.0,0.7824469804763794,aaronfeller_PeptideMLM-MTR_lg,bert_rerun3
bert_rerun3_fold4_idx59,4,0.0,0.5616351366043091,aaronfeller_PeptideMLM-MTR_lg,bert_rerun3
bert_rerun3_fold4_idx60,4,1.0,0.6784919500350952,aaronfeller_PeptideMLM-MTR_lg,bert_rerun3
bert_rerun3_fold4_idx61,4,1.0,0.9589843153953552,aaronfeller_PeptideMLM-MTR_lg,bert_rerun3
bert_rerun3_fold4_idx62,4,1.0,0.0663169249892234,aaronfeller_PeptideMLM-MTR_lg,bert_rerun3
bert_rerun3_fold4_idx63,4,1.0,0.5293223261833191,aaronfeller_PeptideMLM-MTR_lg,bert_rerun3
bert_rerun3_fold5_idx0,5,1.0,0.412692129611969,aaronfeller_PeptideMLM-MTR_lg,bert_rerun3
bert_rerun3_fold5_idx1,5,1.0,0.9029143452644348,aaronfeller_PeptideMLM-MTR_lg,bert_rerun3
bert_rerun3_fold5_idx2,5,0.0,0.2708497941493988,aaronfeller_PeptideMLM-MTR_lg,bert_rerun3
bert_rerun3_fold5_idx3,5,0.0,0.1257561594247818,aaronfeller_PeptideMLM-MTR_lg,bert_rerun3
bert_rerun3_fold5_idx4,5,0.0,0.7217701077461243,aaronfeller_PeptideMLM-MTR_lg,bert_rerun3
bert_rerun3_fold5_idx5,5,0.0,0.2378352135419845,aaronfeller_PeptideMLM-MTR_lg,bert_rerun3
bert_rerun3_fold5_idx6,5,1.0,0.4610688984394073,aaronfeller_PeptideMLM-MTR_lg,bert_rerun3
bert_rerun3_fold5_idx7,5,0.0,0.3326429724693298,aaronfeller_PeptideMLM-MTR_lg,bert_rerun3
bert_rerun3_fold5_idx8,5,1.0,0.3540937304496765,aaronfeller_PeptideMLM-MTR_lg,bert_rerun3
bert_rerun3_fold5_idx9,5,0.0,0.865327775478363,aaronfeller_PeptideMLM-MTR_lg,bert_rerun3
bert_rerun3_fold5_idx10,5,0.0,0.7745813131332397,aaronfeller_PeptideMLM-MTR_lg,bert_rerun3
bert_rerun3_fold5_idx11,5,1.0,0.7056009769439697,aaronfeller_PeptideMLM-MTR_lg,bert_rerun3
bert_rerun3_fold5_idx12,5,0.0,0.3090452849864959,aaronfeller_PeptideMLM-MTR_lg,bert_rerun3
bert_rerun3_fold5_idx13,5,1.0,0.8985824584960938,aaronfeller_PeptideMLM-MTR_lg,bert_rerun3
bert_rerun3_fold5_idx14,5,0.0,0.1960903704166412,aaronfeller_PeptideMLM-MTR_lg,bert_rerun3
bert_rerun3_fold5_idx15,5,1.0,0.7754663228988647,aaronfeller_PeptideMLM-MTR_lg,bert_rerun3
bert_rerun3_fold5_idx16,5,1.0,0.79245924949646,aaronfeller_PeptideMLM-MTR_lg,bert_rerun3
bert_rerun3_fold5_idx17,5,0.0,0.4867841899394989,aaronfeller_PeptideMLM-MTR_lg,bert_rerun3
bert_rerun3_fold5_idx18,5,1.0,0.8047719597816467,aaronfeller_PeptideMLM-MTR_lg,bert_rerun3
bert_rerun3_fold5_idx19,5,1.0,0.6303362846374512,aaronfeller_PeptideMLM-MTR_lg,bert_rerun3
bert_rerun3_fold5_idx20,5,0.0,0.2203516364097595,aaronfeller_PeptideMLM-MTR_lg,bert_rerun3
bert_rerun3_fold5_idx21,5,0.0,0.3599163591861725,aaronfeller_PeptideMLM-MTR_lg,bert_rerun3
bert_rerun3_fold5_idx22,5,0.0,0.5867679119110107,aaronfeller_PeptideMLM-MTR_lg,bert_rerun3
bert_rerun3_fold5_idx23,5,0.0,0.2457586526870727,aaronfeller_PeptideMLM-MTR_lg,bert_rerun3
bert_rerun3_fold5_idx24,5,1.0,0.5808930397033691,aaronfeller_PeptideMLM-MTR_lg,bert_rerun3
bert_rerun3_fold5_idx25,5,0.0,0.2712326049804687,aaronfeller_PeptideMLM-MTR_lg,bert_rerun3
bert_rerun3_fold5_idx26,5,1.0,0.4720906913280487,aaronfeller_PeptideMLM-MTR_lg,bert_rerun3
bert_rerun3_fold5_idx27,5,0.0,0.3157578110694885,aaronfeller_PeptideMLM-MTR_lg,bert_rerun3
bert_rerun3_fold5_idx28,5,0.0,0.1071863546967506,aaronfeller_PeptideMLM-MTR_lg,bert_rerun3
bert_rerun3_fold5_idx29,5,0.0,0.1431509256362915,aaronfeller_PeptideMLM-MTR_lg,bert_rerun3
bert_rerun3_fold5_idx30,5,1.0,0.188560202717781,aaronfeller_PeptideMLM-MTR_lg,bert_rerun3
bert_rerun3_fold5_idx31,5,0.0,0.5445201396942139,aaronfeller_PeptideMLM-MTR_lg,bert_rerun3
bert_rerun3_fold5_idx32,5,1.0,0.1198925450444221,aaronfeller_PeptideMLM-MTR_lg,bert_rerun3
bert_rerun3_fold5_idx33,5,0.0,0.1109852418303489,aaronfeller_PeptideMLM-MTR_lg,bert_rerun3
bert_rerun3_fold5_idx34,5,1.0,0.8635249733924866,aaronfeller_PeptideMLM-MTR_lg,bert_rerun3
bert_rerun3_fold5_idx35,5,0.0,0.098002091050148,aaronfeller_PeptideMLM-MTR_lg,bert_rerun3
bert_rerun3_fold5_idx36,5,0.0,0.0863920822739601,aaronfeller_PeptideMLM-MTR_lg,bert_rerun3
bert_rerun3_fold5_idx37,5,0.0,0.0856351554393768,aaronfeller_PeptideMLM-MTR_lg,bert_rerun3
bert_rerun3_fold5_idx38,5,0.0,0.1006974875926971,aaronfeller_PeptideMLM-MTR_lg,bert_rerun3
bert_rerun3_fold5_idx39,5,0.0,0.1021763756871223,aaronfeller_PeptideMLM-MTR_lg,bert_rerun3
bert_rerun3_fold5_idx40,5,0.0,0.364860475063324,aaronfeller_PeptideMLM-MTR_lg,bert_rerun3
bert_rerun3_fold5_idx41,5,0.0,0.5724307298660278,aaronfeller_PeptideMLM-MTR_lg,bert_rerun3
bert_rerun3_fold5_idx42,5,0.0,0.2946763634681701,aaronfeller_PeptideMLM-MTR_lg,bert_rerun3
bert_rerun3_fold5_idx43,5,1.0,0.8723934888839722,aaronfeller_PeptideMLM-MTR_lg,bert_rerun3
bert_rerun3_fold5_idx44,5,1.0,0.865155041217804,aaronfeller_PeptideMLM-MTR_lg,bert_rerun3
bert_rerun3_fold5_idx45,5,0.0,0.3142239153385162,aaronfeller_PeptideMLM-MTR_lg,bert_rerun3
bert_rerun3_fold5_idx46,5,1.0,0.7961519360542297,aaronfeller_PeptideMLM-MTR_lg,bert_rerun3
bert_rerun3_fold5_idx47,5,1.0,0.82181316614151,aaronfeller_PeptideMLM-MTR_lg,bert_rerun3
bert_rerun3_fold5_idx48,5,1.0,0.4190221130847931,aaronfeller_PeptideMLM-MTR_lg,bert_rerun3
bert_rerun3_fold5_idx49,5,1.0,0.9489168524742126,aaronfeller_PeptideMLM-MTR_lg,bert_rerun3
bert_rerun3_fold5_idx50,5,0.0,0.2613235414028168,aaronfeller_PeptideMLM-MTR_lg,bert_rerun3
bert_rerun3_fold5_idx51,5,0.0,0.1316447556018829,aaronfeller_PeptideMLM-MTR_lg,bert_rerun3
bert_rerun3_fold5_idx52,5,1.0,0.2543386816978454,aaronfeller_PeptideMLM-MTR_lg,bert_rerun3
bert_rerun3_fold5_idx53,5,0.0,0.1978077292442321,aaronfeller_PeptideMLM-MTR_lg,bert_rerun3
bert_rerun3_fold5_idx54,5,0.0,0.254745215177536,aaronfeller_PeptideMLM-MTR_lg,bert_rerun3
bert_rerun3_fold5_idx55,5,0.0,0.2997858822345733,aaronfeller_PeptideMLM-MTR_lg,bert_rerun3
bert_rerun3_fold5_idx56,5,1.0,0.7873943448066711,aaronfeller_PeptideMLM-MTR_lg,bert_rerun3
bert_rerun3_fold5_idx57,5,0.0,0.1285362392663955,aaronfeller_PeptideMLM-MTR_lg,bert_rerun3
bert_rerun3_fold5_idx58,5,1.0,0.8580151200294495,aaronfeller_PeptideMLM-MTR_lg,bert_rerun3
bert_rerun3_fold5_idx59,5,0.0,0.2759307026863098,aaronfeller_PeptideMLM-MTR_lg,bert_rerun3
bert_rerun3_fold5_idx60,5,0.0,0.7696685791015625,aaronfeller_PeptideMLM-MTR_lg,bert_rerun3
bert_rerun3_fold5_idx61,5,0.0,0.1812460720539093,aaronfeller_PeptideMLM-MTR_lg,bert_rerun3
bert_rerun3_fold5_idx62,5,0.0,0.3418639898300171,aaronfeller_PeptideMLM-MTR_lg,bert_rerun3
bert_rerun3_fold5_idx63,5,0.0,0.1699084639549255,aaronfeller_PeptideMLM-MTR_lg,bert_rerun3
bert_rerun3_fold6_idx0,6,0.0,0.6285224556922913,aaronfeller_PeptideMLM-MTR_lg,bert_rerun3
bert_rerun3_fold6_idx1,6,0.0,0.1291459053754806,aaronfeller_PeptideMLM-MTR_lg,bert_rerun3
bert_rerun3_fold6_idx2,6,0.0,0.4139952957630157,aaronfeller_PeptideMLM-MTR_lg,bert_rerun3
bert_rerun3_fold6_idx3,6,0.0,0.1371396034955978,aaronfeller_PeptideMLM-MTR_lg,bert_rerun3
bert_rerun3_fold6_idx4,6,0.0,0.1577571928501129,aaronfeller_PeptideMLM-MTR_lg,bert_rerun3
bert_rerun3_fold6_idx5,6,0.0,0.0867202803492546,aaronfeller_PeptideMLM-MTR_lg,bert_rerun3
bert_rerun3_fold6_idx6,6,1.0,0.7448352575302124,aaronfeller_PeptideMLM-MTR_lg,bert_rerun3
bert_rerun3_fold6_idx7,6,0.0,0.5969440340995789,aaronfeller_PeptideMLM-MTR_lg,bert_rerun3
bert_rerun3_fold6_idx8,6,1.0,0.5127971768379211,aaronfeller_PeptideMLM-MTR_lg,bert_rerun3
bert_rerun3_fold6_idx9,6,0.0,0.2103458642959594,aaronfeller_PeptideMLM-MTR_lg,bert_rerun3
bert_rerun3_fold6_idx10,6,1.0,0.815555989742279,aaronfeller_PeptideMLM-MTR_lg,bert_rerun3
bert_rerun3_fold6_idx11,6,0.0,0.0661336332559585,aaronfeller_PeptideMLM-MTR_lg,bert_rerun3
bert_rerun3_fold6_idx12,6,0.0,0.1001504808664321,aaronfeller_PeptideMLM-MTR_lg,bert_rerun3
bert_rerun3_fold6_idx13,6,1.0,0.4430251121520996,aaronfeller_PeptideMLM-MTR_lg,bert_rerun3
bert_rerun3_fold6_idx14,6,0.0,0.0969266518950462,aaronfeller_PeptideMLM-MTR_lg,bert_rerun3
bert_rerun3_fold6_idx15,6,0.0,0.6023378968238831,aaronfeller_PeptideMLM-MTR_lg,bert_rerun3
bert_rerun3_fold6_idx16,6,0.0,0.3572809994220733,aaronfeller_PeptideMLM-MTR_lg,bert_rerun3
bert_rerun3_fold6_idx17,6,1.0,0.8584604859352112,aaronfeller_PeptideMLM-MTR_lg,bert_rerun3
bert_rerun3_fold6_idx18,6,1.0,0.7563760280609131,aaronfeller_PeptideMLM-MTR_lg,bert_rerun3
bert_rerun3_fold6_idx19,6,0.0,0.265719324350357,aaronfeller_PeptideMLM-MTR_lg,bert_rerun3
bert_rerun3_fold6_idx20,6,0.0,0.6876828074455261,aaronfeller_PeptideMLM-MTR_lg,bert_rerun3
bert_rerun3_fold6_idx21,6,1.0,0.7231791615486145,aaronfeller_PeptideMLM-MTR_lg,bert_rerun3
bert_rerun3_fold6_idx22,6,1.0,0.7711765766143799,aaronfeller_PeptideMLM-MTR_lg,bert_rerun3
bert_rerun3_fold6_idx23,6,0.0,0.2915172874927521,aaronfeller_PeptideMLM-MTR_lg,bert_rerun3
bert_rerun3_fold6_idx24,6,1.0,0.2852952182292938,aaronfeller_PeptideMLM-MTR_lg,bert_rerun3
bert_rerun3_fold6_idx25,6,1.0,0.5429164171218872,aaronfeller_PeptideMLM-MTR_lg,bert_rerun3
bert_rerun3_fold6_idx26,6,1.0,0.0674933046102523,aaronfeller_PeptideMLM-MTR_lg,bert_rerun3
bert_rerun3_fold6_idx27,6,0.0,0.1243494823575019,aaronfeller_PeptideMLM-MTR_lg,bert_rerun3
bert_rerun3_fold6_idx28,6,1.0,0.2911889851093292,aaronfeller_PeptideMLM-MTR_lg,bert_rerun3
bert_rerun3_fold6_idx29,6,1.0,0.1686315685510635,aaronfeller_PeptideMLM-MTR_lg,bert_rerun3
bert_rerun3_fold6_idx30,6,0.0,0.295127123594284,aaronfeller_PeptideMLM-MTR_lg,bert_rerun3
bert_rerun3_fold6_idx31,6,1.0,0.200827807188034,aaronfeller_PeptideMLM-MTR_lg,bert_rerun3
bert_rerun3_fold6_idx32,6,0.0,0.3069882988929748,aaronfeller_PeptideMLM-MTR_lg,bert_rerun3
bert_rerun3_fold6_idx33,6,1.0,0.3442093133926391,aaronfeller_PeptideMLM-MTR_lg,bert_rerun3
bert_rerun3_fold6_idx34,6,0.0,0.1849449127912521,aaronfeller_PeptideMLM-MTR_lg,bert_rerun3
bert_rerun3_fold6_idx35,6,1.0,0.5667540431022644,aaronfeller_PeptideMLM-MTR_lg,bert_rerun3
bert_rerun3_fold6_idx36,6,0.0,0.3376904129981994,aaronfeller_PeptideMLM-MTR_lg,bert_rerun3
bert_rerun3_fold6_idx37,6,1.0,0.1408630162477493,aaronfeller_PeptideMLM-MTR_lg,bert_rerun3
bert_rerun3_fold6_idx38,6,0.0,0.0935174226760864,aaronfeller_PeptideMLM-MTR_lg,bert_rerun3
bert_rerun3_fold6_idx39,6,0.0,0.1149206385016441,aaronfeller_PeptideMLM-MTR_lg,bert_rerun3
bert_rerun3_fold6_idx40,6,0.0,0.6833131313323975,aaronfeller_PeptideMLM-MTR_lg,bert_rerun3
bert_rerun3_fold6_idx41,6,0.0,0.0600326508283615,aaronfeller_PeptideMLM-MTR_lg,bert_rerun3
bert_rerun3_fold6_idx42,6,0.0,0.0512515008449554,aaronfeller_PeptideMLM-MTR_lg,bert_rerun3
bert_rerun3_fold6_idx43,6,0.0,0.1721433252096176,aaronfeller_PeptideMLM-MTR_lg,bert_rerun3
bert_rerun3_fold6_idx44,6,0.0,0.0530780032277107,aaronfeller_PeptideMLM-MTR_lg,bert_rerun3
bert_rerun3_fold6_idx45,6,0.0,0.0540711060166358,aaronfeller_PeptideMLM-MTR_lg,bert_rerun3
bert_rerun3_fold6_idx46,6,0.0,0.0465898476541042,aaronfeller_PeptideMLM-MTR_lg,bert_rerun3
bert_rerun3_fold6_idx47,6,0.0,0.0477657057344913,aaronfeller_PeptideMLM-MTR_lg,bert_rerun3
bert_rerun3_fold6_idx48,6,0.0,0.0577574297785759,aaronfeller_PeptideMLM-MTR_lg,bert_rerun3
bert_rerun3_fold6_idx49,6,0.0,0.2831349074840545,aaronfeller_PeptideMLM-MTR_lg,bert_rerun3
bert_rerun3_fold6_idx50,6,1.0,0.8972794413566589,aaronfeller_PeptideMLM-MTR_lg,bert_rerun3
bert_rerun3_fold6_idx51,6,0.0,0.8798872828483582,aaronfeller_PeptideMLM-MTR_lg,bert_rerun3
bert_rerun3_fold6_idx52,6,1.0,0.8294244408607483,aaronfeller_PeptideMLM-MTR_lg,bert_rerun3
bert_rerun3_fold6_idx53,6,1.0,0.3320625126361847,aaronfeller_PeptideMLM-MTR_lg,bert_rerun3
bert_rerun3_fold6_idx54,6,0.0,0.0527302362024784,aaronfeller_PeptideMLM-MTR_lg,bert_rerun3
bert_rerun3_fold6_idx55,6,0.0,0.5301319360733032,aaronfeller_PeptideMLM-MTR_lg,bert_rerun3
bert_rerun3_fold6_idx56,6,0.0,0.1979644149541854,aaronfeller_PeptideMLM-MTR_lg,bert_rerun3
bert_rerun3_fold6_idx57,6,1.0,0.3728488385677337,aaronfeller_PeptideMLM-MTR_lg,bert_rerun3
bert_rerun3_fold6_idx58,6,0.0,0.2955735623836517,aaronfeller_PeptideMLM-MTR_lg,bert_rerun3
bert_rerun3_fold6_idx59,6,1.0,0.5202889442443848,aaronfeller_PeptideMLM-MTR_lg,bert_rerun3
bert_rerun3_fold6_idx60,6,0.0,0.5965429544448853,aaronfeller_PeptideMLM-MTR_lg,bert_rerun3
bert_rerun3_fold6_idx61,6,1.0,0.7698059678077698,aaronfeller_PeptideMLM-MTR_lg,bert_rerun3
bert_rerun3_fold6_idx62,6,0.0,0.1035329401493072,aaronfeller_PeptideMLM-MTR_lg,bert_rerun3
bert_rerun3_fold6_idx63,6,1.0,0.8430745005607605,aaronfeller_PeptideMLM-MTR_lg,bert_rerun3
bert_rerun3_fold7_idx0,7,0.0,0.810272216796875,aaronfeller_PeptideMLM-MTR_lg,bert_rerun3
bert_rerun3_fold7_idx1,7,0.0,0.1002357378602027,aaronfeller_PeptideMLM-MTR_lg,bert_rerun3
bert_rerun3_fold7_idx2,7,1.0,0.6878939270973206,aaronfeller_PeptideMLM-MTR_lg,bert_rerun3
bert_rerun3_fold7_idx3,7,1.0,0.6904551982879639,aaronfeller_PeptideMLM-MTR_lg,bert_rerun3
bert_rerun3_fold7_idx4,7,0.0,0.02611930295825,aaronfeller_PeptideMLM-MTR_lg,bert_rerun3
bert_rerun3_fold7_idx5,7,1.0,0.2829617261886596,aaronfeller_PeptideMLM-MTR_lg,bert_rerun3
bert_rerun3_fold7_idx6,7,0.0,0.5581647753715515,aaronfeller_PeptideMLM-MTR_lg,bert_rerun3
bert_rerun3_fold7_idx7,7,1.0,0.5619356036186218,aaronfeller_PeptideMLM-MTR_lg,bert_rerun3
bert_rerun3_fold7_idx8,7,0.0,0.2638363838195801,aaronfeller_PeptideMLM-MTR_lg,bert_rerun3
bert_rerun3_fold7_idx9,7,0.0,0.047706589102745,aaronfeller_PeptideMLM-MTR_lg,bert_rerun3
bert_rerun3_fold7_idx10,7,1.0,0.3668157458305359,aaronfeller_PeptideMLM-MTR_lg,bert_rerun3
bert_rerun3_fold7_idx11,7,0.0,0.0760463923215866,aaronfeller_PeptideMLM-MTR_lg,bert_rerun3
bert_rerun3_fold7_idx12,7,1.0,0.9109824895858764,aaronfeller_PeptideMLM-MTR_lg,bert_rerun3
bert_rerun3_fold7_idx13,7,1.0,0.8894643783569336,aaronfeller_PeptideMLM-MTR_lg,bert_rerun3
bert_rerun3_fold7_idx14,7,0.0,0.148118793964386,aaronfeller_PeptideMLM-MTR_lg,bert_rerun3
bert_rerun3_fold7_idx15,7,1.0,0.1398328244686126,aaronfeller_PeptideMLM-MTR_lg,bert_rerun3
bert_rerun3_fold7_idx16,7,1.0,0.9063181281089784,aaronfeller_PeptideMLM-MTR_lg,bert_rerun3
bert_rerun3_fold7_idx17,7,0.0,0.1340170353651046,aaronfeller_PeptideMLM-MTR_lg,bert_rerun3
bert_rerun3_fold7_idx18,7,1.0,0.7876339554786682,aaronfeller_PeptideMLM-MTR_lg,bert_rerun3
bert_rerun3_fold7_idx19,7,0.0,0.0385653264820575,aaronfeller_PeptideMLM-MTR_lg,bert_rerun3
bert_rerun3_fold7_idx20,7,1.0,0.5193231105804443,aaronfeller_PeptideMLM-MTR_lg,bert_rerun3
bert_rerun3_fold7_idx21,7,0.0,0.0317549742758274,aaronfeller_PeptideMLM-MTR_lg,bert_rerun3
bert_rerun3_fold7_idx22,7,0.0,0.0348440743982791,aaronfeller_PeptideMLM-MTR_lg,bert_rerun3
bert_rerun3_fold7_idx23,7,0.0,0.1481458693742752,aaronfeller_PeptideMLM-MTR_lg,bert_rerun3
bert_rerun3_fold7_idx24,7,1.0,0.0198302771896123,aaronfeller_PeptideMLM-MTR_lg,bert_rerun3
bert_rerun3_fold7_idx25,7,1.0,0.4955548644065857,aaronfeller_PeptideMLM-MTR_lg,bert_rerun3
bert_rerun3_fold7_idx26,7,1.0,0.2026521265506744,aaronfeller_PeptideMLM-MTR_lg,bert_rerun3
bert_rerun3_fold7_idx27,7,1.0,0.7575569748878479,aaronfeller_PeptideMLM-MTR_lg,bert_rerun3
bert_rerun3_fold7_idx28,7,0.0,0.0240263659507036,aaronfeller_PeptideMLM-MTR_lg,bert_rerun3
bert_rerun3_fold7_idx29,7,1.0,0.6731705069541931,aaronfeller_PeptideMLM-MTR_lg,bert_rerun3
bert_rerun3_fold7_idx30,7,1.0,0.2293335944414138,aaronfeller_PeptideMLM-MTR_lg,bert_rerun3
bert_rerun3_fold7_idx31,7,1.0,0.0437282621860504,aaronfeller_PeptideMLM-MTR_lg,bert_rerun3
bert_rerun3_fold7_idx32,7,1.0,0.8085879683494568,aaronfeller_PeptideMLM-MTR_lg,bert_rerun3
bert_rerun3_fold7_idx33,7,1.0,0.9248245358467102,aaronfeller_PeptideMLM-MTR_lg,bert_rerun3
bert_rerun3_fold7_idx34,7,0.0,0.2155795693397522,aaronfeller_PeptideMLM-MTR_lg,bert_rerun3
bert_rerun3_fold7_idx35,7,1.0,0.6821922659873962,aaronfeller_PeptideMLM-MTR_lg,bert_rerun3
bert_rerun3_fold7_idx36,7,0.0,0.1710163801908493,aaronfeller_PeptideMLM-MTR_lg,bert_rerun3
bert_rerun3_fold7_idx37,7,0.0,0.0102544324472546,aaronfeller_PeptideMLM-MTR_lg,bert_rerun3
bert_rerun3_fold7_idx38,7,1.0,0.9042693972587584,aaronfeller_PeptideMLM-MTR_lg,bert_rerun3
bert_rerun3_fold7_idx39,7,0.0,0.0101213362067937,aaronfeller_PeptideMLM-MTR_lg,bert_rerun3
bert_rerun3_fold7_idx40,7,0.0,0.0266986601054668,aaronfeller_PeptideMLM-MTR_lg,bert_rerun3
bert_rerun3_fold7_idx41,7,0.0,0.168112650513649,aaronfeller_PeptideMLM-MTR_lg,bert_rerun3
bert_rerun3_fold7_idx42,7,0.0,0.2214638590812683,aaronfeller_PeptideMLM-MTR_lg,bert_rerun3
bert_rerun3_fold7_idx43,7,1.0,0.8971274495124817,aaronfeller_PeptideMLM-MTR_lg,bert_rerun3
bert_rerun3_fold7_idx44,7,1.0,0.3333601057529449,aaronfeller_PeptideMLM-MTR_lg,bert_rerun3
bert_rerun3_fold7_idx45,7,1.0,0.9057531356811525,aaronfeller_PeptideMLM-MTR_lg,bert_rerun3
bert_rerun3_fold7_idx46,7,1.0,0.907055914402008,aaronfeller_PeptideMLM-MTR_lg,bert_rerun3
bert_rerun3_fold7_idx47,7,1.0,0.9325266480445862,aaronfeller_PeptideMLM-MTR_lg,bert_rerun3
bert_rerun3_fold7_idx48,7,0.0,0.3342882990837097,aaronfeller_PeptideMLM-MTR_lg,bert_rerun3
bert_rerun3_fold7_idx49,7,0.0,0.0130523005500435,aaronfeller_PeptideMLM-MTR_lg,bert_rerun3
bert_rerun3_fold7_idx50,7,1.0,0.8972176313400269,aaronfeller_PeptideMLM-MTR_lg,bert_rerun3
bert_rerun3_fold7_idx51,7,0.0,0.8603628873825073,aaronfeller_PeptideMLM-MTR_lg,bert_rerun3
bert_rerun3_fold7_idx52,7,1.0,0.8715656995773315,aaronfeller_PeptideMLM-MTR_lg,bert_rerun3
bert_rerun3_fold7_idx53,7,1.0,0.5460860729217529,aaronfeller_PeptideMLM-MTR_lg,bert_rerun3
bert_rerun3_fold7_idx54,7,1.0,0.9664198160171508,aaronfeller_PeptideMLM-MTR_lg,bert_rerun3
bert_rerun3_fold7_idx55,7,0.0,0.047543715685606,aaronfeller_PeptideMLM-MTR_lg,bert_rerun3
bert_rerun3_fold7_idx56,7,0.0,0.160224050283432,aaronfeller_PeptideMLM-MTR_lg,bert_rerun3
bert_rerun3_fold7_idx57,7,0.0,0.4231421947479248,aaronfeller_PeptideMLM-MTR_lg,bert_rerun3
bert_rerun3_fold7_idx58,7,1.0,0.6661245822906494,aaronfeller_PeptideMLM-MTR_lg,bert_rerun3
bert_rerun3_fold7_idx59,7,1.0,0.48247030377388,aaronfeller_PeptideMLM-MTR_lg,bert_rerun3
bert_rerun3_fold7_idx60,7,0.0,0.8682255148887634,aaronfeller_PeptideMLM-MTR_lg,bert_rerun3
bert_rerun3_fold7_idx61,7,0.0,0.3840053081512451,aaronfeller_PeptideMLM-MTR_lg,bert_rerun3
bert_rerun3_fold7_idx62,7,0.0,0.0552486814558506,aaronfeller_PeptideMLM-MTR_lg,bert_rerun3
bert_rerun3_fold7_idx63,7,0.0,0.0428323820233345,aaronfeller_PeptideMLM-MTR_lg,bert_rerun3
bert_rerun3_fold8_idx0,8,1.0,0.4448367059230804,aaronfeller_PeptideMLM-MTR_lg,bert_rerun3
bert_rerun3_fold8_idx1,8,1.0,0.5366095900535583,aaronfeller_PeptideMLM-MTR_lg,bert_rerun3
bert_rerun3_fold8_idx2,8,0.0,0.496692806482315,aaronfeller_PeptideMLM-MTR_lg,bert_rerun3
bert_rerun3_fold8_idx3,8,0.0,0.5578402280807495,aaronfeller_PeptideMLM-MTR_lg,bert_rerun3
bert_rerun3_fold8_idx4,8,1.0,0.422396183013916,aaronfeller_PeptideMLM-MTR_lg,bert_rerun3
bert_rerun3_fold8_idx5,8,1.0,0.425226628780365,aaronfeller_PeptideMLM-MTR_lg,bert_rerun3
bert_rerun3_fold8_idx6,8,0.0,0.3813219368457794,aaronfeller_PeptideMLM-MTR_lg,bert_rerun3
bert_rerun3_fold8_idx7,8,1.0,0.4864865243434906,aaronfeller_PeptideMLM-MTR_lg,bert_rerun3
bert_rerun3_fold8_idx8,8,0.0,0.4181428253650665,aaronfeller_PeptideMLM-MTR_lg,bert_rerun3
bert_rerun3_fold8_idx9,8,0.0,0.296334832906723,aaronfeller_PeptideMLM-MTR_lg,bert_rerun3
bert_rerun3_fold8_idx10,8,1.0,0.612544059753418,aaronfeller_PeptideMLM-MTR_lg,bert_rerun3
bert_rerun3_fold8_idx11,8,1.0,0.7055767774581909,aaronfeller_PeptideMLM-MTR_lg,bert_rerun3
bert_rerun3_fold8_idx12,8,0.0,0.5886215567588806,aaronfeller_PeptideMLM-MTR_lg,bert_rerun3
bert_rerun3_fold8_idx13,8,1.0,0.6055463552474976,aaronfeller_PeptideMLM-MTR_lg,bert_rerun3
bert_rerun3_fold8_idx14,8,0.0,0.3660421967506408,aaronfeller_PeptideMLM-MTR_lg,bert_rerun3
bert_rerun3_fold8_idx15,8,0.0,0.4296813011169433,aaronfeller_PeptideMLM-MTR_lg,bert_rerun3
bert_rerun3_fold8_idx16,8,0.0,0.6208840608596802,aaronfeller_PeptideMLM-MTR_lg,bert_rerun3
bert_rerun3_fold8_idx17,8,1.0,0.3973055779933929,aaronfeller_PeptideMLM-MTR_lg,bert_rerun3
bert_rerun3_fold8_idx18,8,1.0,0.5957896113395691,aaronfeller_PeptideMLM-MTR_lg,bert_rerun3
bert_rerun3_fold8_idx19,8,0.0,0.4885503053665161,aaronfeller_PeptideMLM-MTR_lg,bert_rerun3
bert_rerun3_fold8_idx20,8,1.0,0.3711755275726318,aaronfeller_PeptideMLM-MTR_lg,bert_rerun3
bert_rerun3_fold8_idx21,8,1.0,0.4607622623443603,aaronfeller_PeptideMLM-MTR_lg,bert_rerun3
bert_rerun3_fold8_idx22,8,0.0,0.4735197126865387,aaronfeller_PeptideMLM-MTR_lg,bert_rerun3
bert_rerun3_fold8_idx23,8,0.0,0.3656922280788421,aaronfeller_PeptideMLM-MTR_lg,bert_rerun3
bert_rerun3_fold8_idx24,8,1.0,0.3859264254570007,aaronfeller_PeptideMLM-MTR_lg,bert_rerun3
bert_rerun3_fold8_idx25,8,0.0,0.3831016421318054,aaronfeller_PeptideMLM-MTR_lg,bert_rerun3
bert_rerun3_fold8_idx26,8,0.0,0.4321309030056,aaronfeller_PeptideMLM-MTR_lg,bert_rerun3
bert_rerun3_fold8_idx27,8,0.0,0.652728259563446,aaronfeller_PeptideMLM-MTR_lg,bert_rerun3
bert_rerun3_fold8_idx28,8,1.0,0.6484194993972778,aaronfeller_PeptideMLM-MTR_lg,bert_rerun3
bert_rerun3_fold8_idx29,8,1.0,0.3380796611309051,aaronfeller_PeptideMLM-MTR_lg,bert_rerun3
bert_rerun3_fold8_idx30,8,0.0,0.3526994884014129,aaronfeller_PeptideMLM-MTR_lg,bert_rerun3
bert_rerun3_fold8_idx31,8,0.0,0.3566260933876037,aaronfeller_PeptideMLM-MTR_lg,bert_rerun3
bert_rerun3_fold8_idx32,8,1.0,0.376525729894638,aaronfeller_PeptideMLM-MTR_lg,bert_rerun3
bert_rerun3_fold8_idx33,8,0.0,0.3735418021678924,aaronfeller_PeptideMLM-MTR_lg,bert_rerun3
bert_rerun3_fold8_idx34,8,1.0,0.6023377776145935,aaronfeller_PeptideMLM-MTR_lg,bert_rerun3
bert_rerun3_fold8_idx35,8,0.0,0.416477769613266,aaronfeller_PeptideMLM-MTR_lg,bert_rerun3
bert_rerun3_fold8_idx36,8,1.0,0.3891623020172119,aaronfeller_PeptideMLM-MTR_lg,bert_rerun3
bert_rerun3_fold8_idx37,8,0.0,0.3203231990337372,aaronfeller_PeptideMLM-MTR_lg,bert_rerun3
bert_rerun3_fold8_idx38,8,0.0,0.3320949971675873,aaronfeller_PeptideMLM-MTR_lg,bert_rerun3
bert_rerun3_fold8_idx39,8,0.0,0.3133397400379181,aaronfeller_PeptideMLM-MTR_lg,bert_rerun3
bert_rerun3_fold8_idx40,8,0.0,0.3208109438419342,aaronfeller_PeptideMLM-MTR_lg,bert_rerun3
bert_rerun3_fold8_idx41,8,1.0,0.3915543258190155,aaronfeller_PeptideMLM-MTR_lg,bert_rerun3
bert_rerun3_fold8_idx42,8,1.0,0.62705397605896,aaronfeller_PeptideMLM-MTR_lg,bert_rerun3
bert_rerun3_fold8_idx43,8,0.0,0.6713736057281494,aaronfeller_PeptideMLM-MTR_lg,bert_rerun3
bert_rerun3_fold8_idx44,8,1.0,0.4293507933616638,aaronfeller_PeptideMLM-MTR_lg,bert_rerun3
bert_rerun3_fold8_idx45,8,0.0,0.3506819307804107,aaronfeller_PeptideMLM-MTR_lg,bert_rerun3
bert_rerun3_fold8_idx46,8,0.0,0.3672943115234375,aaronfeller_PeptideMLM-MTR_lg,bert_rerun3
bert_rerun3_fold8_idx47,8,1.0,0.3838126063346863,aaronfeller_PeptideMLM-MTR_lg,bert_rerun3
bert_rerun3_fold8_idx48,8,0.0,0.3614449501037597,aaronfeller_PeptideMLM-MTR_lg,bert_rerun3
bert_rerun3_fold8_idx49,8,0.0,0.5954476594924927,aaronfeller_PeptideMLM-MTR_lg,bert_rerun3
bert_rerun3_fold8_idx50,8,0.0,0.3449622392654419,aaronfeller_PeptideMLM-MTR_lg,bert_rerun3
bert_rerun3_fold8_idx51,8,1.0,0.5221842527389526,aaronfeller_PeptideMLM-MTR_lg,bert_rerun3
bert_rerun3_fold8_idx52,8,0.0,0.3612890243530273,aaronfeller_PeptideMLM-MTR_lg,bert_rerun3
bert_rerun3_fold8_idx53,8,0.0,0.45479616522789,aaronfeller_PeptideMLM-MTR_lg,bert_rerun3
bert_rerun3_fold8_idx54,8,0.0,0.6674894690513611,aaronfeller_PeptideMLM-MTR_lg,bert_rerun3
bert_rerun3_fold8_idx55,8,0.0,0.4274422824382782,aaronfeller_PeptideMLM-MTR_lg,bert_rerun3
bert_rerun3_fold8_idx56,8,0.0,0.3992617726325989,aaronfeller_PeptideMLM-MTR_lg,bert_rerun3
bert_rerun3_fold8_idx57,8,1.0,0.6458868384361267,aaronfeller_PeptideMLM-MTR_lg,bert_rerun3
bert_rerun3_fold8_idx58,8,1.0,0.4562695026397705,aaronfeller_PeptideMLM-MTR_lg,bert_rerun3
bert_rerun3_fold8_idx59,8,0.0,0.4140961468219757,aaronfeller_PeptideMLM-MTR_lg,bert_rerun3
bert_rerun3_fold8_idx60,8,1.0,0.4027155637741089,aaronfeller_PeptideMLM-MTR_lg,bert_rerun3
bert_rerun3_fold8_idx61,8,1.0,0.6271429061889648,aaronfeller_PeptideMLM-MTR_lg,bert_rerun3
bert_rerun3_fold8_idx62,8,0.0,0.4068796336650848,aaronfeller_PeptideMLM-MTR_lg,bert_rerun3
bert_rerun3_fold8_idx63,8,0.0,0.4202482998371124,aaronfeller_PeptideMLM-MTR_lg,bert_rerun3
bert_rerun3_fold9_idx0,9,1.0,0.3162497580051422,aaronfeller_PeptideMLM-MTR_lg,bert_rerun3
bert_rerun3_fold9_idx1,9,0.0,0.1027389094233512,aaronfeller_PeptideMLM-MTR_lg,bert_rerun3
bert_rerun3_fold9_idx2,9,1.0,0.5546649098396301,aaronfeller_PeptideMLM-MTR_lg,bert_rerun3
bert_rerun3_fold9_idx3,9,1.0,0.6271598935127258,aaronfeller_PeptideMLM-MTR_lg,bert_rerun3
bert_rerun3_fold9_idx4,9,0.0,0.3930279612541199,aaronfeller_PeptideMLM-MTR_lg,bert_rerun3
bert_rerun3_fold9_idx5,9,0.0,0.1578864306211471,aaronfeller_PeptideMLM-MTR_lg,bert_rerun3
bert_rerun3_fold9_idx6,9,0.0,0.3298579752445221,aaronfeller_PeptideMLM-MTR_lg,bert_rerun3
bert_rerun3_fold9_idx7,9,0.0,0.0605515204370021,aaronfeller_PeptideMLM-MTR_lg,bert_rerun3
bert_rerun3_fold9_idx8,9,0.0,0.0242499224841594,aaronfeller_PeptideMLM-MTR_lg,bert_rerun3
bert_rerun3_fold9_idx9,9,0.0,0.358125776052475,aaronfeller_PeptideMLM-MTR_lg,bert_rerun3
bert_rerun3_fold9_idx10,9,0.0,0.7475621700286865,aaronfeller_PeptideMLM-MTR_lg,bert_rerun3
bert_rerun3_fold9_idx11,9,0.0,0.0342142768204212,aaronfeller_PeptideMLM-MTR_lg,bert_rerun3
bert_rerun3_fold9_idx12,9,1.0,0.4121038615703583,aaronfeller_PeptideMLM-MTR_lg,bert_rerun3
bert_rerun3_fold9_idx13,9,1.0,0.1934128552675247,aaronfeller_PeptideMLM-MTR_lg,bert_rerun3
bert_rerun3_fold9_idx14,9,1.0,0.3735992014408111,aaronfeller_PeptideMLM-MTR_lg,bert_rerun3
bert_rerun3_fold9_idx15,9,1.0,0.922666609287262,aaronfeller_PeptideMLM-MTR_lg,bert_rerun3
bert_rerun3_fold9_idx16,9,1.0,0.9000312685966492,aaronfeller_PeptideMLM-MTR_lg,bert_rerun3
bert_rerun3_fold9_idx17,9,0.0,0.0807250812649726,aaronfeller_PeptideMLM-MTR_lg,bert_rerun3
bert_rerun3_fold9_idx18,9,0.0,0.0437199175357818,aaronfeller_PeptideMLM-MTR_lg,bert_rerun3
bert_rerun3_fold9_idx19,9,0.0,0.126441091299057,aaronfeller_PeptideMLM-MTR_lg,bert_rerun3
bert_rerun3_fold9_idx20,9,1.0,0.4939944148063659,aaronfeller_PeptideMLM-MTR_lg,bert_rerun3
bert_rerun3_fold9_idx21,9,1.0,0.7932842373847961,aaronfeller_PeptideMLM-MTR_lg,bert_rerun3
bert_rerun3_fold9_idx22,9,1.0,0.9652432799339294,aaronfeller_PeptideMLM-MTR_lg,bert_rerun3
bert_rerun3_fold9_idx23,9,1.0,0.2596081495285034,aaronfeller_PeptideMLM-MTR_lg,bert_rerun3
bert_rerun3_fold9_idx24,9,1.0,0.2901960611343384,aaronfeller_PeptideMLM-MTR_lg,bert_rerun3
bert_rerun3_fold9_idx25,9,0.0,0.0902345776557922,aaronfeller_PeptideMLM-MTR_lg,bert_rerun3
bert_rerun3_fold9_idx26,9,0.0,0.0922561436891555,aaronfeller_PeptideMLM-MTR_lg,bert_rerun3
bert_rerun3_fold9_idx27,9,0.0,0.4259788990020752,aaronfeller_PeptideMLM-MTR_lg,bert_rerun3
bert_rerun3_fold9_idx28,9,1.0,0.4277789294719696,aaronfeller_PeptideMLM-MTR_lg,bert_rerun3
bert_rerun3_fold9_idx29,9,0.0,0.0248368699103593,aaronfeller_PeptideMLM-MTR_lg,bert_rerun3
bert_rerun3_fold9_idx30,9,1.0,0.9211186170578004,aaronfeller_PeptideMLM-MTR_lg,bert_rerun3
bert_rerun3_fold9_idx31,9,0.0,0.2426107376813888,aaronfeller_PeptideMLM-MTR_lg,bert_rerun3
bert_rerun3_fold9_idx32,9,0.0,0.0215766374021768,aaronfeller_PeptideMLM-MTR_lg,bert_rerun3
bert_rerun3_fold9_idx33,9,0.0,0.0216821711510419,aaronfeller_PeptideMLM-MTR_lg,bert_rerun3
bert_rerun3_fold9_idx34,9,0.0,0.026143904775381,aaronfeller_PeptideMLM-MTR_lg,bert_rerun3
bert_rerun3_fold9_idx35,9,0.0,0.0819355770945549,aaronfeller_PeptideMLM-MTR_lg,bert_rerun3
bert_rerun3_fold9_idx36,9,0.0,0.477636307477951,aaronfeller_PeptideMLM-MTR_lg,bert_rerun3
bert_rerun3_fold9_idx37,9,1.0,0.903880536556244,aaronfeller_PeptideMLM-MTR_lg,bert_rerun3
bert_rerun3_fold9_idx38,9,0.0,0.4535151422023773,aaronfeller_PeptideMLM-MTR_lg,bert_rerun3
bert_rerun3_fold9_idx39,9,1.0,0.9173879027366638,aaronfeller_PeptideMLM-MTR_lg,bert_rerun3
bert_rerun3_fold9_idx40,9,0.0,0.0681010857224464,aaronfeller_PeptideMLM-MTR_lg,bert_rerun3
bert_rerun3_fold9_idx41,9,1.0,0.8847499489784241,aaronfeller_PeptideMLM-MTR_lg,bert_rerun3
bert_rerun3_fold9_idx42,9,1.0,0.9055991172790528,aaronfeller_PeptideMLM-MTR_lg,bert_rerun3
bert_rerun3_fold9_idx43,9,1.0,0.8832939267158508,aaronfeller_PeptideMLM-MTR_lg,bert_rerun3
bert_rerun3_fold9_idx44,9,1.0,0.2103549689054489,aaronfeller_PeptideMLM-MTR_lg,bert_rerun3
bert_rerun3_fold9_idx45,9,0.0,0.058730985969305,aaronfeller_PeptideMLM-MTR_lg,bert_rerun3
bert_rerun3_fold9_idx46,9,0.0,0.1241224482655525,aaronfeller_PeptideMLM-MTR_lg,bert_rerun3
bert_rerun3_fold9_idx47,9,1.0,0.880334198474884,aaronfeller_PeptideMLM-MTR_lg,bert_rerun3
bert_rerun3_fold9_idx48,9,0.0,0.0475053861737251,aaronfeller_PeptideMLM-MTR_lg,bert_rerun3
bert_rerun3_fold9_idx49,9,0.0,0.0668339729309082,aaronfeller_PeptideMLM-MTR_lg,bert_rerun3
bert_rerun3_fold9_idx50,9,1.0,0.4013074338436126,aaronfeller_PeptideMLM-MTR_lg,bert_rerun3
bert_rerun3_fold9_idx51,9,0.0,0.0872323364019393,aaronfeller_PeptideMLM-MTR_lg,bert_rerun3
bert_rerun3_fold9_idx52,9,0.0,0.0840274542570114,aaronfeller_PeptideMLM-MTR_lg,bert_rerun3
bert_rerun3_fold9_idx53,9,1.0,0.2346265763044357,aaronfeller_PeptideMLM-MTR_lg,bert_rerun3
bert_rerun3_fold9_idx54,9,0.0,0.081000804901123,aaronfeller_PeptideMLM-MTR_lg,bert_rerun3
bert_rerun3_fold9_idx55,9,0.0,0.6622463464736938,aaronfeller_PeptideMLM-MTR_lg,bert_rerun3
bert_rerun3_fold9_idx56,9,0.0,0.0551304146647453,aaronfeller_PeptideMLM-MTR_lg,bert_rerun3
bert_rerun3_fold9_idx57,9,1.0,0.93101704120636,aaronfeller_PeptideMLM-MTR_lg,bert_rerun3
bert_rerun3_fold9_idx58,9,0.0,0.816368043422699,aaronfeller_PeptideMLM-MTR_lg,bert_rerun3
bert_rerun3_fold9_idx59,9,1.0,0.6532660126686096,aaronfeller_PeptideMLM-MTR_lg,bert_rerun3
bert_rerun3_fold9_idx60,9,1.0,0.9248775839805604,aaronfeller_PeptideMLM-MTR_lg,bert_rerun3
bert_rerun3_fold9_idx61,9,0.0,0.1640040725469589,aaronfeller_PeptideMLM-MTR_lg,bert_rerun3
bert_rerun3_fold9_idx62,9,1.0,0.111872412264347,aaronfeller_PeptideMLM-MTR_lg,bert_rerun3
bert_rerun3_fold9_idx63,9,0.0,0.0880150645971298,aaronfeller_PeptideMLM-MTR_lg,bert_rerun3
bert_rerun3_fold10_idx0,10,0.0,0.3719171285629272,aaronfeller_PeptideMLM-MTR_lg,bert_rerun3
bert_rerun3_fold10_idx1,10,1.0,0.3089179098606109,aaronfeller_PeptideMLM-MTR_lg,bert_rerun3
bert_rerun3_fold10_idx2,10,0.0,0.385447084903717,aaronfeller_PeptideMLM-MTR_lg,bert_rerun3
bert_rerun3_fold10_idx3,10,0.0,0.3367623686790466,aaronfeller_PeptideMLM-MTR_lg,bert_rerun3
bert_rerun3_fold10_idx4,10,0.0,0.3423433005809784,aaronfeller_PeptideMLM-MTR_lg,bert_rerun3
bert_rerun3_fold10_idx5,10,1.0,0.658356785774231,aaronfeller_PeptideMLM-MTR_lg,bert_rerun3
bert_rerun3_fold10_idx6,10,0.0,0.5129385590553284,aaronfeller_PeptideMLM-MTR_lg,bert_rerun3
bert_rerun3_fold10_idx7,10,0.0,0.5555649399757385,aaronfeller_PeptideMLM-MTR_lg,bert_rerun3
bert_rerun3_fold10_idx8,10,0.0,0.2548008859157562,aaronfeller_PeptideMLM-MTR_lg,bert_rerun3
bert_rerun3_fold10_idx9,10,1.0,0.1968583464622497,aaronfeller_PeptideMLM-MTR_lg,bert_rerun3
bert_rerun3_fold10_idx10,10,0.0,0.3640088140964508,aaronfeller_PeptideMLM-MTR_lg,bert_rerun3
bert_rerun3_fold10_idx11,10,0.0,0.4186238646507263,aaronfeller_PeptideMLM-MTR_lg,bert_rerun3
bert_rerun3_fold10_idx12,10,0.0,0.5758339762687683,aaronfeller_PeptideMLM-MTR_lg,bert_rerun3
bert_rerun3_fold10_idx13,10,0.0,0.7590599060058594,aaronfeller_PeptideMLM-MTR_lg,bert_rerun3
bert_rerun3_fold10_idx14,10,1.0,0.3190290927886963,aaronfeller_PeptideMLM-MTR_lg,bert_rerun3
bert_rerun3_fold10_idx15,10,0.0,0.3871822953224182,aaronfeller_PeptideMLM-MTR_lg,bert_rerun3
bert_rerun3_fold10_idx16,10,1.0,0.7749978303909302,aaronfeller_PeptideMLM-MTR_lg,bert_rerun3
bert_rerun3_fold10_idx17,10,1.0,0.3108226060867309,aaronfeller_PeptideMLM-MTR_lg,bert_rerun3
bert_rerun3_fold10_idx18,10,1.0,0.2611834704875946,aaronfeller_PeptideMLM-MTR_lg,bert_rerun3
bert_rerun3_fold10_idx19,10,0.0,0.3118095397949219,aaronfeller_PeptideMLM-MTR_lg,bert_rerun3
bert_rerun3_fold10_idx20,10,0.0,0.2302419543266296,aaronfeller_PeptideMLM-MTR_lg,bert_rerun3
bert_rerun3_fold10_idx21,10,1.0,0.7010634541511536,aaronfeller_PeptideMLM-MTR_lg,bert_rerun3
bert_rerun3_fold10_idx22,10,0.0,0.6924709677696228,aaronfeller_PeptideMLM-MTR_lg,bert_rerun3
bert_rerun3_fold10_idx23,10,0.0,0.550883412361145,aaronfeller_PeptideMLM-MTR_lg,bert_rerun3
bert_rerun3_fold10_idx24,10,1.0,0.5595391392707825,aaronfeller_PeptideMLM-MTR_lg,bert_rerun3
bert_rerun3_fold10_idx25,10,0.0,0.5218800902366638,aaronfeller_PeptideMLM-MTR_lg,bert_rerun3
bert_rerun3_fold10_idx26,10,0.0,0.4931112825870514,aaronfeller_PeptideMLM-MTR_lg,bert_rerun3
bert_rerun3_fold10_idx27,10,1.0,0.4926398396492004,aaronfeller_PeptideMLM-MTR_lg,bert_rerun3
bert_rerun3_fold10_idx28,10,0.0,0.4973728060722351,aaronfeller_PeptideMLM-MTR_lg,bert_rerun3
bert_rerun3_fold10_idx29,10,0.0,0.2802425324916839,aaronfeller_PeptideMLM-MTR_lg,bert_rerun3
bert_rerun3_fold10_idx30,10,1.0,0.4609981477260589,aaronfeller_PeptideMLM-MTR_lg,bert_rerun3
bert_rerun3_fold10_idx31,10,0.0,0.2488252520561218,aaronfeller_PeptideMLM-MTR_lg,bert_rerun3
bert_rerun3_fold10_idx32,10,1.0,0.3398153483867645,aaronfeller_PeptideMLM-MTR_lg,bert_rerun3
bert_rerun3_fold10_idx33,10,1.0,0.747848391532898,aaronfeller_PeptideMLM-MTR_lg,bert_rerun3
bert_rerun3_fold10_idx34,10,1.0,0.2004658579826355,aaronfeller_PeptideMLM-MTR_lg,bert_rerun3
bert_rerun3_fold10_idx35,10,1.0,0.817091703414917,aaronfeller_PeptideMLM-MTR_lg,bert_rerun3
bert_rerun3_fold10_idx36,10,0.0,0.1866163611412048,aaronfeller_PeptideMLM-MTR_lg,bert_rerun3
bert_rerun3_fold10_idx37,10,0.0,0.1968637406826019,aaronfeller_PeptideMLM-MTR_lg,bert_rerun3
bert_rerun3_fold10_idx38,10,1.0,0.2838930487632751,aaronfeller_PeptideMLM-MTR_lg,bert_rerun3
bert_rerun3_fold10_idx39,10,0.0,0.2747772336006164,aaronfeller_PeptideMLM-MTR_lg,bert_rerun3
bert_rerun3_fold10_idx40,10,0.0,0.1996379345655441,aaronfeller_PeptideMLM-MTR_lg,bert_rerun3
bert_rerun3_fold10_idx41,10,0.0,0.2168032824993133,aaronfeller_PeptideMLM-MTR_lg,bert_rerun3
bert_rerun3_fold10_idx42,10,0.0,0.2733243405818939,aaronfeller_PeptideMLM-MTR_lg,bert_rerun3
bert_rerun3_fold10_idx43,10,0.0,0.1978818029165268,aaronfeller_PeptideMLM-MTR_lg,bert_rerun3
bert_rerun3_fold10_idx44,10,0.0,0.2010153234004974,aaronfeller_PeptideMLM-MTR_lg,bert_rerun3
bert_rerun3_fold10_idx45,10,0.0,0.2535141408443451,aaronfeller_PeptideMLM-MTR_lg,bert_rerun3
bert_rerun3_fold10_idx46,10,1.0,0.6619458198547363,aaronfeller_PeptideMLM-MTR_lg,bert_rerun3
bert_rerun3_fold10_idx47,10,1.0,0.7698414921760559,aaronfeller_PeptideMLM-MTR_lg,bert_rerun3
bert_rerun3_fold10_idx48,10,0.0,0.2939485013484955,aaronfeller_PeptideMLM-MTR_lg,bert_rerun3
bert_rerun3_fold10_idx49,10,1.0,0.2902798354625702,aaronfeller_PeptideMLM-MTR_lg,bert_rerun3
bert_rerun3_fold10_idx50,10,0.0,0.3842905163764953,aaronfeller_PeptideMLM-MTR_lg,bert_rerun3
bert_rerun3_fold10_idx51,10,1.0,0.8441935777664185,aaronfeller_PeptideMLM-MTR_lg,bert_rerun3
bert_rerun3_fold10_idx52,10,0.0,0.4516704082489013,aaronfeller_PeptideMLM-MTR_lg,bert_rerun3
bert_rerun3_fold10_idx53,10,1.0,0.4914155602455139,aaronfeller_PeptideMLM-MTR_lg,bert_rerun3
bert_rerun3_fold10_idx54,10,0.0,0.3069079518318176,aaronfeller_PeptideMLM-MTR_lg,bert_rerun3
bert_rerun3_fold10_idx55,10,1.0,0.684024453163147,aaronfeller_PeptideMLM-MTR_lg,bert_rerun3
bert_rerun3_fold10_idx56,10,0.0,0.2977809906005859,aaronfeller_PeptideMLM-MTR_lg,bert_rerun3
bert_rerun3_fold10_idx57,10,0.0,0.8021863102912903,aaronfeller_PeptideMLM-MTR_lg,bert_rerun3
bert_rerun3_fold10_idx58,10,0.0,0.3075047731399536,aaronfeller_PeptideMLM-MTR_lg,bert_rerun3
bert_rerun3_fold10_idx59,10,1.0,0.2869055569171905,aaronfeller_PeptideMLM-MTR_lg,bert_rerun3
bert_rerun3_fold10_idx60,10,1.0,0.7024735808372498,aaronfeller_PeptideMLM-MTR_lg,bert_rerun3
bert_rerun3_fold10_idx61,10,1.0,0.7562118172645569,aaronfeller_PeptideMLM-MTR_lg,bert_rerun3
bert_rerun3_fold10_idx62,10,1.0,0.7633538246154785,aaronfeller_PeptideMLM-MTR_lg,bert_rerun3
bert_rerun3_fold10_idx63,10,0.0,0.3205819129943847,aaronfeller_PeptideMLM-MTR_lg,bert_rerun3
bert_rerun3_fold1_idx0,1,0.0,0.0997611507773399,aaronfeller_PeptideMLM_lg,bert_rerun3
bert_rerun3_fold1_idx1,1,0.0,0.1515494138002395,aaronfeller_PeptideMLM_lg,bert_rerun3
bert_rerun3_fold1_idx2,1,1.0,0.8714101314544678,aaronfeller_PeptideMLM_lg,bert_rerun3
bert_rerun3_fold1_idx3,1,0.0,0.5322777032852173,aaronfeller_PeptideMLM_lg,bert_rerun3
bert_rerun3_fold1_idx4,1,0.0,0.135466456413269,aaronfeller_PeptideMLM_lg,bert_rerun3
bert_rerun3_fold1_idx5,1,0.0,0.1890736669301986,aaronfeller_PeptideMLM_lg,bert_rerun3
bert_rerun3_fold1_idx6,1,0.0,0.1472169756889343,aaronfeller_PeptideMLM_lg,bert_rerun3
bert_rerun3_fold1_idx7,1,1.0,0.907096803188324,aaronfeller_PeptideMLM_lg,bert_rerun3
bert_rerun3_fold1_idx8,1,0.0,0.1774909198284149,aaronfeller_PeptideMLM_lg,bert_rerun3
bert_rerun3_fold1_idx9,1,1.0,0.7073271870613098,aaronfeller_PeptideMLM_lg,bert_rerun3
bert_rerun3_fold1_idx10,1,0.0,0.2685188055038452,aaronfeller_PeptideMLM_lg,bert_rerun3
bert_rerun3_fold1_idx11,1,1.0,0.1536871790885925,aaronfeller_PeptideMLM_lg,bert_rerun3
bert_rerun3_fold1_idx12,1,1.0,0.2774896621704101,aaronfeller_PeptideMLM_lg,bert_rerun3
bert_rerun3_fold1_idx13,1,1.0,0.2008882164955139,aaronfeller_PeptideMLM_lg,bert_rerun3
bert_rerun3_fold1_idx14,1,0.0,0.076917827129364,aaronfeller_PeptideMLM_lg,bert_rerun3
bert_rerun3_fold1_idx15,1,1.0,0.8555504679679871,aaronfeller_PeptideMLM_lg,bert_rerun3
bert_rerun3_fold1_idx16,1,0.0,0.1461719423532486,aaronfeller_PeptideMLM_lg,bert_rerun3
bert_rerun3_fold1_idx17,1,1.0,0.8228030800819397,aaronfeller_PeptideMLM_lg,bert_rerun3
bert_rerun3_fold1_idx18,1,0.0,0.2221944332122802,aaronfeller_PeptideMLM_lg,bert_rerun3
bert_rerun3_fold1_idx19,1,1.0,0.2740314304828644,aaronfeller_PeptideMLM_lg,bert_rerun3
bert_rerun3_fold1_idx20,1,1.0,0.910423457622528,aaronfeller_PeptideMLM_lg,bert_rerun3
bert_rerun3_fold1_idx21,1,1.0,0.8506911993026733,aaronfeller_PeptideMLM_lg,bert_rerun3
bert_rerun3_fold1_idx22,1,1.0,0.2743304371833801,aaronfeller_PeptideMLM_lg,bert_rerun3
bert_rerun3_fold1_idx23,1,1.0,0.8016752004623413,aaronfeller_PeptideMLM_lg,bert_rerun3
bert_rerun3_fold1_idx24,1,1.0,0.8561514019966125,aaronfeller_PeptideMLM_lg,bert_rerun3
bert_rerun3_fold1_idx25,1,0.0,0.1049117222428321,aaronfeller_PeptideMLM_lg,bert_rerun3
bert_rerun3_fold1_idx26,1,1.0,0.8427781462669373,aaronfeller_PeptideMLM_lg,bert_rerun3
bert_rerun3_fold1_idx27,1,1.0,0.1659706681966781,aaronfeller_PeptideMLM_lg,bert_rerun3
bert_rerun3_fold1_idx28,1,0.0,0.093602567911148,aaronfeller_PeptideMLM_lg,bert_rerun3
bert_rerun3_fold1_idx29,1,0.0,0.1087396740913391,aaronfeller_PeptideMLM_lg,bert_rerun3
bert_rerun3_fold1_idx30,1,0.0,0.118712194263935,aaronfeller_PeptideMLM_lg,bert_rerun3
bert_rerun3_fold1_idx31,1,0.0,0.4751556515693664,aaronfeller_PeptideMLM_lg,bert_rerun3
bert_rerun3_fold1_idx32,1,1.0,0.4153202176094055,aaronfeller_PeptideMLM_lg,bert_rerun3
bert_rerun3_fold1_idx33,1,1.0,0.1390414237976074,aaronfeller_PeptideMLM_lg,bert_rerun3
bert_rerun3_fold1_idx34,1,0.0,0.1661559045314788,aaronfeller_PeptideMLM_lg,bert_rerun3
bert_rerun3_fold1_idx35,1,1.0,0.8884322047233582,aaronfeller_PeptideMLM_lg,bert_rerun3
bert_rerun3_fold1_idx36,1,0.0,0.165308877825737,aaronfeller_PeptideMLM_lg,bert_rerun3
bert_rerun3_fold1_idx37,1,0.0,0.1301356256008148,aaronfeller_PeptideMLM_lg,bert_rerun3
bert_rerun3_fold1_idx38,1,1.0,0.8773622512817383,aaronfeller_PeptideMLM_lg,bert_rerun3
bert_rerun3_fold1_idx39,1,1.0,0.1325847059488296,aaronfeller_PeptideMLM_lg,bert_rerun3
bert_rerun3_fold1_idx40,1,0.0,0.1314156502485275,aaronfeller_PeptideMLM_lg,bert_rerun3
bert_rerun3_fold1_idx41,1,0.0,0.1289589703083038,aaronfeller_PeptideMLM_lg,bert_rerun3
bert_rerun3_fold1_idx42,1,0.0,0.105438120663166,aaronfeller_PeptideMLM_lg,bert_rerun3
bert_rerun3_fold1_idx43,1,0.0,0.2556881904602051,aaronfeller_PeptideMLM_lg,bert_rerun3
bert_rerun3_fold1_idx44,1,0.0,0.0682468339800834,aaronfeller_PeptideMLM_lg,bert_rerun3
bert_rerun3_fold1_idx45,1,0.0,0.0777587965130806,aaronfeller_PeptideMLM_lg,bert_rerun3
bert_rerun3_fold1_idx46,1,0.0,0.0858423560857772,aaronfeller_PeptideMLM_lg,bert_rerun3
bert_rerun3_fold1_idx47,1,0.0,0.0693010687828064,aaronfeller_PeptideMLM_lg,bert_rerun3
bert_rerun3_fold1_idx48,1,0.0,0.067032866179943,aaronfeller_PeptideMLM_lg,bert_rerun3
bert_rerun3_fold1_idx49,1,0.0,0.0695026591420173,aaronfeller_PeptideMLM_lg,bert_rerun3
bert_rerun3_fold1_idx50,1,0.0,0.1212033480405807,aaronfeller_PeptideMLM_lg,bert_rerun3
bert_rerun3_fold1_idx51,1,0.0,0.2580156922340393,aaronfeller_PeptideMLM_lg,bert_rerun3
bert_rerun3_fold1_idx52,1,0.0,0.9364093542099,aaronfeller_PeptideMLM_lg,bert_rerun3
bert_rerun3_fold1_idx53,1,1.0,0.9530377984046936,aaronfeller_PeptideMLM_lg,bert_rerun3
bert_rerun3_fold1_idx54,1,0.0,0.1740924268960952,aaronfeller_PeptideMLM_lg,bert_rerun3
bert_rerun3_fold1_idx55,1,1.0,0.8540476560592651,aaronfeller_PeptideMLM_lg,bert_rerun3
bert_rerun3_fold1_idx56,1,0.0,0.2046312242746353,aaronfeller_PeptideMLM_lg,bert_rerun3
bert_rerun3_fold1_idx57,1,0.0,0.3283178210258484,aaronfeller_PeptideMLM_lg,bert_rerun3
bert_rerun3_fold1_idx58,1,0.0,0.8987040519714355,aaronfeller_PeptideMLM_lg,bert_rerun3
bert_rerun3_fold1_idx59,1,1.0,0.1063671484589576,aaronfeller_PeptideMLM_lg,bert_rerun3
bert_rerun3_fold1_idx60,1,1.0,0.8711699843406677,aaronfeller_PeptideMLM_lg,bert_rerun3
bert_rerun3_fold1_idx61,1,1.0,0.9588786363601683,aaronfeller_PeptideMLM_lg,bert_rerun3
bert_rerun3_fold1_idx62,1,1.0,0.955144464969635,aaronfeller_PeptideMLM_lg,bert_rerun3
bert_rerun3_fold1_idx63,1,0.0,0.1525516808032989,aaronfeller_PeptideMLM_lg,bert_rerun3
bert_rerun3_fold2_idx0,2,0.0,0.0827799960970878,aaronfeller_PeptideMLM_lg,bert_rerun3
bert_rerun3_fold2_idx1,2,0.0,0.057063914835453,aaronfeller_PeptideMLM_lg,bert_rerun3
bert_rerun3_fold2_idx2,2,0.0,0.2633426785469055,aaronfeller_PeptideMLM_lg,bert_rerun3
bert_rerun3_fold2_idx3,2,1.0,0.7486757040023804,aaronfeller_PeptideMLM_lg,bert_rerun3
bert_rerun3_fold2_idx4,2,0.0,0.2092144638299942,aaronfeller_PeptideMLM_lg,bert_rerun3
bert_rerun3_fold2_idx5,2,1.0,0.6802411675453186,aaronfeller_PeptideMLM_lg,bert_rerun3
bert_rerun3_fold2_idx6,2,0.0,0.2395364344120025,aaronfeller_PeptideMLM_lg,bert_rerun3
bert_rerun3_fold2_idx7,2,1.0,0.9494843482971193,aaronfeller_PeptideMLM_lg,bert_rerun3
bert_rerun3_fold2_idx8,2,1.0,0.9489872455596924,aaronfeller_PeptideMLM_lg,bert_rerun3
bert_rerun3_fold2_idx9,2,0.0,0.0736884921789169,aaronfeller_PeptideMLM_lg,bert_rerun3
bert_rerun3_fold2_idx10,2,0.0,0.0692491978406906,aaronfeller_PeptideMLM_lg,bert_rerun3
bert_rerun3_fold2_idx11,2,1.0,0.4046805202960968,aaronfeller_PeptideMLM_lg,bert_rerun3
bert_rerun3_fold2_idx12,2,1.0,0.9493021368980408,aaronfeller_PeptideMLM_lg,bert_rerun3
bert_rerun3_fold2_idx13,2,0.0,0.5214958786964417,aaronfeller_PeptideMLM_lg,bert_rerun3
bert_rerun3_fold2_idx14,2,1.0,0.6533684730529785,aaronfeller_PeptideMLM_lg,bert_rerun3
bert_rerun3_fold2_idx15,2,0.0,0.1396463960409164,aaronfeller_PeptideMLM_lg,bert_rerun3
bert_rerun3_fold2_idx16,2,1.0,0.3043084144592285,aaronfeller_PeptideMLM_lg,bert_rerun3
bert_rerun3_fold2_idx17,2,0.0,0.7249112725257874,aaronfeller_PeptideMLM_lg,bert_rerun3
bert_rerun3_fold2_idx18,2,0.0,0.093868613243103,aaronfeller_PeptideMLM_lg,bert_rerun3
bert_rerun3_fold2_idx19,2,0.0,0.3471434116363525,aaronfeller_PeptideMLM_lg,bert_rerun3
bert_rerun3_fold2_idx20,2,1.0,0.9108049273490906,aaronfeller_PeptideMLM_lg,bert_rerun3
bert_rerun3_fold2_idx21,2,1.0,0.8885722160339355,aaronfeller_PeptideMLM_lg,bert_rerun3
bert_rerun3_fold2_idx22,2,1.0,0.8150617480278015,aaronfeller_PeptideMLM_lg,bert_rerun3
bert_rerun3_fold2_idx23,2,0.0,0.0634563565254211,aaronfeller_PeptideMLM_lg,bert_rerun3
bert_rerun3_fold2_idx24,2,0.0,0.0515806935727596,aaronfeller_PeptideMLM_lg,bert_rerun3
bert_rerun3_fold2_idx25,2,0.0,0.0883921459317207,aaronfeller_PeptideMLM_lg,bert_rerun3
bert_rerun3_fold2_idx26,2,0.0,0.0662374347448349,aaronfeller_PeptideMLM_lg,bert_rerun3
bert_rerun3_fold2_idx27,2,0.0,0.0785127356648445,aaronfeller_PeptideMLM_lg,bert_rerun3
bert_rerun3_fold2_idx28,2,0.0,0.1064794063568115,aaronfeller_PeptideMLM_lg,bert_rerun3
bert_rerun3_fold2_idx29,2,1.0,0.612514317035675,aaronfeller_PeptideMLM_lg,bert_rerun3
bert_rerun3_fold2_idx30,2,0.0,0.0812724828720092,aaronfeller_PeptideMLM_lg,bert_rerun3
bert_rerun3_fold2_idx31,2,0.0,0.0849478393793106,aaronfeller_PeptideMLM_lg,bert_rerun3
bert_rerun3_fold2_idx32,2,0.0,0.2967443466186523,aaronfeller_PeptideMLM_lg,bert_rerun3
bert_rerun3_fold2_idx33,2,0.0,0.0316484905779361,aaronfeller_PeptideMLM_lg,bert_rerun3
bert_rerun3_fold2_idx34,2,0.0,0.0342457704246044,aaronfeller_PeptideMLM_lg,bert_rerun3
bert_rerun3_fold2_idx35,2,0.0,0.7468485832214355,aaronfeller_PeptideMLM_lg,bert_rerun3
bert_rerun3_fold2_idx36,2,0.0,0.0316058322787284,aaronfeller_PeptideMLM_lg,bert_rerun3
bert_rerun3_fold2_idx37,2,0.0,0.0319255851209163,aaronfeller_PeptideMLM_lg,bert_rerun3
bert_rerun3_fold2_idx38,2,0.0,0.0347859747707843,aaronfeller_PeptideMLM_lg,bert_rerun3
bert_rerun3_fold2_idx39,2,0.0,0.0317827127873897,aaronfeller_PeptideMLM_lg,bert_rerun3
bert_rerun3_fold2_idx40,2,0.0,0.0342010371387004,aaronfeller_PeptideMLM_lg,bert_rerun3
bert_rerun3_fold2_idx41,2,0.0,0.0345319956541061,aaronfeller_PeptideMLM_lg,bert_rerun3
bert_rerun3_fold2_idx42,2,0.0,0.0493911020457744,aaronfeller_PeptideMLM_lg,bert_rerun3
bert_rerun3_fold2_idx43,2,0.0,0.6773152947425842,aaronfeller_PeptideMLM_lg,bert_rerun3
bert_rerun3_fold2_idx44,2,1.0,0.8509498238563538,aaronfeller_PeptideMLM_lg,bert_rerun3
bert_rerun3_fold2_idx45,2,1.0,0.6807541847229004,aaronfeller_PeptideMLM_lg,bert_rerun3
bert_rerun3_fold2_idx46,2,1.0,0.710132896900177,aaronfeller_PeptideMLM_lg,bert_rerun3
bert_rerun3_fold2_idx47,2,0.0,0.213068425655365,aaronfeller_PeptideMLM_lg,bert_rerun3
bert_rerun3_fold2_idx48,2,0.0,0.0556020960211753,aaronfeller_PeptideMLM_lg,bert_rerun3
bert_rerun3_fold2_idx49,2,0.0,0.0432321615517139,aaronfeller_PeptideMLM_lg,bert_rerun3
bert_rerun3_fold2_idx50,2,0.0,0.5472093224525452,aaronfeller_PeptideMLM_lg,bert_rerun3
bert_rerun3_fold2_idx51,2,0.0,0.8205245137214661,aaronfeller_PeptideMLM_lg,bert_rerun3
bert_rerun3_fold2_idx52,2,0.0,0.0636549964547157,aaronfeller_PeptideMLM_lg,bert_rerun3
bert_rerun3_fold2_idx53,2,1.0,0.965498149394989,aaronfeller_PeptideMLM_lg,bert_rerun3
bert_rerun3_fold2_idx54,2,1.0,0.9658880233764648,aaronfeller_PeptideMLM_lg,bert_rerun3
bert_rerun3_fold2_idx55,2,1.0,0.5807254314422607,aaronfeller_PeptideMLM_lg,bert_rerun3
bert_rerun3_fold2_idx56,2,0.0,0.0442828238010406,aaronfeller_PeptideMLM_lg,bert_rerun3
bert_rerun3_fold2_idx57,2,1.0,0.9401007294654846,aaronfeller_PeptideMLM_lg,bert_rerun3
bert_rerun3_fold2_idx58,2,0.0,0.0880115255713462,aaronfeller_PeptideMLM_lg,bert_rerun3
bert_rerun3_fold2_idx59,2,1.0,0.9707599878311156,aaronfeller_PeptideMLM_lg,bert_rerun3
bert_rerun3_fold2_idx60,2,0.0,0.0945761427283287,aaronfeller_PeptideMLM_lg,bert_rerun3
bert_rerun3_fold2_idx61,2,0.0,0.0406585484743118,aaronfeller_PeptideMLM_lg,bert_rerun3
bert_rerun3_fold2_idx62,2,1.0,0.1660094708204269,aaronfeller_PeptideMLM_lg,bert_rerun3
bert_rerun3_fold2_idx63,2,0.0,0.954686403274536,aaronfeller_PeptideMLM_lg,bert_rerun3
bert_rerun3_fold3_idx0,3,0.0,0.1294693648815155,aaronfeller_PeptideMLM_lg,bert_rerun3
bert_rerun3_fold3_idx1,3,0.0,0.3567431271076202,aaronfeller_PeptideMLM_lg,bert_rerun3
bert_rerun3_fold3_idx2,3,0.0,0.1073857694864273,aaronfeller_PeptideMLM_lg,bert_rerun3
bert_rerun3_fold3_idx3,3,0.0,0.1074368357658386,aaronfeller_PeptideMLM_lg,bert_rerun3
bert_rerun3_fold3_idx4,3,0.0,0.8667325973510742,aaronfeller_PeptideMLM_lg,bert_rerun3
bert_rerun3_fold3_idx5,3,0.0,0.0860464721918106,aaronfeller_PeptideMLM_lg,bert_rerun3
bert_rerun3_fold3_idx6,3,0.0,0.1884596198797226,aaronfeller_PeptideMLM_lg,bert_rerun3
bert_rerun3_fold3_idx7,3,1.0,0.702832043170929,aaronfeller_PeptideMLM_lg,bert_rerun3
bert_rerun3_fold3_idx8,3,1.0,0.8329581022262573,aaronfeller_PeptideMLM_lg,bert_rerun3
bert_rerun3_fold3_idx9,3,1.0,0.6415839195251465,aaronfeller_PeptideMLM_lg,bert_rerun3
bert_rerun3_fold3_idx10,3,1.0,0.8699557781219482,aaronfeller_PeptideMLM_lg,bert_rerun3
bert_rerun3_fold3_idx11,3,1.0,0.9154173135757446,aaronfeller_PeptideMLM_lg,bert_rerun3
bert_rerun3_fold3_idx12,3,0.0,0.0928123071789741,aaronfeller_PeptideMLM_lg,bert_rerun3
bert_rerun3_fold3_idx13,3,1.0,0.1230358481407165,aaronfeller_PeptideMLM_lg,bert_rerun3
bert_rerun3_fold3_idx14,3,1.0,0.4503960311412811,aaronfeller_PeptideMLM_lg,bert_rerun3
bert_rerun3_fold3_idx15,3,1.0,0.6124310493469238,aaronfeller_PeptideMLM_lg,bert_rerun3
bert_rerun3_fold3_idx16,3,0.0,0.0940721333026886,aaronfeller_PeptideMLM_lg,bert_rerun3
bert_rerun3_fold3_idx17,3,1.0,0.7151405215263367,aaronfeller_PeptideMLM_lg,bert_rerun3
bert_rerun3_fold3_idx18,3,1.0,0.3670852184295654,aaronfeller_PeptideMLM_lg,bert_rerun3
bert_rerun3_fold3_idx19,3,1.0,0.9167101383209229,aaronfeller_PeptideMLM_lg,bert_rerun3
bert_rerun3_fold3_idx20,3,1.0,0.8721672296524048,aaronfeller_PeptideMLM_lg,bert_rerun3
bert_rerun3_fold3_idx21,3,0.0,0.1054441630840301,aaronfeller_PeptideMLM_lg,bert_rerun3
bert_rerun3_fold3_idx22,3,1.0,0.0959356576204299,aaronfeller_PeptideMLM_lg,bert_rerun3
bert_rerun3_fold3_idx23,3,1.0,0.3999183177947998,aaronfeller_PeptideMLM_lg,bert_rerun3
bert_rerun3_fold3_idx24,3,0.0,0.3366365730762481,aaronfeller_PeptideMLM_lg,bert_rerun3
bert_rerun3_fold3_idx25,3,1.0,0.9180164933204652,aaronfeller_PeptideMLM_lg,bert_rerun3
bert_rerun3_fold3_idx26,3,1.0,0.9619065523147584,aaronfeller_PeptideMLM_lg,bert_rerun3
bert_rerun3_fold3_idx27,3,1.0,0.4975229501724243,aaronfeller_PeptideMLM_lg,bert_rerun3
bert_rerun3_fold3_idx28,3,1.0,0.5449666380882263,aaronfeller_PeptideMLM_lg,bert_rerun3
bert_rerun3_fold3_idx29,3,0.0,0.2396260946989059,aaronfeller_PeptideMLM_lg,bert_rerun3
bert_rerun3_fold3_idx30,3,0.0,0.1019808650016784,aaronfeller_PeptideMLM_lg,bert_rerun3
bert_rerun3_fold3_idx31,3,0.0,0.6626007556915283,aaronfeller_PeptideMLM_lg,bert_rerun3
bert_rerun3_fold3_idx32,3,0.0,0.0878871232271194,aaronfeller_PeptideMLM_lg,bert_rerun3
bert_rerun3_fold3_idx33,3,0.0,0.0994206368923187,aaronfeller_PeptideMLM_lg,bert_rerun3
bert_rerun3_fold3_idx34,3,0.0,0.1041625440120697,aaronfeller_PeptideMLM_lg,bert_rerun3
bert_rerun3_fold3_idx35,3,0.0,0.1180736571550369,aaronfeller_PeptideMLM_lg,bert_rerun3
bert_rerun3_fold3_idx36,3,0.0,0.0728623196482658,aaronfeller_PeptideMLM_lg,bert_rerun3
bert_rerun3_fold3_idx37,3,0.0,0.1673726737499237,aaronfeller_PeptideMLM_lg,bert_rerun3
bert_rerun3_fold3_idx38,3,1.0,0.7953017950057983,aaronfeller_PeptideMLM_lg,bert_rerun3
bert_rerun3_fold3_idx39,3,1.0,0.8768584728240967,aaronfeller_PeptideMLM_lg,bert_rerun3
bert_rerun3_fold3_idx40,3,1.0,0.8686590194702148,aaronfeller_PeptideMLM_lg,bert_rerun3
bert_rerun3_fold3_idx41,3,1.0,0.9185943007469176,aaronfeller_PeptideMLM_lg,bert_rerun3
bert_rerun3_fold3_idx42,3,0.0,0.1684575229883194,aaronfeller_PeptideMLM_lg,bert_rerun3
bert_rerun3_fold3_idx43,3,1.0,0.6411511898040771,aaronfeller_PeptideMLM_lg,bert_rerun3
bert_rerun3_fold3_idx44,3,1.0,0.8524793982505798,aaronfeller_PeptideMLM_lg,bert_rerun3
bert_rerun3_fold3_idx45,3,1.0,0.8187747597694397,aaronfeller_PeptideMLM_lg,bert_rerun3
bert_rerun3_fold3_idx46,3,0.0,0.1444720476865768,aaronfeller_PeptideMLM_lg,bert_rerun3
bert_rerun3_fold3_idx47,3,1.0,0.6668890118598938,aaronfeller_PeptideMLM_lg,bert_rerun3
bert_rerun3_fold3_idx48,3,0.0,0.2686454951763153,aaronfeller_PeptideMLM_lg,bert_rerun3
bert_rerun3_fold3_idx49,3,1.0,0.5175928473472595,aaronfeller_PeptideMLM_lg,bert_rerun3
bert_rerun3_fold3_idx50,3,0.0,0.1392751932144165,aaronfeller_PeptideMLM_lg,bert_rerun3
bert_rerun3_fold3_idx51,3,0.0,0.1524503827095031,aaronfeller_PeptideMLM_lg,bert_rerun3
bert_rerun3_fold3_idx52,3,0.0,0.1695567518472671,aaronfeller_PeptideMLM_lg,bert_rerun3
bert_rerun3_fold3_idx53,3,0.0,0.7360576391220093,aaronfeller_PeptideMLM_lg,bert_rerun3
bert_rerun3_fold3_idx54,3,1.0,0.9100470542907716,aaronfeller_PeptideMLM_lg,bert_rerun3
bert_rerun3_fold3_idx55,3,0.0,0.2838978171348572,aaronfeller_PeptideMLM_lg,bert_rerun3
bert_rerun3_fold3_idx56,3,1.0,0.6313381195068359,aaronfeller_PeptideMLM_lg,bert_rerun3
bert_rerun3_fold3_idx57,3,1.0,0.7892856001853943,aaronfeller_PeptideMLM_lg,bert_rerun3
bert_rerun3_fold3_idx58,3,1.0,0.8495560884475708,aaronfeller_PeptideMLM_lg,bert_rerun3
bert_rerun3_fold3_idx59,3,0.0,0.8349649906158447,aaronfeller_PeptideMLM_lg,bert_rerun3
bert_rerun3_fold3_idx60,3,0.0,0.8532668352127075,aaronfeller_PeptideMLM_lg,bert_rerun3
bert_rerun3_fold3_idx61,3,0.0,0.1317645609378814,aaronfeller_PeptideMLM_lg,bert_rerun3
bert_rerun3_fold3_idx62,3,1.0,0.2970028221607208,aaronfeller_PeptideMLM_lg,bert_rerun3
bert_rerun3_fold3_idx63,3,0.0,0.178948312997818,aaronfeller_PeptideMLM_lg,bert_rerun3
bert_rerun3_fold4_idx0,4,0.0,0.2018876522779464,aaronfeller_PeptideMLM_lg,bert_rerun3
bert_rerun3_fold4_idx1,4,1.0,0.9197585582733154,aaronfeller_PeptideMLM_lg,bert_rerun3
bert_rerun3_fold4_idx2,4,0.0,0.0533925555646419,aaronfeller_PeptideMLM_lg,bert_rerun3
bert_rerun3_fold4_idx3,4,0.0,0.79181969165802,aaronfeller_PeptideMLM_lg,bert_rerun3
bert_rerun3_fold4_idx4,4,0.0,0.3248957097530365,aaronfeller_PeptideMLM_lg,bert_rerun3
bert_rerun3_fold4_idx5,4,1.0,0.9322869777679444,aaronfeller_PeptideMLM_lg,bert_rerun3
bert_rerun3_fold4_idx6,4,1.0,0.934974730014801,aaronfeller_PeptideMLM_lg,bert_rerun3
bert_rerun3_fold4_idx7,4,1.0,0.7125495672225952,aaronfeller_PeptideMLM_lg,bert_rerun3
bert_rerun3_fold4_idx8,4,0.0,0.0783931836485862,aaronfeller_PeptideMLM_lg,bert_rerun3
bert_rerun3_fold4_idx9,4,0.0,0.0778943374752998,aaronfeller_PeptideMLM_lg,bert_rerun3
bert_rerun3_fold4_idx10,4,0.0,0.1117172241210937,aaronfeller_PeptideMLM_lg,bert_rerun3
bert_rerun3_fold4_idx11,4,1.0,0.6775095462799072,aaronfeller_PeptideMLM_lg,bert_rerun3
bert_rerun3_fold4_idx12,4,0.0,0.8999025225639343,aaronfeller_PeptideMLM_lg,bert_rerun3
bert_rerun3_fold4_idx13,4,1.0,0.3591333031654358,aaronfeller_PeptideMLM_lg,bert_rerun3
bert_rerun3_fold4_idx14,4,0.0,0.937460482120514,aaronfeller_PeptideMLM_lg,bert_rerun3
bert_rerun3_fold4_idx15,4,1.0,0.0915998518466949,aaronfeller_PeptideMLM_lg,bert_rerun3
bert_rerun3_fold4_idx16,4,1.0,0.1716541796922683,aaronfeller_PeptideMLM_lg,bert_rerun3
bert_rerun3_fold4_idx17,4,1.0,0.9648216366767884,aaronfeller_PeptideMLM_lg,bert_rerun3
bert_rerun3_fold4_idx18,4,1.0,0.779367208480835,aaronfeller_PeptideMLM_lg,bert_rerun3
bert_rerun3_fold4_idx19,4,0.0,0.2730413675308227,aaronfeller_PeptideMLM_lg,bert_rerun3
bert_rerun3_fold4_idx20,4,1.0,0.7672157287597656,aaronfeller_PeptideMLM_lg,bert_rerun3
bert_rerun3_fold4_idx21,4,0.0,0.2450816333293914,aaronfeller_PeptideMLM_lg,bert_rerun3
bert_rerun3_fold4_idx22,4,0.0,0.1115366369485855,aaronfeller_PeptideMLM_lg,bert_rerun3
bert_rerun3_fold4_idx23,4,0.0,0.1742919534444809,aaronfeller_PeptideMLM_lg,bert_rerun3
bert_rerun3_fold4_idx24,4,1.0,0.9327129125595092,aaronfeller_PeptideMLM_lg,bert_rerun3
bert_rerun3_fold4_idx25,4,1.0,0.1863372176885604,aaronfeller_PeptideMLM_lg,bert_rerun3
bert_rerun3_fold4_idx26,4,1.0,0.6594773530960083,aaronfeller_PeptideMLM_lg,bert_rerun3
bert_rerun3_fold4_idx27,4,1.0,0.8809714913368225,aaronfeller_PeptideMLM_lg,bert_rerun3
bert_rerun3_fold4_idx28,4,0.0,0.0964353084564209,aaronfeller_PeptideMLM_lg,bert_rerun3
bert_rerun3_fold4_idx29,4,0.0,0.0944539606571197,aaronfeller_PeptideMLM_lg,bert_rerun3
bert_rerun3_fold4_idx30,4,0.0,0.357048898935318,aaronfeller_PeptideMLM_lg,bert_rerun3
bert_rerun3_fold4_idx31,4,0.0,0.9384961724281312,aaronfeller_PeptideMLM_lg,bert_rerun3
bert_rerun3_fold4_idx32,4,0.0,0.1356593519449234,aaronfeller_PeptideMLM_lg,bert_rerun3
bert_rerun3_fold4_idx33,4,0.0,0.6988919973373413,aaronfeller_PeptideMLM_lg,bert_rerun3
bert_rerun3_fold4_idx34,4,1.0,0.9603907465934752,aaronfeller_PeptideMLM_lg,bert_rerun3
bert_rerun3_fold4_idx35,4,1.0,0.9416471123695374,aaronfeller_PeptideMLM_lg,bert_rerun3
bert_rerun3_fold4_idx36,4,0.0,0.3079716265201568,aaronfeller_PeptideMLM_lg,bert_rerun3
bert_rerun3_fold4_idx37,4,0.0,0.8086965084075928,aaronfeller_PeptideMLM_lg,bert_rerun3
bert_rerun3_fold4_idx38,4,1.0,0.2155172526836395,aaronfeller_PeptideMLM_lg,bert_rerun3
bert_rerun3_fold4_idx39,4,0.0,0.0437434688210487,aaronfeller_PeptideMLM_lg,bert_rerun3
bert_rerun3_fold4_idx40,4,0.0,0.1041391044855117,aaronfeller_PeptideMLM_lg,bert_rerun3
bert_rerun3_fold4_idx41,4,0.0,0.084782563149929,aaronfeller_PeptideMLM_lg,bert_rerun3
bert_rerun3_fold4_idx42,4,1.0,0.3457728326320648,aaronfeller_PeptideMLM_lg,bert_rerun3
bert_rerun3_fold4_idx43,4,1.0,0.7136533260345459,aaronfeller_PeptideMLM_lg,bert_rerun3
bert_rerun3_fold4_idx44,4,0.0,0.0464810840785503,aaronfeller_PeptideMLM_lg,bert_rerun3
bert_rerun3_fold4_idx45,4,0.0,0.1048871800303459,aaronfeller_PeptideMLM_lg,bert_rerun3
bert_rerun3_fold4_idx46,4,1.0,0.1815414726734161,aaronfeller_PeptideMLM_lg,bert_rerun3
bert_rerun3_fold4_idx47,4,0.0,0.4927767813205719,aaronfeller_PeptideMLM_lg,bert_rerun3
bert_rerun3_fold4_idx48,4,1.0,0.7347111105918884,aaronfeller_PeptideMLM_lg,bert_rerun3
bert_rerun3_fold4_idx49,4,1.0,0.8693570494651794,aaronfeller_PeptideMLM_lg,bert_rerun3
bert_rerun3_fold4_idx50,4,1.0,0.9617697596549988,aaronfeller_PeptideMLM_lg,bert_rerun3
bert_rerun3_fold4_idx51,4,0.0,0.0770603492856025,aaronfeller_PeptideMLM_lg,bert_rerun3
bert_rerun3_fold4_idx52,4,0.0,0.1978199928998947,aaronfeller_PeptideMLM_lg,bert_rerun3
bert_rerun3_fold4_idx53,4,0.0,0.6203429698944092,aaronfeller_PeptideMLM_lg,bert_rerun3
bert_rerun3_fold4_idx54,4,1.0,0.9243333339691162,aaronfeller_PeptideMLM_lg,bert_rerun3
bert_rerun3_fold4_idx55,4,0.0,0.0914646461606025,aaronfeller_PeptideMLM_lg,bert_rerun3
bert_rerun3_fold4_idx56,4,1.0,0.653134822845459,aaronfeller_PeptideMLM_lg,bert_rerun3
bert_rerun3_fold4_idx57,4,0.0,0.1900138407945633,aaronfeller_PeptideMLM_lg,bert_rerun3
bert_rerun3_fold4_idx58,4,1.0,0.3844683766365051,aaronfeller_PeptideMLM_lg,bert_rerun3
bert_rerun3_fold4_idx59,4,0.0,0.5358426570892334,aaronfeller_PeptideMLM_lg,bert_rerun3
bert_rerun3_fold4_idx60,4,1.0,0.9188896417617798,aaronfeller_PeptideMLM_lg,bert_rerun3
bert_rerun3_fold4_idx61,4,1.0,0.9551059007644652,aaronfeller_PeptideMLM_lg,bert_rerun3
bert_rerun3_fold4_idx62,4,1.0,0.2960755228996277,aaronfeller_PeptideMLM_lg,bert_rerun3
bert_rerun3_fold4_idx63,4,1.0,0.224310889840126,aaronfeller_PeptideMLM_lg,bert_rerun3
bert_rerun3_fold5_idx0,5,1.0,0.5024466514587402,aaronfeller_PeptideMLM_lg,bert_rerun3
bert_rerun3_fold5_idx1,5,1.0,0.2421991974115371,aaronfeller_PeptideMLM_lg,bert_rerun3
bert_rerun3_fold5_idx2,5,0.0,0.0961256399750709,aaronfeller_PeptideMLM_lg,bert_rerun3
bert_rerun3_fold5_idx3,5,0.0,0.1310402750968933,aaronfeller_PeptideMLM_lg,bert_rerun3
bert_rerun3_fold5_idx4,5,0.0,0.2797511518001556,aaronfeller_PeptideMLM_lg,bert_rerun3
bert_rerun3_fold5_idx5,5,0.0,0.2142219543457031,aaronfeller_PeptideMLM_lg,bert_rerun3
bert_rerun3_fold5_idx6,5,1.0,0.8637744784355164,aaronfeller_PeptideMLM_lg,bert_rerun3
bert_rerun3_fold5_idx7,5,0.0,0.7111536264419556,aaronfeller_PeptideMLM_lg,bert_rerun3
bert_rerun3_fold5_idx8,5,1.0,0.3356801867485046,aaronfeller_PeptideMLM_lg,bert_rerun3
bert_rerun3_fold5_idx9,5,0.0,0.1604959070682525,aaronfeller_PeptideMLM_lg,bert_rerun3
bert_rerun3_fold5_idx10,5,0.0,0.7437725067138672,aaronfeller_PeptideMLM_lg,bert_rerun3
bert_rerun3_fold5_idx11,5,1.0,0.1661459952592849,aaronfeller_PeptideMLM_lg,bert_rerun3
bert_rerun3_fold5_idx12,5,0.0,0.1329012066125869,aaronfeller_PeptideMLM_lg,bert_rerun3
bert_rerun3_fold5_idx13,5,1.0,0.9450012445449828,aaronfeller_PeptideMLM_lg,bert_rerun3
bert_rerun3_fold5_idx14,5,0.0,0.2004580497741699,aaronfeller_PeptideMLM_lg,bert_rerun3
bert_rerun3_fold5_idx15,5,1.0,0.9255808591842652,aaronfeller_PeptideMLM_lg,bert_rerun3
bert_rerun3_fold5_idx16,5,1.0,0.6172505021095276,aaronfeller_PeptideMLM_lg,bert_rerun3
bert_rerun3_fold5_idx17,5,0.0,0.5767920017242432,aaronfeller_PeptideMLM_lg,bert_rerun3
bert_rerun3_fold5_idx18,5,1.0,0.7453583478927612,aaronfeller_PeptideMLM_lg,bert_rerun3
bert_rerun3_fold5_idx19,5,1.0,0.4360731244087219,aaronfeller_PeptideMLM_lg,bert_rerun3
bert_rerun3_fold5_idx20,5,0.0,0.2295248955488205,aaronfeller_PeptideMLM_lg,bert_rerun3
bert_rerun3_fold5_idx21,5,0.0,0.1502286791801452,aaronfeller_PeptideMLM_lg,bert_rerun3
bert_rerun3_fold5_idx22,5,0.0,0.1484203785657882,aaronfeller_PeptideMLM_lg,bert_rerun3
bert_rerun3_fold5_idx23,5,0.0,0.1437830924987793,aaronfeller_PeptideMLM_lg,bert_rerun3
bert_rerun3_fold5_idx24,5,1.0,0.0985601097345352,aaronfeller_PeptideMLM_lg,bert_rerun3
bert_rerun3_fold5_idx25,5,0.0,0.1298796832561493,aaronfeller_PeptideMLM_lg,bert_rerun3
bert_rerun3_fold5_idx26,5,1.0,0.8671372532844543,aaronfeller_PeptideMLM_lg,bert_rerun3
bert_rerun3_fold5_idx27,5,0.0,0.4810306131839752,aaronfeller_PeptideMLM_lg,bert_rerun3
bert_rerun3_fold5_idx28,5,0.0,0.1102616935968399,aaronfeller_PeptideMLM_lg,bert_rerun3
bert_rerun3_fold5_idx29,5,0.0,0.2440236508846283,aaronfeller_PeptideMLM_lg,bert_rerun3
bert_rerun3_fold5_idx30,5,1.0,0.2086504399776458,aaronfeller_PeptideMLM_lg,bert_rerun3
bert_rerun3_fold5_idx31,5,0.0,0.5813342332839966,aaronfeller_PeptideMLM_lg,bert_rerun3
bert_rerun3_fold5_idx32,5,1.0,0.251505583524704,aaronfeller_PeptideMLM_lg,bert_rerun3
bert_rerun3_fold5_idx33,5,0.0,0.0812498703598976,aaronfeller_PeptideMLM_lg,bert_rerun3
bert_rerun3_fold5_idx34,5,1.0,0.9361525177955629,aaronfeller_PeptideMLM_lg,bert_rerun3
bert_rerun3_fold5_idx35,5,0.0,0.0956030339002609,aaronfeller_PeptideMLM_lg,bert_rerun3
bert_rerun3_fold5_idx36,5,0.0,0.0742208808660507,aaronfeller_PeptideMLM_lg,bert_rerun3
bert_rerun3_fold5_idx37,5,0.0,0.0869904831051826,aaronfeller_PeptideMLM_lg,bert_rerun3
bert_rerun3_fold5_idx38,5,0.0,0.1065289452672004,aaronfeller_PeptideMLM_lg,bert_rerun3
bert_rerun3_fold5_idx39,5,0.0,0.0991013795137405,aaronfeller_PeptideMLM_lg,bert_rerun3
bert_rerun3_fold5_idx40,5,0.0,0.1773877292871475,aaronfeller_PeptideMLM_lg,bert_rerun3
bert_rerun3_fold5_idx41,5,0.0,0.5827519297599792,aaronfeller_PeptideMLM_lg,bert_rerun3
bert_rerun3_fold5_idx42,5,0.0,0.127391442656517,aaronfeller_PeptideMLM_lg,bert_rerun3
bert_rerun3_fold5_idx43,5,1.0,0.8823776245117188,aaronfeller_PeptideMLM_lg,bert_rerun3
bert_rerun3_fold5_idx44,5,1.0,0.8912046551704407,aaronfeller_PeptideMLM_lg,bert_rerun3
bert_rerun3_fold5_idx45,5,0.0,0.1727320402860641,aaronfeller_PeptideMLM_lg,bert_rerun3
bert_rerun3_fold5_idx46,5,1.0,0.9200678467750548,aaronfeller_PeptideMLM_lg,bert_rerun3
bert_rerun3_fold5_idx47,5,1.0,0.9392676949501038,aaronfeller_PeptideMLM_lg,bert_rerun3
bert_rerun3_fold5_idx48,5,1.0,0.4275717139244079,aaronfeller_PeptideMLM_lg,bert_rerun3
bert_rerun3_fold5_idx49,5,1.0,0.9602071642875672,aaronfeller_PeptideMLM_lg,bert_rerun3
bert_rerun3_fold5_idx50,5,0.0,0.4784234464168548,aaronfeller_PeptideMLM_lg,bert_rerun3
bert_rerun3_fold5_idx51,5,0.0,0.1535231918096542,aaronfeller_PeptideMLM_lg,bert_rerun3
bert_rerun3_fold5_idx52,5,1.0,0.5011423826217651,aaronfeller_PeptideMLM_lg,bert_rerun3
bert_rerun3_fold5_idx53,5,0.0,0.1452277451753616,aaronfeller_PeptideMLM_lg,bert_rerun3
bert_rerun3_fold5_idx54,5,0.0,0.2678583562374115,aaronfeller_PeptideMLM_lg,bert_rerun3
bert_rerun3_fold5_idx55,5,0.0,0.2740633189678192,aaronfeller_PeptideMLM_lg,bert_rerun3
bert_rerun3_fold5_idx56,5,1.0,0.8724603652954102,aaronfeller_PeptideMLM_lg,bert_rerun3
bert_rerun3_fold5_idx57,5,0.0,0.123497262597084,aaronfeller_PeptideMLM_lg,bert_rerun3
bert_rerun3_fold5_idx58,5,1.0,0.9426648020744324,aaronfeller_PeptideMLM_lg,bert_rerun3
bert_rerun3_fold5_idx59,5,0.0,0.2082152217626571,aaronfeller_PeptideMLM_lg,bert_rerun3
bert_rerun3_fold5_idx60,5,0.0,0.5761653780937195,aaronfeller_PeptideMLM_lg,bert_rerun3
bert_rerun3_fold5_idx61,5,0.0,0.1137921288609504,aaronfeller_PeptideMLM_lg,bert_rerun3
bert_rerun3_fold5_idx62,5,0.0,0.52747642993927,aaronfeller_PeptideMLM_lg,bert_rerun3
bert_rerun3_fold5_idx63,5,0.0,0.1518172472715377,aaronfeller_PeptideMLM_lg,bert_rerun3
bert_rerun3_fold6_idx0,6,0.0,0.6718991994857788,aaronfeller_PeptideMLM_lg,bert_rerun3
bert_rerun3_fold6_idx1,6,0.0,0.0319534204900264,aaronfeller_PeptideMLM_lg,bert_rerun3
bert_rerun3_fold6_idx2,6,0.0,0.1114533692598342,aaronfeller_PeptideMLM_lg,bert_rerun3
bert_rerun3_fold6_idx3,6,0.0,0.0792076960206031,aaronfeller_PeptideMLM_lg,bert_rerun3
bert_rerun3_fold6_idx4,6,0.0,0.0665385723114013,aaronfeller_PeptideMLM_lg,bert_rerun3
bert_rerun3_fold6_idx5,6,0.0,0.0249001644551754,aaronfeller_PeptideMLM_lg,bert_rerun3
bert_rerun3_fold6_idx6,6,1.0,0.9772959351539612,aaronfeller_PeptideMLM_lg,bert_rerun3
bert_rerun3_fold6_idx7,6,0.0,0.7637912631034851,aaronfeller_PeptideMLM_lg,bert_rerun3
bert_rerun3_fold6_idx8,6,1.0,0.9689497947692872,aaronfeller_PeptideMLM_lg,bert_rerun3
bert_rerun3_fold6_idx9,6,0.0,0.0589740127325058,aaronfeller_PeptideMLM_lg,bert_rerun3
bert_rerun3_fold6_idx10,6,1.0,0.9869087338447572,aaronfeller_PeptideMLM_lg,bert_rerun3
bert_rerun3_fold6_idx11,6,0.0,0.0290165934711694,aaronfeller_PeptideMLM_lg,bert_rerun3
bert_rerun3_fold6_idx12,6,0.0,0.0362747833132743,aaronfeller_PeptideMLM_lg,bert_rerun3
bert_rerun3_fold6_idx13,6,1.0,0.9487860202789308,aaronfeller_PeptideMLM_lg,bert_rerun3
bert_rerun3_fold6_idx14,6,0.0,0.0302299670875072,aaronfeller_PeptideMLM_lg,bert_rerun3
bert_rerun3_fold6_idx15,6,0.0,0.5196462869644165,aaronfeller_PeptideMLM_lg,bert_rerun3
bert_rerun3_fold6_idx16,6,0.0,0.1949001252651214,aaronfeller_PeptideMLM_lg,bert_rerun3
bert_rerun3_fold6_idx17,6,1.0,0.9876272082328796,aaronfeller_PeptideMLM_lg,bert_rerun3
bert_rerun3_fold6_idx18,6,1.0,0.9875267148017884,aaronfeller_PeptideMLM_lg,bert_rerun3
bert_rerun3_fold6_idx19,6,0.0,0.1389638036489486,aaronfeller_PeptideMLM_lg,bert_rerun3
bert_rerun3_fold6_idx20,6,0.0,0.9576575756072998,aaronfeller_PeptideMLM_lg,bert_rerun3
bert_rerun3_fold6_idx21,6,1.0,0.9279994368553162,aaronfeller_PeptideMLM_lg,bert_rerun3
bert_rerun3_fold6_idx22,6,1.0,0.9320406317710876,aaronfeller_PeptideMLM_lg,bert_rerun3
bert_rerun3_fold6_idx23,6,0.0,0.0689870417118072,aaronfeller_PeptideMLM_lg,bert_rerun3
bert_rerun3_fold6_idx24,6,1.0,0.9584004878997804,aaronfeller_PeptideMLM_lg,bert_rerun3
bert_rerun3_fold6_idx25,6,1.0,0.9145813584327698,aaronfeller_PeptideMLM_lg,bert_rerun3
bert_rerun3_fold6_idx26,6,1.0,0.0317792892456054,aaronfeller_PeptideMLM_lg,bert_rerun3
bert_rerun3_fold6_idx27,6,0.0,0.1047314703464508,aaronfeller_PeptideMLM_lg,bert_rerun3
bert_rerun3_fold6_idx28,6,1.0,0.9762901067733764,aaronfeller_PeptideMLM_lg,bert_rerun3
bert_rerun3_fold6_idx29,6,1.0,0.141834482550621,aaronfeller_PeptideMLM_lg,bert_rerun3
bert_rerun3_fold6_idx30,6,0.0,0.0674883872270584,aaronfeller_PeptideMLM_lg,bert_rerun3
bert_rerun3_fold6_idx31,6,1.0,0.9201775193214417,aaronfeller_PeptideMLM_lg,bert_rerun3
bert_rerun3_fold6_idx32,6,0.0,0.2052210867404937,aaronfeller_PeptideMLM_lg,bert_rerun3
bert_rerun3_fold6_idx33,6,1.0,0.242996796965599,aaronfeller_PeptideMLM_lg,bert_rerun3
bert_rerun3_fold6_idx34,6,0.0,0.132660835981369,aaronfeller_PeptideMLM_lg,bert_rerun3
bert_rerun3_fold6_idx35,6,1.0,0.1357413679361343,aaronfeller_PeptideMLM_lg,bert_rerun3
bert_rerun3_fold6_idx36,6,0.0,0.4017601013183594,aaronfeller_PeptideMLM_lg,bert_rerun3
bert_rerun3_fold6_idx37,6,1.0,0.0896646231412887,aaronfeller_PeptideMLM_lg,bert_rerun3
bert_rerun3_fold6_idx38,6,0.0,0.0460777729749679,aaronfeller_PeptideMLM_lg,bert_rerun3
bert_rerun3_fold6_idx39,6,0.0,0.0226086117327213,aaronfeller_PeptideMLM_lg,bert_rerun3
bert_rerun3_fold6_idx40,6,0.0,0.4076067805290222,aaronfeller_PeptideMLM_lg,bert_rerun3
bert_rerun3_fold6_idx41,6,0.0,0.0255108941346406,aaronfeller_PeptideMLM_lg,bert_rerun3
bert_rerun3_fold6_idx42,6,0.0,0.0246110558509826,aaronfeller_PeptideMLM_lg,bert_rerun3
bert_rerun3_fold6_idx43,6,0.0,0.2613126933574676,aaronfeller_PeptideMLM_lg,bert_rerun3
bert_rerun3_fold6_idx44,6,0.0,0.023497425019741,aaronfeller_PeptideMLM_lg,bert_rerun3
bert_rerun3_fold6_idx45,6,0.0,0.0317435972392559,aaronfeller_PeptideMLM_lg,bert_rerun3
bert_rerun3_fold6_idx46,6,0.0,0.0234122611582279,aaronfeller_PeptideMLM_lg,bert_rerun3
bert_rerun3_fold6_idx47,6,0.0,0.0231256075203418,aaronfeller_PeptideMLM_lg,bert_rerun3
bert_rerun3_fold6_idx48,6,0.0,0.022058742120862,aaronfeller_PeptideMLM_lg,bert_rerun3
bert_rerun3_fold6_idx49,6,0.0,0.1864115446805954,aaronfeller_PeptideMLM_lg,bert_rerun3
bert_rerun3_fold6_idx50,6,1.0,0.9751818776130676,aaronfeller_PeptideMLM_lg,bert_rerun3
bert_rerun3_fold6_idx51,6,0.0,0.972577691078186,aaronfeller_PeptideMLM_lg,bert_rerun3
bert_rerun3_fold6_idx52,6,1.0,0.9795259237289428,aaronfeller_PeptideMLM_lg,bert_rerun3
bert_rerun3_fold6_idx53,6,1.0,0.9448050856590272,aaronfeller_PeptideMLM_lg,bert_rerun3
bert_rerun3_fold6_idx54,6,0.0,0.030350649729371,aaronfeller_PeptideMLM_lg,bert_rerun3
bert_rerun3_fold6_idx55,6,0.0,0.2020650058984756,aaronfeller_PeptideMLM_lg,bert_rerun3
bert_rerun3_fold6_idx56,6,0.0,0.0441000573337078,aaronfeller_PeptideMLM_lg,bert_rerun3
bert_rerun3_fold6_idx57,6,1.0,0.949108898639679,aaronfeller_PeptideMLM_lg,bert_rerun3
bert_rerun3_fold6_idx58,6,0.0,0.1732646971940994,aaronfeller_PeptideMLM_lg,bert_rerun3
bert_rerun3_fold6_idx59,6,1.0,0.9799191951751708,aaronfeller_PeptideMLM_lg,bert_rerun3
bert_rerun3_fold6_idx60,6,0.0,0.4811691641807556,aaronfeller_PeptideMLM_lg,bert_rerun3
bert_rerun3_fold6_idx61,6,1.0,0.9719327688217164,aaronfeller_PeptideMLM_lg,bert_rerun3
bert_rerun3_fold6_idx62,6,0.0,0.0780821740627288,aaronfeller_PeptideMLM_lg,bert_rerun3
bert_rerun3_fold6_idx63,6,1.0,0.9835196137428284,aaronfeller_PeptideMLM_lg,bert_rerun3
bert_rerun3_fold7_idx0,7,0.0,0.4909327924251556,aaronfeller_PeptideMLM_lg,bert_rerun3
bert_rerun3_fold7_idx1,7,0.0,0.0857647433876991,aaronfeller_PeptideMLM_lg,bert_rerun3
bert_rerun3_fold7_idx2,7,1.0,0.927247941493988,aaronfeller_PeptideMLM_lg,bert_rerun3
bert_rerun3_fold7_idx3,7,1.0,0.923569917678833,aaronfeller_PeptideMLM_lg,bert_rerun3
bert_rerun3_fold7_idx4,7,0.0,0.2255272269248962,aaronfeller_PeptideMLM_lg,bert_rerun3
bert_rerun3_fold7_idx5,7,1.0,0.286345511674881,aaronfeller_PeptideMLM_lg,bert_rerun3
bert_rerun3_fold7_idx6,7,0.0,0.5826046466827393,aaronfeller_PeptideMLM_lg,bert_rerun3
bert_rerun3_fold7_idx7,7,1.0,0.4247274398803711,aaronfeller_PeptideMLM_lg,bert_rerun3
bert_rerun3_fold7_idx8,7,0.0,0.7025996446609497,aaronfeller_PeptideMLM_lg,bert_rerun3
bert_rerun3_fold7_idx9,7,0.0,0.3314525485038757,aaronfeller_PeptideMLM_lg,bert_rerun3
bert_rerun3_fold7_idx10,7,1.0,0.5417922735214233,aaronfeller_PeptideMLM_lg,bert_rerun3
bert_rerun3_fold7_idx11,7,0.0,0.1508498191833496,aaronfeller_PeptideMLM_lg,bert_rerun3
bert_rerun3_fold7_idx12,7,1.0,0.8372626900672913,aaronfeller_PeptideMLM_lg,bert_rerun3
bert_rerun3_fold7_idx13,7,1.0,0.8026825189590454,aaronfeller_PeptideMLM_lg,bert_rerun3
bert_rerun3_fold7_idx14,7,0.0,0.1356078833341598,aaronfeller_PeptideMLM_lg,bert_rerun3
bert_rerun3_fold7_idx15,7,1.0,0.150801733136177,aaronfeller_PeptideMLM_lg,bert_rerun3
bert_rerun3_fold7_idx16,7,1.0,0.9598451256752014,aaronfeller_PeptideMLM_lg,bert_rerun3
bert_rerun3_fold7_idx17,7,0.0,0.4784518480300903,aaronfeller_PeptideMLM_lg,bert_rerun3
bert_rerun3_fold7_idx18,7,1.0,0.9417949318885804,aaronfeller_PeptideMLM_lg,bert_rerun3
bert_rerun3_fold7_idx19,7,0.0,0.0893402472138404,aaronfeller_PeptideMLM_lg,bert_rerun3
bert_rerun3_fold7_idx20,7,1.0,0.8042266368865967,aaronfeller_PeptideMLM_lg,bert_rerun3
bert_rerun3_fold7_idx21,7,0.0,0.0632767006754875,aaronfeller_PeptideMLM_lg,bert_rerun3
bert_rerun3_fold7_idx22,7,0.0,0.0646869167685508,aaronfeller_PeptideMLM_lg,bert_rerun3
bert_rerun3_fold7_idx23,7,0.0,0.1399456262588501,aaronfeller_PeptideMLM_lg,bert_rerun3
bert_rerun3_fold7_idx24,7,1.0,0.167901873588562,aaronfeller_PeptideMLM_lg,bert_rerun3
bert_rerun3_fold7_idx25,7,1.0,0.8029407858848572,aaronfeller_PeptideMLM_lg,bert_rerun3
bert_rerun3_fold7_idx26,7,1.0,0.633368730545044,aaronfeller_PeptideMLM_lg,bert_rerun3
bert_rerun3_fold7_idx27,7,1.0,0.566184937953949,aaronfeller_PeptideMLM_lg,bert_rerun3
bert_rerun3_fold7_idx28,7,0.0,0.6588451862335205,aaronfeller_PeptideMLM_lg,bert_rerun3
bert_rerun3_fold7_idx29,7,1.0,0.9263990521430968,aaronfeller_PeptideMLM_lg,bert_rerun3
bert_rerun3_fold7_idx30,7,1.0,0.2305457442998886,aaronfeller_PeptideMLM_lg,bert_rerun3
bert_rerun3_fold7_idx31,7,1.0,0.1001538261771202,aaronfeller_PeptideMLM_lg,bert_rerun3
bert_rerun3_fold7_idx32,7,1.0,0.9145570397377014,aaronfeller_PeptideMLM_lg,bert_rerun3
bert_rerun3_fold7_idx33,7,1.0,0.925514280796051,aaronfeller_PeptideMLM_lg,bert_rerun3
bert_rerun3_fold7_idx34,7,0.0,0.9294605255126952,aaronfeller_PeptideMLM_lg,bert_rerun3
bert_rerun3_fold7_idx35,7,1.0,0.9128361344337464,aaronfeller_PeptideMLM_lg,bert_rerun3
bert_rerun3_fold7_idx36,7,0.0,0.4055287837982178,aaronfeller_PeptideMLM_lg,bert_rerun3
bert_rerun3_fold7_idx37,7,0.0,0.0421409644186496,aaronfeller_PeptideMLM_lg,bert_rerun3
bert_rerun3_fold7_idx38,7,1.0,0.961427628993988,aaronfeller_PeptideMLM_lg,bert_rerun3
bert_rerun3_fold7_idx39,7,0.0,0.0452122054994106,aaronfeller_PeptideMLM_lg,bert_rerun3
bert_rerun3_fold7_idx40,7,0.0,0.5922877192497253,aaronfeller_PeptideMLM_lg,bert_rerun3
bert_rerun3_fold7_idx41,7,0.0,0.3304758369922638,aaronfeller_PeptideMLM_lg,bert_rerun3
bert_rerun3_fold7_idx42,7,0.0,0.4218646287918091,aaronfeller_PeptideMLM_lg,bert_rerun3
bert_rerun3_fold7_idx43,7,1.0,0.928424596786499,aaronfeller_PeptideMLM_lg,bert_rerun3
bert_rerun3_fold7_idx44,7,1.0,0.8476892113685608,aaronfeller_PeptideMLM_lg,bert_rerun3
bert_rerun3_fold7_idx45,7,1.0,0.9078569412231444,aaronfeller_PeptideMLM_lg,bert_rerun3
bert_rerun3_fold7_idx46,7,1.0,0.9389635324478148,aaronfeller_PeptideMLM_lg,bert_rerun3
bert_rerun3_fold7_idx47,7,1.0,0.9355612397193908,aaronfeller_PeptideMLM_lg,bert_rerun3
bert_rerun3_fold7_idx48,7,0.0,0.2555127143859863,aaronfeller_PeptideMLM_lg,bert_rerun3
bert_rerun3_fold7_idx49,7,0.0,0.0592537745833396,aaronfeller_PeptideMLM_lg,bert_rerun3
bert_rerun3_fold7_idx50,7,1.0,0.9599321484565736,aaronfeller_PeptideMLM_lg,bert_rerun3
bert_rerun3_fold7_idx51,7,0.0,0.930672287940979,aaronfeller_PeptideMLM_lg,bert_rerun3
bert_rerun3_fold7_idx52,7,1.0,0.9398724436759948,aaronfeller_PeptideMLM_lg,bert_rerun3
bert_rerun3_fold7_idx53,7,1.0,0.3927569091320038,aaronfeller_PeptideMLM_lg,bert_rerun3
bert_rerun3_fold7_idx54,7,1.0,0.967214286327362,aaronfeller_PeptideMLM_lg,bert_rerun3
bert_rerun3_fold7_idx55,7,0.0,0.1727997660636901,aaronfeller_PeptideMLM_lg,bert_rerun3
bert_rerun3_fold7_idx56,7,0.0,0.104968175292015,aaronfeller_PeptideMLM_lg,bert_rerun3
bert_rerun3_fold7_idx57,7,0.0,0.1383399963378906,aaronfeller_PeptideMLM_lg,bert_rerun3
bert_rerun3_fold7_idx58,7,1.0,0.7221007347106934,aaronfeller_PeptideMLM_lg,bert_rerun3
bert_rerun3_fold7_idx59,7,1.0,0.4820602536201477,aaronfeller_PeptideMLM_lg,bert_rerun3
bert_rerun3_fold7_idx60,7,0.0,0.5851454734802246,aaronfeller_PeptideMLM_lg,bert_rerun3
bert_rerun3_fold7_idx61,7,0.0,0.1254633665084839,aaronfeller_PeptideMLM_lg,bert_rerun3
bert_rerun3_fold7_idx62,7,0.0,0.1300371885299682,aaronfeller_PeptideMLM_lg,bert_rerun3
bert_rerun3_fold7_idx63,7,0.0,0.1393913030624389,aaronfeller_PeptideMLM_lg,bert_rerun3
bert_rerun3_fold8_idx0,8,1.0,0.5732322335243225,aaronfeller_PeptideMLM_lg,bert_rerun3
bert_rerun3_fold8_idx1,8,1.0,0.5711778402328491,aaronfeller_PeptideMLM_lg,bert_rerun3
bert_rerun3_fold8_idx2,8,0.0,0.3263129293918609,aaronfeller_PeptideMLM_lg,bert_rerun3
bert_rerun3_fold8_idx3,8,0.0,0.7454973459243774,aaronfeller_PeptideMLM_lg,bert_rerun3
bert_rerun3_fold8_idx4,8,1.0,0.5887982249259949,aaronfeller_PeptideMLM_lg,bert_rerun3
bert_rerun3_fold8_idx5,8,1.0,0.5925515294075012,aaronfeller_PeptideMLM_lg,bert_rerun3
bert_rerun3_fold8_idx6,8,0.0,0.3737138509750366,aaronfeller_PeptideMLM_lg,bert_rerun3
bert_rerun3_fold8_idx7,8,1.0,0.5482856631278992,aaronfeller_PeptideMLM_lg,bert_rerun3
bert_rerun3_fold8_idx8,8,0.0,0.3081460297107696,aaronfeller_PeptideMLM_lg,bert_rerun3
bert_rerun3_fold8_idx9,8,0.0,0.1981320232152938,aaronfeller_PeptideMLM_lg,bert_rerun3
bert_rerun3_fold8_idx10,8,1.0,0.7805784344673157,aaronfeller_PeptideMLM_lg,bert_rerun3
bert_rerun3_fold8_idx11,8,1.0,0.7888892292976379,aaronfeller_PeptideMLM_lg,bert_rerun3
bert_rerun3_fold8_idx12,8,0.0,0.4767205715179443,aaronfeller_PeptideMLM_lg,bert_rerun3
bert_rerun3_fold8_idx13,8,1.0,0.6276524662971497,aaronfeller_PeptideMLM_lg,bert_rerun3
bert_rerun3_fold8_idx14,8,0.0,0.2294670343399047,aaronfeller_PeptideMLM_lg,bert_rerun3
bert_rerun3_fold8_idx15,8,0.0,0.2924498915672302,aaronfeller_PeptideMLM_lg,bert_rerun3
bert_rerun3_fold8_idx16,8,0.0,0.7333409190177917,aaronfeller_PeptideMLM_lg,bert_rerun3
bert_rerun3_fold8_idx17,8,1.0,0.3305251002311706,aaronfeller_PeptideMLM_lg,bert_rerun3
bert_rerun3_fold8_idx18,8,1.0,0.7187761068344116,aaronfeller_PeptideMLM_lg,bert_rerun3
bert_rerun3_fold8_idx19,8,0.0,0.4483926296234131,aaronfeller_PeptideMLM_lg,bert_rerun3
bert_rerun3_fold8_idx20,8,1.0,0.3559682369232178,aaronfeller_PeptideMLM_lg,bert_rerun3
bert_rerun3_fold8_idx21,8,1.0,0.3238029778003692,aaronfeller_PeptideMLM_lg,bert_rerun3
bert_rerun3_fold8_idx22,8,0.0,0.3687271773815155,aaronfeller_PeptideMLM_lg,bert_rerun3
bert_rerun3_fold8_idx23,8,0.0,0.3395962119102478,aaronfeller_PeptideMLM_lg,bert_rerun3
bert_rerun3_fold8_idx24,8,1.0,0.3043965399265289,aaronfeller_PeptideMLM_lg,bert_rerun3
bert_rerun3_fold8_idx25,8,0.0,0.4353779554367065,aaronfeller_PeptideMLM_lg,bert_rerun3
bert_rerun3_fold8_idx26,8,0.0,0.4793013632297516,aaronfeller_PeptideMLM_lg,bert_rerun3
bert_rerun3_fold8_idx27,8,0.0,0.8540886044502258,aaronfeller_PeptideMLM_lg,bert_rerun3
bert_rerun3_fold8_idx28,8,1.0,0.8401674032211304,aaronfeller_PeptideMLM_lg,bert_rerun3
bert_rerun3_fold8_idx29,8,1.0,0.2545631527900696,aaronfeller_PeptideMLM_lg,bert_rerun3
bert_rerun3_fold8_idx30,8,0.0,0.3108480870723724,aaronfeller_PeptideMLM_lg,bert_rerun3
bert_rerun3_fold8_idx31,8,0.0,0.3226010203361511,aaronfeller_PeptideMLM_lg,bert_rerun3
bert_rerun3_fold8_idx32,8,1.0,0.3278398513793945,aaronfeller_PeptideMLM_lg,bert_rerun3
bert_rerun3_fold8_idx33,8,0.0,0.4728821516036987,aaronfeller_PeptideMLM_lg,bert_rerun3
bert_rerun3_fold8_idx34,8,1.0,0.8308966755867004,aaronfeller_PeptideMLM_lg,bert_rerun3
bert_rerun3_fold8_idx35,8,0.0,0.6709743142127991,aaronfeller_PeptideMLM_lg,bert_rerun3
bert_rerun3_fold8_idx36,8,1.0,0.378326803445816,aaronfeller_PeptideMLM_lg,bert_rerun3
bert_rerun3_fold8_idx37,8,0.0,0.1983811855316162,aaronfeller_PeptideMLM_lg,bert_rerun3
bert_rerun3_fold8_idx38,8,0.0,0.2069654613733291,aaronfeller_PeptideMLM_lg,bert_rerun3
bert_rerun3_fold8_idx39,8,0.0,0.1770995706319809,aaronfeller_PeptideMLM_lg,bert_rerun3
bert_rerun3_fold8_idx40,8,0.0,0.1788005977869033,aaronfeller_PeptideMLM_lg,bert_rerun3
bert_rerun3_fold8_idx41,8,1.0,0.3435416519641876,aaronfeller_PeptideMLM_lg,bert_rerun3
bert_rerun3_fold8_idx42,8,1.0,0.8001465201377869,aaronfeller_PeptideMLM_lg,bert_rerun3
bert_rerun3_fold8_idx43,8,0.0,0.8671526908874512,aaronfeller_PeptideMLM_lg,bert_rerun3
bert_rerun3_fold8_idx44,8,1.0,0.6122733950614929,aaronfeller_PeptideMLM_lg,bert_rerun3
bert_rerun3_fold8_idx45,8,0.0,0.3110844492912292,aaronfeller_PeptideMLM_lg,bert_rerun3
bert_rerun3_fold8_idx46,8,0.0,0.34050253033638,aaronfeller_PeptideMLM_lg,bert_rerun3
bert_rerun3_fold8_idx47,8,1.0,0.3584159612655639,aaronfeller_PeptideMLM_lg,bert_rerun3
bert_rerun3_fold8_idx48,8,0.0,0.4688731729984283,aaronfeller_PeptideMLM_lg,bert_rerun3
bert_rerun3_fold8_idx49,8,0.0,0.5336678624153137,aaronfeller_PeptideMLM_lg,bert_rerun3
bert_rerun3_fold8_idx50,8,0.0,0.2894154489040375,aaronfeller_PeptideMLM_lg,bert_rerun3
bert_rerun3_fold8_idx51,8,1.0,0.6389163136482239,aaronfeller_PeptideMLM_lg,bert_rerun3
bert_rerun3_fold8_idx52,8,0.0,0.2382554858922958,aaronfeller_PeptideMLM_lg,bert_rerun3
bert_rerun3_fold8_idx53,8,0.0,0.3976281285285949,aaronfeller_PeptideMLM_lg,bert_rerun3
bert_rerun3_fold8_idx54,8,0.0,0.8423516750335693,aaronfeller_PeptideMLM_lg,bert_rerun3
bert_rerun3_fold8_idx55,8,0.0,0.3854995965957641,aaronfeller_PeptideMLM_lg,bert_rerun3
bert_rerun3_fold8_idx56,8,0.0,0.4240478873252868,aaronfeller_PeptideMLM_lg,bert_rerun3
bert_rerun3_fold8_idx57,8,1.0,0.8513374924659729,aaronfeller_PeptideMLM_lg,bert_rerun3
bert_rerun3_fold8_idx58,8,1.0,0.3340250551700592,aaronfeller_PeptideMLM_lg,bert_rerun3
bert_rerun3_fold8_idx59,8,0.0,0.5438192486763,aaronfeller_PeptideMLM_lg,bert_rerun3
bert_rerun3_fold8_idx60,8,1.0,0.2593741118907928,aaronfeller_PeptideMLM_lg,bert_rerun3
bert_rerun3_fold8_idx61,8,1.0,0.8014218211174011,aaronfeller_PeptideMLM_lg,bert_rerun3
bert_rerun3_fold8_idx62,8,0.0,0.298891544342041,aaronfeller_PeptideMLM_lg,bert_rerun3
bert_rerun3_fold8_idx63,8,0.0,0.3403710424900055,aaronfeller_PeptideMLM_lg,bert_rerun3
bert_rerun3_fold9_idx0,9,1.0,0.8598450422286987,aaronfeller_PeptideMLM_lg,bert_rerun3
bert_rerun3_fold9_idx1,9,0.0,0.0842240825295448,aaronfeller_PeptideMLM_lg,bert_rerun3
bert_rerun3_fold9_idx2,9,1.0,0.150925874710083,aaronfeller_PeptideMLM_lg,bert_rerun3
bert_rerun3_fold9_idx3,9,1.0,0.9467622637748718,aaronfeller_PeptideMLM_lg,bert_rerun3
bert_rerun3_fold9_idx4,9,0.0,0.4562125504016876,aaronfeller_PeptideMLM_lg,bert_rerun3
bert_rerun3_fold9_idx5,9,0.0,0.1617447286844253,aaronfeller_PeptideMLM_lg,bert_rerun3
bert_rerun3_fold9_idx6,9,0.0,0.1643055230379104,aaronfeller_PeptideMLM_lg,bert_rerun3
bert_rerun3_fold9_idx7,9,0.0,0.079682633280754,aaronfeller_PeptideMLM_lg,bert_rerun3
bert_rerun3_fold9_idx8,9,0.0,0.0666112601757049,aaronfeller_PeptideMLM_lg,bert_rerun3
bert_rerun3_fold9_idx9,9,0.0,0.3213168978691101,aaronfeller_PeptideMLM_lg,bert_rerun3
bert_rerun3_fold9_idx10,9,0.0,0.8881663084030151,aaronfeller_PeptideMLM_lg,bert_rerun3
bert_rerun3_fold9_idx11,9,0.0,0.0525772683322429,aaronfeller_PeptideMLM_lg,bert_rerun3
bert_rerun3_fold9_idx12,9,1.0,0.3816193342208862,aaronfeller_PeptideMLM_lg,bert_rerun3
bert_rerun3_fold9_idx13,9,1.0,0.0646177008748054,aaronfeller_PeptideMLM_lg,bert_rerun3
bert_rerun3_fold9_idx14,9,1.0,0.1644513010978698,aaronfeller_PeptideMLM_lg,bert_rerun3
bert_rerun3_fold9_idx15,9,1.0,0.9647179245948792,aaronfeller_PeptideMLM_lg,bert_rerun3
bert_rerun3_fold9_idx16,9,1.0,0.938865065574646,aaronfeller_PeptideMLM_lg,bert_rerun3
bert_rerun3_fold9_idx17,9,0.0,0.1313401609659195,aaronfeller_PeptideMLM_lg,bert_rerun3
bert_rerun3_fold9_idx18,9,0.0,0.3250241279602051,aaronfeller_PeptideMLM_lg,bert_rerun3
bert_rerun3_fold9_idx19,9,0.0,0.1370926946401596,aaronfeller_PeptideMLM_lg,bert_rerun3
bert_rerun3_fold9_idx20,9,1.0,0.4269341230392456,aaronfeller_PeptideMLM_lg,bert_rerun3
bert_rerun3_fold9_idx21,9,1.0,0.3131042718887329,aaronfeller_PeptideMLM_lg,bert_rerun3
bert_rerun3_fold9_idx22,9,1.0,0.9804110527038574,aaronfeller_PeptideMLM_lg,bert_rerun3
bert_rerun3_fold9_idx23,9,1.0,0.3267367482185364,aaronfeller_PeptideMLM_lg,bert_rerun3
bert_rerun3_fold9_idx24,9,1.0,0.2214411944150924,aaronfeller_PeptideMLM_lg,bert_rerun3
bert_rerun3_fold9_idx25,9,0.0,0.1916595697402954,aaronfeller_PeptideMLM_lg,bert_rerun3
bert_rerun3_fold9_idx26,9,0.0,0.1301349997520446,aaronfeller_PeptideMLM_lg,bert_rerun3
bert_rerun3_fold9_idx27,9,0.0,0.9304721355438232,aaronfeller_PeptideMLM_lg,bert_rerun3
bert_rerun3_fold9_idx28,9,1.0,0.393290638923645,aaronfeller_PeptideMLM_lg,bert_rerun3
bert_rerun3_fold9_idx29,9,0.0,0.0752428621053695,aaronfeller_PeptideMLM_lg,bert_rerun3
bert_rerun3_fold9_idx30,9,1.0,0.9768388867378236,aaronfeller_PeptideMLM_lg,bert_rerun3
bert_rerun3_fold9_idx31,9,0.0,0.1545820832252502,aaronfeller_PeptideMLM_lg,bert_rerun3
bert_rerun3_fold9_idx32,9,0.0,0.0525119565427303,aaronfeller_PeptideMLM_lg,bert_rerun3
bert_rerun3_fold9_idx33,9,0.0,0.0564360246062278,aaronfeller_PeptideMLM_lg,bert_rerun3
bert_rerun3_fold9_idx34,9,0.0,0.0546950921416282,aaronfeller_PeptideMLM_lg,bert_rerun3
bert_rerun3_fold9_idx35,9,0.0,0.1122376173734664,aaronfeller_PeptideMLM_lg,bert_rerun3
bert_rerun3_fold9_idx36,9,0.0,0.6739053130149841,aaronfeller_PeptideMLM_lg,bert_rerun3
bert_rerun3_fold9_idx37,9,1.0,0.9360467791557312,aaronfeller_PeptideMLM_lg,bert_rerun3
bert_rerun3_fold9_idx38,9,0.0,0.7891843318939209,aaronfeller_PeptideMLM_lg,bert_rerun3
bert_rerun3_fold9_idx39,9,1.0,0.9388575553894044,aaronfeller_PeptideMLM_lg,bert_rerun3
bert_rerun3_fold9_idx40,9,0.0,0.0735120549798011,aaronfeller_PeptideMLM_lg,bert_rerun3
bert_rerun3_fold9_idx41,9,1.0,0.9727441668510436,aaronfeller_PeptideMLM_lg,bert_rerun3
bert_rerun3_fold9_idx42,9,1.0,0.9744544625282288,aaronfeller_PeptideMLM_lg,bert_rerun3
bert_rerun3_fold9_idx43,9,1.0,0.969607949256897,aaronfeller_PeptideMLM_lg,bert_rerun3
bert_rerun3_fold9_idx44,9,1.0,0.2255275249481201,aaronfeller_PeptideMLM_lg,bert_rerun3
bert_rerun3_fold9_idx45,9,0.0,0.1126042455434799,aaronfeller_PeptideMLM_lg,bert_rerun3
bert_rerun3_fold9_idx46,9,0.0,0.0980656147003173,aaronfeller_PeptideMLM_lg,bert_rerun3
bert_rerun3_fold9_idx47,9,1.0,0.9564844965934752,aaronfeller_PeptideMLM_lg,bert_rerun3
bert_rerun3_fold9_idx48,9,0.0,0.0866180509328842,aaronfeller_PeptideMLM_lg,bert_rerun3
bert_rerun3_fold9_idx49,9,0.0,0.0883203595876693,aaronfeller_PeptideMLM_lg,bert_rerun3
bert_rerun3_fold9_idx50,9,1.0,0.7352015972137451,aaronfeller_PeptideMLM_lg,bert_rerun3
bert_rerun3_fold9_idx51,9,0.0,0.0843567103147506,aaronfeller_PeptideMLM_lg,bert_rerun3
bert_rerun3_fold9_idx52,9,0.0,0.1158345937728881,aaronfeller_PeptideMLM_lg,bert_rerun3
bert_rerun3_fold9_idx53,9,1.0,0.2322300970554351,aaronfeller_PeptideMLM_lg,bert_rerun3
bert_rerun3_fold9_idx54,9,0.0,0.1367214918136596,aaronfeller_PeptideMLM_lg,bert_rerun3
bert_rerun3_fold9_idx55,9,0.0,0.958200991153717,aaronfeller_PeptideMLM_lg,bert_rerun3
bert_rerun3_fold9_idx56,9,0.0,0.1029276847839355,aaronfeller_PeptideMLM_lg,bert_rerun3
bert_rerun3_fold9_idx57,9,1.0,0.9798586368560792,aaronfeller_PeptideMLM_lg,bert_rerun3
bert_rerun3_fold9_idx58,9,0.0,0.6695347428321838,aaronfeller_PeptideMLM_lg,bert_rerun3
bert_rerun3_fold9_idx59,9,1.0,0.9462956190109252,aaronfeller_PeptideMLM_lg,bert_rerun3
bert_rerun3_fold9_idx60,9,1.0,0.9779842495918274,aaronfeller_PeptideMLM_lg,bert_rerun3
bert_rerun3_fold9_idx61,9,0.0,0.4230581521987915,aaronfeller_PeptideMLM_lg,bert_rerun3
bert_rerun3_fold9_idx62,9,1.0,0.4955478310585022,aaronfeller_PeptideMLM_lg,bert_rerun3
bert_rerun3_fold9_idx63,9,0.0,0.1451019495725631,aaronfeller_PeptideMLM_lg,bert_rerun3
bert_rerun3_fold10_idx0,10,0.0,0.4288201034069061,aaronfeller_PeptideMLM_lg,bert_rerun3
bert_rerun3_fold10_idx1,10,1.0,0.2405509203672409,aaronfeller_PeptideMLM_lg,bert_rerun3
bert_rerun3_fold10_idx2,10,0.0,0.5733718276023865,aaronfeller_PeptideMLM_lg,bert_rerun3
bert_rerun3_fold10_idx3,10,0.0,0.5641157627105713,aaronfeller_PeptideMLM_lg,bert_rerun3
bert_rerun3_fold10_idx4,10,0.0,0.4109454452991485,aaronfeller_PeptideMLM_lg,bert_rerun3
bert_rerun3_fold10_idx5,10,1.0,0.4220199286937713,aaronfeller_PeptideMLM_lg,bert_rerun3
bert_rerun3_fold10_idx6,10,0.0,0.2841348052024841,aaronfeller_PeptideMLM_lg,bert_rerun3
bert_rerun3_fold10_idx7,10,0.0,0.2790033221244812,aaronfeller_PeptideMLM_lg,bert_rerun3
bert_rerun3_fold10_idx8,10,0.0,0.2236891090869903,aaronfeller_PeptideMLM_lg,bert_rerun3
bert_rerun3_fold10_idx9,10,1.0,0.2101398557424545,aaronfeller_PeptideMLM_lg,bert_rerun3
bert_rerun3_fold10_idx10,10,0.0,0.2384157329797744,aaronfeller_PeptideMLM_lg,bert_rerun3
bert_rerun3_fold10_idx11,10,0.0,0.3766402900218963,aaronfeller_PeptideMLM_lg,bert_rerun3
bert_rerun3_fold10_idx12,10,0.0,0.4196324944496155,aaronfeller_PeptideMLM_lg,bert_rerun3
bert_rerun3_fold10_idx13,10,0.0,0.7806491255760193,aaronfeller_PeptideMLM_lg,bert_rerun3
bert_rerun3_fold10_idx14,10,1.0,0.2198172807693481,aaronfeller_PeptideMLM_lg,bert_rerun3
bert_rerun3_fold10_idx15,10,0.0,0.231730505824089,aaronfeller_PeptideMLM_lg,bert_rerun3
bert_rerun3_fold10_idx16,10,1.0,0.7745312452316284,aaronfeller_PeptideMLM_lg,bert_rerun3
bert_rerun3_fold10_idx17,10,1.0,0.335760623216629,aaronfeller_PeptideMLM_lg,bert_rerun3
bert_rerun3_fold10_idx18,10,1.0,0.2863749861717224,aaronfeller_PeptideMLM_lg,bert_rerun3
bert_rerun3_fold10_idx19,10,0.0,0.2274330854415893,aaronfeller_PeptideMLM_lg,bert_rerun3
bert_rerun3_fold10_idx20,10,0.0,0.1788845360279083,aaronfeller_PeptideMLM_lg,bert_rerun3
bert_rerun3_fold10_idx21,10,1.0,0.6224995851516724,aaronfeller_PeptideMLM_lg,bert_rerun3
bert_rerun3_fold10_idx22,10,0.0,0.41792893409729,aaronfeller_PeptideMLM_lg,bert_rerun3
bert_rerun3_fold10_idx23,10,0.0,0.2410463541746139,aaronfeller_PeptideMLM_lg,bert_rerun3
bert_rerun3_fold10_idx24,10,1.0,0.2289203852415084,aaronfeller_PeptideMLM_lg,bert_rerun3
bert_rerun3_fold10_idx25,10,0.0,0.2387091517448425,aaronfeller_PeptideMLM_lg,bert_rerun3
bert_rerun3_fold10_idx26,10,0.0,0.2238058894872665,aaronfeller_PeptideMLM_lg,bert_rerun3
bert_rerun3_fold10_idx27,10,1.0,0.2265680283308029,aaronfeller_PeptideMLM_lg,bert_rerun3
bert_rerun3_fold10_idx28,10,0.0,0.2233411520719528,aaronfeller_PeptideMLM_lg,bert_rerun3
bert_rerun3_fold10_idx29,10,0.0,0.1888816505670547,aaronfeller_PeptideMLM_lg,bert_rerun3
bert_rerun3_fold10_idx30,10,1.0,0.4483599662780761,aaronfeller_PeptideMLM_lg,bert_rerun3
bert_rerun3_fold10_idx31,10,0.0,0.2093513906002044,aaronfeller_PeptideMLM_lg,bert_rerun3
bert_rerun3_fold10_idx32,10,1.0,0.2598725259304046,aaronfeller_PeptideMLM_lg,bert_rerun3
bert_rerun3_fold10_idx33,10,1.0,0.8060125112533569,aaronfeller_PeptideMLM_lg,bert_rerun3
bert_rerun3_fold10_idx34,10,1.0,0.1813930422067642,aaronfeller_PeptideMLM_lg,bert_rerun3
bert_rerun3_fold10_idx35,10,1.0,0.7610688805580139,aaronfeller_PeptideMLM_lg,bert_rerun3
bert_rerun3_fold10_idx36,10,0.0,0.1528076529502868,aaronfeller_PeptideMLM_lg,bert_rerun3
bert_rerun3_fold10_idx37,10,0.0,0.1518040895462036,aaronfeller_PeptideMLM_lg,bert_rerun3
bert_rerun3_fold10_idx38,10,1.0,0.2782049179077148,aaronfeller_PeptideMLM_lg,bert_rerun3
bert_rerun3_fold10_idx39,10,0.0,0.340631902217865,aaronfeller_PeptideMLM_lg,bert_rerun3
bert_rerun3_fold10_idx40,10,0.0,0.1809717267751693,aaronfeller_PeptideMLM_lg,bert_rerun3
bert_rerun3_fold10_idx41,10,0.0,0.2376581132411956,aaronfeller_PeptideMLM_lg,bert_rerun3
bert_rerun3_fold10_idx42,10,0.0,0.2781238853931427,aaronfeller_PeptideMLM_lg,bert_rerun3
bert_rerun3_fold10_idx43,10,0.0,0.1698446273803711,aaronfeller_PeptideMLM_lg,bert_rerun3
bert_rerun3_fold10_idx44,10,0.0,0.1760079115629196,aaronfeller_PeptideMLM_lg,bert_rerun3
bert_rerun3_fold10_idx45,10,0.0,0.2032390236854553,aaronfeller_PeptideMLM_lg,bert_rerun3
bert_rerun3_fold10_idx46,10,1.0,0.5605125427246094,aaronfeller_PeptideMLM_lg,bert_rerun3
bert_rerun3_fold10_idx47,10,1.0,0.8090564608573914,aaronfeller_PeptideMLM_lg,bert_rerun3
bert_rerun3_fold10_idx48,10,0.0,0.328310489654541,aaronfeller_PeptideMLM_lg,bert_rerun3
bert_rerun3_fold10_idx49,10,1.0,0.2918347418308258,aaronfeller_PeptideMLM_lg,bert_rerun3
bert_rerun3_fold10_idx50,10,0.0,0.2827837765216827,aaronfeller_PeptideMLM_lg,bert_rerun3
bert_rerun3_fold10_idx51,10,1.0,0.8962036967277527,aaronfeller_PeptideMLM_lg,bert_rerun3
bert_rerun3_fold10_idx52,10,0.0,0.3677709996700287,aaronfeller_PeptideMLM_lg,bert_rerun3
bert_rerun3_fold10_idx53,10,1.0,0.4130967855453491,aaronfeller_PeptideMLM_lg,bert_rerun3
bert_rerun3_fold10_idx54,10,0.0,0.307143896818161,aaronfeller_PeptideMLM_lg,bert_rerun3
bert_rerun3_fold10_idx55,10,1.0,0.5694493651390076,aaronfeller_PeptideMLM_lg,bert_rerun3
bert_rerun3_fold10_idx56,10,0.0,0.261956125497818,aaronfeller_PeptideMLM_lg,bert_rerun3
bert_rerun3_fold10_idx57,10,0.0,0.4281133115291595,aaronfeller_PeptideMLM_lg,bert_rerun3
bert_rerun3_fold10_idx58,10,0.0,0.2399848252534866,aaronfeller_PeptideMLM_lg,bert_rerun3
bert_rerun3_fold10_idx59,10,1.0,0.1946545988321304,aaronfeller_PeptideMLM_lg,bert_rerun3
bert_rerun3_fold10_idx60,10,1.0,0.7062641382217407,aaronfeller_PeptideMLM_lg,bert_rerun3
bert_rerun3_fold10_idx61,10,1.0,0.7662481665611267,aaronfeller_PeptideMLM_lg,bert_rerun3
bert_rerun3_fold10_idx62,10,1.0,0.7567184567451477,aaronfeller_PeptideMLM_lg,bert_rerun3
bert_rerun3_fold10_idx63,10,0.0,0.2597804665565491,aaronfeller_PeptideMLM_lg,bert_rerun3
bert_rerun3_fold1_idx0,1,0.0,0.3330653607845306,aaronfeller_PeptideMTR_lg,bert_rerun3
bert_rerun3_fold1_idx1,1,0.0,0.3350968360900879,aaronfeller_PeptideMTR_lg,bert_rerun3
bert_rerun3_fold1_idx2,1,1.0,0.4925931990146637,aaronfeller_PeptideMTR_lg,bert_rerun3
bert_rerun3_fold1_idx3,1,0.0,0.3676486909389496,aaronfeller_PeptideMTR_lg,bert_rerun3
bert_rerun3_fold1_idx4,1,0.0,0.3345972299575805,aaronfeller_PeptideMTR_lg,bert_rerun3
bert_rerun3_fold1_idx5,1,0.0,0.3924455344676971,aaronfeller_PeptideMTR_lg,bert_rerun3
bert_rerun3_fold1_idx6,1,0.0,0.3223388791084289,aaronfeller_PeptideMTR_lg,bert_rerun3
bert_rerun3_fold1_idx7,1,1.0,0.4382442235946655,aaronfeller_PeptideMTR_lg,bert_rerun3
bert_rerun3_fold1_idx8,1,0.0,0.3767798840999603,aaronfeller_PeptideMTR_lg,bert_rerun3
bert_rerun3_fold1_idx9,1,1.0,0.4137060344219208,aaronfeller_PeptideMTR_lg,bert_rerun3
bert_rerun3_fold1_idx10,1,0.0,0.3546474575996399,aaronfeller_PeptideMTR_lg,bert_rerun3
bert_rerun3_fold1_idx11,1,1.0,0.4086918532848358,aaronfeller_PeptideMTR_lg,bert_rerun3
bert_rerun3_fold1_idx12,1,1.0,0.402190238237381,aaronfeller_PeptideMTR_lg,bert_rerun3
bert_rerun3_fold1_idx13,1,1.0,0.3581348955631256,aaronfeller_PeptideMTR_lg,bert_rerun3
bert_rerun3_fold1_idx14,1,0.0,0.3691989481449127,aaronfeller_PeptideMTR_lg,bert_rerun3
bert_rerun3_fold1_idx15,1,1.0,0.4741683900356293,aaronfeller_PeptideMTR_lg,bert_rerun3
bert_rerun3_fold1_idx16,1,0.0,0.477189689874649,aaronfeller_PeptideMTR_lg,bert_rerun3
bert_rerun3_fold1_idx17,1,1.0,0.385565847158432,aaronfeller_PeptideMTR_lg,bert_rerun3
bert_rerun3_fold1_idx18,1,0.0,0.4490556716918945,aaronfeller_PeptideMTR_lg,bert_rerun3
bert_rerun3_fold1_idx19,1,1.0,0.5677255988121033,aaronfeller_PeptideMTR_lg,bert_rerun3
bert_rerun3_fold1_idx20,1,1.0,0.6039456129074097,aaronfeller_PeptideMTR_lg,bert_rerun3
bert_rerun3_fold1_idx21,1,1.0,0.5512224435806274,aaronfeller_PeptideMTR_lg,bert_rerun3
bert_rerun3_fold1_idx22,1,1.0,0.5185558795928955,aaronfeller_PeptideMTR_lg,bert_rerun3
bert_rerun3_fold1_idx23,1,1.0,0.4035032391548157,aaronfeller_PeptideMTR_lg,bert_rerun3
bert_rerun3_fold1_idx24,1,1.0,0.4189891517162323,aaronfeller_PeptideMTR_lg,bert_rerun3
bert_rerun3_fold1_idx25,1,0.0,0.3025534451007843,aaronfeller_PeptideMTR_lg,bert_rerun3
bert_rerun3_fold1_idx26,1,1.0,0.3666040599346161,aaronfeller_PeptideMTR_lg,bert_rerun3
bert_rerun3_fold1_idx27,1,1.0,0.3735552132129669,aaronfeller_PeptideMTR_lg,bert_rerun3
bert_rerun3_fold1_idx28,1,0.0,0.3095590472221374,aaronfeller_PeptideMTR_lg,bert_rerun3
bert_rerun3_fold1_idx29,1,0.0,0.3840991854667663,aaronfeller_PeptideMTR_lg,bert_rerun3
bert_rerun3_fold1_idx30,1,0.0,0.3765477836132049,aaronfeller_PeptideMTR_lg,bert_rerun3
bert_rerun3_fold1_idx31,1,0.0,0.4272536635398865,aaronfeller_PeptideMTR_lg,bert_rerun3
bert_rerun3_fold1_idx32,1,1.0,0.5788384079933167,aaronfeller_PeptideMTR_lg,bert_rerun3
bert_rerun3_fold1_idx33,1,1.0,0.3595851957798004,aaronfeller_PeptideMTR_lg,bert_rerun3
bert_rerun3_fold1_idx34,1,0.0,0.3960942029953003,aaronfeller_PeptideMTR_lg,bert_rerun3
bert_rerun3_fold1_idx35,1,1.0,0.4419837594032287,aaronfeller_PeptideMTR_lg,bert_rerun3
bert_rerun3_fold1_idx36,1,0.0,0.510135293006897,aaronfeller_PeptideMTR_lg,bert_rerun3
bert_rerun3_fold1_idx37,1,0.0,0.3619476854801178,aaronfeller_PeptideMTR_lg,bert_rerun3
bert_rerun3_fold1_idx38,1,1.0,0.4581329226493835,aaronfeller_PeptideMTR_lg,bert_rerun3
bert_rerun3_fold1_idx39,1,1.0,0.3617840707302093,aaronfeller_PeptideMTR_lg,bert_rerun3
bert_rerun3_fold1_idx40,1,0.0,0.4021749198436737,aaronfeller_PeptideMTR_lg,bert_rerun3
bert_rerun3_fold1_idx41,1,0.0,0.4565277993679046,aaronfeller_PeptideMTR_lg,bert_rerun3
bert_rerun3_fold1_idx42,1,0.0,0.2829054296016693,aaronfeller_PeptideMTR_lg,bert_rerun3
bert_rerun3_fold1_idx43,1,0.0,0.3518081307411194,aaronfeller_PeptideMTR_lg,bert_rerun3
bert_rerun3_fold1_idx44,1,0.0,0.3295948803424835,aaronfeller_PeptideMTR_lg,bert_rerun3
bert_rerun3_fold1_idx45,1,0.0,0.3299736380577087,aaronfeller_PeptideMTR_lg,bert_rerun3
bert_rerun3_fold1_idx46,1,0.0,0.3015527725219726,aaronfeller_PeptideMTR_lg,bert_rerun3
bert_rerun3_fold1_idx47,1,0.0,0.328913539648056,aaronfeller_PeptideMTR_lg,bert_rerun3
bert_rerun3_fold1_idx48,1,0.0,0.3336498439311981,aaronfeller_PeptideMTR_lg,bert_rerun3
bert_rerun3_fold1_idx49,1,0.0,0.3570818603038788,aaronfeller_PeptideMTR_lg,bert_rerun3
bert_rerun3_fold1_idx50,1,0.0,0.381085604429245,aaronfeller_PeptideMTR_lg,bert_rerun3
bert_rerun3_fold1_idx51,1,0.0,0.3735538721084595,aaronfeller_PeptideMTR_lg,bert_rerun3
bert_rerun3_fold1_idx52,1,0.0,0.5309303998947144,aaronfeller_PeptideMTR_lg,bert_rerun3
bert_rerun3_fold1_idx53,1,1.0,0.5638834834098816,aaronfeller_PeptideMTR_lg,bert_rerun3
bert_rerun3_fold1_idx54,1,0.0,0.3743499219417572,aaronfeller_PeptideMTR_lg,bert_rerun3
bert_rerun3_fold1_idx55,1,1.0,0.4135659635066986,aaronfeller_PeptideMTR_lg,bert_rerun3
bert_rerun3_fold1_idx56,1,0.0,0.472974419593811,aaronfeller_PeptideMTR_lg,bert_rerun3
bert_rerun3_fold1_idx57,1,0.0,0.5591995120048523,aaronfeller_PeptideMTR_lg,bert_rerun3
bert_rerun3_fold1_idx58,1,0.0,0.4087593257427215,aaronfeller_PeptideMTR_lg,bert_rerun3
bert_rerun3_fold1_idx59,1,1.0,0.3691209852695465,aaronfeller_PeptideMTR_lg,bert_rerun3
bert_rerun3_fold1_idx60,1,1.0,0.4950146973133087,aaronfeller_PeptideMTR_lg,bert_rerun3
bert_rerun3_fold1_idx61,1,1.0,0.5510936975479126,aaronfeller_PeptideMTR_lg,bert_rerun3
bert_rerun3_fold1_idx62,1,1.0,0.5238233208656311,aaronfeller_PeptideMTR_lg,bert_rerun3
bert_rerun3_fold1_idx63,1,0.0,0.3808877468109131,aaronfeller_PeptideMTR_lg,bert_rerun3
bert_rerun3_fold2_idx0,2,0.0,0.5000307559967041,aaronfeller_PeptideMTR_lg,bert_rerun3
bert_rerun3_fold2_idx1,2,0.0,0.3797549605369568,aaronfeller_PeptideMTR_lg,bert_rerun3
bert_rerun3_fold2_idx2,2,0.0,0.4104820489883423,aaronfeller_PeptideMTR_lg,bert_rerun3
bert_rerun3_fold2_idx3,2,1.0,0.5405744314193726,aaronfeller_PeptideMTR_lg,bert_rerun3
bert_rerun3_fold2_idx4,2,0.0,0.3962737023830414,aaronfeller_PeptideMTR_lg,bert_rerun3
bert_rerun3_fold2_idx5,2,1.0,0.4320913553237915,aaronfeller_PeptideMTR_lg,bert_rerun3
bert_rerun3_fold2_idx6,2,0.0,0.4511509239673614,aaronfeller_PeptideMTR_lg,bert_rerun3
bert_rerun3_fold2_idx7,2,1.0,0.4504023492336273,aaronfeller_PeptideMTR_lg,bert_rerun3
bert_rerun3_fold2_idx8,2,1.0,0.4530062675476074,aaronfeller_PeptideMTR_lg,bert_rerun3
bert_rerun3_fold2_idx9,2,0.0,0.4724451601505279,aaronfeller_PeptideMTR_lg,bert_rerun3
bert_rerun3_fold2_idx10,2,0.0,0.314466655254364,aaronfeller_PeptideMTR_lg,bert_rerun3
bert_rerun3_fold2_idx11,2,1.0,0.5365459322929382,aaronfeller_PeptideMTR_lg,bert_rerun3
bert_rerun3_fold2_idx12,2,1.0,0.5019461512565613,aaronfeller_PeptideMTR_lg,bert_rerun3
bert_rerun3_fold2_idx13,2,0.0,0.4008098840713501,aaronfeller_PeptideMTR_lg,bert_rerun3
bert_rerun3_fold2_idx14,2,1.0,0.5180461406707764,aaronfeller_PeptideMTR_lg,bert_rerun3
bert_rerun3_fold2_idx15,2,0.0,0.4065679013729095,aaronfeller_PeptideMTR_lg,bert_rerun3
bert_rerun3_fold2_idx16,2,1.0,0.469220370054245,aaronfeller_PeptideMTR_lg,bert_rerun3
bert_rerun3_fold2_idx17,2,0.0,0.462230235338211,aaronfeller_PeptideMTR_lg,bert_rerun3
bert_rerun3_fold2_idx18,2,0.0,0.4324737191200256,aaronfeller_PeptideMTR_lg,bert_rerun3
bert_rerun3_fold2_idx19,2,0.0,0.4582610726356506,aaronfeller_PeptideMTR_lg,bert_rerun3
bert_rerun3_fold2_idx20,2,1.0,0.5119643807411194,aaronfeller_PeptideMTR_lg,bert_rerun3
bert_rerun3_fold2_idx21,2,1.0,0.5246508121490479,aaronfeller_PeptideMTR_lg,bert_rerun3
bert_rerun3_fold2_idx22,2,1.0,0.4600543975830078,aaronfeller_PeptideMTR_lg,bert_rerun3
bert_rerun3_fold2_idx23,2,0.0,0.4656481146812439,aaronfeller_PeptideMTR_lg,bert_rerun3
bert_rerun3_fold2_idx24,2,0.0,0.3786355555057525,aaronfeller_PeptideMTR_lg,bert_rerun3
bert_rerun3_fold2_idx25,2,0.0,0.4060744345188141,aaronfeller_PeptideMTR_lg,bert_rerun3
bert_rerun3_fold2_idx26,2,0.0,0.4370347857475281,aaronfeller_PeptideMTR_lg,bert_rerun3
bert_rerun3_fold2_idx27,2,0.0,0.5163655877113342,aaronfeller_PeptideMTR_lg,bert_rerun3
bert_rerun3_fold2_idx28,2,0.0,0.4063659012317657,aaronfeller_PeptideMTR_lg,bert_rerun3
bert_rerun3_fold2_idx29,2,1.0,0.4353348910808563,aaronfeller_PeptideMTR_lg,bert_rerun3
bert_rerun3_fold2_idx30,2,0.0,0.3927092850208282,aaronfeller_PeptideMTR_lg,bert_rerun3
bert_rerun3_fold2_idx31,2,0.0,0.3955482542514801,aaronfeller_PeptideMTR_lg,bert_rerun3
bert_rerun3_fold2_idx32,2,0.0,0.5033724904060364,aaronfeller_PeptideMTR_lg,bert_rerun3
bert_rerun3_fold2_idx33,2,0.0,0.3524786233901977,aaronfeller_PeptideMTR_lg,bert_rerun3
bert_rerun3_fold2_idx34,2,0.0,0.3466100990772247,aaronfeller_PeptideMTR_lg,bert_rerun3
bert_rerun3_fold2_idx35,2,0.0,0.50316321849823,aaronfeller_PeptideMTR_lg,bert_rerun3
bert_rerun3_fold2_idx36,2,0.0,0.3504376411437988,aaronfeller_PeptideMTR_lg,bert_rerun3
bert_rerun3_fold2_idx37,2,0.0,0.3529148995876312,aaronfeller_PeptideMTR_lg,bert_rerun3
bert_rerun3_fold2_idx38,2,0.0,0.346752405166626,aaronfeller_PeptideMTR_lg,bert_rerun3
bert_rerun3_fold2_idx39,2,0.0,0.3506328761577606,aaronfeller_PeptideMTR_lg,bert_rerun3
bert_rerun3_fold2_idx40,2,0.0,0.3835168182849884,aaronfeller_PeptideMTR_lg,bert_rerun3
bert_rerun3_fold2_idx41,2,0.0,0.4373885095119476,aaronfeller_PeptideMTR_lg,bert_rerun3
bert_rerun3_fold2_idx42,2,0.0,0.3500286042690277,aaronfeller_PeptideMTR_lg,bert_rerun3
bert_rerun3_fold2_idx43,2,0.0,0.460829883813858,aaronfeller_PeptideMTR_lg,bert_rerun3
bert_rerun3_fold2_idx44,2,1.0,0.55672287940979,aaronfeller_PeptideMTR_lg,bert_rerun3
bert_rerun3_fold2_idx45,2,1.0,0.5384488701820374,aaronfeller_PeptideMTR_lg,bert_rerun3
bert_rerun3_fold2_idx46,2,1.0,0.5455535650253296,aaronfeller_PeptideMTR_lg,bert_rerun3
bert_rerun3_fold2_idx47,2,0.0,0.4397100806236267,aaronfeller_PeptideMTR_lg,bert_rerun3
bert_rerun3_fold2_idx48,2,0.0,0.3600310385227203,aaronfeller_PeptideMTR_lg,bert_rerun3
bert_rerun3_fold2_idx49,2,0.0,0.3233862817287445,aaronfeller_PeptideMTR_lg,bert_rerun3
bert_rerun3_fold2_idx50,2,0.0,0.4398818612098694,aaronfeller_PeptideMTR_lg,bert_rerun3
bert_rerun3_fold2_idx51,2,0.0,0.4258741438388824,aaronfeller_PeptideMTR_lg,bert_rerun3
bert_rerun3_fold2_idx52,2,0.0,0.3253494799137115,aaronfeller_PeptideMTR_lg,bert_rerun3
bert_rerun3_fold2_idx53,2,1.0,0.5383643507957458,aaronfeller_PeptideMTR_lg,bert_rerun3
bert_rerun3_fold2_idx54,2,1.0,0.5381761193275452,aaronfeller_PeptideMTR_lg,bert_rerun3
bert_rerun3_fold2_idx55,2,1.0,0.5016151666641235,aaronfeller_PeptideMTR_lg,bert_rerun3
bert_rerun3_fold2_idx56,2,0.0,0.3085567057132721,aaronfeller_PeptideMTR_lg,bert_rerun3
bert_rerun3_fold2_idx57,2,1.0,0.5309557318687439,aaronfeller_PeptideMTR_lg,bert_rerun3
bert_rerun3_fold2_idx58,2,0.0,0.4437614977359772,aaronfeller_PeptideMTR_lg,bert_rerun3
bert_rerun3_fold2_idx59,2,1.0,0.625494658946991,aaronfeller_PeptideMTR_lg,bert_rerun3
bert_rerun3_fold2_idx60,2,0.0,0.480412095785141,aaronfeller_PeptideMTR_lg,bert_rerun3
bert_rerun3_fold2_idx61,2,0.0,0.3247857093811035,aaronfeller_PeptideMTR_lg,bert_rerun3
bert_rerun3_fold2_idx62,2,1.0,0.4733624160289764,aaronfeller_PeptideMTR_lg,bert_rerun3
bert_rerun3_fold2_idx63,2,0.0,0.5142800211906433,aaronfeller_PeptideMTR_lg,bert_rerun3
bert_rerun3_fold3_idx0,3,0.0,0.340284913778305,aaronfeller_PeptideMTR_lg,bert_rerun3
bert_rerun3_fold3_idx1,3,0.0,0.4577861130237579,aaronfeller_PeptideMTR_lg,bert_rerun3
bert_rerun3_fold3_idx2,3,0.0,0.3543871641159057,aaronfeller_PeptideMTR_lg,bert_rerun3
bert_rerun3_fold3_idx3,3,0.0,0.353475958108902,aaronfeller_PeptideMTR_lg,bert_rerun3
bert_rerun3_fold3_idx4,3,0.0,0.5241743922233582,aaronfeller_PeptideMTR_lg,bert_rerun3
bert_rerun3_fold3_idx5,3,0.0,0.3140705525875091,aaronfeller_PeptideMTR_lg,bert_rerun3
bert_rerun3_fold3_idx6,3,0.0,0.3984549343585968,aaronfeller_PeptideMTR_lg,bert_rerun3
bert_rerun3_fold3_idx7,3,1.0,0.4927866160869598,aaronfeller_PeptideMTR_lg,bert_rerun3
bert_rerun3_fold3_idx8,3,1.0,0.4514912366867065,aaronfeller_PeptideMTR_lg,bert_rerun3
bert_rerun3_fold3_idx9,3,1.0,0.426942229270935,aaronfeller_PeptideMTR_lg,bert_rerun3
bert_rerun3_fold3_idx10,3,1.0,0.4330248832702636,aaronfeller_PeptideMTR_lg,bert_rerun3
bert_rerun3_fold3_idx11,3,1.0,0.5172605514526367,aaronfeller_PeptideMTR_lg,bert_rerun3
bert_rerun3_fold3_idx12,3,0.0,0.2937267422676086,aaronfeller_PeptideMTR_lg,bert_rerun3
bert_rerun3_fold3_idx13,3,1.0,0.4064688384532928,aaronfeller_PeptideMTR_lg,bert_rerun3
bert_rerun3_fold3_idx14,3,1.0,0.3568440973758697,aaronfeller_PeptideMTR_lg,bert_rerun3
bert_rerun3_fold3_idx15,3,1.0,0.4658388495445251,aaronfeller_PeptideMTR_lg,bert_rerun3
bert_rerun3_fold3_idx16,3,0.0,0.312334805727005,aaronfeller_PeptideMTR_lg,bert_rerun3
bert_rerun3_fold3_idx17,3,1.0,0.3915693759918213,aaronfeller_PeptideMTR_lg,bert_rerun3
bert_rerun3_fold3_idx18,3,1.0,0.4560899138450622,aaronfeller_PeptideMTR_lg,bert_rerun3
bert_rerun3_fold3_idx19,3,1.0,0.5684740543365479,aaronfeller_PeptideMTR_lg,bert_rerun3
bert_rerun3_fold3_idx20,3,1.0,0.5582265257835388,aaronfeller_PeptideMTR_lg,bert_rerun3
bert_rerun3_fold3_idx21,3,0.0,0.357833594083786,aaronfeller_PeptideMTR_lg,bert_rerun3
bert_rerun3_fold3_idx22,3,1.0,0.3522489666938782,aaronfeller_PeptideMTR_lg,bert_rerun3
bert_rerun3_fold3_idx23,3,1.0,0.4035666286945343,aaronfeller_PeptideMTR_lg,bert_rerun3
bert_rerun3_fold3_idx24,3,0.0,0.4449940621852875,aaronfeller_PeptideMTR_lg,bert_rerun3
bert_rerun3_fold3_idx25,3,1.0,0.4204023778438568,aaronfeller_PeptideMTR_lg,bert_rerun3
bert_rerun3_fold3_idx26,3,1.0,0.5295388102531433,aaronfeller_PeptideMTR_lg,bert_rerun3
bert_rerun3_fold3_idx27,3,1.0,0.4455009400844574,aaronfeller_PeptideMTR_lg,bert_rerun3
bert_rerun3_fold3_idx28,3,1.0,0.482561856508255,aaronfeller_PeptideMTR_lg,bert_rerun3
bert_rerun3_fold3_idx29,3,0.0,0.3714551925659179,aaronfeller_PeptideMTR_lg,bert_rerun3
bert_rerun3_fold3_idx30,3,0.0,0.3312788009643554,aaronfeller_PeptideMTR_lg,bert_rerun3
bert_rerun3_fold3_idx31,3,0.0,0.3646394610404968,aaronfeller_PeptideMTR_lg,bert_rerun3
bert_rerun3_fold3_idx32,3,0.0,0.3309136927127838,aaronfeller_PeptideMTR_lg,bert_rerun3
bert_rerun3_fold3_idx33,3,0.0,0.3405360281467438,aaronfeller_PeptideMTR_lg,bert_rerun3
bert_rerun3_fold3_idx34,3,0.0,0.3360050916671753,aaronfeller_PeptideMTR_lg,bert_rerun3
bert_rerun3_fold3_idx35,3,0.0,0.3450317680835724,aaronfeller_PeptideMTR_lg,bert_rerun3
bert_rerun3_fold3_idx36,3,0.0,0.3275632262229919,aaronfeller_PeptideMTR_lg,bert_rerun3
bert_rerun3_fold3_idx37,3,0.0,0.3549699783325195,aaronfeller_PeptideMTR_lg,bert_rerun3
bert_rerun3_fold3_idx38,3,1.0,0.4800602197647095,aaronfeller_PeptideMTR_lg,bert_rerun3
bert_rerun3_fold3_idx39,3,1.0,0.5105600953102112,aaronfeller_PeptideMTR_lg,bert_rerun3
bert_rerun3_fold3_idx40,3,1.0,0.4815200567245483,aaronfeller_PeptideMTR_lg,bert_rerun3
bert_rerun3_fold3_idx41,3,1.0,0.5434290170669556,aaronfeller_PeptideMTR_lg,bert_rerun3
bert_rerun3_fold3_idx42,3,0.0,0.3750182092189789,aaronfeller_PeptideMTR_lg,bert_rerun3
bert_rerun3_fold3_idx43,3,1.0,0.4609088897705078,aaronfeller_PeptideMTR_lg,bert_rerun3
bert_rerun3_fold3_idx44,3,1.0,0.459937572479248,aaronfeller_PeptideMTR_lg,bert_rerun3
bert_rerun3_fold3_idx45,3,1.0,0.48468017578125,aaronfeller_PeptideMTR_lg,bert_rerun3
bert_rerun3_fold3_idx46,3,0.0,0.3704387545585632,aaronfeller_PeptideMTR_lg,bert_rerun3
bert_rerun3_fold3_idx47,3,1.0,0.440942108631134,aaronfeller_PeptideMTR_lg,bert_rerun3
bert_rerun3_fold3_idx48,3,0.0,0.4318305552005768,aaronfeller_PeptideMTR_lg,bert_rerun3
bert_rerun3_fold3_idx49,3,1.0,0.4933034777641296,aaronfeller_PeptideMTR_lg,bert_rerun3
bert_rerun3_fold3_idx50,3,0.0,0.3652013540267944,aaronfeller_PeptideMTR_lg,bert_rerun3
bert_rerun3_fold3_idx51,3,0.0,0.3488365709781647,aaronfeller_PeptideMTR_lg,bert_rerun3
bert_rerun3_fold3_idx52,3,0.0,0.3831539452075958,aaronfeller_PeptideMTR_lg,bert_rerun3
bert_rerun3_fold3_idx53,3,0.0,0.445202887058258,aaronfeller_PeptideMTR_lg,bert_rerun3
bert_rerun3_fold3_idx54,3,1.0,0.5276553630828857,aaronfeller_PeptideMTR_lg,bert_rerun3
bert_rerun3_fold3_idx55,3,0.0,0.462597906589508,aaronfeller_PeptideMTR_lg,bert_rerun3
bert_rerun3_fold3_idx56,3,1.0,0.3609394431114197,aaronfeller_PeptideMTR_lg,bert_rerun3
bert_rerun3_fold3_idx57,3,1.0,0.3782857954502105,aaronfeller_PeptideMTR_lg,bert_rerun3
bert_rerun3_fold3_idx58,3,1.0,0.540094792842865,aaronfeller_PeptideMTR_lg,bert_rerun3
bert_rerun3_fold3_idx59,3,0.0,0.458594262599945,aaronfeller_PeptideMTR_lg,bert_rerun3
bert_rerun3_fold3_idx60,3,0.0,0.4960357844829559,aaronfeller_PeptideMTR_lg,bert_rerun3
bert_rerun3_fold3_idx61,3,0.0,0.396976500749588,aaronfeller_PeptideMTR_lg,bert_rerun3
bert_rerun3_fold3_idx62,3,1.0,0.4731733202934265,aaronfeller_PeptideMTR_lg,bert_rerun3
bert_rerun3_fold3_idx63,3,0.0,0.3936139941215515,aaronfeller_PeptideMTR_lg,bert_rerun3
bert_rerun3_fold4_idx0,4,0.0,0.3476451933383941,aaronfeller_PeptideMTR_lg,bert_rerun3
bert_rerun3_fold4_idx1,4,1.0,0.4330151677131653,aaronfeller_PeptideMTR_lg,bert_rerun3
bert_rerun3_fold4_idx2,4,0.0,0.3446912169456482,aaronfeller_PeptideMTR_lg,bert_rerun3
bert_rerun3_fold4_idx3,4,0.0,0.4214178919792175,aaronfeller_PeptideMTR_lg,bert_rerun3
bert_rerun3_fold4_idx4,4,0.0,0.3847191631793976,aaronfeller_PeptideMTR_lg,bert_rerun3
bert_rerun3_fold4_idx5,4,1.0,0.4208625853061676,aaronfeller_PeptideMTR_lg,bert_rerun3
bert_rerun3_fold4_idx6,4,1.0,0.4253694415092468,aaronfeller_PeptideMTR_lg,bert_rerun3
bert_rerun3_fold4_idx7,4,1.0,0.4644829630851745,aaronfeller_PeptideMTR_lg,bert_rerun3
bert_rerun3_fold4_idx8,4,0.0,0.2924412190914154,aaronfeller_PeptideMTR_lg,bert_rerun3
bert_rerun3_fold4_idx9,4,0.0,0.3045251369476318,aaronfeller_PeptideMTR_lg,bert_rerun3
bert_rerun3_fold4_idx10,4,0.0,0.3132130205631256,aaronfeller_PeptideMTR_lg,bert_rerun3
bert_rerun3_fold4_idx11,4,1.0,0.3829879462718963,aaronfeller_PeptideMTR_lg,bert_rerun3
bert_rerun3_fold4_idx12,4,0.0,0.5634027123451233,aaronfeller_PeptideMTR_lg,bert_rerun3
bert_rerun3_fold4_idx13,4,1.0,0.3649561703205108,aaronfeller_PeptideMTR_lg,bert_rerun3
bert_rerun3_fold4_idx14,4,0.0,0.5770818591117859,aaronfeller_PeptideMTR_lg,bert_rerun3
bert_rerun3_fold4_idx15,4,1.0,0.417049378156662,aaronfeller_PeptideMTR_lg,bert_rerun3
bert_rerun3_fold4_idx16,4,1.0,0.429135113954544,aaronfeller_PeptideMTR_lg,bert_rerun3
bert_rerun3_fold4_idx17,4,1.0,0.6047763824462891,aaronfeller_PeptideMTR_lg,bert_rerun3
bert_rerun3_fold4_idx18,4,1.0,0.5890682935714722,aaronfeller_PeptideMTR_lg,bert_rerun3
bert_rerun3_fold4_idx19,4,0.0,0.354408860206604,aaronfeller_PeptideMTR_lg,bert_rerun3
bert_rerun3_fold4_idx20,4,1.0,0.3971436023712158,aaronfeller_PeptideMTR_lg,bert_rerun3
bert_rerun3_fold4_idx21,4,0.0,0.3262792527675628,aaronfeller_PeptideMTR_lg,bert_rerun3
bert_rerun3_fold4_idx22,4,0.0,0.4424295723438263,aaronfeller_PeptideMTR_lg,bert_rerun3
bert_rerun3_fold4_idx23,4,0.0,0.5339944362640381,aaronfeller_PeptideMTR_lg,bert_rerun3
bert_rerun3_fold4_idx24,4,1.0,0.4798900187015533,aaronfeller_PeptideMTR_lg,bert_rerun3
bert_rerun3_fold4_idx25,4,1.0,0.4660973846912384,aaronfeller_PeptideMTR_lg,bert_rerun3
bert_rerun3_fold4_idx26,4,1.0,0.4588710963726043,aaronfeller_PeptideMTR_lg,bert_rerun3
bert_rerun3_fold4_idx27,4,1.0,0.3321327865123749,aaronfeller_PeptideMTR_lg,bert_rerun3
bert_rerun3_fold4_idx28,4,0.0,0.3246399164199829,aaronfeller_PeptideMTR_lg,bert_rerun3
bert_rerun3_fold4_idx29,4,0.0,0.3380679190158844,aaronfeller_PeptideMTR_lg,bert_rerun3
bert_rerun3_fold4_idx30,4,0.0,0.398582249879837,aaronfeller_PeptideMTR_lg,bert_rerun3
bert_rerun3_fold4_idx31,4,0.0,0.4220733344554901,aaronfeller_PeptideMTR_lg,bert_rerun3
bert_rerun3_fold4_idx32,4,0.0,0.3781241178512573,aaronfeller_PeptideMTR_lg,bert_rerun3
bert_rerun3_fold4_idx33,4,0.0,0.5231510400772095,aaronfeller_PeptideMTR_lg,bert_rerun3
bert_rerun3_fold4_idx34,4,1.0,0.5468846559524536,aaronfeller_PeptideMTR_lg,bert_rerun3
bert_rerun3_fold4_idx35,4,1.0,0.4668679237365722,aaronfeller_PeptideMTR_lg,bert_rerun3
bert_rerun3_fold4_idx36,4,0.0,0.4696533381938934,aaronfeller_PeptideMTR_lg,bert_rerun3
bert_rerun3_fold4_idx37,4,0.0,0.4969135820865631,aaronfeller_PeptideMTR_lg,bert_rerun3
bert_rerun3_fold4_idx38,4,1.0,0.3846406638622284,aaronfeller_PeptideMTR_lg,bert_rerun3
bert_rerun3_fold4_idx39,4,0.0,0.3128612637519836,aaronfeller_PeptideMTR_lg,bert_rerun3
bert_rerun3_fold4_idx40,4,0.0,0.3767879605293274,aaronfeller_PeptideMTR_lg,bert_rerun3
bert_rerun3_fold4_idx41,4,0.0,0.3462077975273132,aaronfeller_PeptideMTR_lg,bert_rerun3
bert_rerun3_fold4_idx42,4,1.0,0.3807272017002105,aaronfeller_PeptideMTR_lg,bert_rerun3
bert_rerun3_fold4_idx43,4,1.0,0.3792601227760315,aaronfeller_PeptideMTR_lg,bert_rerun3
bert_rerun3_fold4_idx44,4,0.0,0.3261783719062805,aaronfeller_PeptideMTR_lg,bert_rerun3
bert_rerun3_fold4_idx45,4,0.0,0.326638787984848,aaronfeller_PeptideMTR_lg,bert_rerun3
bert_rerun3_fold4_idx46,4,1.0,0.3462719321250915,aaronfeller_PeptideMTR_lg,bert_rerun3
bert_rerun3_fold4_idx47,4,0.0,0.3716293573379516,aaronfeller_PeptideMTR_lg,bert_rerun3
bert_rerun3_fold4_idx48,4,1.0,0.4408171772956848,aaronfeller_PeptideMTR_lg,bert_rerun3
bert_rerun3_fold4_idx49,4,1.0,0.549921989440918,aaronfeller_PeptideMTR_lg,bert_rerun3
bert_rerun3_fold4_idx50,4,1.0,0.5743896961212158,aaronfeller_PeptideMTR_lg,bert_rerun3
bert_rerun3_fold4_idx51,4,0.0,0.2875991761684418,aaronfeller_PeptideMTR_lg,bert_rerun3
bert_rerun3_fold4_idx52,4,0.0,0.4086249768733978,aaronfeller_PeptideMTR_lg,bert_rerun3
bert_rerun3_fold4_idx53,4,0.0,0.4735757410526275,aaronfeller_PeptideMTR_lg,bert_rerun3
bert_rerun3_fold4_idx54,4,1.0,0.5861878991127014,aaronfeller_PeptideMTR_lg,bert_rerun3
bert_rerun3_fold4_idx55,4,0.0,0.375753790140152,aaronfeller_PeptideMTR_lg,bert_rerun3
bert_rerun3_fold4_idx56,4,1.0,0.4023150205612182,aaronfeller_PeptideMTR_lg,bert_rerun3
bert_rerun3_fold4_idx57,4,0.0,0.4349307119846344,aaronfeller_PeptideMTR_lg,bert_rerun3
bert_rerun3_fold4_idx58,4,1.0,0.5169394612312317,aaronfeller_PeptideMTR_lg,bert_rerun3
bert_rerun3_fold4_idx59,4,0.0,0.451202243566513,aaronfeller_PeptideMTR_lg,bert_rerun3
bert_rerun3_fold4_idx60,4,1.0,0.3474125266075134,aaronfeller_PeptideMTR_lg,bert_rerun3
bert_rerun3_fold4_idx61,4,1.0,0.5405474901199341,aaronfeller_PeptideMTR_lg,bert_rerun3
bert_rerun3_fold4_idx62,4,1.0,0.3970063626766205,aaronfeller_PeptideMTR_lg,bert_rerun3
bert_rerun3_fold4_idx63,4,1.0,0.4846361577510834,aaronfeller_PeptideMTR_lg,bert_rerun3
bert_rerun3_fold5_idx0,5,1.0,0.3960025608539581,aaronfeller_PeptideMTR_lg,bert_rerun3
bert_rerun3_fold5_idx1,5,1.0,0.3660152852535248,aaronfeller_PeptideMTR_lg,bert_rerun3
bert_rerun3_fold5_idx2,5,0.0,0.3653931319713592,aaronfeller_PeptideMTR_lg,bert_rerun3
bert_rerun3_fold5_idx3,5,0.0,0.3632944226264953,aaronfeller_PeptideMTR_lg,bert_rerun3
bert_rerun3_fold5_idx4,5,0.0,0.5160431861877441,aaronfeller_PeptideMTR_lg,bert_rerun3
bert_rerun3_fold5_idx5,5,0.0,0.456653892993927,aaronfeller_PeptideMTR_lg,bert_rerun3
bert_rerun3_fold5_idx6,5,1.0,0.4485534429550171,aaronfeller_PeptideMTR_lg,bert_rerun3
bert_rerun3_fold5_idx7,5,0.0,0.4821541309356689,aaronfeller_PeptideMTR_lg,bert_rerun3
bert_rerun3_fold5_idx8,5,1.0,0.488801509141922,aaronfeller_PeptideMTR_lg,bert_rerun3
bert_rerun3_fold5_idx9,5,0.0,0.3698345422744751,aaronfeller_PeptideMTR_lg,bert_rerun3
bert_rerun3_fold5_idx10,5,0.0,0.4455954134464264,aaronfeller_PeptideMTR_lg,bert_rerun3
bert_rerun3_fold5_idx11,5,1.0,0.3709030747413635,aaronfeller_PeptideMTR_lg,bert_rerun3
bert_rerun3_fold5_idx12,5,0.0,0.3995886743068695,aaronfeller_PeptideMTR_lg,bert_rerun3
bert_rerun3_fold5_idx13,5,1.0,0.5982637405395508,aaronfeller_PeptideMTR_lg,bert_rerun3
bert_rerun3_fold5_idx14,5,0.0,0.4088582694530487,aaronfeller_PeptideMTR_lg,bert_rerun3
bert_rerun3_fold5_idx15,5,1.0,0.5341965556144714,aaronfeller_PeptideMTR_lg,bert_rerun3
bert_rerun3_fold5_idx16,5,1.0,0.396212100982666,aaronfeller_PeptideMTR_lg,bert_rerun3
bert_rerun3_fold5_idx17,5,0.0,0.4409751296043396,aaronfeller_PeptideMTR_lg,bert_rerun3
bert_rerun3_fold5_idx18,5,1.0,0.4602189660072326,aaronfeller_PeptideMTR_lg,bert_rerun3
bert_rerun3_fold5_idx19,5,1.0,0.4734727740287781,aaronfeller_PeptideMTR_lg,bert_rerun3
bert_rerun3_fold5_idx20,5,0.0,0.3784573972225189,aaronfeller_PeptideMTR_lg,bert_rerun3
bert_rerun3_fold5_idx21,5,0.0,0.4265044331550598,aaronfeller_PeptideMTR_lg,bert_rerun3
bert_rerun3_fold5_idx22,5,0.0,0.3515617549419403,aaronfeller_PeptideMTR_lg,bert_rerun3
bert_rerun3_fold5_idx23,5,0.0,0.3417354822158813,aaronfeller_PeptideMTR_lg,bert_rerun3
bert_rerun3_fold5_idx24,5,1.0,0.3542714118957519,aaronfeller_PeptideMTR_lg,bert_rerun3
bert_rerun3_fold5_idx25,5,0.0,0.3937047719955444,aaronfeller_PeptideMTR_lg,bert_rerun3
bert_rerun3_fold5_idx26,5,1.0,0.4533390700817108,aaronfeller_PeptideMTR_lg,bert_rerun3
bert_rerun3_fold5_idx27,5,0.0,0.352346658706665,aaronfeller_PeptideMTR_lg,bert_rerun3
bert_rerun3_fold5_idx28,5,0.0,0.3505078256130218,aaronfeller_PeptideMTR_lg,bert_rerun3
bert_rerun3_fold5_idx29,5,0.0,0.3845394551753998,aaronfeller_PeptideMTR_lg,bert_rerun3
bert_rerun3_fold5_idx30,5,1.0,0.4360164701938629,aaronfeller_PeptideMTR_lg,bert_rerun3
bert_rerun3_fold5_idx31,5,0.0,0.4430520832538605,aaronfeller_PeptideMTR_lg,bert_rerun3
bert_rerun3_fold5_idx32,5,1.0,0.3864162266254425,aaronfeller_PeptideMTR_lg,bert_rerun3
bert_rerun3_fold5_idx33,5,0.0,0.3413408994674682,aaronfeller_PeptideMTR_lg,bert_rerun3
bert_rerun3_fold5_idx34,5,1.0,0.4799529910087585,aaronfeller_PeptideMTR_lg,bert_rerun3
bert_rerun3_fold5_idx35,5,0.0,0.3553831279277801,aaronfeller_PeptideMTR_lg,bert_rerun3
bert_rerun3_fold5_idx36,5,0.0,0.3326737582683563,aaronfeller_PeptideMTR_lg,bert_rerun3
bert_rerun3_fold5_idx37,5,0.0,0.3418262600898742,aaronfeller_PeptideMTR_lg,bert_rerun3
bert_rerun3_fold5_idx38,5,0.0,0.3379952013492584,aaronfeller_PeptideMTR_lg,bert_rerun3
bert_rerun3_fold5_idx39,5,0.0,0.3561866879463196,aaronfeller_PeptideMTR_lg,bert_rerun3
bert_rerun3_fold5_idx40,5,0.0,0.3833581209182739,aaronfeller_PeptideMTR_lg,bert_rerun3
bert_rerun3_fold5_idx41,5,0.0,0.4338168501853943,aaronfeller_PeptideMTR_lg,bert_rerun3
bert_rerun3_fold5_idx42,5,0.0,0.3607919216156006,aaronfeller_PeptideMTR_lg,bert_rerun3
bert_rerun3_fold5_idx43,5,1.0,0.5380820631980896,aaronfeller_PeptideMTR_lg,bert_rerun3
bert_rerun3_fold5_idx44,5,1.0,0.5461345911026001,aaronfeller_PeptideMTR_lg,bert_rerun3
bert_rerun3_fold5_idx45,5,0.0,0.3564944565296173,aaronfeller_PeptideMTR_lg,bert_rerun3
bert_rerun3_fold5_idx46,5,1.0,0.5043128132820129,aaronfeller_PeptideMTR_lg,bert_rerun3
bert_rerun3_fold5_idx47,5,1.0,0.5120221972465515,aaronfeller_PeptideMTR_lg,bert_rerun3
bert_rerun3_fold5_idx48,5,1.0,0.5126557946205139,aaronfeller_PeptideMTR_lg,bert_rerun3
bert_rerun3_fold5_idx49,5,1.0,0.6192180514335632,aaronfeller_PeptideMTR_lg,bert_rerun3
bert_rerun3_fold5_idx50,5,0.0,0.4742625057697296,aaronfeller_PeptideMTR_lg,bert_rerun3
bert_rerun3_fold5_idx51,5,0.0,0.3761765658855438,aaronfeller_PeptideMTR_lg,bert_rerun3
bert_rerun3_fold5_idx52,5,1.0,0.3689555823802948,aaronfeller_PeptideMTR_lg,bert_rerun3
bert_rerun3_fold5_idx53,5,0.0,0.3048903346061706,aaronfeller_PeptideMTR_lg,bert_rerun3
bert_rerun3_fold5_idx54,5,0.0,0.3242970108985901,aaronfeller_PeptideMTR_lg,bert_rerun3
bert_rerun3_fold5_idx55,5,0.0,0.4524707198143005,aaronfeller_PeptideMTR_lg,bert_rerun3
bert_rerun3_fold5_idx56,5,1.0,0.5971285104751587,aaronfeller_PeptideMTR_lg,bert_rerun3
bert_rerun3_fold5_idx57,5,0.0,0.3332155048847198,aaronfeller_PeptideMTR_lg,bert_rerun3
bert_rerun3_fold5_idx58,5,1.0,0.5459023714065552,aaronfeller_PeptideMTR_lg,bert_rerun3
bert_rerun3_fold5_idx59,5,0.0,0.3883827030658722,aaronfeller_PeptideMTR_lg,bert_rerun3
bert_rerun3_fold5_idx60,5,0.0,0.4548534154891968,aaronfeller_PeptideMTR_lg,bert_rerun3
bert_rerun3_fold5_idx61,5,0.0,0.3516243696212768,aaronfeller_PeptideMTR_lg,bert_rerun3
bert_rerun3_fold5_idx62,5,0.0,0.4901945888996124,aaronfeller_PeptideMTR_lg,bert_rerun3
bert_rerun3_fold5_idx63,5,0.0,0.3752876818180084,aaronfeller_PeptideMTR_lg,bert_rerun3
bert_rerun3_fold6_idx0,6,0.0,0.3675254881381988,aaronfeller_PeptideMTR_lg,bert_rerun3
bert_rerun3_fold6_idx1,6,0.0,0.354020744562149,aaronfeller_PeptideMTR_lg,bert_rerun3
bert_rerun3_fold6_idx2,6,0.0,0.4352780878543854,aaronfeller_PeptideMTR_lg,bert_rerun3
bert_rerun3_fold6_idx3,6,0.0,0.342323750257492,aaronfeller_PeptideMTR_lg,bert_rerun3
bert_rerun3_fold6_idx4,6,0.0,0.365999698638916,aaronfeller_PeptideMTR_lg,bert_rerun3
bert_rerun3_fold6_idx5,6,0.0,0.3491972088813782,aaronfeller_PeptideMTR_lg,bert_rerun3
bert_rerun3_fold6_idx6,6,1.0,0.5147860646247864,aaronfeller_PeptideMTR_lg,bert_rerun3
bert_rerun3_fold6_idx7,6,0.0,0.4408254325389862,aaronfeller_PeptideMTR_lg,bert_rerun3
bert_rerun3_fold6_idx8,6,1.0,0.4434957206249237,aaronfeller_PeptideMTR_lg,bert_rerun3
bert_rerun3_fold6_idx9,6,0.0,0.3363340497016907,aaronfeller_PeptideMTR_lg,bert_rerun3
bert_rerun3_fold6_idx10,6,1.0,0.5306603908538818,aaronfeller_PeptideMTR_lg,bert_rerun3
bert_rerun3_fold6_idx11,6,0.0,0.3627336621284485,aaronfeller_PeptideMTR_lg,bert_rerun3
bert_rerun3_fold6_idx12,6,0.0,0.3476696014404297,aaronfeller_PeptideMTR_lg,bert_rerun3
bert_rerun3_fold6_idx13,6,1.0,0.4617985785007477,aaronfeller_PeptideMTR_lg,bert_rerun3
bert_rerun3_fold6_idx14,6,0.0,0.3870065212249756,aaronfeller_PeptideMTR_lg,bert_rerun3
bert_rerun3_fold6_idx15,6,0.0,0.5354615449905396,aaronfeller_PeptideMTR_lg,bert_rerun3
bert_rerun3_fold6_idx16,6,0.0,0.5058554410934448,aaronfeller_PeptideMTR_lg,bert_rerun3
bert_rerun3_fold6_idx17,6,1.0,0.6143872141838074,aaronfeller_PeptideMTR_lg,bert_rerun3
bert_rerun3_fold6_idx18,6,1.0,0.5201475024223328,aaronfeller_PeptideMTR_lg,bert_rerun3
bert_rerun3_fold6_idx19,6,0.0,0.3761038482189178,aaronfeller_PeptideMTR_lg,bert_rerun3
bert_rerun3_fold6_idx20,6,0.0,0.4934186339378357,aaronfeller_PeptideMTR_lg,bert_rerun3
bert_rerun3_fold6_idx21,6,1.0,0.4824208617210388,aaronfeller_PeptideMTR_lg,bert_rerun3
bert_rerun3_fold6_idx22,6,1.0,0.5607614517211914,aaronfeller_PeptideMTR_lg,bert_rerun3
bert_rerun3_fold6_idx23,6,0.0,0.4371390640735626,aaronfeller_PeptideMTR_lg,bert_rerun3
bert_rerun3_fold6_idx24,6,1.0,0.4090640246868133,aaronfeller_PeptideMTR_lg,bert_rerun3
bert_rerun3_fold6_idx25,6,1.0,0.455318808555603,aaronfeller_PeptideMTR_lg,bert_rerun3
bert_rerun3_fold6_idx26,6,1.0,0.3473918735980987,aaronfeller_PeptideMTR_lg,bert_rerun3
bert_rerun3_fold6_idx27,6,0.0,0.3151634037494659,aaronfeller_PeptideMTR_lg,bert_rerun3
bert_rerun3_fold6_idx28,6,1.0,0.4414893686771393,aaronfeller_PeptideMTR_lg,bert_rerun3
bert_rerun3_fold6_idx29,6,1.0,0.3687282800674438,aaronfeller_PeptideMTR_lg,bert_rerun3
bert_rerun3_fold6_idx30,6,0.0,0.4092296063899994,aaronfeller_PeptideMTR_lg,bert_rerun3
bert_rerun3_fold6_idx31,6,1.0,0.4445326626300812,aaronfeller_PeptideMTR_lg,bert_rerun3
bert_rerun3_fold6_idx32,6,0.0,0.420893520116806,aaronfeller_PeptideMTR_lg,bert_rerun3
bert_rerun3_fold6_idx33,6,1.0,0.4378748834133148,aaronfeller_PeptideMTR_lg,bert_rerun3
bert_rerun3_fold6_idx34,6,0.0,0.3520162999629974,aaronfeller_PeptideMTR_lg,bert_rerun3
bert_rerun3_fold6_idx35,6,1.0,0.4611049890518188,aaronfeller_PeptideMTR_lg,bert_rerun3
bert_rerun3_fold6_idx36,6,0.0,0.5145801901817322,aaronfeller_PeptideMTR_lg,bert_rerun3
bert_rerun3_fold6_idx37,6,1.0,0.4278339147567749,aaronfeller_PeptideMTR_lg,bert_rerun3
bert_rerun3_fold6_idx38,6,0.0,0.3674478232860565,aaronfeller_PeptideMTR_lg,bert_rerun3
bert_rerun3_fold6_idx39,6,0.0,0.4118923246860504,aaronfeller_PeptideMTR_lg,bert_rerun3
bert_rerun3_fold6_idx40,6,0.0,0.5644614100456238,aaronfeller_PeptideMTR_lg,bert_rerun3
bert_rerun3_fold6_idx41,6,0.0,0.3510683476924896,aaronfeller_PeptideMTR_lg,bert_rerun3
bert_rerun3_fold6_idx42,6,0.0,0.3485005795955658,aaronfeller_PeptideMTR_lg,bert_rerun3
bert_rerun3_fold6_idx43,6,0.0,0.4752663075923919,aaronfeller_PeptideMTR_lg,bert_rerun3
bert_rerun3_fold6_idx44,6,0.0,0.3388834297657013,aaronfeller_PeptideMTR_lg,bert_rerun3
bert_rerun3_fold6_idx45,6,0.0,0.3308111131191253,aaronfeller_PeptideMTR_lg,bert_rerun3
bert_rerun3_fold6_idx46,6,0.0,0.3391603231430053,aaronfeller_PeptideMTR_lg,bert_rerun3
bert_rerun3_fold6_idx47,6,0.0,0.3421291410923004,aaronfeller_PeptideMTR_lg,bert_rerun3
bert_rerun3_fold6_idx48,6,0.0,0.3412920832633972,aaronfeller_PeptideMTR_lg,bert_rerun3
bert_rerun3_fold6_idx49,6,0.0,0.3286824524402618,aaronfeller_PeptideMTR_lg,bert_rerun3
bert_rerun3_fold6_idx50,6,1.0,0.4646549820899963,aaronfeller_PeptideMTR_lg,bert_rerun3
bert_rerun3_fold6_idx51,6,0.0,0.5820592641830444,aaronfeller_PeptideMTR_lg,bert_rerun3
bert_rerun3_fold6_idx52,6,1.0,0.539594829082489,aaronfeller_PeptideMTR_lg,bert_rerun3
bert_rerun3_fold6_idx53,6,1.0,0.4044013023376465,aaronfeller_PeptideMTR_lg,bert_rerun3
bert_rerun3_fold6_idx54,6,0.0,0.3058525323867798,aaronfeller_PeptideMTR_lg,bert_rerun3
bert_rerun3_fold6_idx55,6,0.0,0.3810820281505584,aaronfeller_PeptideMTR_lg,bert_rerun3
bert_rerun3_fold6_idx56,6,0.0,0.2774509787559509,aaronfeller_PeptideMTR_lg,bert_rerun3
bert_rerun3_fold6_idx57,6,1.0,0.4046432673931122,aaronfeller_PeptideMTR_lg,bert_rerun3
bert_rerun3_fold6_idx58,6,0.0,0.3921759128570556,aaronfeller_PeptideMTR_lg,bert_rerun3
bert_rerun3_fold6_idx59,6,1.0,0.5634128451347351,aaronfeller_PeptideMTR_lg,bert_rerun3
bert_rerun3_fold6_idx60,6,0.0,0.511963427066803,aaronfeller_PeptideMTR_lg,bert_rerun3
bert_rerun3_fold6_idx61,6,1.0,0.4282971918582916,aaronfeller_PeptideMTR_lg,bert_rerun3
bert_rerun3_fold6_idx62,6,0.0,0.448721706867218,aaronfeller_PeptideMTR_lg,bert_rerun3
bert_rerun3_fold6_idx63,6,1.0,0.5417657494544983,aaronfeller_PeptideMTR_lg,bert_rerun3
bert_rerun3_fold7_idx0,7,0.0,0.4444411098957062,aaronfeller_PeptideMTR_lg,bert_rerun3
bert_rerun3_fold7_idx1,7,0.0,0.4507122635841369,aaronfeller_PeptideMTR_lg,bert_rerun3
bert_rerun3_fold7_idx2,7,1.0,0.4568431973457336,aaronfeller_PeptideMTR_lg,bert_rerun3
bert_rerun3_fold7_idx3,7,1.0,0.4578214883804321,aaronfeller_PeptideMTR_lg,bert_rerun3
bert_rerun3_fold7_idx4,7,0.0,0.4502532482147217,aaronfeller_PeptideMTR_lg,bert_rerun3
bert_rerun3_fold7_idx5,7,1.0,0.4681054949760437,aaronfeller_PeptideMTR_lg,bert_rerun3
bert_rerun3_fold7_idx6,7,0.0,0.4522773623466491,aaronfeller_PeptideMTR_lg,bert_rerun3
bert_rerun3_fold7_idx7,7,1.0,0.455583393573761,aaronfeller_PeptideMTR_lg,bert_rerun3
bert_rerun3_fold7_idx8,7,0.0,0.4594559073448181,aaronfeller_PeptideMTR_lg,bert_rerun3
bert_rerun3_fold7_idx9,7,0.0,0.4491239488124847,aaronfeller_PeptideMTR_lg,bert_rerun3
bert_rerun3_fold7_idx10,7,1.0,0.4475680291652679,aaronfeller_PeptideMTR_lg,bert_rerun3
bert_rerun3_fold7_idx11,7,0.0,0.4584231376647949,aaronfeller_PeptideMTR_lg,bert_rerun3
bert_rerun3_fold7_idx12,7,1.0,0.4576514363288879,aaronfeller_PeptideMTR_lg,bert_rerun3
bert_rerun3_fold7_idx13,7,1.0,0.4386952519416809,aaronfeller_PeptideMTR_lg,bert_rerun3
bert_rerun3_fold7_idx14,7,0.0,0.4623209238052368,aaronfeller_PeptideMTR_lg,bert_rerun3
bert_rerun3_fold7_idx15,7,1.0,0.4370132684707641,aaronfeller_PeptideMTR_lg,bert_rerun3
bert_rerun3_fold7_idx16,7,1.0,0.4589966833591461,aaronfeller_PeptideMTR_lg,bert_rerun3
bert_rerun3_fold7_idx17,7,0.0,0.4601075053215027,aaronfeller_PeptideMTR_lg,bert_rerun3
bert_rerun3_fold7_idx18,7,1.0,0.4572153985500335,aaronfeller_PeptideMTR_lg,bert_rerun3
bert_rerun3_fold7_idx19,7,0.0,0.4626183211803436,aaronfeller_PeptideMTR_lg,bert_rerun3
bert_rerun3_fold7_idx20,7,1.0,0.4511938095092773,aaronfeller_PeptideMTR_lg,bert_rerun3
bert_rerun3_fold7_idx21,7,0.0,0.4499035775661468,aaronfeller_PeptideMTR_lg,bert_rerun3
bert_rerun3_fold7_idx22,7,0.0,0.4502716660499573,aaronfeller_PeptideMTR_lg,bert_rerun3
bert_rerun3_fold7_idx23,7,0.0,0.4709791541099548,aaronfeller_PeptideMTR_lg,bert_rerun3
bert_rerun3_fold7_idx24,7,1.0,0.4414649307727813,aaronfeller_PeptideMTR_lg,bert_rerun3
bert_rerun3_fold7_idx25,7,1.0,0.454106330871582,aaronfeller_PeptideMTR_lg,bert_rerun3
bert_rerun3_fold7_idx26,7,1.0,0.4404224753379822,aaronfeller_PeptideMTR_lg,bert_rerun3
bert_rerun3_fold7_idx27,7,1.0,0.4499264657497406,aaronfeller_PeptideMTR_lg,bert_rerun3
bert_rerun3_fold7_idx28,7,0.0,0.4354671835899353,aaronfeller_PeptideMTR_lg,bert_rerun3
bert_rerun3_fold7_idx29,7,1.0,0.4530687630176544,aaronfeller_PeptideMTR_lg,bert_rerun3
bert_rerun3_fold7_idx30,7,1.0,0.4424309730529785,aaronfeller_PeptideMTR_lg,bert_rerun3
bert_rerun3_fold7_idx31,7,1.0,0.4474183022975921,aaronfeller_PeptideMTR_lg,bert_rerun3
bert_rerun3_fold7_idx32,7,1.0,0.4520944952964782,aaronfeller_PeptideMTR_lg,bert_rerun3
bert_rerun3_fold7_idx33,7,1.0,0.4554268717765808,aaronfeller_PeptideMTR_lg,bert_rerun3
bert_rerun3_fold7_idx34,7,0.0,0.4618854224681854,aaronfeller_PeptideMTR_lg,bert_rerun3
bert_rerun3_fold7_idx35,7,1.0,0.4565389454364776,aaronfeller_PeptideMTR_lg,bert_rerun3
bert_rerun3_fold7_idx36,7,0.0,0.4514451622962951,aaronfeller_PeptideMTR_lg,bert_rerun3
bert_rerun3_fold7_idx37,7,0.0,0.4454129338264465,aaronfeller_PeptideMTR_lg,bert_rerun3
bert_rerun3_fold7_idx38,7,1.0,0.451503187417984,aaronfeller_PeptideMTR_lg,bert_rerun3
bert_rerun3_fold7_idx39,7,0.0,0.4451083540916443,aaronfeller_PeptideMTR_lg,bert_rerun3
bert_rerun3_fold7_idx40,7,0.0,0.4431938827037811,aaronfeller_PeptideMTR_lg,bert_rerun3
bert_rerun3_fold7_idx41,7,0.0,0.4473768770694732,aaronfeller_PeptideMTR_lg,bert_rerun3
bert_rerun3_fold7_idx42,7,0.0,0.4477137327194214,aaronfeller_PeptideMTR_lg,bert_rerun3
bert_rerun3_fold7_idx43,7,1.0,0.4515665471553802,aaronfeller_PeptideMTR_lg,bert_rerun3
bert_rerun3_fold7_idx44,7,1.0,0.4568085670471191,aaronfeller_PeptideMTR_lg,bert_rerun3
bert_rerun3_fold7_idx45,7,1.0,0.454382985830307,aaronfeller_PeptideMTR_lg,bert_rerun3
bert_rerun3_fold7_idx46,7,1.0,0.4542063474655151,aaronfeller_PeptideMTR_lg,bert_rerun3
bert_rerun3_fold7_idx47,7,1.0,0.4535048604011535,aaronfeller_PeptideMTR_lg,bert_rerun3
bert_rerun3_fold7_idx48,7,0.0,0.4637967348098755,aaronfeller_PeptideMTR_lg,bert_rerun3
bert_rerun3_fold7_idx49,7,0.0,0.4463041126728058,aaronfeller_PeptideMTR_lg,bert_rerun3
bert_rerun3_fold7_idx50,7,1.0,0.4559673368930816,aaronfeller_PeptideMTR_lg,bert_rerun3
bert_rerun3_fold7_idx51,7,0.0,0.4597198963165283,aaronfeller_PeptideMTR_lg,bert_rerun3
bert_rerun3_fold7_idx52,7,1.0,0.4575560390949249,aaronfeller_PeptideMTR_lg,bert_rerun3
bert_rerun3_fold7_idx53,7,1.0,0.4452393352985382,aaronfeller_PeptideMTR_lg,bert_rerun3
bert_rerun3_fold7_idx54,7,1.0,0.4473558664321899,aaronfeller_PeptideMTR_lg,bert_rerun3
bert_rerun3_fold7_idx55,7,0.0,0.4482676386833191,aaronfeller_PeptideMTR_lg,bert_rerun3
bert_rerun3_fold7_idx56,7,0.0,0.4676606655120849,aaronfeller_PeptideMTR_lg,bert_rerun3
bert_rerun3_fold7_idx57,7,0.0,0.4729616641998291,aaronfeller_PeptideMTR_lg,bert_rerun3
bert_rerun3_fold7_idx58,7,1.0,0.4494779109954834,aaronfeller_PeptideMTR_lg,bert_rerun3
bert_rerun3_fold7_idx59,7,1.0,0.4616472423076629,aaronfeller_PeptideMTR_lg,bert_rerun3
bert_rerun3_fold7_idx60,7,0.0,0.4494886100292206,aaronfeller_PeptideMTR_lg,bert_rerun3
bert_rerun3_fold7_idx61,7,0.0,0.4706404209136963,aaronfeller_PeptideMTR_lg,bert_rerun3
bert_rerun3_fold7_idx62,7,0.0,0.449485182762146,aaronfeller_PeptideMTR_lg,bert_rerun3
bert_rerun3_fold7_idx63,7,0.0,0.4512427449226379,aaronfeller_PeptideMTR_lg,bert_rerun3
bert_rerun3_fold8_idx0,8,1.0,0.4365092515945434,aaronfeller_PeptideMTR_lg,bert_rerun3
bert_rerun3_fold8_idx1,8,1.0,0.5497834086418152,aaronfeller_PeptideMTR_lg,bert_rerun3
bert_rerun3_fold8_idx2,8,0.0,0.3855130970478058,aaronfeller_PeptideMTR_lg,bert_rerun3
bert_rerun3_fold8_idx3,8,0.0,0.4940561950206756,aaronfeller_PeptideMTR_lg,bert_rerun3
bert_rerun3_fold8_idx4,8,1.0,0.4223297238349914,aaronfeller_PeptideMTR_lg,bert_rerun3
bert_rerun3_fold8_idx5,8,1.0,0.4205875694751739,aaronfeller_PeptideMTR_lg,bert_rerun3
bert_rerun3_fold8_idx6,8,0.0,0.4570814669132232,aaronfeller_PeptideMTR_lg,bert_rerun3
bert_rerun3_fold8_idx7,8,1.0,0.5156563520431519,aaronfeller_PeptideMTR_lg,bert_rerun3
bert_rerun3_fold8_idx8,8,0.0,0.4305945038795471,aaronfeller_PeptideMTR_lg,bert_rerun3
bert_rerun3_fold8_idx9,8,0.0,0.3341509401798248,aaronfeller_PeptideMTR_lg,bert_rerun3
bert_rerun3_fold8_idx10,8,1.0,0.6102142333984375,aaronfeller_PeptideMTR_lg,bert_rerun3
bert_rerun3_fold8_idx11,8,1.0,0.5046184659004211,aaronfeller_PeptideMTR_lg,bert_rerun3
bert_rerun3_fold8_idx12,8,0.0,0.4814262688159942,aaronfeller_PeptideMTR_lg,bert_rerun3
bert_rerun3_fold8_idx13,8,1.0,0.404841661453247,aaronfeller_PeptideMTR_lg,bert_rerun3
bert_rerun3_fold8_idx14,8,0.0,0.3676893711090088,aaronfeller_PeptideMTR_lg,bert_rerun3
bert_rerun3_fold8_idx15,8,0.0,0.4518647491931915,aaronfeller_PeptideMTR_lg,bert_rerun3
bert_rerun3_fold8_idx16,8,0.0,0.5100842714309692,aaronfeller_PeptideMTR_lg,bert_rerun3
bert_rerun3_fold8_idx17,8,1.0,0.4250519573688507,aaronfeller_PeptideMTR_lg,bert_rerun3
bert_rerun3_fold8_idx18,8,1.0,0.512750506401062,aaronfeller_PeptideMTR_lg,bert_rerun3
bert_rerun3_fold8_idx19,8,0.0,0.4997039437294006,aaronfeller_PeptideMTR_lg,bert_rerun3
bert_rerun3_fold8_idx20,8,1.0,0.3890445530414581,aaronfeller_PeptideMTR_lg,bert_rerun3
bert_rerun3_fold8_idx21,8,1.0,0.5358388423919678,aaronfeller_PeptideMTR_lg,bert_rerun3
bert_rerun3_fold8_idx22,8,0.0,0.3424164056777954,aaronfeller_PeptideMTR_lg,bert_rerun3
bert_rerun3_fold8_idx23,8,0.0,0.3657017946243286,aaronfeller_PeptideMTR_lg,bert_rerun3
bert_rerun3_fold8_idx24,8,1.0,0.4402844607830047,aaronfeller_PeptideMTR_lg,bert_rerun3
bert_rerun3_fold8_idx25,8,0.0,0.3372962176799774,aaronfeller_PeptideMTR_lg,bert_rerun3
bert_rerun3_fold8_idx26,8,0.0,0.3640823364257812,aaronfeller_PeptideMTR_lg,bert_rerun3
bert_rerun3_fold8_idx27,8,0.0,0.5761823058128357,aaronfeller_PeptideMTR_lg,bert_rerun3
bert_rerun3_fold8_idx28,8,1.0,0.65191251039505,aaronfeller_PeptideMTR_lg,bert_rerun3
bert_rerun3_fold8_idx29,8,1.0,0.360050767660141,aaronfeller_PeptideMTR_lg,bert_rerun3
bert_rerun3_fold8_idx30,8,0.0,0.3452769517898559,aaronfeller_PeptideMTR_lg,bert_rerun3
bert_rerun3_fold8_idx31,8,0.0,0.3810984492301941,aaronfeller_PeptideMTR_lg,bert_rerun3
bert_rerun3_fold8_idx32,8,1.0,0.385697454214096,aaronfeller_PeptideMTR_lg,bert_rerun3
bert_rerun3_fold8_idx33,8,0.0,0.3439003825187683,aaronfeller_PeptideMTR_lg,bert_rerun3
bert_rerun3_fold8_idx34,8,1.0,0.4982243776321411,aaronfeller_PeptideMTR_lg,bert_rerun3
bert_rerun3_fold8_idx35,8,0.0,0.355691909790039,aaronfeller_PeptideMTR_lg,bert_rerun3
bert_rerun3_fold8_idx36,8,1.0,0.3863486051559448,aaronfeller_PeptideMTR_lg,bert_rerun3
bert_rerun3_fold8_idx37,8,0.0,0.3290339708328247,aaronfeller_PeptideMTR_lg,bert_rerun3
bert_rerun3_fold8_idx38,8,0.0,0.3300625383853912,aaronfeller_PeptideMTR_lg,bert_rerun3
bert_rerun3_fold8_idx39,8,0.0,0.3256040513515472,aaronfeller_PeptideMTR_lg,bert_rerun3
bert_rerun3_fold8_idx40,8,0.0,0.3260700404644012,aaronfeller_PeptideMTR_lg,bert_rerun3
bert_rerun3_fold8_idx41,8,1.0,0.383083313703537,aaronfeller_PeptideMTR_lg,bert_rerun3
bert_rerun3_fold8_idx42,8,1.0,0.5752880573272705,aaronfeller_PeptideMTR_lg,bert_rerun3
bert_rerun3_fold8_idx43,8,0.0,0.6037158966064453,aaronfeller_PeptideMTR_lg,bert_rerun3
bert_rerun3_fold8_idx44,8,1.0,0.4127040803432464,aaronfeller_PeptideMTR_lg,bert_rerun3
bert_rerun3_fold8_idx45,8,0.0,0.3295507431030273,aaronfeller_PeptideMTR_lg,bert_rerun3
bert_rerun3_fold8_idx46,8,0.0,0.3802013695240021,aaronfeller_PeptideMTR_lg,bert_rerun3
bert_rerun3_fold8_idx47,8,1.0,0.3872860074043274,aaronfeller_PeptideMTR_lg,bert_rerun3
bert_rerun3_fold8_idx48,8,0.0,0.3705396354198456,aaronfeller_PeptideMTR_lg,bert_rerun3
bert_rerun3_fold8_idx49,8,0.0,0.3459788262844085,aaronfeller_PeptideMTR_lg,bert_rerun3
bert_rerun3_fold8_idx50,8,0.0,0.3515233397483825,aaronfeller_PeptideMTR_lg,bert_rerun3
bert_rerun3_fold8_idx51,8,1.0,0.5212206244468689,aaronfeller_PeptideMTR_lg,bert_rerun3
bert_rerun3_fold8_idx52,8,0.0,0.3769991397857666,aaronfeller_PeptideMTR_lg,bert_rerun3
bert_rerun3_fold8_idx53,8,0.0,0.5147298574447632,aaronfeller_PeptideMTR_lg,bert_rerun3
bert_rerun3_fold8_idx54,8,0.0,0.6167401075363159,aaronfeller_PeptideMTR_lg,bert_rerun3
bert_rerun3_fold8_idx55,8,0.0,0.3941304683685303,aaronfeller_PeptideMTR_lg,bert_rerun3
bert_rerun3_fold8_idx56,8,0.0,0.4180244207382202,aaronfeller_PeptideMTR_lg,bert_rerun3
bert_rerun3_fold8_idx57,8,1.0,0.5955302119255066,aaronfeller_PeptideMTR_lg,bert_rerun3
bert_rerun3_fold8_idx58,8,1.0,0.4073897898197174,aaronfeller_PeptideMTR_lg,bert_rerun3
bert_rerun3_fold8_idx59,8,0.0,0.3699956834316253,aaronfeller_PeptideMTR_lg,bert_rerun3
bert_rerun3_fold8_idx60,8,1.0,0.5334576964378357,aaronfeller_PeptideMTR_lg,bert_rerun3
bert_rerun3_fold8_idx61,8,1.0,0.5401083827018738,aaronfeller_PeptideMTR_lg,bert_rerun3
bert_rerun3_fold8_idx62,8,0.0,0.3800629079341888,aaronfeller_PeptideMTR_lg,bert_rerun3
bert_rerun3_fold8_idx63,8,0.0,0.3847141861915588,aaronfeller_PeptideMTR_lg,bert_rerun3
bert_rerun3_fold9_idx0,9,1.0,0.3786829113960266,aaronfeller_PeptideMTR_lg,bert_rerun3
bert_rerun3_fold9_idx1,9,0.0,0.4333606362342834,aaronfeller_PeptideMTR_lg,bert_rerun3
bert_rerun3_fold9_idx2,9,1.0,0.3684122562408447,aaronfeller_PeptideMTR_lg,bert_rerun3
bert_rerun3_fold9_idx3,9,1.0,0.4375010430812835,aaronfeller_PeptideMTR_lg,bert_rerun3
bert_rerun3_fold9_idx4,9,0.0,0.3654642701148987,aaronfeller_PeptideMTR_lg,bert_rerun3
bert_rerun3_fold9_idx5,9,0.0,0.4668116271495819,aaronfeller_PeptideMTR_lg,bert_rerun3
bert_rerun3_fold9_idx6,9,0.0,0.3678896725177765,aaronfeller_PeptideMTR_lg,bert_rerun3
bert_rerun3_fold9_idx7,9,0.0,0.3861764967441559,aaronfeller_PeptideMTR_lg,bert_rerun3
bert_rerun3_fold9_idx8,9,0.0,0.3128326535224914,aaronfeller_PeptideMTR_lg,bert_rerun3
bert_rerun3_fold9_idx9,9,0.0,0.4071410000324249,aaronfeller_PeptideMTR_lg,bert_rerun3
bert_rerun3_fold9_idx10,9,0.0,0.4880896806716919,aaronfeller_PeptideMTR_lg,bert_rerun3
bert_rerun3_fold9_idx11,9,0.0,0.3301141560077667,aaronfeller_PeptideMTR_lg,bert_rerun3
bert_rerun3_fold9_idx12,9,1.0,0.4625333249568939,aaronfeller_PeptideMTR_lg,bert_rerun3
bert_rerun3_fold9_idx13,9,1.0,0.3378483653068542,aaronfeller_PeptideMTR_lg,bert_rerun3
bert_rerun3_fold9_idx14,9,1.0,0.3555647730827331,aaronfeller_PeptideMTR_lg,bert_rerun3
bert_rerun3_fold9_idx15,9,1.0,0.5972957015037537,aaronfeller_PeptideMTR_lg,bert_rerun3
bert_rerun3_fold9_idx16,9,1.0,0.4359330832958221,aaronfeller_PeptideMTR_lg,bert_rerun3
bert_rerun3_fold9_idx17,9,0.0,0.3905965685844421,aaronfeller_PeptideMTR_lg,bert_rerun3
bert_rerun3_fold9_idx18,9,0.0,0.3663840591907501,aaronfeller_PeptideMTR_lg,bert_rerun3
bert_rerun3_fold9_idx19,9,0.0,0.3671481311321258,aaronfeller_PeptideMTR_lg,bert_rerun3
bert_rerun3_fold9_idx20,9,1.0,0.5274688601493835,aaronfeller_PeptideMTR_lg,bert_rerun3
bert_rerun3_fold9_idx21,9,1.0,0.35102578997612,aaronfeller_PeptideMTR_lg,bert_rerun3
bert_rerun3_fold9_idx22,9,1.0,0.5564553737640381,aaronfeller_PeptideMTR_lg,bert_rerun3
bert_rerun3_fold9_idx23,9,1.0,0.5111157894134521,aaronfeller_PeptideMTR_lg,bert_rerun3
bert_rerun3_fold9_idx24,9,1.0,0.342857301235199,aaronfeller_PeptideMTR_lg,bert_rerun3
bert_rerun3_fold9_idx25,9,0.0,0.3521386384963989,aaronfeller_PeptideMTR_lg,bert_rerun3
bert_rerun3_fold9_idx26,9,0.0,0.4165904223918915,aaronfeller_PeptideMTR_lg,bert_rerun3
bert_rerun3_fold9_idx27,9,0.0,0.3705192506313324,aaronfeller_PeptideMTR_lg,bert_rerun3
bert_rerun3_fold9_idx28,9,1.0,0.52445387840271,aaronfeller_PeptideMTR_lg,bert_rerun3
bert_rerun3_fold9_idx29,9,0.0,0.3188837468624115,aaronfeller_PeptideMTR_lg,bert_rerun3
bert_rerun3_fold9_idx30,9,1.0,0.4718002378940582,aaronfeller_PeptideMTR_lg,bert_rerun3
bert_rerun3_fold9_idx31,9,0.0,0.3636856377124786,aaronfeller_PeptideMTR_lg,bert_rerun3
bert_rerun3_fold9_idx32,9,0.0,0.3289263844490051,aaronfeller_PeptideMTR_lg,bert_rerun3
bert_rerun3_fold9_idx33,9,0.0,0.3145339787006378,aaronfeller_PeptideMTR_lg,bert_rerun3
bert_rerun3_fold9_idx34,9,0.0,0.3559874892234802,aaronfeller_PeptideMTR_lg,bert_rerun3
bert_rerun3_fold9_idx35,9,0.0,0.4268058538436889,aaronfeller_PeptideMTR_lg,bert_rerun3
bert_rerun3_fold9_idx36,9,0.0,0.3964157402515411,aaronfeller_PeptideMTR_lg,bert_rerun3
bert_rerun3_fold9_idx37,9,1.0,0.5461353063583374,aaronfeller_PeptideMTR_lg,bert_rerun3
bert_rerun3_fold9_idx38,9,0.0,0.4103471934795379,aaronfeller_PeptideMTR_lg,bert_rerun3
bert_rerun3_fold9_idx39,9,1.0,0.470785528421402,aaronfeller_PeptideMTR_lg,bert_rerun3
bert_rerun3_fold9_idx40,9,0.0,0.3300727605819702,aaronfeller_PeptideMTR_lg,bert_rerun3
bert_rerun3_fold9_idx41,9,1.0,0.5294723510742188,aaronfeller_PeptideMTR_lg,bert_rerun3
bert_rerun3_fold9_idx42,9,1.0,0.5547775626182556,aaronfeller_PeptideMTR_lg,bert_rerun3
bert_rerun3_fold9_idx43,9,1.0,0.5343886017799377,aaronfeller_PeptideMTR_lg,bert_rerun3
bert_rerun3_fold9_idx44,9,1.0,0.4560821056365967,aaronfeller_PeptideMTR_lg,bert_rerun3
bert_rerun3_fold9_idx45,9,0.0,0.324900209903717,aaronfeller_PeptideMTR_lg,bert_rerun3
bert_rerun3_fold9_idx46,9,0.0,0.3437622785568237,aaronfeller_PeptideMTR_lg,bert_rerun3
bert_rerun3_fold9_idx47,9,1.0,0.5201876163482666,aaronfeller_PeptideMTR_lg,bert_rerun3
bert_rerun3_fold9_idx48,9,0.0,0.3773264288902282,aaronfeller_PeptideMTR_lg,bert_rerun3
bert_rerun3_fold9_idx49,9,0.0,0.3168329894542694,aaronfeller_PeptideMTR_lg,bert_rerun3
bert_rerun3_fold9_idx50,9,1.0,0.3450377285480499,aaronfeller_PeptideMTR_lg,bert_rerun3
bert_rerun3_fold9_idx51,9,0.0,0.4011676907539367,aaronfeller_PeptideMTR_lg,bert_rerun3
bert_rerun3_fold9_idx52,9,0.0,0.4290892779827118,aaronfeller_PeptideMTR_lg,bert_rerun3
bert_rerun3_fold9_idx53,9,1.0,0.465882271528244,aaronfeller_PeptideMTR_lg,bert_rerun3
bert_rerun3_fold9_idx54,9,0.0,0.3832360804080963,aaronfeller_PeptideMTR_lg,bert_rerun3
bert_rerun3_fold9_idx55,9,0.0,0.5105295777320862,aaronfeller_PeptideMTR_lg,bert_rerun3
bert_rerun3_fold9_idx56,9,0.0,0.427029550075531,aaronfeller_PeptideMTR_lg,bert_rerun3
bert_rerun3_fold9_idx57,9,1.0,0.5738120675086975,aaronfeller_PeptideMTR_lg,bert_rerun3
bert_rerun3_fold9_idx58,9,0.0,0.3699727952480316,aaronfeller_PeptideMTR_lg,bert_rerun3
bert_rerun3_fold9_idx59,9,1.0,0.5604411363601685,aaronfeller_PeptideMTR_lg,bert_rerun3
bert_rerun3_fold9_idx60,9,1.0,0.542066216468811,aaronfeller_PeptideMTR_lg,bert_rerun3
bert_rerun3_fold9_idx61,9,0.0,0.422844260931015,aaronfeller_PeptideMTR_lg,bert_rerun3
bert_rerun3_fold9_idx62,9,1.0,0.4762565195560455,aaronfeller_PeptideMTR_lg,bert_rerun3
bert_rerun3_fold9_idx63,9,0.0,0.4054272770881653,aaronfeller_PeptideMTR_lg,bert_rerun3
bert_rerun3_fold10_idx0,10,0.0,0.4000389873981476,aaronfeller_PeptideMTR_lg,bert_rerun3
bert_rerun3_fold10_idx1,10,1.0,0.4088119566440582,aaronfeller_PeptideMTR_lg,bert_rerun3
bert_rerun3_fold10_idx2,10,0.0,0.4010263383388519,aaronfeller_PeptideMTR_lg,bert_rerun3
bert_rerun3_fold10_idx3,10,0.0,0.3894146382808685,aaronfeller_PeptideMTR_lg,bert_rerun3
bert_rerun3_fold10_idx4,10,0.0,0.4109977185726166,aaronfeller_PeptideMTR_lg,bert_rerun3
bert_rerun3_fold10_idx5,10,1.0,0.513388991355896,aaronfeller_PeptideMTR_lg,bert_rerun3
bert_rerun3_fold10_idx6,10,0.0,0.4077635407447815,aaronfeller_PeptideMTR_lg,bert_rerun3
bert_rerun3_fold10_idx7,10,0.0,0.4671972990036011,aaronfeller_PeptideMTR_lg,bert_rerun3
bert_rerun3_fold10_idx8,10,0.0,0.3880385756492615,aaronfeller_PeptideMTR_lg,bert_rerun3
bert_rerun3_fold10_idx9,10,1.0,0.2945436239242553,aaronfeller_PeptideMTR_lg,bert_rerun3
bert_rerun3_fold10_idx10,10,0.0,0.4539971947669983,aaronfeller_PeptideMTR_lg,bert_rerun3
bert_rerun3_fold10_idx11,10,0.0,0.5132428407669067,aaronfeller_PeptideMTR_lg,bert_rerun3
bert_rerun3_fold10_idx12,10,0.0,0.5387762784957886,aaronfeller_PeptideMTR_lg,bert_rerun3
bert_rerun3_fold10_idx13,10,0.0,0.5826284885406494,aaronfeller_PeptideMTR_lg,bert_rerun3
bert_rerun3_fold10_idx14,10,1.0,0.3970337212085724,aaronfeller_PeptideMTR_lg,bert_rerun3
bert_rerun3_fold10_idx15,10,0.0,0.3698351383209228,aaronfeller_PeptideMTR_lg,bert_rerun3
bert_rerun3_fold10_idx16,10,1.0,0.5575977563858032,aaronfeller_PeptideMTR_lg,bert_rerun3
bert_rerun3_fold10_idx17,10,1.0,0.4119147658348083,aaronfeller_PeptideMTR_lg,bert_rerun3
bert_rerun3_fold10_idx18,10,1.0,0.3421740531921386,aaronfeller_PeptideMTR_lg,bert_rerun3
bert_rerun3_fold10_idx19,10,0.0,0.4298382401466369,aaronfeller_PeptideMTR_lg,bert_rerun3
bert_rerun3_fold10_idx20,10,0.0,0.3060923218727112,aaronfeller_PeptideMTR_lg,bert_rerun3
bert_rerun3_fold10_idx21,10,1.0,0.5513832569122314,aaronfeller_PeptideMTR_lg,bert_rerun3
bert_rerun3_fold10_idx22,10,0.0,0.541958749294281,aaronfeller_PeptideMTR_lg,bert_rerun3
bert_rerun3_fold10_idx23,10,0.0,0.3535971939563751,aaronfeller_PeptideMTR_lg,bert_rerun3
bert_rerun3_fold10_idx24,10,1.0,0.3784900605678558,aaronfeller_PeptideMTR_lg,bert_rerun3
bert_rerun3_fold10_idx25,10,0.0,0.3900683522224426,aaronfeller_PeptideMTR_lg,bert_rerun3
bert_rerun3_fold10_idx26,10,0.0,0.3853542804718017,aaronfeller_PeptideMTR_lg,bert_rerun3
bert_rerun3_fold10_idx27,10,1.0,0.3854477107524872,aaronfeller_PeptideMTR_lg,bert_rerun3
bert_rerun3_fold10_idx28,10,0.0,0.3892557919025421,aaronfeller_PeptideMTR_lg,bert_rerun3
bert_rerun3_fold10_idx29,10,0.0,0.3218033015727997,aaronfeller_PeptideMTR_lg,bert_rerun3
bert_rerun3_fold10_idx30,10,1.0,0.3797366917133331,aaronfeller_PeptideMTR_lg,bert_rerun3
bert_rerun3_fold10_idx31,10,0.0,0.3289065361022949,aaronfeller_PeptideMTR_lg,bert_rerun3
bert_rerun3_fold10_idx32,10,1.0,0.3854295015335083,aaronfeller_PeptideMTR_lg,bert_rerun3
bert_rerun3_fold10_idx33,10,1.0,0.581245481967926,aaronfeller_PeptideMTR_lg,bert_rerun3
bert_rerun3_fold10_idx34,10,1.0,0.299579918384552,aaronfeller_PeptideMTR_lg,bert_rerun3
bert_rerun3_fold10_idx35,10,1.0,0.6612944006919861,aaronfeller_PeptideMTR_lg,bert_rerun3
bert_rerun3_fold10_idx36,10,0.0,0.3183566629886627,aaronfeller_PeptideMTR_lg,bert_rerun3
bert_rerun3_fold10_idx37,10,0.0,0.3191248476505279,aaronfeller_PeptideMTR_lg,bert_rerun3
bert_rerun3_fold10_idx38,10,1.0,0.3837108314037323,aaronfeller_PeptideMTR_lg,bert_rerun3
bert_rerun3_fold10_idx39,10,0.0,0.3795066773891449,aaronfeller_PeptideMTR_lg,bert_rerun3
bert_rerun3_fold10_idx40,10,0.0,0.316231906414032,aaronfeller_PeptideMTR_lg,bert_rerun3
bert_rerun3_fold10_idx41,10,0.0,0.3683103919029236,aaronfeller_PeptideMTR_lg,bert_rerun3
bert_rerun3_fold10_idx42,10,0.0,0.327850341796875,aaronfeller_PeptideMTR_lg,bert_rerun3
bert_rerun3_fold10_idx43,10,0.0,0.3249300122261047,aaronfeller_PeptideMTR_lg,bert_rerun3
bert_rerun3_fold10_idx44,10,0.0,0.3274527192115783,aaronfeller_PeptideMTR_lg,bert_rerun3
bert_rerun3_fold10_idx45,10,0.0,0.2805474996566772,aaronfeller_PeptideMTR_lg,bert_rerun3
bert_rerun3_fold10_idx46,10,1.0,0.4146071374416351,aaronfeller_PeptideMTR_lg,bert_rerun3
bert_rerun3_fold10_idx47,10,1.0,0.5395223498344421,aaronfeller_PeptideMTR_lg,bert_rerun3
bert_rerun3_fold10_idx48,10,0.0,0.3666410446166992,aaronfeller_PeptideMTR_lg,bert_rerun3
bert_rerun3_fold10_idx49,10,1.0,0.3792417645454407,aaronfeller_PeptideMTR_lg,bert_rerun3
bert_rerun3_fold10_idx50,10,0.0,0.4236002266407013,aaronfeller_PeptideMTR_lg,bert_rerun3
bert_rerun3_fold10_idx51,10,1.0,0.6183689832687378,aaronfeller_PeptideMTR_lg,bert_rerun3
bert_rerun3_fold10_idx52,10,0.0,0.4943587779998779,aaronfeller_PeptideMTR_lg,bert_rerun3
bert_rerun3_fold10_idx53,10,1.0,0.5118641257286072,aaronfeller_PeptideMTR_lg,bert_rerun3
bert_rerun3_fold10_idx54,10,0.0,0.3722996711730957,aaronfeller_PeptideMTR_lg,bert_rerun3
bert_rerun3_fold10_idx55,10,1.0,0.6042314171791077,aaronfeller_PeptideMTR_lg,bert_rerun3
bert_rerun3_fold10_idx56,10,0.0,0.3457815647125244,aaronfeller_PeptideMTR_lg,bert_rerun3
bert_rerun3_fold10_idx57,10,0.0,0.3577547073364258,aaronfeller_PeptideMTR_lg,bert_rerun3
bert_rerun3_fold10_idx58,10,0.0,0.4081206321716308,aaronfeller_PeptideMTR_lg,bert_rerun3
bert_rerun3_fold10_idx59,10,1.0,0.3001448810100555,aaronfeller_PeptideMTR_lg,bert_rerun3
bert_rerun3_fold10_idx60,10,1.0,0.5729840993881226,aaronfeller_PeptideMTR_lg,bert_rerun3
bert_rerun3_fold10_idx61,10,1.0,0.5628690719604492,aaronfeller_PeptideMTR_lg,bert_rerun3
bert_rerun3_fold10_idx62,10,1.0,0.5327641367912292,aaronfeller_PeptideMTR_lg,bert_rerun3
bert_rerun3_fold10_idx63,10,0.0,0.3658108711242676,aaronfeller_PeptideMTR_lg,bert_rerun3
