molecule,fold,true,predicted,model,run
kan_rerun3_fold1_idx0,1,0.0,0.3185244500637054,aaronfeller_PeptideMLM-MTR_lg,kan_rerun3
kan_rerun3_fold1_idx1,1,0.0,0.1241057887673378,aaronfeller_PeptideMLM-MTR_lg,kan_rerun3
kan_rerun3_fold1_idx2,1,1.0,0.986883580684662,aaronfeller_PeptideMLM-MTR_lg,kan_rerun3
kan_rerun3_fold1_idx3,1,0.0,0.1194366291165351,aaronfeller_PeptideMLM-MTR_lg,kan_rerun3
kan_rerun3_fold1_idx4,1,0.0,0.0029794755391776,aaronfeller_PeptideMLM-MTR_lg,kan_rerun3
kan_rerun3_fold1_idx5,1,0.0,0.1060760244727134,aaronfeller_PeptideMLM-MTR_lg,kan_rerun3
kan_rerun3_fold1_idx6,1,0.0,0.0078663500025868,aaronfeller_PeptideMLM-MTR_lg,kan_rerun3
kan_rerun3_fold1_idx7,1,1.0,0.9913420081138612,aaronfeller_PeptideMLM-MTR_lg,kan_rerun3
kan_rerun3_fold1_idx8,1,0.0,0.2307542115449905,aaronfeller_PeptideMLM-MTR_lg,kan_rerun3
kan_rerun3_fold1_idx9,1,1.0,0.8025786280632019,aaronfeller_PeptideMLM-MTR_lg,kan_rerun3
kan_rerun3_fold1_idx10,1,0.0,0.0772711411118507,aaronfeller_PeptideMLM-MTR_lg,kan_rerun3
kan_rerun3_fold1_idx11,1,1.0,0.0100776636973023,aaronfeller_PeptideMLM-MTR_lg,kan_rerun3
kan_rerun3_fold1_idx12,1,1.0,0.0169150959700346,aaronfeller_PeptideMLM-MTR_lg,kan_rerun3
kan_rerun3_fold1_idx13,1,1.0,0.1569704413414001,aaronfeller_PeptideMLM-MTR_lg,kan_rerun3
kan_rerun3_fold1_idx14,1,0.0,0.0010950581636279,aaronfeller_PeptideMLM-MTR_lg,kan_rerun3
kan_rerun3_fold1_idx15,1,1.0,0.8570409417152405,aaronfeller_PeptideMLM-MTR_lg,kan_rerun3
kan_rerun3_fold1_idx16,1,0.0,0.0088987499475479,aaronfeller_PeptideMLM-MTR_lg,kan_rerun3
kan_rerun3_fold1_idx17,1,1.0,0.6437041759490967,aaronfeller_PeptideMLM-MTR_lg,kan_rerun3
kan_rerun3_fold1_idx18,1,0.0,0.2844123840332031,aaronfeller_PeptideMLM-MTR_lg,kan_rerun3
kan_rerun3_fold1_idx19,1,1.0,0.5869554877281189,aaronfeller_PeptideMLM-MTR_lg,kan_rerun3
kan_rerun3_fold1_idx20,1,1.0,0.9976372718811036,aaronfeller_PeptideMLM-MTR_lg,kan_rerun3
kan_rerun3_fold1_idx21,1,1.0,0.8208141922950745,aaronfeller_PeptideMLM-MTR_lg,kan_rerun3
kan_rerun3_fold1_idx22,1,1.0,0.0340395420789718,aaronfeller_PeptideMLM-MTR_lg,kan_rerun3
kan_rerun3_fold1_idx23,1,1.0,0.6023179888725281,aaronfeller_PeptideMLM-MTR_lg,kan_rerun3
kan_rerun3_fold1_idx24,1,1.0,0.5756133794784546,aaronfeller_PeptideMLM-MTR_lg,kan_rerun3
kan_rerun3_fold1_idx25,1,0.0,0.0425528064370155,aaronfeller_PeptideMLM-MTR_lg,kan_rerun3
kan_rerun3_fold1_idx26,1,1.0,0.3850870430469513,aaronfeller_PeptideMLM-MTR_lg,kan_rerun3
kan_rerun3_fold1_idx27,1,1.0,0.0806710869073867,aaronfeller_PeptideMLM-MTR_lg,kan_rerun3
kan_rerun3_fold1_idx28,1,0.0,6.946604116819799e-05,aaronfeller_PeptideMLM-MTR_lg,kan_rerun3
kan_rerun3_fold1_idx29,1,0.0,0.0003228622081223,aaronfeller_PeptideMLM-MTR_lg,kan_rerun3
kan_rerun3_fold1_idx30,1,0.0,0.0008646515198051,aaronfeller_PeptideMLM-MTR_lg,kan_rerun3
kan_rerun3_fold1_idx31,1,0.0,0.1655506044626236,aaronfeller_PeptideMLM-MTR_lg,kan_rerun3
kan_rerun3_fold1_idx32,1,1.0,0.6848734617233276,aaronfeller_PeptideMLM-MTR_lg,kan_rerun3
kan_rerun3_fold1_idx33,1,1.0,0.3650573790073395,aaronfeller_PeptideMLM-MTR_lg,kan_rerun3
kan_rerun3_fold1_idx34,1,0.0,0.4273190498352051,aaronfeller_PeptideMLM-MTR_lg,kan_rerun3
kan_rerun3_fold1_idx35,1,1.0,0.937412679195404,aaronfeller_PeptideMLM-MTR_lg,kan_rerun3
kan_rerun3_fold1_idx36,1,0.0,0.0202329717576503,aaronfeller_PeptideMLM-MTR_lg,kan_rerun3
kan_rerun3_fold1_idx37,1,0.0,0.18735171854496,aaronfeller_PeptideMLM-MTR_lg,kan_rerun3
kan_rerun3_fold1_idx38,1,1.0,0.8782142996788025,aaronfeller_PeptideMLM-MTR_lg,kan_rerun3
kan_rerun3_fold1_idx39,1,1.0,0.0583703145384788,aaronfeller_PeptideMLM-MTR_lg,kan_rerun3
kan_rerun3_fold1_idx40,1,0.0,0.0011671637184917,aaronfeller_PeptideMLM-MTR_lg,kan_rerun3
kan_rerun3_fold1_idx41,1,0.0,0.1207179203629493,aaronfeller_PeptideMLM-MTR_lg,kan_rerun3
kan_rerun3_fold1_idx42,1,0.0,0.0016577889909967,aaronfeller_PeptideMLM-MTR_lg,kan_rerun3
kan_rerun3_fold1_idx43,1,0.0,0.0451083406805992,aaronfeller_PeptideMLM-MTR_lg,kan_rerun3
kan_rerun3_fold1_idx44,1,0.0,0.0249239839613437,aaronfeller_PeptideMLM-MTR_lg,kan_rerun3
kan_rerun3_fold1_idx45,1,0.0,0.0342104211449623,aaronfeller_PeptideMLM-MTR_lg,kan_rerun3
kan_rerun3_fold1_idx46,1,0.0,0.0117965713143348,aaronfeller_PeptideMLM-MTR_lg,kan_rerun3
kan_rerun3_fold1_idx47,1,0.0,0.0161252133548259,aaronfeller_PeptideMLM-MTR_lg,kan_rerun3
kan_rerun3_fold1_idx48,1,0.0,0.0072716595605015,aaronfeller_PeptideMLM-MTR_lg,kan_rerun3
kan_rerun3_fold1_idx49,1,0.0,0.0192105304449796,aaronfeller_PeptideMLM-MTR_lg,kan_rerun3
kan_rerun3_fold1_idx50,1,0.0,0.0809199661016464,aaronfeller_PeptideMLM-MTR_lg,kan_rerun3
kan_rerun3_fold1_idx51,1,0.0,0.4907748401165008,aaronfeller_PeptideMLM-MTR_lg,kan_rerun3
kan_rerun3_fold1_idx52,1,0.0,0.3673703074455261,aaronfeller_PeptideMLM-MTR_lg,kan_rerun3
kan_rerun3_fold1_idx53,1,1.0,0.964664340019226,aaronfeller_PeptideMLM-MTR_lg,kan_rerun3
kan_rerun3_fold1_idx54,1,0.0,0.1566639840602874,aaronfeller_PeptideMLM-MTR_lg,kan_rerun3
kan_rerun3_fold1_idx55,1,1.0,0.5655267238616943,aaronfeller_PeptideMLM-MTR_lg,kan_rerun3
kan_rerun3_fold1_idx56,1,0.0,0.0158677287399768,aaronfeller_PeptideMLM-MTR_lg,kan_rerun3
kan_rerun3_fold1_idx57,1,0.0,0.1501342207193374,aaronfeller_PeptideMLM-MTR_lg,kan_rerun3
kan_rerun3_fold1_idx58,1,0.0,0.4492229521274566,aaronfeller_PeptideMLM-MTR_lg,kan_rerun3
kan_rerun3_fold1_idx59,1,1.0,0.0364752858877182,aaronfeller_PeptideMLM-MTR_lg,kan_rerun3
kan_rerun3_fold1_idx60,1,1.0,0.7237457036972046,aaronfeller_PeptideMLM-MTR_lg,kan_rerun3
kan_rerun3_fold1_idx61,1,1.0,0.9549515843391418,aaronfeller_PeptideMLM-MTR_lg,kan_rerun3
kan_rerun3_fold1_idx62,1,1.0,0.9495913982391356,aaronfeller_PeptideMLM-MTR_lg,kan_rerun3
kan_rerun3_fold1_idx63,1,0.0,0.0186250712722539,aaronfeller_PeptideMLM-MTR_lg,kan_rerun3
kan_rerun3_fold2_idx0,2,0.0,0.0492868907749652,aaronfeller_PeptideMLM-MTR_lg,kan_rerun3
kan_rerun3_fold2_idx1,2,0.0,0.0078156078234314,aaronfeller_PeptideMLM-MTR_lg,kan_rerun3
kan_rerun3_fold2_idx2,2,0.0,0.4204694628715515,aaronfeller_PeptideMLM-MTR_lg,kan_rerun3
kan_rerun3_fold2_idx3,2,1.0,0.4214113652706146,aaronfeller_PeptideMLM-MTR_lg,kan_rerun3
kan_rerun3_fold2_idx4,2,0.0,0.6906682848930359,aaronfeller_PeptideMLM-MTR_lg,kan_rerun3
kan_rerun3_fold2_idx5,2,1.0,0.3121705055236816,aaronfeller_PeptideMLM-MTR_lg,kan_rerun3
kan_rerun3_fold2_idx6,2,0.0,0.6414411067962646,aaronfeller_PeptideMLM-MTR_lg,kan_rerun3
kan_rerun3_fold2_idx7,2,1.0,0.9311076998710632,aaronfeller_PeptideMLM-MTR_lg,kan_rerun3
kan_rerun3_fold2_idx8,2,1.0,0.9986737966537476,aaronfeller_PeptideMLM-MTR_lg,kan_rerun3
kan_rerun3_fold2_idx9,2,0.0,0.0342377573251724,aaronfeller_PeptideMLM-MTR_lg,kan_rerun3
kan_rerun3_fold2_idx10,2,0.0,0.0336891449987888,aaronfeller_PeptideMLM-MTR_lg,kan_rerun3
kan_rerun3_fold2_idx11,2,1.0,0.9553622603416444,aaronfeller_PeptideMLM-MTR_lg,kan_rerun3
kan_rerun3_fold2_idx12,2,1.0,0.9997150301933287,aaronfeller_PeptideMLM-MTR_lg,kan_rerun3
kan_rerun3_fold2_idx13,2,0.0,0.4679458141326904,aaronfeller_PeptideMLM-MTR_lg,kan_rerun3
kan_rerun3_fold2_idx14,2,1.0,0.9496002197265624,aaronfeller_PeptideMLM-MTR_lg,kan_rerun3
kan_rerun3_fold2_idx15,2,0.0,0.4202589094638824,aaronfeller_PeptideMLM-MTR_lg,kan_rerun3
kan_rerun3_fold2_idx16,2,1.0,0.8355169892311096,aaronfeller_PeptideMLM-MTR_lg,kan_rerun3
kan_rerun3_fold2_idx17,2,0.0,0.9883692264556884,aaronfeller_PeptideMLM-MTR_lg,kan_rerun3
kan_rerun3_fold2_idx18,2,0.0,0.7391296029090881,aaronfeller_PeptideMLM-MTR_lg,kan_rerun3
kan_rerun3_fold2_idx19,2,0.0,0.678436279296875,aaronfeller_PeptideMLM-MTR_lg,kan_rerun3
kan_rerun3_fold2_idx20,2,1.0,0.8896468281745911,aaronfeller_PeptideMLM-MTR_lg,kan_rerun3
kan_rerun3_fold2_idx21,2,1.0,0.9935010075569152,aaronfeller_PeptideMLM-MTR_lg,kan_rerun3
kan_rerun3_fold2_idx22,2,1.0,0.8813751935958862,aaronfeller_PeptideMLM-MTR_lg,kan_rerun3
kan_rerun3_fold2_idx23,2,0.0,0.0720745325088501,aaronfeller_PeptideMLM-MTR_lg,kan_rerun3
kan_rerun3_fold2_idx24,2,0.0,0.1329667866230011,aaronfeller_PeptideMLM-MTR_lg,kan_rerun3
kan_rerun3_fold2_idx25,2,0.0,0.0264054480940103,aaronfeller_PeptideMLM-MTR_lg,kan_rerun3
kan_rerun3_fold2_idx26,2,0.0,0.0003881299344357,aaronfeller_PeptideMLM-MTR_lg,kan_rerun3
kan_rerun3_fold2_idx27,2,0.0,0.2232983708381652,aaronfeller_PeptideMLM-MTR_lg,kan_rerun3
kan_rerun3_fold2_idx28,2,0.0,0.1697361171245575,aaronfeller_PeptideMLM-MTR_lg,kan_rerun3
kan_rerun3_fold2_idx29,2,1.0,0.1790405213832855,aaronfeller_PeptideMLM-MTR_lg,kan_rerun3
kan_rerun3_fold2_idx30,2,0.0,0.0159999094903469,aaronfeller_PeptideMLM-MTR_lg,kan_rerun3
kan_rerun3_fold2_idx31,2,0.0,0.1470899730920791,aaronfeller_PeptideMLM-MTR_lg,kan_rerun3
kan_rerun3_fold2_idx32,2,0.0,0.0334767028689384,aaronfeller_PeptideMLM-MTR_lg,kan_rerun3
kan_rerun3_fold2_idx33,2,0.0,0.0021786792203783,aaronfeller_PeptideMLM-MTR_lg,kan_rerun3
kan_rerun3_fold2_idx34,2,0.0,0.0033767407294362,aaronfeller_PeptideMLM-MTR_lg,kan_rerun3
kan_rerun3_fold2_idx35,2,0.0,0.7842655777931213,aaronfeller_PeptideMLM-MTR_lg,kan_rerun3
kan_rerun3_fold2_idx36,2,0.0,0.0015145923243835,aaronfeller_PeptideMLM-MTR_lg,kan_rerun3
kan_rerun3_fold2_idx37,2,0.0,0.0022761414293199,aaronfeller_PeptideMLM-MTR_lg,kan_rerun3
kan_rerun3_fold2_idx38,2,0.0,0.0016256138915196,aaronfeller_PeptideMLM-MTR_lg,kan_rerun3
kan_rerun3_fold2_idx39,2,0.0,0.0041368859820067,aaronfeller_PeptideMLM-MTR_lg,kan_rerun3
kan_rerun3_fold2_idx40,2,0.0,0.0148897785693407,aaronfeller_PeptideMLM-MTR_lg,kan_rerun3
kan_rerun3_fold2_idx41,2,0.0,0.1284652799367904,aaronfeller_PeptideMLM-MTR_lg,kan_rerun3
kan_rerun3_fold2_idx42,2,0.0,0.0033269657287746,aaronfeller_PeptideMLM-MTR_lg,kan_rerun3
kan_rerun3_fold2_idx43,2,0.0,0.0394889302551746,aaronfeller_PeptideMLM-MTR_lg,kan_rerun3
kan_rerun3_fold2_idx44,2,1.0,0.853293776512146,aaronfeller_PeptideMLM-MTR_lg,kan_rerun3
kan_rerun3_fold2_idx45,2,1.0,0.8850480318069458,aaronfeller_PeptideMLM-MTR_lg,kan_rerun3
kan_rerun3_fold2_idx46,2,1.0,0.8122856020927429,aaronfeller_PeptideMLM-MTR_lg,kan_rerun3
kan_rerun3_fold2_idx47,2,0.0,0.1977151483297348,aaronfeller_PeptideMLM-MTR_lg,kan_rerun3
kan_rerun3_fold2_idx48,2,0.0,0.1117387861013412,aaronfeller_PeptideMLM-MTR_lg,kan_rerun3
kan_rerun3_fold2_idx49,2,0.0,0.0006187549442984,aaronfeller_PeptideMLM-MTR_lg,kan_rerun3
kan_rerun3_fold2_idx50,2,0.0,0.1269255876541137,aaronfeller_PeptideMLM-MTR_lg,kan_rerun3
kan_rerun3_fold2_idx51,2,0.0,0.7999135851860046,aaronfeller_PeptideMLM-MTR_lg,kan_rerun3
kan_rerun3_fold2_idx52,2,0.0,0.0001823266211431,aaronfeller_PeptideMLM-MTR_lg,kan_rerun3
kan_rerun3_fold2_idx53,2,1.0,0.9928216338157654,aaronfeller_PeptideMLM-MTR_lg,kan_rerun3
kan_rerun3_fold2_idx54,2,1.0,0.992915153503418,aaronfeller_PeptideMLM-MTR_lg,kan_rerun3
kan_rerun3_fold2_idx55,2,1.0,0.9162169098854064,aaronfeller_PeptideMLM-MTR_lg,kan_rerun3
kan_rerun3_fold2_idx56,2,0.0,0.0003436751139815,aaronfeller_PeptideMLM-MTR_lg,kan_rerun3
kan_rerun3_fold2_idx57,2,1.0,0.9436442852020264,aaronfeller_PeptideMLM-MTR_lg,kan_rerun3
kan_rerun3_fold2_idx58,2,0.0,0.0027785643469542,aaronfeller_PeptideMLM-MTR_lg,kan_rerun3
kan_rerun3_fold2_idx59,2,1.0,0.9999969005584716,aaronfeller_PeptideMLM-MTR_lg,kan_rerun3
kan_rerun3_fold2_idx60,2,0.0,7.281634316314012e-05,aaronfeller_PeptideMLM-MTR_lg,kan_rerun3
kan_rerun3_fold2_idx61,2,0.0,0.0017464910633862,aaronfeller_PeptideMLM-MTR_lg,kan_rerun3
kan_rerun3_fold2_idx62,2,1.0,0.4128969311714172,aaronfeller_PeptideMLM-MTR_lg,kan_rerun3
kan_rerun3_fold2_idx63,2,0.0,0.7650725245475769,aaronfeller_PeptideMLM-MTR_lg,kan_rerun3
kan_rerun3_fold3_idx0,3,0.0,0.0002182678726967,aaronfeller_PeptideMLM-MTR_lg,kan_rerun3
kan_rerun3_fold3_idx1,3,0.0,0.9138550162315368,aaronfeller_PeptideMLM-MTR_lg,kan_rerun3
kan_rerun3_fold3_idx2,3,0.0,0.0004404173232614,aaronfeller_PeptideMLM-MTR_lg,kan_rerun3
kan_rerun3_fold3_idx3,3,0.0,0.0004201329720672,aaronfeller_PeptideMLM-MTR_lg,kan_rerun3
kan_rerun3_fold3_idx4,3,0.0,0.7992385625839233,aaronfeller_PeptideMLM-MTR_lg,kan_rerun3
kan_rerun3_fold3_idx5,3,0.0,0.0069741406477987,aaronfeller_PeptideMLM-MTR_lg,kan_rerun3
kan_rerun3_fold3_idx6,3,0.0,0.2484055012464523,aaronfeller_PeptideMLM-MTR_lg,kan_rerun3
kan_rerun3_fold3_idx7,3,1.0,0.0347497537732124,aaronfeller_PeptideMLM-MTR_lg,kan_rerun3
kan_rerun3_fold3_idx8,3,1.0,0.9993709921836852,aaronfeller_PeptideMLM-MTR_lg,kan_rerun3
kan_rerun3_fold3_idx9,3,1.0,0.3234556019306183,aaronfeller_PeptideMLM-MTR_lg,kan_rerun3
kan_rerun3_fold3_idx10,3,1.0,0.9999440908432008,aaronfeller_PeptideMLM-MTR_lg,kan_rerun3
kan_rerun3_fold3_idx11,3,1.0,0.9999998807907104,aaronfeller_PeptideMLM-MTR_lg,kan_rerun3
kan_rerun3_fold3_idx12,3,0.0,0.0001733964309096,aaronfeller_PeptideMLM-MTR_lg,kan_rerun3
kan_rerun3_fold3_idx13,3,1.0,0.780174732208252,aaronfeller_PeptideMLM-MTR_lg,kan_rerun3
kan_rerun3_fold3_idx14,3,1.0,0.9991320967674256,aaronfeller_PeptideMLM-MTR_lg,kan_rerun3
kan_rerun3_fold3_idx15,3,1.0,0.5435513257980347,aaronfeller_PeptideMLM-MTR_lg,kan_rerun3
kan_rerun3_fold3_idx16,3,0.0,0.0039427503943443,aaronfeller_PeptideMLM-MTR_lg,kan_rerun3
kan_rerun3_fold3_idx17,3,1.0,0.7995182871818542,aaronfeller_PeptideMLM-MTR_lg,kan_rerun3
kan_rerun3_fold3_idx18,3,1.0,0.9789056777954102,aaronfeller_PeptideMLM-MTR_lg,kan_rerun3
kan_rerun3_fold3_idx19,3,1.0,0.997982144355774,aaronfeller_PeptideMLM-MTR_lg,kan_rerun3
kan_rerun3_fold3_idx20,3,1.0,0.8181838393211365,aaronfeller_PeptideMLM-MTR_lg,kan_rerun3
kan_rerun3_fold3_idx21,3,0.0,0.0144035499542951,aaronfeller_PeptideMLM-MTR_lg,kan_rerun3
kan_rerun3_fold3_idx22,3,1.0,0.004515666514635,aaronfeller_PeptideMLM-MTR_lg,kan_rerun3
kan_rerun3_fold3_idx23,3,1.0,0.7948936223983765,aaronfeller_PeptideMLM-MTR_lg,kan_rerun3
kan_rerun3_fold3_idx24,3,0.0,0.7666696310043335,aaronfeller_PeptideMLM-MTR_lg,kan_rerun3
kan_rerun3_fold3_idx25,3,1.0,0.9999996423721312,aaronfeller_PeptideMLM-MTR_lg,kan_rerun3
kan_rerun3_fold3_idx26,3,1.0,0.8491902947425842,aaronfeller_PeptideMLM-MTR_lg,kan_rerun3
kan_rerun3_fold3_idx27,3,1.0,0.6273015141487122,aaronfeller_PeptideMLM-MTR_lg,kan_rerun3
kan_rerun3_fold3_idx28,3,1.0,0.7936062812805176,aaronfeller_PeptideMLM-MTR_lg,kan_rerun3
kan_rerun3_fold3_idx29,3,0.0,0.021416800096631,aaronfeller_PeptideMLM-MTR_lg,kan_rerun3
kan_rerun3_fold3_idx30,3,0.0,0.0001345573546132,aaronfeller_PeptideMLM-MTR_lg,kan_rerun3
kan_rerun3_fold3_idx31,3,0.0,0.0825330913066864,aaronfeller_PeptideMLM-MTR_lg,kan_rerun3
kan_rerun3_fold3_idx32,3,0.0,0.000301792868413,aaronfeller_PeptideMLM-MTR_lg,kan_rerun3
kan_rerun3_fold3_idx33,3,0.0,0.0579953305423259,aaronfeller_PeptideMLM-MTR_lg,kan_rerun3
kan_rerun3_fold3_idx34,3,0.0,0.0380095839500427,aaronfeller_PeptideMLM-MTR_lg,kan_rerun3
kan_rerun3_fold3_idx35,3,0.0,0.1876531243324279,aaronfeller_PeptideMLM-MTR_lg,kan_rerun3
kan_rerun3_fold3_idx36,3,0.0,0.0005151738296262,aaronfeller_PeptideMLM-MTR_lg,kan_rerun3
kan_rerun3_fold3_idx37,3,0.0,0.0046405331231653,aaronfeller_PeptideMLM-MTR_lg,kan_rerun3
kan_rerun3_fold3_idx38,3,1.0,0.9853362441062928,aaronfeller_PeptideMLM-MTR_lg,kan_rerun3
kan_rerun3_fold3_idx39,3,1.0,0.9919934272766112,aaronfeller_PeptideMLM-MTR_lg,kan_rerun3
kan_rerun3_fold3_idx40,3,1.0,0.9932504892349244,aaronfeller_PeptideMLM-MTR_lg,kan_rerun3
kan_rerun3_fold3_idx41,3,1.0,0.9999006986618042,aaronfeller_PeptideMLM-MTR_lg,kan_rerun3
kan_rerun3_fold3_idx42,3,0.0,0.0202015992254018,aaronfeller_PeptideMLM-MTR_lg,kan_rerun3
kan_rerun3_fold3_idx43,3,1.0,0.7482072710990906,aaronfeller_PeptideMLM-MTR_lg,kan_rerun3
kan_rerun3_fold3_idx44,3,1.0,0.9258342385292052,aaronfeller_PeptideMLM-MTR_lg,kan_rerun3
kan_rerun3_fold3_idx45,3,1.0,0.9111196994781494,aaronfeller_PeptideMLM-MTR_lg,kan_rerun3
kan_rerun3_fold3_idx46,3,0.0,0.1218496561050415,aaronfeller_PeptideMLM-MTR_lg,kan_rerun3
kan_rerun3_fold3_idx47,3,1.0,0.949415385723114,aaronfeller_PeptideMLM-MTR_lg,kan_rerun3
kan_rerun3_fold3_idx48,3,0.0,0.863663375377655,aaronfeller_PeptideMLM-MTR_lg,kan_rerun3
kan_rerun3_fold3_idx49,3,1.0,0.760747492313385,aaronfeller_PeptideMLM-MTR_lg,kan_rerun3
kan_rerun3_fold3_idx50,3,0.0,0.0014983966248109,aaronfeller_PeptideMLM-MTR_lg,kan_rerun3
kan_rerun3_fold3_idx51,3,0.0,0.0002225633652415,aaronfeller_PeptideMLM-MTR_lg,kan_rerun3
kan_rerun3_fold3_idx52,3,0.0,0.2041763216257095,aaronfeller_PeptideMLM-MTR_lg,kan_rerun3
kan_rerun3_fold3_idx53,3,0.0,0.219256043434143,aaronfeller_PeptideMLM-MTR_lg,kan_rerun3
kan_rerun3_fold3_idx54,3,1.0,0.997738242149353,aaronfeller_PeptideMLM-MTR_lg,kan_rerun3
kan_rerun3_fold3_idx55,3,0.0,0.0010260454146191,aaronfeller_PeptideMLM-MTR_lg,kan_rerun3
kan_rerun3_fold3_idx56,3,1.0,0.9999027252197266,aaronfeller_PeptideMLM-MTR_lg,kan_rerun3
kan_rerun3_fold3_idx57,3,1.0,0.9994223117828368,aaronfeller_PeptideMLM-MTR_lg,kan_rerun3
kan_rerun3_fold3_idx58,3,1.0,0.9551754593849182,aaronfeller_PeptideMLM-MTR_lg,kan_rerun3
kan_rerun3_fold3_idx59,3,0.0,0.0918911024928093,aaronfeller_PeptideMLM-MTR_lg,kan_rerun3
kan_rerun3_fold3_idx60,3,0.0,0.2550063133239746,aaronfeller_PeptideMLM-MTR_lg,kan_rerun3
kan_rerun3_fold3_idx61,3,0.0,0.0540347397327423,aaronfeller_PeptideMLM-MTR_lg,kan_rerun3
kan_rerun3_fold3_idx62,3,1.0,0.9395304322242736,aaronfeller_PeptideMLM-MTR_lg,kan_rerun3
kan_rerun3_fold3_idx63,3,0.0,0.0036071559879928,aaronfeller_PeptideMLM-MTR_lg,kan_rerun3
kan_rerun3_fold4_idx0,4,0.0,0.000718657800462,aaronfeller_PeptideMLM-MTR_lg,kan_rerun3
kan_rerun3_fold4_idx1,4,1.0,0.9519385099411012,aaronfeller_PeptideMLM-MTR_lg,kan_rerun3
kan_rerun3_fold4_idx2,4,0.0,0.0046238698996603,aaronfeller_PeptideMLM-MTR_lg,kan_rerun3
kan_rerun3_fold4_idx3,4,0.0,0.1397964507341385,aaronfeller_PeptideMLM-MTR_lg,kan_rerun3
kan_rerun3_fold4_idx4,4,0.0,0.4895758628845215,aaronfeller_PeptideMLM-MTR_lg,kan_rerun3
kan_rerun3_fold4_idx5,4,1.0,0.9532422423362732,aaronfeller_PeptideMLM-MTR_lg,kan_rerun3
kan_rerun3_fold4_idx6,4,1.0,0.946980595588684,aaronfeller_PeptideMLM-MTR_lg,kan_rerun3
kan_rerun3_fold4_idx7,4,1.0,0.4376747906208038,aaronfeller_PeptideMLM-MTR_lg,kan_rerun3
kan_rerun3_fold4_idx8,4,0.0,0.0110997576266527,aaronfeller_PeptideMLM-MTR_lg,kan_rerun3
kan_rerun3_fold4_idx9,4,0.0,0.0370590277016162,aaronfeller_PeptideMLM-MTR_lg,kan_rerun3
kan_rerun3_fold4_idx10,4,0.0,0.0167893152683973,aaronfeller_PeptideMLM-MTR_lg,kan_rerun3
kan_rerun3_fold4_idx11,4,1.0,0.938113272190094,aaronfeller_PeptideMLM-MTR_lg,kan_rerun3
kan_rerun3_fold4_idx12,4,0.0,0.98292875289917,aaronfeller_PeptideMLM-MTR_lg,kan_rerun3
kan_rerun3_fold4_idx13,4,1.0,0.0830449983477592,aaronfeller_PeptideMLM-MTR_lg,kan_rerun3
kan_rerun3_fold4_idx14,4,0.0,0.6438319683074951,aaronfeller_PeptideMLM-MTR_lg,kan_rerun3
kan_rerun3_fold4_idx15,4,1.0,0.0011144886957481,aaronfeller_PeptideMLM-MTR_lg,kan_rerun3
kan_rerun3_fold4_idx16,4,1.0,0.8479352593421936,aaronfeller_PeptideMLM-MTR_lg,kan_rerun3
kan_rerun3_fold4_idx17,4,1.0,0.9944130778312684,aaronfeller_PeptideMLM-MTR_lg,kan_rerun3
kan_rerun3_fold4_idx18,4,1.0,0.9910699129104614,aaronfeller_PeptideMLM-MTR_lg,kan_rerun3
kan_rerun3_fold4_idx19,4,0.0,0.2923874258995056,aaronfeller_PeptideMLM-MTR_lg,kan_rerun3
kan_rerun3_fold4_idx20,4,1.0,0.7544713616371155,aaronfeller_PeptideMLM-MTR_lg,kan_rerun3
kan_rerun3_fold4_idx21,4,0.0,0.0076566385105252,aaronfeller_PeptideMLM-MTR_lg,kan_rerun3
kan_rerun3_fold4_idx22,4,0.0,0.0962500125169754,aaronfeller_PeptideMLM-MTR_lg,kan_rerun3
kan_rerun3_fold4_idx23,4,0.0,0.100225955247879,aaronfeller_PeptideMLM-MTR_lg,kan_rerun3
kan_rerun3_fold4_idx24,4,1.0,0.9779205322265624,aaronfeller_PeptideMLM-MTR_lg,kan_rerun3
kan_rerun3_fold4_idx25,4,1.0,0.4648949801921844,aaronfeller_PeptideMLM-MTR_lg,kan_rerun3
kan_rerun3_fold4_idx26,4,1.0,0.9982421398162842,aaronfeller_PeptideMLM-MTR_lg,kan_rerun3
kan_rerun3_fold4_idx27,4,1.0,0.0005023836274631,aaronfeller_PeptideMLM-MTR_lg,kan_rerun3
kan_rerun3_fold4_idx28,4,0.0,0.0258112512528896,aaronfeller_PeptideMLM-MTR_lg,kan_rerun3
kan_rerun3_fold4_idx29,4,0.0,0.0317452698945999,aaronfeller_PeptideMLM-MTR_lg,kan_rerun3
kan_rerun3_fold4_idx30,4,0.0,0.9555124044418336,aaronfeller_PeptideMLM-MTR_lg,kan_rerun3
kan_rerun3_fold4_idx31,4,0.0,0.9394546747207642,aaronfeller_PeptideMLM-MTR_lg,kan_rerun3
kan_rerun3_fold4_idx32,4,0.0,0.0001662294962443,aaronfeller_PeptideMLM-MTR_lg,kan_rerun3
kan_rerun3_fold4_idx33,4,0.0,0.8263237476348877,aaronfeller_PeptideMLM-MTR_lg,kan_rerun3
kan_rerun3_fold4_idx34,4,1.0,0.8916151523590088,aaronfeller_PeptideMLM-MTR_lg,kan_rerun3
kan_rerun3_fold4_idx35,4,1.0,0.9934970140457152,aaronfeller_PeptideMLM-MTR_lg,kan_rerun3
kan_rerun3_fold4_idx36,4,0.0,0.0667405948042869,aaronfeller_PeptideMLM-MTR_lg,kan_rerun3
kan_rerun3_fold4_idx37,4,0.0,0.4361909627914428,aaronfeller_PeptideMLM-MTR_lg,kan_rerun3
kan_rerun3_fold4_idx38,4,1.0,0.4548484981060028,aaronfeller_PeptideMLM-MTR_lg,kan_rerun3
kan_rerun3_fold4_idx39,4,0.0,0.0018797197844833,aaronfeller_PeptideMLM-MTR_lg,kan_rerun3
kan_rerun3_fold4_idx40,4,0.0,0.2489504367113113,aaronfeller_PeptideMLM-MTR_lg,kan_rerun3
kan_rerun3_fold4_idx41,4,0.0,0.0554923266172409,aaronfeller_PeptideMLM-MTR_lg,kan_rerun3
kan_rerun3_fold4_idx42,4,1.0,0.4880173206329345,aaronfeller_PeptideMLM-MTR_lg,kan_rerun3
kan_rerun3_fold4_idx43,4,1.0,0.5256375670433044,aaronfeller_PeptideMLM-MTR_lg,kan_rerun3
kan_rerun3_fold4_idx44,4,0.0,0.0002066164306597,aaronfeller_PeptideMLM-MTR_lg,kan_rerun3
kan_rerun3_fold4_idx45,4,0.0,0.0085241897031664,aaronfeller_PeptideMLM-MTR_lg,kan_rerun3
kan_rerun3_fold4_idx46,4,1.0,0.0149606699123978,aaronfeller_PeptideMLM-MTR_lg,kan_rerun3
kan_rerun3_fold4_idx47,4,0.0,0.6767899990081787,aaronfeller_PeptideMLM-MTR_lg,kan_rerun3
kan_rerun3_fold4_idx48,4,1.0,0.8242741823196411,aaronfeller_PeptideMLM-MTR_lg,kan_rerun3
kan_rerun3_fold4_idx49,4,1.0,0.5151158571243286,aaronfeller_PeptideMLM-MTR_lg,kan_rerun3
kan_rerun3_fold4_idx50,4,1.0,0.9528462886810304,aaronfeller_PeptideMLM-MTR_lg,kan_rerun3
kan_rerun3_fold4_idx51,4,0.0,0.0106405420228838,aaronfeller_PeptideMLM-MTR_lg,kan_rerun3
kan_rerun3_fold4_idx52,4,0.0,0.8734990358352661,aaronfeller_PeptideMLM-MTR_lg,kan_rerun3
kan_rerun3_fold4_idx53,4,0.0,0.927317440509796,aaronfeller_PeptideMLM-MTR_lg,kan_rerun3
kan_rerun3_fold4_idx54,4,1.0,0.999995231628418,aaronfeller_PeptideMLM-MTR_lg,kan_rerun3
kan_rerun3_fold4_idx55,4,0.0,0.0088897757232189,aaronfeller_PeptideMLM-MTR_lg,kan_rerun3
kan_rerun3_fold4_idx56,4,1.0,0.7498844861984253,aaronfeller_PeptideMLM-MTR_lg,kan_rerun3
kan_rerun3_fold4_idx57,4,0.0,0.0001780297607183,aaronfeller_PeptideMLM-MTR_lg,kan_rerun3
kan_rerun3_fold4_idx58,4,1.0,0.2653822004795074,aaronfeller_PeptideMLM-MTR_lg,kan_rerun3
kan_rerun3_fold4_idx59,4,0.0,0.4046002626419067,aaronfeller_PeptideMLM-MTR_lg,kan_rerun3
kan_rerun3_fold4_idx60,4,1.0,0.9073640704154968,aaronfeller_PeptideMLM-MTR_lg,kan_rerun3
kan_rerun3_fold4_idx61,4,1.0,0.9943748712539672,aaronfeller_PeptideMLM-MTR_lg,kan_rerun3
kan_rerun3_fold4_idx62,4,1.0,0.2371388077735901,aaronfeller_PeptideMLM-MTR_lg,kan_rerun3
kan_rerun3_fold4_idx63,4,1.0,0.1689472049474716,aaronfeller_PeptideMLM-MTR_lg,kan_rerun3
kan_rerun3_fold5_idx0,5,1.0,0.9036126732826232,aaronfeller_PeptideMLM-MTR_lg,kan_rerun3
kan_rerun3_fold5_idx1,5,1.0,0.998794436454773,aaronfeller_PeptideMLM-MTR_lg,kan_rerun3
kan_rerun3_fold5_idx2,5,0.0,0.0007631086045876,aaronfeller_PeptideMLM-MTR_lg,kan_rerun3
kan_rerun3_fold5_idx3,5,0.0,0.0039275125600397,aaronfeller_PeptideMLM-MTR_lg,kan_rerun3
kan_rerun3_fold5_idx4,5,0.0,0.0034091447014361,aaronfeller_PeptideMLM-MTR_lg,kan_rerun3
kan_rerun3_fold5_idx5,5,0.0,0.3885024785995483,aaronfeller_PeptideMLM-MTR_lg,kan_rerun3
kan_rerun3_fold5_idx6,5,1.0,0.995276689529419,aaronfeller_PeptideMLM-MTR_lg,kan_rerun3
kan_rerun3_fold5_idx7,5,0.0,0.0036106330808252,aaronfeller_PeptideMLM-MTR_lg,kan_rerun3
kan_rerun3_fold5_idx8,5,1.0,0.6469280123710632,aaronfeller_PeptideMLM-MTR_lg,kan_rerun3
kan_rerun3_fold5_idx9,5,0.0,0.0619720481336116,aaronfeller_PeptideMLM-MTR_lg,kan_rerun3
kan_rerun3_fold5_idx10,5,0.0,0.9875975251197816,aaronfeller_PeptideMLM-MTR_lg,kan_rerun3
kan_rerun3_fold5_idx11,5,1.0,0.0001739402359817,aaronfeller_PeptideMLM-MTR_lg,kan_rerun3
kan_rerun3_fold5_idx12,5,0.0,0.1930512338876724,aaronfeller_PeptideMLM-MTR_lg,kan_rerun3
kan_rerun3_fold5_idx13,5,1.0,0.9985694885253906,aaronfeller_PeptideMLM-MTR_lg,kan_rerun3
kan_rerun3_fold5_idx14,5,0.0,0.4709014296531677,aaronfeller_PeptideMLM-MTR_lg,kan_rerun3
kan_rerun3_fold5_idx15,5,1.0,0.999984860420227,aaronfeller_PeptideMLM-MTR_lg,kan_rerun3
kan_rerun3_fold5_idx16,5,1.0,0.948525846004486,aaronfeller_PeptideMLM-MTR_lg,kan_rerun3
kan_rerun3_fold5_idx17,5,0.0,0.2847269475460052,aaronfeller_PeptideMLM-MTR_lg,kan_rerun3
kan_rerun3_fold5_idx18,5,1.0,0.9894835352897644,aaronfeller_PeptideMLM-MTR_lg,kan_rerun3
kan_rerun3_fold5_idx19,5,1.0,0.6461383104324341,aaronfeller_PeptideMLM-MTR_lg,kan_rerun3
kan_rerun3_fold5_idx20,5,0.0,0.004696310032159,aaronfeller_PeptideMLM-MTR_lg,kan_rerun3
kan_rerun3_fold5_idx21,5,0.0,0.0254842825233936,aaronfeller_PeptideMLM-MTR_lg,kan_rerun3
kan_rerun3_fold5_idx22,5,0.0,0.5667678713798523,aaronfeller_PeptideMLM-MTR_lg,kan_rerun3
kan_rerun3_fold5_idx23,5,0.0,0.475164532661438,aaronfeller_PeptideMLM-MTR_lg,kan_rerun3
kan_rerun3_fold5_idx24,5,1.0,0.5224055647850037,aaronfeller_PeptideMLM-MTR_lg,kan_rerun3
kan_rerun3_fold5_idx25,5,0.0,0.0053105652332305,aaronfeller_PeptideMLM-MTR_lg,kan_rerun3
kan_rerun3_fold5_idx26,5,1.0,0.9817558526992798,aaronfeller_PeptideMLM-MTR_lg,kan_rerun3
kan_rerun3_fold5_idx27,5,0.0,0.0046510621905326,aaronfeller_PeptideMLM-MTR_lg,kan_rerun3
kan_rerun3_fold5_idx28,5,0.0,0.00053158972878,aaronfeller_PeptideMLM-MTR_lg,kan_rerun3
kan_rerun3_fold5_idx29,5,0.0,0.0527243763208389,aaronfeller_PeptideMLM-MTR_lg,kan_rerun3
kan_rerun3_fold5_idx30,5,1.0,0.4090870320796966,aaronfeller_PeptideMLM-MTR_lg,kan_rerun3
kan_rerun3_fold5_idx31,5,0.0,0.450256198644638,aaronfeller_PeptideMLM-MTR_lg,kan_rerun3
kan_rerun3_fold5_idx32,5,1.0,8.512511726621597e-07,aaronfeller_PeptideMLM-MTR_lg,kan_rerun3
kan_rerun3_fold5_idx33,5,0.0,0.0023918983060866,aaronfeller_PeptideMLM-MTR_lg,kan_rerun3
kan_rerun3_fold5_idx34,5,1.0,0.9993133544921876,aaronfeller_PeptideMLM-MTR_lg,kan_rerun3
kan_rerun3_fold5_idx35,5,0.0,0.0038569278549402,aaronfeller_PeptideMLM-MTR_lg,kan_rerun3
kan_rerun3_fold5_idx36,5,0.0,0.0016409585950896,aaronfeller_PeptideMLM-MTR_lg,kan_rerun3
kan_rerun3_fold5_idx37,5,0.0,0.0001005580561468,aaronfeller_PeptideMLM-MTR_lg,kan_rerun3
kan_rerun3_fold5_idx38,5,0.0,0.0002221698669018,aaronfeller_PeptideMLM-MTR_lg,kan_rerun3
kan_rerun3_fold5_idx39,5,0.0,0.0001039299022522,aaronfeller_PeptideMLM-MTR_lg,kan_rerun3
kan_rerun3_fold5_idx40,5,0.0,0.00103473092895,aaronfeller_PeptideMLM-MTR_lg,kan_rerun3
kan_rerun3_fold5_idx41,5,0.0,0.4924968481063843,aaronfeller_PeptideMLM-MTR_lg,kan_rerun3
kan_rerun3_fold5_idx42,5,0.0,0.0031565632671117,aaronfeller_PeptideMLM-MTR_lg,kan_rerun3
kan_rerun3_fold5_idx43,5,1.0,0.6739204525947571,aaronfeller_PeptideMLM-MTR_lg,kan_rerun3
kan_rerun3_fold5_idx44,5,1.0,0.3676404356956482,aaronfeller_PeptideMLM-MTR_lg,kan_rerun3
kan_rerun3_fold5_idx45,5,0.0,0.4092080593109131,aaronfeller_PeptideMLM-MTR_lg,kan_rerun3
kan_rerun3_fold5_idx46,5,1.0,0.9866913557052612,aaronfeller_PeptideMLM-MTR_lg,kan_rerun3
kan_rerun3_fold5_idx47,5,1.0,0.9990943670272828,aaronfeller_PeptideMLM-MTR_lg,kan_rerun3
kan_rerun3_fold5_idx48,5,1.0,0.8765739798545837,aaronfeller_PeptideMLM-MTR_lg,kan_rerun3
kan_rerun3_fold5_idx49,5,1.0,0.9999796152114868,aaronfeller_PeptideMLM-MTR_lg,kan_rerun3
kan_rerun3_fold5_idx50,5,0.0,0.829504668712616,aaronfeller_PeptideMLM-MTR_lg,kan_rerun3
kan_rerun3_fold5_idx51,5,0.0,0.4444522559642792,aaronfeller_PeptideMLM-MTR_lg,kan_rerun3
kan_rerun3_fold5_idx52,5,1.0,0.8513081073760986,aaronfeller_PeptideMLM-MTR_lg,kan_rerun3
kan_rerun3_fold5_idx53,5,0.0,0.0001339957816526,aaronfeller_PeptideMLM-MTR_lg,kan_rerun3
kan_rerun3_fold5_idx54,5,0.0,1.4626600375322596e-07,aaronfeller_PeptideMLM-MTR_lg,kan_rerun3
kan_rerun3_fold5_idx55,5,0.0,0.0541884861886501,aaronfeller_PeptideMLM-MTR_lg,kan_rerun3
kan_rerun3_fold5_idx56,5,1.0,0.9678339958190918,aaronfeller_PeptideMLM-MTR_lg,kan_rerun3
kan_rerun3_fold5_idx57,5,0.0,0.0475834533572196,aaronfeller_PeptideMLM-MTR_lg,kan_rerun3
kan_rerun3_fold5_idx58,5,1.0,0.999680757522583,aaronfeller_PeptideMLM-MTR_lg,kan_rerun3
kan_rerun3_fold5_idx59,5,0.0,0.008618650957942,aaronfeller_PeptideMLM-MTR_lg,kan_rerun3
kan_rerun3_fold5_idx60,5,0.0,0.0729747042059898,aaronfeller_PeptideMLM-MTR_lg,kan_rerun3
kan_rerun3_fold5_idx61,5,0.0,0.151151031255722,aaronfeller_PeptideMLM-MTR_lg,kan_rerun3
kan_rerun3_fold5_idx62,5,0.0,0.9506394863128662,aaronfeller_PeptideMLM-MTR_lg,kan_rerun3
kan_rerun3_fold5_idx63,5,0.0,0.0078644566237926,aaronfeller_PeptideMLM-MTR_lg,kan_rerun3
kan_rerun3_fold6_idx0,6,0.0,0.0180837996304035,aaronfeller_PeptideMLM-MTR_lg,kan_rerun3
kan_rerun3_fold6_idx1,6,0.0,0.0552989542484283,aaronfeller_PeptideMLM-MTR_lg,kan_rerun3
kan_rerun3_fold6_idx2,6,0.0,0.8060334920883179,aaronfeller_PeptideMLM-MTR_lg,kan_rerun3
kan_rerun3_fold6_idx3,6,0.0,4.88734440295957e-05,aaronfeller_PeptideMLM-MTR_lg,kan_rerun3
kan_rerun3_fold6_idx4,6,0.0,0.0014558988623321,aaronfeller_PeptideMLM-MTR_lg,kan_rerun3
kan_rerun3_fold6_idx5,6,0.0,1.592001717654057e-05,aaronfeller_PeptideMLM-MTR_lg,kan_rerun3
kan_rerun3_fold6_idx6,6,1.0,0.9957276582717896,aaronfeller_PeptideMLM-MTR_lg,kan_rerun3
kan_rerun3_fold6_idx7,6,0.0,0.0021119215525686,aaronfeller_PeptideMLM-MTR_lg,kan_rerun3
kan_rerun3_fold6_idx8,6,1.0,0.9356181025505066,aaronfeller_PeptideMLM-MTR_lg,kan_rerun3
kan_rerun3_fold6_idx9,6,0.0,8.804212825452851e-07,aaronfeller_PeptideMLM-MTR_lg,kan_rerun3
kan_rerun3_fold6_idx10,6,1.0,0.9810195565223694,aaronfeller_PeptideMLM-MTR_lg,kan_rerun3
kan_rerun3_fold6_idx11,6,0.0,0.000768227444496,aaronfeller_PeptideMLM-MTR_lg,kan_rerun3
kan_rerun3_fold6_idx12,6,0.0,1.408345178788295e-05,aaronfeller_PeptideMLM-MTR_lg,kan_rerun3
kan_rerun3_fold6_idx13,6,1.0,0.9980260133743286,aaronfeller_PeptideMLM-MTR_lg,kan_rerun3
kan_rerun3_fold6_idx14,6,0.0,0.127906396985054,aaronfeller_PeptideMLM-MTR_lg,kan_rerun3
kan_rerun3_fold6_idx15,6,0.0,0.0005810163565911,aaronfeller_PeptideMLM-MTR_lg,kan_rerun3
kan_rerun3_fold6_idx16,6,0.0,0.1046805307269096,aaronfeller_PeptideMLM-MTR_lg,kan_rerun3
kan_rerun3_fold6_idx17,6,1.0,0.9969094395637512,aaronfeller_PeptideMLM-MTR_lg,kan_rerun3
kan_rerun3_fold6_idx18,6,1.0,0.9961993098258972,aaronfeller_PeptideMLM-MTR_lg,kan_rerun3
kan_rerun3_fold6_idx19,6,0.0,0.2591361999511719,aaronfeller_PeptideMLM-MTR_lg,kan_rerun3
kan_rerun3_fold6_idx20,6,0.0,0.1281234174966812,aaronfeller_PeptideMLM-MTR_lg,kan_rerun3
kan_rerun3_fold6_idx21,6,1.0,0.7988343834877014,aaronfeller_PeptideMLM-MTR_lg,kan_rerun3
kan_rerun3_fold6_idx22,6,1.0,0.9754208922386168,aaronfeller_PeptideMLM-MTR_lg,kan_rerun3
kan_rerun3_fold6_idx23,6,0.0,0.0007607783190906,aaronfeller_PeptideMLM-MTR_lg,kan_rerun3
kan_rerun3_fold6_idx24,6,1.0,0.9727984070777892,aaronfeller_PeptideMLM-MTR_lg,kan_rerun3
kan_rerun3_fold6_idx25,6,1.0,0.5407401323318481,aaronfeller_PeptideMLM-MTR_lg,kan_rerun3
kan_rerun3_fold6_idx26,6,1.0,7.089489372447133e-05,aaronfeller_PeptideMLM-MTR_lg,kan_rerun3
kan_rerun3_fold6_idx27,6,0.0,0.0004572653851937,aaronfeller_PeptideMLM-MTR_lg,kan_rerun3
kan_rerun3_fold6_idx28,6,1.0,0.996744990348816,aaronfeller_PeptideMLM-MTR_lg,kan_rerun3
kan_rerun3_fold6_idx29,6,1.0,0.8914997577667236,aaronfeller_PeptideMLM-MTR_lg,kan_rerun3
kan_rerun3_fold6_idx30,6,0.0,0.010997143574059,aaronfeller_PeptideMLM-MTR_lg,kan_rerun3
kan_rerun3_fold6_idx31,6,1.0,0.9968594312667848,aaronfeller_PeptideMLM-MTR_lg,kan_rerun3
kan_rerun3_fold6_idx32,6,0.0,0.5576318502426147,aaronfeller_PeptideMLM-MTR_lg,kan_rerun3
kan_rerun3_fold6_idx33,6,1.0,0.6740095019340515,aaronfeller_PeptideMLM-MTR_lg,kan_rerun3
kan_rerun3_fold6_idx34,6,0.0,0.0006783781573176,aaronfeller_PeptideMLM-MTR_lg,kan_rerun3
kan_rerun3_fold6_idx35,6,1.0,0.0018290013540536,aaronfeller_PeptideMLM-MTR_lg,kan_rerun3
kan_rerun3_fold6_idx36,6,0.0,2.5274789550167043e-06,aaronfeller_PeptideMLM-MTR_lg,kan_rerun3
kan_rerun3_fold6_idx37,6,1.0,0.0154962986707687,aaronfeller_PeptideMLM-MTR_lg,kan_rerun3
kan_rerun3_fold6_idx38,6,0.0,0.006057062651962,aaronfeller_PeptideMLM-MTR_lg,kan_rerun3
kan_rerun3_fold6_idx39,6,0.0,0.0002132747904397,aaronfeller_PeptideMLM-MTR_lg,kan_rerun3
kan_rerun3_fold6_idx40,6,0.0,0.0005127639742568,aaronfeller_PeptideMLM-MTR_lg,kan_rerun3
kan_rerun3_fold6_idx41,6,0.0,0.000260783242993,aaronfeller_PeptideMLM-MTR_lg,kan_rerun3
kan_rerun3_fold6_idx42,6,0.0,3.0003242500242777e-05,aaronfeller_PeptideMLM-MTR_lg,kan_rerun3
kan_rerun3_fold6_idx43,6,0.0,0.0040224399417638,aaronfeller_PeptideMLM-MTR_lg,kan_rerun3
kan_rerun3_fold6_idx44,6,0.0,1.9695002265507355e-05,aaronfeller_PeptideMLM-MTR_lg,kan_rerun3
kan_rerun3_fold6_idx45,6,0.0,0.0001788581867003,aaronfeller_PeptideMLM-MTR_lg,kan_rerun3
kan_rerun3_fold6_idx46,6,0.0,5.258954843156971e-05,aaronfeller_PeptideMLM-MTR_lg,kan_rerun3
kan_rerun3_fold6_idx47,6,0.0,5.543788938666694e-05,aaronfeller_PeptideMLM-MTR_lg,kan_rerun3
kan_rerun3_fold6_idx48,6,0.0,2.666743966983632e-05,aaronfeller_PeptideMLM-MTR_lg,kan_rerun3
kan_rerun3_fold6_idx49,6,0.0,0.3322400450706482,aaronfeller_PeptideMLM-MTR_lg,kan_rerun3
kan_rerun3_fold6_idx50,6,1.0,0.638066291809082,aaronfeller_PeptideMLM-MTR_lg,kan_rerun3
kan_rerun3_fold6_idx51,6,0.0,0.8352392315864563,aaronfeller_PeptideMLM-MTR_lg,kan_rerun3
kan_rerun3_fold6_idx52,6,1.0,0.9745582938194276,aaronfeller_PeptideMLM-MTR_lg,kan_rerun3
kan_rerun3_fold6_idx53,6,1.0,0.7756591439247131,aaronfeller_PeptideMLM-MTR_lg,kan_rerun3
kan_rerun3_fold6_idx54,6,0.0,1.0338930223952048e-05,aaronfeller_PeptideMLM-MTR_lg,kan_rerun3
kan_rerun3_fold6_idx55,6,0.0,1.5630381312803365e-05,aaronfeller_PeptideMLM-MTR_lg,kan_rerun3
kan_rerun3_fold6_idx56,6,0.0,0.0001121908717323,aaronfeller_PeptideMLM-MTR_lg,kan_rerun3
kan_rerun3_fold6_idx57,6,1.0,0.9999399185180664,aaronfeller_PeptideMLM-MTR_lg,kan_rerun3
kan_rerun3_fold6_idx58,6,0.0,0.5634646415710449,aaronfeller_PeptideMLM-MTR_lg,kan_rerun3
kan_rerun3_fold6_idx59,6,1.0,0.9481363892555236,aaronfeller_PeptideMLM-MTR_lg,kan_rerun3
kan_rerun3_fold6_idx60,6,0.0,0.030703704804182,aaronfeller_PeptideMLM-MTR_lg,kan_rerun3
kan_rerun3_fold6_idx61,6,1.0,0.91102933883667,aaronfeller_PeptideMLM-MTR_lg,kan_rerun3
kan_rerun3_fold6_idx62,6,0.0,0.0002175622648792,aaronfeller_PeptideMLM-MTR_lg,kan_rerun3
kan_rerun3_fold6_idx63,6,1.0,0.9987967014312744,aaronfeller_PeptideMLM-MTR_lg,kan_rerun3
kan_rerun3_fold7_idx0,7,0.0,0.0394608154892921,aaronfeller_PeptideMLM-MTR_lg,kan_rerun3
kan_rerun3_fold7_idx1,7,0.0,0.0223880056291818,aaronfeller_PeptideMLM-MTR_lg,kan_rerun3
kan_rerun3_fold7_idx2,7,1.0,0.999881148338318,aaronfeller_PeptideMLM-MTR_lg,kan_rerun3
kan_rerun3_fold7_idx3,7,1.0,0.9999794960021972,aaronfeller_PeptideMLM-MTR_lg,kan_rerun3
kan_rerun3_fold7_idx4,7,0.0,0.0053850472904741,aaronfeller_PeptideMLM-MTR_lg,kan_rerun3
kan_rerun3_fold7_idx5,7,1.0,0.9951702952384948,aaronfeller_PeptideMLM-MTR_lg,kan_rerun3
kan_rerun3_fold7_idx6,7,0.0,0.0002520994457881,aaronfeller_PeptideMLM-MTR_lg,kan_rerun3
kan_rerun3_fold7_idx7,7,1.0,0.6171813011169434,aaronfeller_PeptideMLM-MTR_lg,kan_rerun3
kan_rerun3_fold7_idx8,7,0.0,0.0723585039377212,aaronfeller_PeptideMLM-MTR_lg,kan_rerun3
kan_rerun3_fold7_idx9,7,0.0,0.0054476209916174,aaronfeller_PeptideMLM-MTR_lg,kan_rerun3
kan_rerun3_fold7_idx10,7,1.0,0.9287214875221252,aaronfeller_PeptideMLM-MTR_lg,kan_rerun3
kan_rerun3_fold7_idx11,7,0.0,7.725417526671663e-05,aaronfeller_PeptideMLM-MTR_lg,kan_rerun3
kan_rerun3_fold7_idx12,7,1.0,0.9998015761375428,aaronfeller_PeptideMLM-MTR_lg,kan_rerun3
kan_rerun3_fold7_idx13,7,1.0,0.3489244282245636,aaronfeller_PeptideMLM-MTR_lg,kan_rerun3
kan_rerun3_fold7_idx14,7,0.0,0.0004885582020506,aaronfeller_PeptideMLM-MTR_lg,kan_rerun3
kan_rerun3_fold7_idx15,7,1.0,0.2513632774353027,aaronfeller_PeptideMLM-MTR_lg,kan_rerun3
kan_rerun3_fold7_idx16,7,1.0,0.9998201727867126,aaronfeller_PeptideMLM-MTR_lg,kan_rerun3
kan_rerun3_fold7_idx17,7,0.0,0.0070140003226697,aaronfeller_PeptideMLM-MTR_lg,kan_rerun3
kan_rerun3_fold7_idx18,7,1.0,0.9989920258522034,aaronfeller_PeptideMLM-MTR_lg,kan_rerun3
kan_rerun3_fold7_idx19,7,0.0,0.0035785336513072,aaronfeller_PeptideMLM-MTR_lg,kan_rerun3
kan_rerun3_fold7_idx20,7,1.0,0.0732036083936691,aaronfeller_PeptideMLM-MTR_lg,kan_rerun3
kan_rerun3_fold7_idx21,7,0.0,0.008528989739716,aaronfeller_PeptideMLM-MTR_lg,kan_rerun3
kan_rerun3_fold7_idx22,7,0.0,0.0098528945818543,aaronfeller_PeptideMLM-MTR_lg,kan_rerun3
kan_rerun3_fold7_idx23,7,0.0,7.6979813457001e-06,aaronfeller_PeptideMLM-MTR_lg,kan_rerun3
kan_rerun3_fold7_idx24,7,1.0,0.380124032497406,aaronfeller_PeptideMLM-MTR_lg,kan_rerun3
kan_rerun3_fold7_idx25,7,1.0,0.8165006041526794,aaronfeller_PeptideMLM-MTR_lg,kan_rerun3
kan_rerun3_fold7_idx26,7,1.0,0.4985049366950989,aaronfeller_PeptideMLM-MTR_lg,kan_rerun3
kan_rerun3_fold7_idx27,7,1.0,0.0795430615544319,aaronfeller_PeptideMLM-MTR_lg,kan_rerun3
kan_rerun3_fold7_idx28,7,0.0,7.652747444808483e-05,aaronfeller_PeptideMLM-MTR_lg,kan_rerun3
kan_rerun3_fold7_idx29,7,1.0,0.999330759048462,aaronfeller_PeptideMLM-MTR_lg,kan_rerun3
kan_rerun3_fold7_idx30,7,1.0,0.0308261085301637,aaronfeller_PeptideMLM-MTR_lg,kan_rerun3
kan_rerun3_fold7_idx31,7,1.0,1.880045238067396e-05,aaronfeller_PeptideMLM-MTR_lg,kan_rerun3
kan_rerun3_fold7_idx32,7,1.0,0.8167009353637695,aaronfeller_PeptideMLM-MTR_lg,kan_rerun3
kan_rerun3_fold7_idx33,7,1.0,0.9997797608375548,aaronfeller_PeptideMLM-MTR_lg,kan_rerun3
kan_rerun3_fold7_idx34,7,0.0,0.0320887230336666,aaronfeller_PeptideMLM-MTR_lg,kan_rerun3
kan_rerun3_fold7_idx35,7,1.0,0.9947616457939148,aaronfeller_PeptideMLM-MTR_lg,kan_rerun3
kan_rerun3_fold7_idx36,7,0.0,0.0003233640163671,aaronfeller_PeptideMLM-MTR_lg,kan_rerun3
kan_rerun3_fold7_idx37,7,0.0,0.0020905679557472,aaronfeller_PeptideMLM-MTR_lg,kan_rerun3
kan_rerun3_fold7_idx38,7,1.0,0.999842405319214,aaronfeller_PeptideMLM-MTR_lg,kan_rerun3
kan_rerun3_fold7_idx39,7,0.0,0.0003211792209185,aaronfeller_PeptideMLM-MTR_lg,kan_rerun3
kan_rerun3_fold7_idx40,7,0.0,0.0538651533424854,aaronfeller_PeptideMLM-MTR_lg,kan_rerun3
kan_rerun3_fold7_idx41,7,0.0,0.0117931813001632,aaronfeller_PeptideMLM-MTR_lg,kan_rerun3
kan_rerun3_fold7_idx42,7,0.0,0.0473808906972408,aaronfeller_PeptideMLM-MTR_lg,kan_rerun3
kan_rerun3_fold7_idx43,7,1.0,0.8807916045188904,aaronfeller_PeptideMLM-MTR_lg,kan_rerun3
kan_rerun3_fold7_idx44,7,1.0,0.6075043082237244,aaronfeller_PeptideMLM-MTR_lg,kan_rerun3
kan_rerun3_fold7_idx45,7,1.0,0.7522438764572144,aaronfeller_PeptideMLM-MTR_lg,kan_rerun3
kan_rerun3_fold7_idx46,7,1.0,0.7275975942611694,aaronfeller_PeptideMLM-MTR_lg,kan_rerun3
kan_rerun3_fold7_idx47,7,1.0,0.999541997909546,aaronfeller_PeptideMLM-MTR_lg,kan_rerun3
kan_rerun3_fold7_idx48,7,0.0,0.0001395134895574,aaronfeller_PeptideMLM-MTR_lg,kan_rerun3
kan_rerun3_fold7_idx49,7,0.0,0.0001064574898919,aaronfeller_PeptideMLM-MTR_lg,kan_rerun3
kan_rerun3_fold7_idx50,7,1.0,0.9999850988388062,aaronfeller_PeptideMLM-MTR_lg,kan_rerun3
kan_rerun3_fold7_idx51,7,0.0,0.9249680042266846,aaronfeller_PeptideMLM-MTR_lg,kan_rerun3
kan_rerun3_fold7_idx52,7,1.0,0.9797919392585754,aaronfeller_PeptideMLM-MTR_lg,kan_rerun3
kan_rerun3_fold7_idx53,7,1.0,0.8983849883079529,aaronfeller_PeptideMLM-MTR_lg,kan_rerun3
kan_rerun3_fold7_idx54,7,1.0,0.9993525147438048,aaronfeller_PeptideMLM-MTR_lg,kan_rerun3
kan_rerun3_fold7_idx55,7,0.0,2.8452743208617903e-05,aaronfeller_PeptideMLM-MTR_lg,kan_rerun3
kan_rerun3_fold7_idx56,7,0.0,4.902541149931494e-06,aaronfeller_PeptideMLM-MTR_lg,kan_rerun3
kan_rerun3_fold7_idx57,7,0.0,0.0047776931896805,aaronfeller_PeptideMLM-MTR_lg,kan_rerun3
kan_rerun3_fold7_idx58,7,1.0,0.999942183494568,aaronfeller_PeptideMLM-MTR_lg,kan_rerun3
kan_rerun3_fold7_idx59,7,1.0,0.1582548022270202,aaronfeller_PeptideMLM-MTR_lg,kan_rerun3
kan_rerun3_fold7_idx60,7,0.0,0.0119292996823787,aaronfeller_PeptideMLM-MTR_lg,kan_rerun3
kan_rerun3_fold7_idx61,7,0.0,0.0104853557422757,aaronfeller_PeptideMLM-MTR_lg,kan_rerun3
kan_rerun3_fold7_idx62,7,0.0,0.0050000306218862,aaronfeller_PeptideMLM-MTR_lg,kan_rerun3
kan_rerun3_fold7_idx63,7,0.0,0.0024012178182601,aaronfeller_PeptideMLM-MTR_lg,kan_rerun3
kan_rerun3_fold8_idx0,8,1.0,0.9998279809951782,aaronfeller_PeptideMLM-MTR_lg,kan_rerun3
kan_rerun3_fold8_idx1,8,1.0,0.628847599029541,aaronfeller_PeptideMLM-MTR_lg,kan_rerun3
kan_rerun3_fold8_idx2,8,0.0,0.0379982516169548,aaronfeller_PeptideMLM-MTR_lg,kan_rerun3
kan_rerun3_fold8_idx3,8,0.0,0.4559529721736908,aaronfeller_PeptideMLM-MTR_lg,kan_rerun3
kan_rerun3_fold8_idx4,8,1.0,0.9991632699966432,aaronfeller_PeptideMLM-MTR_lg,kan_rerun3
kan_rerun3_fold8_idx5,8,1.0,0.9990407824516296,aaronfeller_PeptideMLM-MTR_lg,kan_rerun3
kan_rerun3_fold8_idx6,8,0.0,0.3330043256282806,aaronfeller_PeptideMLM-MTR_lg,kan_rerun3
kan_rerun3_fold8_idx7,8,1.0,0.9926350712776184,aaronfeller_PeptideMLM-MTR_lg,kan_rerun3
kan_rerun3_fold8_idx8,8,0.0,0.1976583451032638,aaronfeller_PeptideMLM-MTR_lg,kan_rerun3
kan_rerun3_fold8_idx9,8,0.0,0.0174856055527925,aaronfeller_PeptideMLM-MTR_lg,kan_rerun3
kan_rerun3_fold8_idx10,8,1.0,0.9997383952140808,aaronfeller_PeptideMLM-MTR_lg,kan_rerun3
kan_rerun3_fold8_idx11,8,1.0,0.8553609848022461,aaronfeller_PeptideMLM-MTR_lg,kan_rerun3
kan_rerun3_fold8_idx12,8,0.0,0.4054663777351379,aaronfeller_PeptideMLM-MTR_lg,kan_rerun3
kan_rerun3_fold8_idx13,8,1.0,0.7511962652206421,aaronfeller_PeptideMLM-MTR_lg,kan_rerun3
kan_rerun3_fold8_idx14,8,0.0,0.3733606040477752,aaronfeller_PeptideMLM-MTR_lg,kan_rerun3
kan_rerun3_fold8_idx15,8,0.0,0.5483108162879944,aaronfeller_PeptideMLM-MTR_lg,kan_rerun3
kan_rerun3_fold8_idx16,8,0.0,0.5524340867996216,aaronfeller_PeptideMLM-MTR_lg,kan_rerun3
kan_rerun3_fold8_idx17,8,1.0,0.6652068495750427,aaronfeller_PeptideMLM-MTR_lg,kan_rerun3
kan_rerun3_fold8_idx18,8,1.0,0.5649850964546204,aaronfeller_PeptideMLM-MTR_lg,kan_rerun3
kan_rerun3_fold8_idx19,8,0.0,0.1740247905254364,aaronfeller_PeptideMLM-MTR_lg,kan_rerun3
kan_rerun3_fold8_idx20,8,1.0,0.9454343318939208,aaronfeller_PeptideMLM-MTR_lg,kan_rerun3
kan_rerun3_fold8_idx21,8,1.0,0.6591700315475464,aaronfeller_PeptideMLM-MTR_lg,kan_rerun3
kan_rerun3_fold8_idx22,8,0.0,0.5532266497612,aaronfeller_PeptideMLM-MTR_lg,kan_rerun3
kan_rerun3_fold8_idx23,8,0.0,0.3847969174385071,aaronfeller_PeptideMLM-MTR_lg,kan_rerun3
kan_rerun3_fold8_idx24,8,1.0,0.984700322151184,aaronfeller_PeptideMLM-MTR_lg,kan_rerun3
kan_rerun3_fold8_idx25,8,0.0,0.0417328961193561,aaronfeller_PeptideMLM-MTR_lg,kan_rerun3
kan_rerun3_fold8_idx26,8,0.0,0.0457934290170669,aaronfeller_PeptideMLM-MTR_lg,kan_rerun3
kan_rerun3_fold8_idx27,8,0.0,0.8980774283409119,aaronfeller_PeptideMLM-MTR_lg,kan_rerun3
kan_rerun3_fold8_idx28,8,1.0,0.9527944326400756,aaronfeller_PeptideMLM-MTR_lg,kan_rerun3
kan_rerun3_fold8_idx29,8,1.0,0.1234887689352035,aaronfeller_PeptideMLM-MTR_lg,kan_rerun3
kan_rerun3_fold8_idx30,8,0.0,0.0943596437573432,aaronfeller_PeptideMLM-MTR_lg,kan_rerun3
kan_rerun3_fold8_idx31,8,0.0,0.6461198925971985,aaronfeller_PeptideMLM-MTR_lg,kan_rerun3
kan_rerun3_fold8_idx32,8,1.0,0.4808958172798157,aaronfeller_PeptideMLM-MTR_lg,kan_rerun3
kan_rerun3_fold8_idx33,8,0.0,0.2296333163976669,aaronfeller_PeptideMLM-MTR_lg,kan_rerun3
kan_rerun3_fold8_idx34,8,1.0,0.7033326625823975,aaronfeller_PeptideMLM-MTR_lg,kan_rerun3
kan_rerun3_fold8_idx35,8,0.0,0.4274836778640747,aaronfeller_PeptideMLM-MTR_lg,kan_rerun3
kan_rerun3_fold8_idx36,8,1.0,0.9730343818664552,aaronfeller_PeptideMLM-MTR_lg,kan_rerun3
kan_rerun3_fold8_idx37,8,0.0,0.0465704724192619,aaronfeller_PeptideMLM-MTR_lg,kan_rerun3
kan_rerun3_fold8_idx38,8,0.0,0.0120881013572216,aaronfeller_PeptideMLM-MTR_lg,kan_rerun3
kan_rerun3_fold8_idx39,8,0.0,0.0103439511731266,aaronfeller_PeptideMLM-MTR_lg,kan_rerun3
kan_rerun3_fold8_idx40,8,0.0,0.0083167841657996,aaronfeller_PeptideMLM-MTR_lg,kan_rerun3
kan_rerun3_fold8_idx41,8,1.0,0.148501917719841,aaronfeller_PeptideMLM-MTR_lg,kan_rerun3
kan_rerun3_fold8_idx42,8,1.0,0.9012805223464966,aaronfeller_PeptideMLM-MTR_lg,kan_rerun3
kan_rerun3_fold8_idx43,8,0.0,0.949840247631073,aaronfeller_PeptideMLM-MTR_lg,kan_rerun3
kan_rerun3_fold8_idx44,8,1.0,0.8251903653144836,aaronfeller_PeptideMLM-MTR_lg,kan_rerun3
kan_rerun3_fold8_idx45,8,0.0,0.1535309255123138,aaronfeller_PeptideMLM-MTR_lg,kan_rerun3
kan_rerun3_fold8_idx46,8,0.0,0.4721999764442444,aaronfeller_PeptideMLM-MTR_lg,kan_rerun3
kan_rerun3_fold8_idx47,8,1.0,0.3139232099056244,aaronfeller_PeptideMLM-MTR_lg,kan_rerun3
kan_rerun3_fold8_idx48,8,0.0,0.0797439292073249,aaronfeller_PeptideMLM-MTR_lg,kan_rerun3
kan_rerun3_fold8_idx49,8,0.0,0.2171366214752197,aaronfeller_PeptideMLM-MTR_lg,kan_rerun3
kan_rerun3_fold8_idx50,8,0.0,0.0056131705641746,aaronfeller_PeptideMLM-MTR_lg,kan_rerun3
kan_rerun3_fold8_idx51,8,1.0,0.8066989183425903,aaronfeller_PeptideMLM-MTR_lg,kan_rerun3
kan_rerun3_fold8_idx52,8,0.0,0.2235936373472213,aaronfeller_PeptideMLM-MTR_lg,kan_rerun3
kan_rerun3_fold8_idx53,8,0.0,0.626353919506073,aaronfeller_PeptideMLM-MTR_lg,kan_rerun3
kan_rerun3_fold8_idx54,8,0.0,0.631512463092804,aaronfeller_PeptideMLM-MTR_lg,kan_rerun3
kan_rerun3_fold8_idx55,8,0.0,0.1974209696054458,aaronfeller_PeptideMLM-MTR_lg,kan_rerun3
kan_rerun3_fold8_idx56,8,0.0,0.4280495047569275,aaronfeller_PeptideMLM-MTR_lg,kan_rerun3
kan_rerun3_fold8_idx57,8,1.0,0.5885173082351685,aaronfeller_PeptideMLM-MTR_lg,kan_rerun3
kan_rerun3_fold8_idx58,8,1.0,0.0972702056169509,aaronfeller_PeptideMLM-MTR_lg,kan_rerun3
kan_rerun3_fold8_idx59,8,0.0,0.505262553691864,aaronfeller_PeptideMLM-MTR_lg,kan_rerun3
kan_rerun3_fold8_idx60,8,1.0,0.671076774597168,aaronfeller_PeptideMLM-MTR_lg,kan_rerun3
kan_rerun3_fold8_idx61,8,1.0,0.8677667379379272,aaronfeller_PeptideMLM-MTR_lg,kan_rerun3
kan_rerun3_fold8_idx62,8,0.0,0.2429267913103103,aaronfeller_PeptideMLM-MTR_lg,kan_rerun3
kan_rerun3_fold8_idx63,8,0.0,0.2977415025234222,aaronfeller_PeptideMLM-MTR_lg,kan_rerun3
kan_rerun3_fold9_idx0,9,1.0,0.997400403022766,aaronfeller_PeptideMLM-MTR_lg,kan_rerun3
kan_rerun3_fold9_idx1,9,0.0,0.0006678343052044,aaronfeller_PeptideMLM-MTR_lg,kan_rerun3
kan_rerun3_fold9_idx2,9,1.0,0.0377100594341754,aaronfeller_PeptideMLM-MTR_lg,kan_rerun3
kan_rerun3_fold9_idx3,9,1.0,0.952980637550354,aaronfeller_PeptideMLM-MTR_lg,kan_rerun3
kan_rerun3_fold9_idx4,9,0.0,0.005719959270209,aaronfeller_PeptideMLM-MTR_lg,kan_rerun3
kan_rerun3_fold9_idx5,9,0.0,0.0138680292293429,aaronfeller_PeptideMLM-MTR_lg,kan_rerun3
kan_rerun3_fold9_idx6,9,0.0,1.8709969253905e-06,aaronfeller_PeptideMLM-MTR_lg,kan_rerun3
kan_rerun3_fold9_idx7,9,0.0,7.254479714902118e-05,aaronfeller_PeptideMLM-MTR_lg,kan_rerun3
kan_rerun3_fold9_idx8,9,0.0,4.365449422039092e-05,aaronfeller_PeptideMLM-MTR_lg,kan_rerun3
kan_rerun3_fold9_idx9,9,0.0,0.0050544585101306,aaronfeller_PeptideMLM-MTR_lg,kan_rerun3
kan_rerun3_fold9_idx10,9,0.0,0.3250072300434112,aaronfeller_PeptideMLM-MTR_lg,kan_rerun3
kan_rerun3_fold9_idx11,9,0.0,1.108870264943107e-06,aaronfeller_PeptideMLM-MTR_lg,kan_rerun3
kan_rerun3_fold9_idx12,9,1.0,0.9812239408493042,aaronfeller_PeptideMLM-MTR_lg,kan_rerun3
kan_rerun3_fold9_idx13,9,1.0,0.0215306878089904,aaronfeller_PeptideMLM-MTR_lg,kan_rerun3
kan_rerun3_fold9_idx14,9,1.0,0.2486738413572311,aaronfeller_PeptideMLM-MTR_lg,kan_rerun3
kan_rerun3_fold9_idx15,9,1.0,0.9999473094940186,aaronfeller_PeptideMLM-MTR_lg,kan_rerun3
kan_rerun3_fold9_idx16,9,1.0,0.9813380241394044,aaronfeller_PeptideMLM-MTR_lg,kan_rerun3
kan_rerun3_fold9_idx17,9,0.0,0.0118371583521366,aaronfeller_PeptideMLM-MTR_lg,kan_rerun3
kan_rerun3_fold9_idx18,9,0.0,0.0011333412257954,aaronfeller_PeptideMLM-MTR_lg,kan_rerun3
kan_rerun3_fold9_idx19,9,0.0,7.463428914888937e-07,aaronfeller_PeptideMLM-MTR_lg,kan_rerun3
kan_rerun3_fold9_idx20,9,1.0,0.1969166547060012,aaronfeller_PeptideMLM-MTR_lg,kan_rerun3
kan_rerun3_fold9_idx21,9,1.0,0.997712254524231,aaronfeller_PeptideMLM-MTR_lg,kan_rerun3
kan_rerun3_fold9_idx22,9,1.0,0.9991658926010132,aaronfeller_PeptideMLM-MTR_lg,kan_rerun3
kan_rerun3_fold9_idx23,9,1.0,0.2935879826545715,aaronfeller_PeptideMLM-MTR_lg,kan_rerun3
kan_rerun3_fold9_idx24,9,1.0,0.302859753370285,aaronfeller_PeptideMLM-MTR_lg,kan_rerun3
kan_rerun3_fold9_idx25,9,0.0,0.00052205985412,aaronfeller_PeptideMLM-MTR_lg,kan_rerun3
kan_rerun3_fold9_idx26,9,0.0,0.0060008987784385,aaronfeller_PeptideMLM-MTR_lg,kan_rerun3
kan_rerun3_fold9_idx27,9,0.0,0.9798332452774048,aaronfeller_PeptideMLM-MTR_lg,kan_rerun3
kan_rerun3_fold9_idx28,9,1.0,0.965335249900818,aaronfeller_PeptideMLM-MTR_lg,kan_rerun3
kan_rerun3_fold9_idx29,9,0.0,0.0007454039878211,aaronfeller_PeptideMLM-MTR_lg,kan_rerun3
kan_rerun3_fold9_idx30,9,1.0,0.9410967230796814,aaronfeller_PeptideMLM-MTR_lg,kan_rerun3
kan_rerun3_fold9_idx31,9,0.0,9.580248297424988e-05,aaronfeller_PeptideMLM-MTR_lg,kan_rerun3
kan_rerun3_fold9_idx32,9,0.0,7.87252647569403e-05,aaronfeller_PeptideMLM-MTR_lg,kan_rerun3
kan_rerun3_fold9_idx33,9,0.0,2.6182824512943625e-05,aaronfeller_PeptideMLM-MTR_lg,kan_rerun3
kan_rerun3_fold9_idx34,9,0.0,0.0001038275804603,aaronfeller_PeptideMLM-MTR_lg,kan_rerun3
kan_rerun3_fold9_idx35,9,0.0,2.8097038011765108e-06,aaronfeller_PeptideMLM-MTR_lg,kan_rerun3
kan_rerun3_fold9_idx36,9,0.0,0.3903637826442718,aaronfeller_PeptideMLM-MTR_lg,kan_rerun3
kan_rerun3_fold9_idx37,9,1.0,0.7692151665687561,aaronfeller_PeptideMLM-MTR_lg,kan_rerun3
kan_rerun3_fold9_idx38,9,0.0,0.1327110826969146,aaronfeller_PeptideMLM-MTR_lg,kan_rerun3
kan_rerun3_fold9_idx39,9,1.0,0.97995126247406,aaronfeller_PeptideMLM-MTR_lg,kan_rerun3
kan_rerun3_fold9_idx40,9,0.0,4.142836473874922e-08,aaronfeller_PeptideMLM-MTR_lg,kan_rerun3
kan_rerun3_fold9_idx41,9,1.0,0.9999946355819702,aaronfeller_PeptideMLM-MTR_lg,kan_rerun3
kan_rerun3_fold9_idx42,9,1.0,0.9998866319656372,aaronfeller_PeptideMLM-MTR_lg,kan_rerun3
kan_rerun3_fold9_idx43,9,1.0,0.99947851896286,aaronfeller_PeptideMLM-MTR_lg,kan_rerun3
kan_rerun3_fold9_idx44,9,1.0,0.9098121523857116,aaronfeller_PeptideMLM-MTR_lg,kan_rerun3
kan_rerun3_fold9_idx45,9,0.0,2.822567694238387e-05,aaronfeller_PeptideMLM-MTR_lg,kan_rerun3
kan_rerun3_fold9_idx46,9,0.0,8.112119758152403e-06,aaronfeller_PeptideMLM-MTR_lg,kan_rerun3
kan_rerun3_fold9_idx47,9,1.0,0.8538616895675659,aaronfeller_PeptideMLM-MTR_lg,kan_rerun3
kan_rerun3_fold9_idx48,9,0.0,0.000149750849232,aaronfeller_PeptideMLM-MTR_lg,kan_rerun3
kan_rerun3_fold9_idx49,9,0.0,2.351349394302815e-06,aaronfeller_PeptideMLM-MTR_lg,kan_rerun3
kan_rerun3_fold9_idx50,9,1.0,0.5019461512565613,aaronfeller_PeptideMLM-MTR_lg,kan_rerun3
kan_rerun3_fold9_idx51,9,0.0,4.040812655148329e-06,aaronfeller_PeptideMLM-MTR_lg,kan_rerun3
kan_rerun3_fold9_idx52,9,0.0,6.434082752093673e-05,aaronfeller_PeptideMLM-MTR_lg,kan_rerun3
kan_rerun3_fold9_idx53,9,1.0,0.2418130189180374,aaronfeller_PeptideMLM-MTR_lg,kan_rerun3
kan_rerun3_fold9_idx54,9,0.0,0.0001742190943332,aaronfeller_PeptideMLM-MTR_lg,kan_rerun3
kan_rerun3_fold9_idx55,9,0.0,0.890432596206665,aaronfeller_PeptideMLM-MTR_lg,kan_rerun3
kan_rerun3_fold9_idx56,9,0.0,0.0127097824588418,aaronfeller_PeptideMLM-MTR_lg,kan_rerun3
kan_rerun3_fold9_idx57,9,1.0,0.9961833357810974,aaronfeller_PeptideMLM-MTR_lg,kan_rerun3
kan_rerun3_fold9_idx58,9,0.0,0.8911460041999817,aaronfeller_PeptideMLM-MTR_lg,kan_rerun3
kan_rerun3_fold9_idx59,9,1.0,0.5222212672233582,aaronfeller_PeptideMLM-MTR_lg,kan_rerun3
kan_rerun3_fold9_idx60,9,1.0,0.9984351992607116,aaronfeller_PeptideMLM-MTR_lg,kan_rerun3
kan_rerun3_fold9_idx61,9,0.0,0.7218412756919861,aaronfeller_PeptideMLM-MTR_lg,kan_rerun3
kan_rerun3_fold9_idx62,9,1.0,0.0140101471915841,aaronfeller_PeptideMLM-MTR_lg,kan_rerun3
kan_rerun3_fold9_idx63,9,0.0,0.0013534846948459,aaronfeller_PeptideMLM-MTR_lg,kan_rerun3
kan_rerun3_fold10_idx0,10,0.0,0.7630882859230042,aaronfeller_PeptideMLM-MTR_lg,kan_rerun3
kan_rerun3_fold10_idx1,10,1.0,0.0002541689900681,aaronfeller_PeptideMLM-MTR_lg,kan_rerun3
kan_rerun3_fold10_idx2,10,0.0,0.810090184211731,aaronfeller_PeptideMLM-MTR_lg,kan_rerun3
kan_rerun3_fold10_idx3,10,0.0,0.0646057501435279,aaronfeller_PeptideMLM-MTR_lg,kan_rerun3
kan_rerun3_fold10_idx4,10,0.0,0.1134881451725959,aaronfeller_PeptideMLM-MTR_lg,kan_rerun3
kan_rerun3_fold10_idx5,10,1.0,1.0,aaronfeller_PeptideMLM-MTR_lg,kan_rerun3
kan_rerun3_fold10_idx6,10,0.0,0.5782740712165833,aaronfeller_PeptideMLM-MTR_lg,kan_rerun3
kan_rerun3_fold10_idx7,10,0.0,0.0286491699516773,aaronfeller_PeptideMLM-MTR_lg,kan_rerun3
kan_rerun3_fold10_idx8,10,0.0,0.5579860210418701,aaronfeller_PeptideMLM-MTR_lg,kan_rerun3
kan_rerun3_fold10_idx9,10,1.0,0.1490774452686309,aaronfeller_PeptideMLM-MTR_lg,kan_rerun3
kan_rerun3_fold10_idx10,10,0.0,0.0482281111180782,aaronfeller_PeptideMLM-MTR_lg,kan_rerun3
kan_rerun3_fold10_idx11,10,0.0,0.0463358238339424,aaronfeller_PeptideMLM-MTR_lg,kan_rerun3
kan_rerun3_fold10_idx12,10,0.0,0.1335892081260681,aaronfeller_PeptideMLM-MTR_lg,kan_rerun3
kan_rerun3_fold10_idx13,10,0.0,0.7637840509414673,aaronfeller_PeptideMLM-MTR_lg,kan_rerun3
kan_rerun3_fold10_idx14,10,1.0,0.1443479061126709,aaronfeller_PeptideMLM-MTR_lg,kan_rerun3
kan_rerun3_fold10_idx15,10,0.0,0.3189314305782318,aaronfeller_PeptideMLM-MTR_lg,kan_rerun3
kan_rerun3_fold10_idx16,10,1.0,0.999749481678009,aaronfeller_PeptideMLM-MTR_lg,kan_rerun3
kan_rerun3_fold10_idx17,10,1.0,0.7810395359992981,aaronfeller_PeptideMLM-MTR_lg,kan_rerun3
kan_rerun3_fold10_idx18,10,1.0,0.0159520469605922,aaronfeller_PeptideMLM-MTR_lg,kan_rerun3
kan_rerun3_fold10_idx19,10,0.0,0.6057881712913513,aaronfeller_PeptideMLM-MTR_lg,kan_rerun3
kan_rerun3_fold10_idx20,10,0.0,7.626033766428009e-05,aaronfeller_PeptideMLM-MTR_lg,kan_rerun3
kan_rerun3_fold10_idx21,10,1.0,0.99457585811615,aaronfeller_PeptideMLM-MTR_lg,kan_rerun3
kan_rerun3_fold10_idx22,10,0.0,0.1910836696624755,aaronfeller_PeptideMLM-MTR_lg,kan_rerun3
kan_rerun3_fold10_idx23,10,0.0,0.4277686476707458,aaronfeller_PeptideMLM-MTR_lg,kan_rerun3
kan_rerun3_fold10_idx24,10,1.0,0.3714967966079712,aaronfeller_PeptideMLM-MTR_lg,kan_rerun3
kan_rerun3_fold10_idx25,10,0.0,0.3158328533172607,aaronfeller_PeptideMLM-MTR_lg,kan_rerun3
kan_rerun3_fold10_idx26,10,0.0,0.4664489030838012,aaronfeller_PeptideMLM-MTR_lg,kan_rerun3
kan_rerun3_fold10_idx27,10,1.0,0.4751552939414978,aaronfeller_PeptideMLM-MTR_lg,kan_rerun3
kan_rerun3_fold10_idx28,10,0.0,0.475142627954483,aaronfeller_PeptideMLM-MTR_lg,kan_rerun3
kan_rerun3_fold10_idx29,10,0.0,0.0029180923011153,aaronfeller_PeptideMLM-MTR_lg,kan_rerun3
kan_rerun3_fold10_idx30,10,1.0,0.9842584133148192,aaronfeller_PeptideMLM-MTR_lg,kan_rerun3
kan_rerun3_fold10_idx31,10,0.0,0.0322221778333187,aaronfeller_PeptideMLM-MTR_lg,kan_rerun3
kan_rerun3_fold10_idx32,10,1.0,0.9019815325737,aaronfeller_PeptideMLM-MTR_lg,kan_rerun3
kan_rerun3_fold10_idx33,10,1.0,0.99991774559021,aaronfeller_PeptideMLM-MTR_lg,kan_rerun3
kan_rerun3_fold10_idx34,10,1.0,0.000980450073257,aaronfeller_PeptideMLM-MTR_lg,kan_rerun3
kan_rerun3_fold10_idx35,10,1.0,0.9999984502792358,aaronfeller_PeptideMLM-MTR_lg,kan_rerun3
kan_rerun3_fold10_idx36,10,0.0,0.0006580057088285,aaronfeller_PeptideMLM-MTR_lg,kan_rerun3
kan_rerun3_fold10_idx37,10,0.0,0.0003891612286679,aaronfeller_PeptideMLM-MTR_lg,kan_rerun3
kan_rerun3_fold10_idx38,10,1.0,0.3296051919460296,aaronfeller_PeptideMLM-MTR_lg,kan_rerun3
kan_rerun3_fold10_idx39,10,0.0,0.0138915767893195,aaronfeller_PeptideMLM-MTR_lg,kan_rerun3
kan_rerun3_fold10_idx40,10,0.0,0.001819550874643,aaronfeller_PeptideMLM-MTR_lg,kan_rerun3
kan_rerun3_fold10_idx41,10,0.0,0.0130886351689696,aaronfeller_PeptideMLM-MTR_lg,kan_rerun3
kan_rerun3_fold10_idx42,10,0.0,0.0020225583575665,aaronfeller_PeptideMLM-MTR_lg,kan_rerun3
kan_rerun3_fold10_idx43,10,0.0,0.0021359091624617,aaronfeller_PeptideMLM-MTR_lg,kan_rerun3
kan_rerun3_fold10_idx44,10,0.0,0.0040690531022846,aaronfeller_PeptideMLM-MTR_lg,kan_rerun3
kan_rerun3_fold10_idx45,10,0.0,0.0023707759100943,aaronfeller_PeptideMLM-MTR_lg,kan_rerun3
kan_rerun3_fold10_idx46,10,1.0,0.9842177629470824,aaronfeller_PeptideMLM-MTR_lg,kan_rerun3
kan_rerun3_fold10_idx47,10,1.0,0.9964597821235656,aaronfeller_PeptideMLM-MTR_lg,kan_rerun3
kan_rerun3_fold10_idx48,10,0.0,0.0034904580097645,aaronfeller_PeptideMLM-MTR_lg,kan_rerun3
kan_rerun3_fold10_idx49,10,1.0,0.7753912210464478,aaronfeller_PeptideMLM-MTR_lg,kan_rerun3
kan_rerun3_fold10_idx50,10,0.0,0.9911106824874878,aaronfeller_PeptideMLM-MTR_lg,kan_rerun3
kan_rerun3_fold10_idx51,10,1.0,0.99919992685318,aaronfeller_PeptideMLM-MTR_lg,kan_rerun3
kan_rerun3_fold10_idx52,10,0.0,0.0047777271829545,aaronfeller_PeptideMLM-MTR_lg,kan_rerun3
kan_rerun3_fold10_idx53,10,1.0,0.0682127922773361,aaronfeller_PeptideMLM-MTR_lg,kan_rerun3
kan_rerun3_fold10_idx54,10,0.0,0.0040811854414641,aaronfeller_PeptideMLM-MTR_lg,kan_rerun3
kan_rerun3_fold10_idx55,10,1.0,0.9708955883979796,aaronfeller_PeptideMLM-MTR_lg,kan_rerun3
kan_rerun3_fold10_idx56,10,0.0,0.0031743659637868,aaronfeller_PeptideMLM-MTR_lg,kan_rerun3
kan_rerun3_fold10_idx57,10,0.0,0.1994013488292694,aaronfeller_PeptideMLM-MTR_lg,kan_rerun3
kan_rerun3_fold10_idx58,10,0.0,0.0002530803612899,aaronfeller_PeptideMLM-MTR_lg,kan_rerun3
kan_rerun3_fold10_idx59,10,1.0,0.0054308255203068,aaronfeller_PeptideMLM-MTR_lg,kan_rerun3
kan_rerun3_fold10_idx60,10,1.0,0.9763201475143432,aaronfeller_PeptideMLM-MTR_lg,kan_rerun3
kan_rerun3_fold10_idx61,10,1.0,0.9792936444282532,aaronfeller_PeptideMLM-MTR_lg,kan_rerun3
kan_rerun3_fold10_idx62,10,1.0,0.992918074131012,aaronfeller_PeptideMLM-MTR_lg,kan_rerun3
kan_rerun3_fold10_idx63,10,0.0,0.0041733919642865,aaronfeller_PeptideMLM-MTR_lg,kan_rerun3
kan_rerun3_fold1_idx0,1,0.0,0.9952751398086548,aaronfeller_PeptideMLM_lg,kan_rerun3
kan_rerun3_fold1_idx1,1,0.0,0.0026694033294916,aaronfeller_PeptideMLM_lg,kan_rerun3
kan_rerun3_fold1_idx2,1,1.0,0.999994158744812,aaronfeller_PeptideMLM_lg,kan_rerun3
kan_rerun3_fold1_idx3,1,0.0,0.005028614308685,aaronfeller_PeptideMLM_lg,kan_rerun3
kan_rerun3_fold1_idx4,1,0.0,6.367514515659423e-07,aaronfeller_PeptideMLM_lg,kan_rerun3
kan_rerun3_fold1_idx5,1,0.0,0.0008865031413733,aaronfeller_PeptideMLM_lg,kan_rerun3
kan_rerun3_fold1_idx6,1,0.0,0.0001185936416732,aaronfeller_PeptideMLM_lg,kan_rerun3
kan_rerun3_fold1_idx7,1,1.0,0.9998557567596436,aaronfeller_PeptideMLM_lg,kan_rerun3
kan_rerun3_fold1_idx8,1,0.0,0.0018373155035078,aaronfeller_PeptideMLM_lg,kan_rerun3
kan_rerun3_fold1_idx9,1,1.0,0.946681797504425,aaronfeller_PeptideMLM_lg,kan_rerun3
kan_rerun3_fold1_idx10,1,0.0,0.0004919591010548,aaronfeller_PeptideMLM_lg,kan_rerun3
kan_rerun3_fold1_idx11,1,1.0,9.31541944737546e-05,aaronfeller_PeptideMLM_lg,kan_rerun3
kan_rerun3_fold1_idx12,1,1.0,0.0018090188968926,aaronfeller_PeptideMLM_lg,kan_rerun3
kan_rerun3_fold1_idx13,1,1.0,0.4551370739936828,aaronfeller_PeptideMLM_lg,kan_rerun3
kan_rerun3_fold1_idx14,1,0.0,1.134683407144621e-05,aaronfeller_PeptideMLM_lg,kan_rerun3
kan_rerun3_fold1_idx15,1,1.0,0.9994469285011292,aaronfeller_PeptideMLM_lg,kan_rerun3
kan_rerun3_fold1_idx16,1,0.0,0.0006075527635402,aaronfeller_PeptideMLM_lg,kan_rerun3
kan_rerun3_fold1_idx17,1,1.0,0.9857786893844604,aaronfeller_PeptideMLM_lg,kan_rerun3
kan_rerun3_fold1_idx18,1,0.0,0.901138961315155,aaronfeller_PeptideMLM_lg,kan_rerun3
kan_rerun3_fold1_idx19,1,1.0,0.4832480251789093,aaronfeller_PeptideMLM_lg,kan_rerun3
kan_rerun3_fold1_idx20,1,1.0,0.999975085258484,aaronfeller_PeptideMLM_lg,kan_rerun3
kan_rerun3_fold1_idx21,1,1.0,0.9691224098205566,aaronfeller_PeptideMLM_lg,kan_rerun3
kan_rerun3_fold1_idx22,1,1.0,0.2072674185037613,aaronfeller_PeptideMLM_lg,kan_rerun3
kan_rerun3_fold1_idx23,1,1.0,0.7164516448974609,aaronfeller_PeptideMLM_lg,kan_rerun3
kan_rerun3_fold1_idx24,1,1.0,0.7729457020759583,aaronfeller_PeptideMLM_lg,kan_rerun3
kan_rerun3_fold1_idx25,1,0.0,0.0005626109777949,aaronfeller_PeptideMLM_lg,kan_rerun3
kan_rerun3_fold1_idx26,1,1.0,0.0483061410486698,aaronfeller_PeptideMLM_lg,kan_rerun3
kan_rerun3_fold1_idx27,1,1.0,0.0285495780408382,aaronfeller_PeptideMLM_lg,kan_rerun3
kan_rerun3_fold1_idx28,1,0.0,1.436345042904463e-09,aaronfeller_PeptideMLM_lg,kan_rerun3
kan_rerun3_fold1_idx29,1,0.0,3.0504766073136125e-06,aaronfeller_PeptideMLM_lg,kan_rerun3
kan_rerun3_fold1_idx30,1,0.0,8.565264579374343e-05,aaronfeller_PeptideMLM_lg,kan_rerun3
kan_rerun3_fold1_idx31,1,0.0,0.0248381998389959,aaronfeller_PeptideMLM_lg,kan_rerun3
kan_rerun3_fold1_idx32,1,1.0,0.17569100856781,aaronfeller_PeptideMLM_lg,kan_rerun3
kan_rerun3_fold1_idx33,1,1.0,0.9442862272262572,aaronfeller_PeptideMLM_lg,kan_rerun3
kan_rerun3_fold1_idx34,1,0.0,0.3637892305850982,aaronfeller_PeptideMLM_lg,kan_rerun3
kan_rerun3_fold1_idx35,1,1.0,0.9998637437820436,aaronfeller_PeptideMLM_lg,kan_rerun3
kan_rerun3_fold1_idx36,1,0.0,1.3706128811463714e-05,aaronfeller_PeptideMLM_lg,kan_rerun3
kan_rerun3_fold1_idx37,1,0.0,0.0001456938189221,aaronfeller_PeptideMLM_lg,kan_rerun3
kan_rerun3_fold1_idx38,1,1.0,0.9980913996696472,aaronfeller_PeptideMLM_lg,kan_rerun3
kan_rerun3_fold1_idx39,1,1.0,0.0856863185763359,aaronfeller_PeptideMLM_lg,kan_rerun3
kan_rerun3_fold1_idx40,1,0.0,1.049096681526862e-06,aaronfeller_PeptideMLM_lg,kan_rerun3
kan_rerun3_fold1_idx41,1,0.0,0.0381620191037654,aaronfeller_PeptideMLM_lg,kan_rerun3
kan_rerun3_fold1_idx42,1,0.0,5.12851876521836e-08,aaronfeller_PeptideMLM_lg,kan_rerun3
kan_rerun3_fold1_idx43,1,0.0,0.0003743665583897,aaronfeller_PeptideMLM_lg,kan_rerun3
kan_rerun3_fold1_idx44,1,0.0,0.001284304424189,aaronfeller_PeptideMLM_lg,kan_rerun3
kan_rerun3_fold1_idx45,1,0.0,4.4720374717144296e-05,aaronfeller_PeptideMLM_lg,kan_rerun3
kan_rerun3_fold1_idx46,1,0.0,4.403510683914647e-05,aaronfeller_PeptideMLM_lg,kan_rerun3
kan_rerun3_fold1_idx47,1,0.0,1.6469690308440477e-05,aaronfeller_PeptideMLM_lg,kan_rerun3
kan_rerun3_fold1_idx48,1,0.0,8.710214751772583e-05,aaronfeller_PeptideMLM_lg,kan_rerun3
kan_rerun3_fold1_idx49,1,0.0,9.663448872743174e-05,aaronfeller_PeptideMLM_lg,kan_rerun3
kan_rerun3_fold1_idx50,1,0.0,0.011953673325479,aaronfeller_PeptideMLM_lg,kan_rerun3
kan_rerun3_fold1_idx51,1,0.0,0.1177428066730499,aaronfeller_PeptideMLM_lg,kan_rerun3
kan_rerun3_fold1_idx52,1,0.0,0.929019331932068,aaronfeller_PeptideMLM_lg,kan_rerun3
kan_rerun3_fold1_idx53,1,1.0,0.9939749836921692,aaronfeller_PeptideMLM_lg,kan_rerun3
kan_rerun3_fold1_idx54,1,0.0,0.0090182460844516,aaronfeller_PeptideMLM_lg,kan_rerun3
kan_rerun3_fold1_idx55,1,1.0,0.7559919953346252,aaronfeller_PeptideMLM_lg,kan_rerun3
kan_rerun3_fold1_idx56,1,0.0,3.817996548605152e-05,aaronfeller_PeptideMLM_lg,kan_rerun3
kan_rerun3_fold1_idx57,1,0.0,0.0039448705501854,aaronfeller_PeptideMLM_lg,kan_rerun3
kan_rerun3_fold1_idx58,1,0.0,0.0061618718318641,aaronfeller_PeptideMLM_lg,kan_rerun3
kan_rerun3_fold1_idx59,1,1.0,0.2547267377376556,aaronfeller_PeptideMLM_lg,kan_rerun3
kan_rerun3_fold1_idx60,1,1.0,0.0633788555860519,aaronfeller_PeptideMLM_lg,kan_rerun3
kan_rerun3_fold1_idx61,1,1.0,0.9872783422470092,aaronfeller_PeptideMLM_lg,kan_rerun3
kan_rerun3_fold1_idx62,1,1.0,0.9932019114494324,aaronfeller_PeptideMLM_lg,kan_rerun3
kan_rerun3_fold1_idx63,1,0.0,0.0012937794672325,aaronfeller_PeptideMLM_lg,kan_rerun3
kan_rerun3_fold2_idx0,2,0.0,7.441523484885693e-05,aaronfeller_PeptideMLM_lg,kan_rerun3
kan_rerun3_fold2_idx1,2,0.0,2.010283139952663e-07,aaronfeller_PeptideMLM_lg,kan_rerun3
kan_rerun3_fold2_idx2,2,0.0,0.0027978641446679,aaronfeller_PeptideMLM_lg,kan_rerun3
kan_rerun3_fold2_idx3,2,1.0,0.9033043384552002,aaronfeller_PeptideMLM_lg,kan_rerun3
kan_rerun3_fold2_idx4,2,0.0,0.1236189976334571,aaronfeller_PeptideMLM_lg,kan_rerun3
kan_rerun3_fold2_idx5,2,1.0,0.9019749760627748,aaronfeller_PeptideMLM_lg,kan_rerun3
kan_rerun3_fold2_idx6,2,0.0,0.0142808398231863,aaronfeller_PeptideMLM_lg,kan_rerun3
kan_rerun3_fold2_idx7,2,1.0,0.9472860097885132,aaronfeller_PeptideMLM_lg,kan_rerun3
kan_rerun3_fold2_idx8,2,1.0,0.992464542388916,aaronfeller_PeptideMLM_lg,kan_rerun3
kan_rerun3_fold2_idx9,2,0.0,0.0003007321502082,aaronfeller_PeptideMLM_lg,kan_rerun3
kan_rerun3_fold2_idx10,2,0.0,1.1557073776202742e-05,aaronfeller_PeptideMLM_lg,kan_rerun3
kan_rerun3_fold2_idx11,2,1.0,0.3488549590110779,aaronfeller_PeptideMLM_lg,kan_rerun3
kan_rerun3_fold2_idx12,2,1.0,0.9931192398071288,aaronfeller_PeptideMLM_lg,kan_rerun3
kan_rerun3_fold2_idx13,2,0.0,0.3172952830791473,aaronfeller_PeptideMLM_lg,kan_rerun3
kan_rerun3_fold2_idx14,2,1.0,0.0408487357199192,aaronfeller_PeptideMLM_lg,kan_rerun3
kan_rerun3_fold2_idx15,2,0.0,0.0044143213890492,aaronfeller_PeptideMLM_lg,kan_rerun3
kan_rerun3_fold2_idx16,2,1.0,0.9278069734573364,aaronfeller_PeptideMLM_lg,kan_rerun3
kan_rerun3_fold2_idx17,2,0.0,0.9986244440078736,aaronfeller_PeptideMLM_lg,kan_rerun3
kan_rerun3_fold2_idx18,2,0.0,0.9070194959640504,aaronfeller_PeptideMLM_lg,kan_rerun3
kan_rerun3_fold2_idx19,2,0.0,0.0030012223869562,aaronfeller_PeptideMLM_lg,kan_rerun3
kan_rerun3_fold2_idx20,2,1.0,0.057459533214569,aaronfeller_PeptideMLM_lg,kan_rerun3
kan_rerun3_fold2_idx21,2,1.0,0.9999756813049316,aaronfeller_PeptideMLM_lg,kan_rerun3
kan_rerun3_fold2_idx22,2,1.0,0.3829852342605591,aaronfeller_PeptideMLM_lg,kan_rerun3
kan_rerun3_fold2_idx23,2,0.0,5.255751602817327e-06,aaronfeller_PeptideMLM_lg,kan_rerun3
kan_rerun3_fold2_idx24,2,0.0,1.67163739206444e-06,aaronfeller_PeptideMLM_lg,kan_rerun3
kan_rerun3_fold2_idx25,2,0.0,1.0965475212287856e-06,aaronfeller_PeptideMLM_lg,kan_rerun3
kan_rerun3_fold2_idx26,2,0.0,2.986365359447518e-07,aaronfeller_PeptideMLM_lg,kan_rerun3
kan_rerun3_fold2_idx27,2,0.0,0.0103855207562446,aaronfeller_PeptideMLM_lg,kan_rerun3
kan_rerun3_fold2_idx28,2,0.0,0.0006941393949091,aaronfeller_PeptideMLM_lg,kan_rerun3
kan_rerun3_fold2_idx29,2,1.0,0.0593600459396839,aaronfeller_PeptideMLM_lg,kan_rerun3
kan_rerun3_fold2_idx30,2,0.0,9.573168426868506e-06,aaronfeller_PeptideMLM_lg,kan_rerun3
kan_rerun3_fold2_idx31,2,0.0,2.7104561013402417e-05,aaronfeller_PeptideMLM_lg,kan_rerun3
kan_rerun3_fold2_idx32,2,0.0,0.0001213427167385,aaronfeller_PeptideMLM_lg,kan_rerun3
kan_rerun3_fold2_idx33,2,0.0,8.450863788311835e-06,aaronfeller_PeptideMLM_lg,kan_rerun3
kan_rerun3_fold2_idx34,2,0.0,1.890346720756497e-05,aaronfeller_PeptideMLM_lg,kan_rerun3
kan_rerun3_fold2_idx35,2,0.0,0.9746819734573364,aaronfeller_PeptideMLM_lg,kan_rerun3
kan_rerun3_fold2_idx36,2,0.0,1.7417007256881334e-05,aaronfeller_PeptideMLM_lg,kan_rerun3
kan_rerun3_fold2_idx37,2,0.0,3.226671469747089e-05,aaronfeller_PeptideMLM_lg,kan_rerun3
kan_rerun3_fold2_idx38,2,0.0,8.3340373748797e-06,aaronfeller_PeptideMLM_lg,kan_rerun3
kan_rerun3_fold2_idx39,2,0.0,9.24392807064578e-05,aaronfeller_PeptideMLM_lg,kan_rerun3
kan_rerun3_fold2_idx40,2,0.0,6.076869249227457e-05,aaronfeller_PeptideMLM_lg,kan_rerun3
kan_rerun3_fold2_idx41,2,0.0,6.65015759295784e-05,aaronfeller_PeptideMLM_lg,kan_rerun3
kan_rerun3_fold2_idx42,2,0.0,3.5911707527702674e-05,aaronfeller_PeptideMLM_lg,kan_rerun3
kan_rerun3_fold2_idx43,2,0.0,0.0001189960166811,aaronfeller_PeptideMLM_lg,kan_rerun3
kan_rerun3_fold2_idx44,2,1.0,0.9989812970161438,aaronfeller_PeptideMLM_lg,kan_rerun3
kan_rerun3_fold2_idx45,2,1.0,0.487073004245758,aaronfeller_PeptideMLM_lg,kan_rerun3
kan_rerun3_fold2_idx46,2,1.0,0.5932531356811523,aaronfeller_PeptideMLM_lg,kan_rerun3
kan_rerun3_fold2_idx47,2,0.0,0.0064420993439853,aaronfeller_PeptideMLM_lg,kan_rerun3
kan_rerun3_fold2_idx48,2,0.0,0.0001242635044036,aaronfeller_PeptideMLM_lg,kan_rerun3
kan_rerun3_fold2_idx49,2,0.0,4.670064754463965e-06,aaronfeller_PeptideMLM_lg,kan_rerun3
kan_rerun3_fold2_idx50,2,0.0,0.228683516383171,aaronfeller_PeptideMLM_lg,kan_rerun3
kan_rerun3_fold2_idx51,2,0.0,0.9904764890670776,aaronfeller_PeptideMLM_lg,kan_rerun3
kan_rerun3_fold2_idx52,2,0.0,9.738379276313935e-07,aaronfeller_PeptideMLM_lg,kan_rerun3
kan_rerun3_fold2_idx53,2,1.0,0.9999980926513672,aaronfeller_PeptideMLM_lg,kan_rerun3
kan_rerun3_fold2_idx54,2,1.0,0.9999960660934448,aaronfeller_PeptideMLM_lg,kan_rerun3
kan_rerun3_fold2_idx55,2,1.0,0.9932101368904114,aaronfeller_PeptideMLM_lg,kan_rerun3
kan_rerun3_fold2_idx56,2,0.0,7.045593974908115e-06,aaronfeller_PeptideMLM_lg,kan_rerun3
kan_rerun3_fold2_idx57,2,1.0,0.9999605417251588,aaronfeller_PeptideMLM_lg,kan_rerun3
kan_rerun3_fold2_idx58,2,0.0,0.0001950971782207,aaronfeller_PeptideMLM_lg,kan_rerun3
kan_rerun3_fold2_idx59,2,1.0,0.9999997615814208,aaronfeller_PeptideMLM_lg,kan_rerun3
kan_rerun3_fold2_idx60,2,0.0,5.97849851222132e-12,aaronfeller_PeptideMLM_lg,kan_rerun3
kan_rerun3_fold2_idx61,2,0.0,4.434969866906613e-07,aaronfeller_PeptideMLM_lg,kan_rerun3
kan_rerun3_fold2_idx62,2,1.0,0.3333418667316437,aaronfeller_PeptideMLM_lg,kan_rerun3
kan_rerun3_fold2_idx63,2,0.0,0.9995502829551696,aaronfeller_PeptideMLM_lg,kan_rerun3
kan_rerun3_fold3_idx0,3,0.0,3.935823770007119e-05,aaronfeller_PeptideMLM_lg,kan_rerun3
kan_rerun3_fold3_idx1,3,0.0,0.0777147859334945,aaronfeller_PeptideMLM_lg,kan_rerun3
kan_rerun3_fold3_idx2,3,0.0,0.0005683935596607,aaronfeller_PeptideMLM_lg,kan_rerun3
kan_rerun3_fold3_idx3,3,0.0,0.0004516301851253,aaronfeller_PeptideMLM_lg,kan_rerun3
kan_rerun3_fold3_idx4,3,0.0,0.978578507900238,aaronfeller_PeptideMLM_lg,kan_rerun3
kan_rerun3_fold3_idx5,3,0.0,0.0531970784068107,aaronfeller_PeptideMLM_lg,kan_rerun3
kan_rerun3_fold3_idx6,3,0.0,0.0171228814870119,aaronfeller_PeptideMLM_lg,kan_rerun3
kan_rerun3_fold3_idx7,3,1.0,0.5177482962608337,aaronfeller_PeptideMLM_lg,kan_rerun3
kan_rerun3_fold3_idx8,3,1.0,0.9647891521453856,aaronfeller_PeptideMLM_lg,kan_rerun3
kan_rerun3_fold3_idx9,3,1.0,0.0023254679981619,aaronfeller_PeptideMLM_lg,kan_rerun3
kan_rerun3_fold3_idx10,3,1.0,0.9983260035514832,aaronfeller_PeptideMLM_lg,kan_rerun3
kan_rerun3_fold3_idx11,3,1.0,0.999941110610962,aaronfeller_PeptideMLM_lg,kan_rerun3
kan_rerun3_fold3_idx12,3,0.0,2.8752915568475146e-06,aaronfeller_PeptideMLM_lg,kan_rerun3
kan_rerun3_fold3_idx13,3,1.0,0.0016567845596,aaronfeller_PeptideMLM_lg,kan_rerun3
kan_rerun3_fold3_idx14,3,1.0,0.9915916919708252,aaronfeller_PeptideMLM_lg,kan_rerun3
kan_rerun3_fold3_idx15,3,1.0,0.0565868057310581,aaronfeller_PeptideMLM_lg,kan_rerun3
kan_rerun3_fold3_idx16,3,0.0,7.168752199504524e-05,aaronfeller_PeptideMLM_lg,kan_rerun3
kan_rerun3_fold3_idx17,3,1.0,0.0026468664873391,aaronfeller_PeptideMLM_lg,kan_rerun3
kan_rerun3_fold3_idx18,3,1.0,0.9057873487472534,aaronfeller_PeptideMLM_lg,kan_rerun3
kan_rerun3_fold3_idx19,3,1.0,0.9908772110939026,aaronfeller_PeptideMLM_lg,kan_rerun3
kan_rerun3_fold3_idx20,3,1.0,0.5554665923118591,aaronfeller_PeptideMLM_lg,kan_rerun3
kan_rerun3_fold3_idx21,3,0.0,0.0041772918775677,aaronfeller_PeptideMLM_lg,kan_rerun3
kan_rerun3_fold3_idx22,3,1.0,0.0037269685417413,aaronfeller_PeptideMLM_lg,kan_rerun3
kan_rerun3_fold3_idx23,3,1.0,0.8001680374145508,aaronfeller_PeptideMLM_lg,kan_rerun3
kan_rerun3_fold3_idx24,3,0.0,0.9469172954559326,aaronfeller_PeptideMLM_lg,kan_rerun3
kan_rerun3_fold3_idx25,3,1.0,0.9999942779541016,aaronfeller_PeptideMLM_lg,kan_rerun3
kan_rerun3_fold3_idx26,3,1.0,0.9943199157714844,aaronfeller_PeptideMLM_lg,kan_rerun3
kan_rerun3_fold3_idx27,3,1.0,0.5370448231697083,aaronfeller_PeptideMLM_lg,kan_rerun3
kan_rerun3_fold3_idx28,3,1.0,0.8943230509757996,aaronfeller_PeptideMLM_lg,kan_rerun3
kan_rerun3_fold3_idx29,3,0.0,0.0036621349863708,aaronfeller_PeptideMLM_lg,kan_rerun3
kan_rerun3_fold3_idx30,3,0.0,4.0857743442757055e-05,aaronfeller_PeptideMLM_lg,kan_rerun3
kan_rerun3_fold3_idx31,3,0.0,0.0027121077291667,aaronfeller_PeptideMLM_lg,kan_rerun3
kan_rerun3_fold3_idx32,3,0.0,0.0001162710541393,aaronfeller_PeptideMLM_lg,kan_rerun3
kan_rerun3_fold3_idx33,3,0.0,0.000429250387242,aaronfeller_PeptideMLM_lg,kan_rerun3
kan_rerun3_fold3_idx34,3,0.0,0.0191825814545154,aaronfeller_PeptideMLM_lg,kan_rerun3
kan_rerun3_fold3_idx35,3,0.0,0.0196681190282106,aaronfeller_PeptideMLM_lg,kan_rerun3
kan_rerun3_fold3_idx36,3,0.0,1.9791894374066032e-05,aaronfeller_PeptideMLM_lg,kan_rerun3
kan_rerun3_fold3_idx37,3,0.0,0.0007617119117639,aaronfeller_PeptideMLM_lg,kan_rerun3
kan_rerun3_fold3_idx38,3,1.0,0.681120753288269,aaronfeller_PeptideMLM_lg,kan_rerun3
kan_rerun3_fold3_idx39,3,1.0,0.9331660866737366,aaronfeller_PeptideMLM_lg,kan_rerun3
kan_rerun3_fold3_idx40,3,1.0,0.9187287092208862,aaronfeller_PeptideMLM_lg,kan_rerun3
kan_rerun3_fold3_idx41,3,1.0,0.9999731779098512,aaronfeller_PeptideMLM_lg,kan_rerun3
kan_rerun3_fold3_idx42,3,0.0,0.0014307396486401,aaronfeller_PeptideMLM_lg,kan_rerun3
kan_rerun3_fold3_idx43,3,1.0,0.8174242377281189,aaronfeller_PeptideMLM_lg,kan_rerun3
kan_rerun3_fold3_idx44,3,1.0,0.9763725399971008,aaronfeller_PeptideMLM_lg,kan_rerun3
kan_rerun3_fold3_idx45,3,1.0,0.9277427196502686,aaronfeller_PeptideMLM_lg,kan_rerun3
kan_rerun3_fold3_idx46,3,0.0,0.0001977770152734,aaronfeller_PeptideMLM_lg,kan_rerun3
kan_rerun3_fold3_idx47,3,1.0,0.3134330809116363,aaronfeller_PeptideMLM_lg,kan_rerun3
kan_rerun3_fold3_idx48,3,0.0,0.1694044321775436,aaronfeller_PeptideMLM_lg,kan_rerun3
kan_rerun3_fold3_idx49,3,1.0,0.8421788215637207,aaronfeller_PeptideMLM_lg,kan_rerun3
kan_rerun3_fold3_idx50,3,0.0,0.0088290758430957,aaronfeller_PeptideMLM_lg,kan_rerun3
kan_rerun3_fold3_idx51,3,0.0,0.0018855258822441,aaronfeller_PeptideMLM_lg,kan_rerun3
kan_rerun3_fold3_idx52,3,0.0,0.0253381952643394,aaronfeller_PeptideMLM_lg,kan_rerun3
kan_rerun3_fold3_idx53,3,0.0,0.1100443974137306,aaronfeller_PeptideMLM_lg,kan_rerun3
kan_rerun3_fold3_idx54,3,1.0,0.9995594620704652,aaronfeller_PeptideMLM_lg,kan_rerun3
kan_rerun3_fold3_idx55,3,0.0,0.0001173758937511,aaronfeller_PeptideMLM_lg,kan_rerun3
kan_rerun3_fold3_idx56,3,1.0,0.9996840953826904,aaronfeller_PeptideMLM_lg,kan_rerun3
kan_rerun3_fold3_idx57,3,1.0,0.9927642941474916,aaronfeller_PeptideMLM_lg,kan_rerun3
kan_rerun3_fold3_idx58,3,1.0,0.9019352793693542,aaronfeller_PeptideMLM_lg,kan_rerun3
kan_rerun3_fold3_idx59,3,0.0,0.0112893991172313,aaronfeller_PeptideMLM_lg,kan_rerun3
kan_rerun3_fold3_idx60,3,0.0,0.0433425493538379,aaronfeller_PeptideMLM_lg,kan_rerun3
kan_rerun3_fold3_idx61,3,0.0,0.0008268238743767,aaronfeller_PeptideMLM_lg,kan_rerun3
kan_rerun3_fold3_idx62,3,1.0,0.9537609815597534,aaronfeller_PeptideMLM_lg,kan_rerun3
kan_rerun3_fold3_idx63,3,0.0,0.0023156548850238,aaronfeller_PeptideMLM_lg,kan_rerun3
kan_rerun3_fold4_idx0,4,0.0,0.1437992751598358,aaronfeller_PeptideMLM_lg,kan_rerun3
kan_rerun3_fold4_idx1,4,1.0,0.9655503630638124,aaronfeller_PeptideMLM_lg,kan_rerun3
kan_rerun3_fold4_idx2,4,0.0,0.0146288685500621,aaronfeller_PeptideMLM_lg,kan_rerun3
kan_rerun3_fold4_idx3,4,0.0,0.0464852005243301,aaronfeller_PeptideMLM_lg,kan_rerun3
kan_rerun3_fold4_idx4,4,0.0,0.2884320914745331,aaronfeller_PeptideMLM_lg,kan_rerun3
kan_rerun3_fold4_idx5,4,1.0,0.999669909477234,aaronfeller_PeptideMLM_lg,kan_rerun3
kan_rerun3_fold4_idx6,4,1.0,0.9997641444206238,aaronfeller_PeptideMLM_lg,kan_rerun3
kan_rerun3_fold4_idx7,4,1.0,0.6096872091293335,aaronfeller_PeptideMLM_lg,kan_rerun3
kan_rerun3_fold4_idx8,4,0.0,0.0038195108063519,aaronfeller_PeptideMLM_lg,kan_rerun3
kan_rerun3_fold4_idx9,4,0.0,0.0067148613743484,aaronfeller_PeptideMLM_lg,kan_rerun3
kan_rerun3_fold4_idx10,4,0.0,0.0015592945273965,aaronfeller_PeptideMLM_lg,kan_rerun3
kan_rerun3_fold4_idx11,4,1.0,0.5106462240219116,aaronfeller_PeptideMLM_lg,kan_rerun3
kan_rerun3_fold4_idx12,4,0.0,0.9942399263381958,aaronfeller_PeptideMLM_lg,kan_rerun3
kan_rerun3_fold4_idx13,4,1.0,0.8361610770225525,aaronfeller_PeptideMLM_lg,kan_rerun3
kan_rerun3_fold4_idx14,4,0.0,0.580894410610199,aaronfeller_PeptideMLM_lg,kan_rerun3
kan_rerun3_fold4_idx15,4,1.0,3.1925799703458324e-05,aaronfeller_PeptideMLM_lg,kan_rerun3
kan_rerun3_fold4_idx16,4,1.0,0.8110607266426086,aaronfeller_PeptideMLM_lg,kan_rerun3
kan_rerun3_fold4_idx17,4,1.0,0.9994933605194092,aaronfeller_PeptideMLM_lg,kan_rerun3
kan_rerun3_fold4_idx18,4,1.0,0.9996941089630128,aaronfeller_PeptideMLM_lg,kan_rerun3
kan_rerun3_fold4_idx19,4,0.0,0.3971435725688934,aaronfeller_PeptideMLM_lg,kan_rerun3
kan_rerun3_fold4_idx20,4,1.0,0.8261035084724426,aaronfeller_PeptideMLM_lg,kan_rerun3
kan_rerun3_fold4_idx21,4,0.0,0.0014768617693334,aaronfeller_PeptideMLM_lg,kan_rerun3
kan_rerun3_fold4_idx22,4,0.0,0.0546985045075416,aaronfeller_PeptideMLM_lg,kan_rerun3
kan_rerun3_fold4_idx23,4,0.0,0.0056520402431488,aaronfeller_PeptideMLM_lg,kan_rerun3
kan_rerun3_fold4_idx24,4,1.0,0.9982074499130248,aaronfeller_PeptideMLM_lg,kan_rerun3
kan_rerun3_fold4_idx25,4,1.0,0.0269083697348833,aaronfeller_PeptideMLM_lg,kan_rerun3
kan_rerun3_fold4_idx26,4,1.0,0.9999984502792358,aaronfeller_PeptideMLM_lg,kan_rerun3
kan_rerun3_fold4_idx27,4,1.0,0.0018442544387653,aaronfeller_PeptideMLM_lg,kan_rerun3
kan_rerun3_fold4_idx28,4,0.0,0.0011729627149179,aaronfeller_PeptideMLM_lg,kan_rerun3
kan_rerun3_fold4_idx29,4,0.0,0.0298899486660957,aaronfeller_PeptideMLM_lg,kan_rerun3
kan_rerun3_fold4_idx30,4,0.0,0.6612159013748169,aaronfeller_PeptideMLM_lg,kan_rerun3
kan_rerun3_fold4_idx31,4,0.0,0.9963169097900392,aaronfeller_PeptideMLM_lg,kan_rerun3
kan_rerun3_fold4_idx32,4,0.0,2.491060331522021e-05,aaronfeller_PeptideMLM_lg,kan_rerun3
kan_rerun3_fold4_idx33,4,0.0,0.9997484087944032,aaronfeller_PeptideMLM_lg,kan_rerun3
kan_rerun3_fold4_idx34,4,1.0,0.9981288313865662,aaronfeller_PeptideMLM_lg,kan_rerun3
kan_rerun3_fold4_idx35,4,1.0,0.9998619556427002,aaronfeller_PeptideMLM_lg,kan_rerun3
kan_rerun3_fold4_idx36,4,0.0,0.0006313337362371,aaronfeller_PeptideMLM_lg,kan_rerun3
kan_rerun3_fold4_idx37,4,0.0,0.1610687226057052,aaronfeller_PeptideMLM_lg,kan_rerun3
kan_rerun3_fold4_idx38,4,1.0,0.4411012530326843,aaronfeller_PeptideMLM_lg,kan_rerun3
kan_rerun3_fold4_idx39,4,0.0,0.001891519059427,aaronfeller_PeptideMLM_lg,kan_rerun3
kan_rerun3_fold4_idx40,4,0.0,0.2133239209651947,aaronfeller_PeptideMLM_lg,kan_rerun3
kan_rerun3_fold4_idx41,4,0.0,0.1214221864938736,aaronfeller_PeptideMLM_lg,kan_rerun3
kan_rerun3_fold4_idx42,4,1.0,0.5418287515640259,aaronfeller_PeptideMLM_lg,kan_rerun3
kan_rerun3_fold4_idx43,4,1.0,0.9763618111610411,aaronfeller_PeptideMLM_lg,kan_rerun3
kan_rerun3_fold4_idx44,4,0.0,0.0005179737927392,aaronfeller_PeptideMLM_lg,kan_rerun3
kan_rerun3_fold4_idx45,4,0.0,0.0036146529018878,aaronfeller_PeptideMLM_lg,kan_rerun3
kan_rerun3_fold4_idx46,4,1.0,0.0025153309106826,aaronfeller_PeptideMLM_lg,kan_rerun3
kan_rerun3_fold4_idx47,4,0.0,0.161252424120903,aaronfeller_PeptideMLM_lg,kan_rerun3
kan_rerun3_fold4_idx48,4,1.0,0.1799744218587875,aaronfeller_PeptideMLM_lg,kan_rerun3
kan_rerun3_fold4_idx49,4,1.0,0.4754985272884369,aaronfeller_PeptideMLM_lg,kan_rerun3
kan_rerun3_fold4_idx50,4,1.0,0.999969244003296,aaronfeller_PeptideMLM_lg,kan_rerun3
kan_rerun3_fold4_idx51,4,0.0,0.0036544182803481,aaronfeller_PeptideMLM_lg,kan_rerun3
kan_rerun3_fold4_idx52,4,0.0,0.9613120555877686,aaronfeller_PeptideMLM_lg,kan_rerun3
kan_rerun3_fold4_idx53,4,0.0,0.9894065260887146,aaronfeller_PeptideMLM_lg,kan_rerun3
kan_rerun3_fold4_idx54,4,1.0,0.9999974966049194,aaronfeller_PeptideMLM_lg,kan_rerun3
kan_rerun3_fold4_idx55,4,0.0,0.0024713859893381,aaronfeller_PeptideMLM_lg,kan_rerun3
kan_rerun3_fold4_idx56,4,1.0,0.9997805953025818,aaronfeller_PeptideMLM_lg,kan_rerun3
kan_rerun3_fold4_idx57,4,0.0,0.0009068055078387,aaronfeller_PeptideMLM_lg,kan_rerun3
kan_rerun3_fold4_idx58,4,1.0,0.5543018579483032,aaronfeller_PeptideMLM_lg,kan_rerun3
kan_rerun3_fold4_idx59,4,0.0,0.7721184492111206,aaronfeller_PeptideMLM_lg,kan_rerun3
kan_rerun3_fold4_idx60,4,1.0,0.8139979839324951,aaronfeller_PeptideMLM_lg,kan_rerun3
kan_rerun3_fold4_idx61,4,1.0,0.990264058113098,aaronfeller_PeptideMLM_lg,kan_rerun3
kan_rerun3_fold4_idx62,4,1.0,0.0367989726364612,aaronfeller_PeptideMLM_lg,kan_rerun3
kan_rerun3_fold4_idx63,4,1.0,0.0403642915189266,aaronfeller_PeptideMLM_lg,kan_rerun3
kan_rerun3_fold5_idx0,5,1.0,0.8875114917755127,aaronfeller_PeptideMLM_lg,kan_rerun3
kan_rerun3_fold5_idx1,5,1.0,0.9547981023788452,aaronfeller_PeptideMLM_lg,kan_rerun3
kan_rerun3_fold5_idx2,5,0.0,0.084079198539257,aaronfeller_PeptideMLM_lg,kan_rerun3
kan_rerun3_fold5_idx3,5,0.0,0.2366201877593994,aaronfeller_PeptideMLM_lg,kan_rerun3
kan_rerun3_fold5_idx4,5,0.0,0.2943671643733978,aaronfeller_PeptideMLM_lg,kan_rerun3
kan_rerun3_fold5_idx5,5,0.0,0.3485593795776367,aaronfeller_PeptideMLM_lg,kan_rerun3
kan_rerun3_fold5_idx6,5,1.0,0.9648783802986144,aaronfeller_PeptideMLM_lg,kan_rerun3
kan_rerun3_fold5_idx7,5,0.0,0.1089701578021049,aaronfeller_PeptideMLM_lg,kan_rerun3
kan_rerun3_fold5_idx8,5,1.0,0.6087726950645447,aaronfeller_PeptideMLM_lg,kan_rerun3
kan_rerun3_fold5_idx9,5,0.0,0.1625742018222808,aaronfeller_PeptideMLM_lg,kan_rerun3
kan_rerun3_fold5_idx10,5,0.0,0.4142926633358001,aaronfeller_PeptideMLM_lg,kan_rerun3
kan_rerun3_fold5_idx11,5,1.0,0.1138811334967613,aaronfeller_PeptideMLM_lg,kan_rerun3
kan_rerun3_fold5_idx12,5,0.0,0.099337562918663,aaronfeller_PeptideMLM_lg,kan_rerun3
kan_rerun3_fold5_idx13,5,1.0,0.8346202373504639,aaronfeller_PeptideMLM_lg,kan_rerun3
kan_rerun3_fold5_idx14,5,0.0,0.988541841506958,aaronfeller_PeptideMLM_lg,kan_rerun3
kan_rerun3_fold5_idx15,5,1.0,0.9991037249565125,aaronfeller_PeptideMLM_lg,kan_rerun3
kan_rerun3_fold5_idx16,5,1.0,0.4301972985267639,aaronfeller_PeptideMLM_lg,kan_rerun3
kan_rerun3_fold5_idx17,5,0.0,0.283378541469574,aaronfeller_PeptideMLM_lg,kan_rerun3
kan_rerun3_fold5_idx18,5,1.0,0.451633870601654,aaronfeller_PeptideMLM_lg,kan_rerun3
kan_rerun3_fold5_idx19,5,1.0,0.4698028564453125,aaronfeller_PeptideMLM_lg,kan_rerun3
kan_rerun3_fold5_idx20,5,0.0,0.3572207689285278,aaronfeller_PeptideMLM_lg,kan_rerun3
kan_rerun3_fold5_idx21,5,0.0,0.1428273022174835,aaronfeller_PeptideMLM_lg,kan_rerun3
kan_rerun3_fold5_idx22,5,0.0,0.4163074195384979,aaronfeller_PeptideMLM_lg,kan_rerun3
kan_rerun3_fold5_idx23,5,0.0,0.4211546182632446,aaronfeller_PeptideMLM_lg,kan_rerun3
kan_rerun3_fold5_idx24,5,1.0,0.3773861229419708,aaronfeller_PeptideMLM_lg,kan_rerun3
kan_rerun3_fold5_idx25,5,0.0,0.2763817012310028,aaronfeller_PeptideMLM_lg,kan_rerun3
kan_rerun3_fold5_idx26,5,1.0,0.8876966238021851,aaronfeller_PeptideMLM_lg,kan_rerun3
kan_rerun3_fold5_idx27,5,0.0,0.2896547317504883,aaronfeller_PeptideMLM_lg,kan_rerun3
kan_rerun3_fold5_idx28,5,0.0,0.0501924939453601,aaronfeller_PeptideMLM_lg,kan_rerun3
kan_rerun3_fold5_idx29,5,0.0,0.3437077105045318,aaronfeller_PeptideMLM_lg,kan_rerun3
kan_rerun3_fold5_idx30,5,1.0,0.4600477516651153,aaronfeller_PeptideMLM_lg,kan_rerun3
kan_rerun3_fold5_idx31,5,0.0,0.6703433990478516,aaronfeller_PeptideMLM_lg,kan_rerun3
kan_rerun3_fold5_idx32,5,1.0,0.1374786645174026,aaronfeller_PeptideMLM_lg,kan_rerun3
kan_rerun3_fold5_idx33,5,0.0,0.0107498774304986,aaronfeller_PeptideMLM_lg,kan_rerun3
kan_rerun3_fold5_idx34,5,1.0,0.6871882081031799,aaronfeller_PeptideMLM_lg,kan_rerun3
kan_rerun3_fold5_idx35,5,0.0,0.0577032007277011,aaronfeller_PeptideMLM_lg,kan_rerun3
kan_rerun3_fold5_idx36,5,0.0,0.0177701823413372,aaronfeller_PeptideMLM_lg,kan_rerun3
kan_rerun3_fold5_idx37,5,0.0,0.0483797490596771,aaronfeller_PeptideMLM_lg,kan_rerun3
kan_rerun3_fold5_idx38,5,0.0,0.053803976625204,aaronfeller_PeptideMLM_lg,kan_rerun3
kan_rerun3_fold5_idx39,5,0.0,0.0357947461307048,aaronfeller_PeptideMLM_lg,kan_rerun3
kan_rerun3_fold5_idx40,5,0.0,0.1624045968055725,aaronfeller_PeptideMLM_lg,kan_rerun3
kan_rerun3_fold5_idx41,5,0.0,0.3253852725028991,aaronfeller_PeptideMLM_lg,kan_rerun3
kan_rerun3_fold5_idx42,5,0.0,0.1597705781459808,aaronfeller_PeptideMLM_lg,kan_rerun3
kan_rerun3_fold5_idx43,5,1.0,0.6920585632324219,aaronfeller_PeptideMLM_lg,kan_rerun3
kan_rerun3_fold5_idx44,5,1.0,0.7042543888092041,aaronfeller_PeptideMLM_lg,kan_rerun3
kan_rerun3_fold5_idx45,5,0.0,0.2698373198509216,aaronfeller_PeptideMLM_lg,kan_rerun3
kan_rerun3_fold5_idx46,5,1.0,0.5194644331932068,aaronfeller_PeptideMLM_lg,kan_rerun3
kan_rerun3_fold5_idx47,5,1.0,0.5508776307106018,aaronfeller_PeptideMLM_lg,kan_rerun3
kan_rerun3_fold5_idx48,5,1.0,0.5233885645866394,aaronfeller_PeptideMLM_lg,kan_rerun3
kan_rerun3_fold5_idx49,5,1.0,0.9935546517372132,aaronfeller_PeptideMLM_lg,kan_rerun3
kan_rerun3_fold5_idx50,5,0.0,0.4582065045833587,aaronfeller_PeptideMLM_lg,kan_rerun3
kan_rerun3_fold5_idx51,5,0.0,0.2558591365814209,aaronfeller_PeptideMLM_lg,kan_rerun3
kan_rerun3_fold5_idx52,5,1.0,0.2931190133094787,aaronfeller_PeptideMLM_lg,kan_rerun3
kan_rerun3_fold5_idx53,5,0.0,0.079623557627201,aaronfeller_PeptideMLM_lg,kan_rerun3
kan_rerun3_fold5_idx54,5,0.0,0.0595780722796916,aaronfeller_PeptideMLM_lg,kan_rerun3
kan_rerun3_fold5_idx55,5,0.0,0.3756419718265533,aaronfeller_PeptideMLM_lg,kan_rerun3
kan_rerun3_fold5_idx56,5,1.0,0.4957691431045532,aaronfeller_PeptideMLM_lg,kan_rerun3
kan_rerun3_fold5_idx57,5,0.0,0.252952516078949,aaronfeller_PeptideMLM_lg,kan_rerun3
kan_rerun3_fold5_idx58,5,1.0,0.7419986724853516,aaronfeller_PeptideMLM_lg,kan_rerun3
kan_rerun3_fold5_idx59,5,0.0,0.2805569767951965,aaronfeller_PeptideMLM_lg,kan_rerun3
kan_rerun3_fold5_idx60,5,0.0,0.5532885789871216,aaronfeller_PeptideMLM_lg,kan_rerun3
kan_rerun3_fold5_idx61,5,0.0,0.2533730566501617,aaronfeller_PeptideMLM_lg,kan_rerun3
kan_rerun3_fold5_idx62,5,0.0,0.3010372519493103,aaronfeller_PeptideMLM_lg,kan_rerun3
kan_rerun3_fold5_idx63,5,0.0,0.2859318256378174,aaronfeller_PeptideMLM_lg,kan_rerun3
kan_rerun3_fold6_idx0,6,0.0,0.2072183042764663,aaronfeller_PeptideMLM_lg,kan_rerun3
kan_rerun3_fold6_idx1,6,0.0,0.0924137830734252,aaronfeller_PeptideMLM_lg,kan_rerun3
kan_rerun3_fold6_idx2,6,0.0,0.8741022348403931,aaronfeller_PeptideMLM_lg,kan_rerun3
kan_rerun3_fold6_idx3,6,0.0,0.0283941701054573,aaronfeller_PeptideMLM_lg,kan_rerun3
kan_rerun3_fold6_idx4,6,0.0,0.6678481101989746,aaronfeller_PeptideMLM_lg,kan_rerun3
kan_rerun3_fold6_idx5,6,0.0,0.0261243619024753,aaronfeller_PeptideMLM_lg,kan_rerun3
kan_rerun3_fold6_idx6,6,1.0,0.9999998807907104,aaronfeller_PeptideMLM_lg,kan_rerun3
kan_rerun3_fold6_idx7,6,0.0,0.9036615490913392,aaronfeller_PeptideMLM_lg,kan_rerun3
kan_rerun3_fold6_idx8,6,1.0,0.9985144734382628,aaronfeller_PeptideMLM_lg,kan_rerun3
kan_rerun3_fold6_idx9,6,0.0,0.0163718499243259,aaronfeller_PeptideMLM_lg,kan_rerun3
kan_rerun3_fold6_idx10,6,1.0,0.5617086887359619,aaronfeller_PeptideMLM_lg,kan_rerun3
kan_rerun3_fold6_idx11,6,0.0,0.0999166890978813,aaronfeller_PeptideMLM_lg,kan_rerun3
kan_rerun3_fold6_idx12,6,0.0,0.0044310591183602,aaronfeller_PeptideMLM_lg,kan_rerun3
kan_rerun3_fold6_idx13,6,1.0,0.7654494047164917,aaronfeller_PeptideMLM_lg,kan_rerun3
kan_rerun3_fold6_idx14,6,0.0,0.0084834778681397,aaronfeller_PeptideMLM_lg,kan_rerun3
kan_rerun3_fold6_idx15,6,0.0,0.1860980987548828,aaronfeller_PeptideMLM_lg,kan_rerun3
kan_rerun3_fold6_idx16,6,0.0,0.3285009562969208,aaronfeller_PeptideMLM_lg,kan_rerun3
kan_rerun3_fold6_idx17,6,1.0,0.9999009370803832,aaronfeller_PeptideMLM_lg,kan_rerun3
kan_rerun3_fold6_idx18,6,1.0,0.982444703578949,aaronfeller_PeptideMLM_lg,kan_rerun3
kan_rerun3_fold6_idx19,6,0.0,0.5475449562072754,aaronfeller_PeptideMLM_lg,kan_rerun3
kan_rerun3_fold6_idx20,6,0.0,0.7395529747009277,aaronfeller_PeptideMLM_lg,kan_rerun3
kan_rerun3_fold6_idx21,6,1.0,0.9902167320251464,aaronfeller_PeptideMLM_lg,kan_rerun3
kan_rerun3_fold6_idx22,6,1.0,0.9241393804550172,aaronfeller_PeptideMLM_lg,kan_rerun3
kan_rerun3_fold6_idx23,6,0.0,0.2507640719413757,aaronfeller_PeptideMLM_lg,kan_rerun3
kan_rerun3_fold6_idx24,6,1.0,0.9617188572883606,aaronfeller_PeptideMLM_lg,kan_rerun3
kan_rerun3_fold6_idx25,6,1.0,0.9883861541748048,aaronfeller_PeptideMLM_lg,kan_rerun3
kan_rerun3_fold6_idx26,6,1.0,0.0021618055179715,aaronfeller_PeptideMLM_lg,kan_rerun3
kan_rerun3_fold6_idx27,6,0.0,0.1384360939264297,aaronfeller_PeptideMLM_lg,kan_rerun3
kan_rerun3_fold6_idx28,6,1.0,0.808526337146759,aaronfeller_PeptideMLM_lg,kan_rerun3
kan_rerun3_fold6_idx29,6,1.0,0.3700113892555237,aaronfeller_PeptideMLM_lg,kan_rerun3
kan_rerun3_fold6_idx30,6,0.0,0.3548223972320556,aaronfeller_PeptideMLM_lg,kan_rerun3
kan_rerun3_fold6_idx31,6,1.0,0.7699334621429443,aaronfeller_PeptideMLM_lg,kan_rerun3
kan_rerun3_fold6_idx32,6,0.0,0.3126714825630188,aaronfeller_PeptideMLM_lg,kan_rerun3
kan_rerun3_fold6_idx33,6,1.0,0.3727334141731262,aaronfeller_PeptideMLM_lg,kan_rerun3
kan_rerun3_fold6_idx34,6,0.0,0.1107349321246147,aaronfeller_PeptideMLM_lg,kan_rerun3
kan_rerun3_fold6_idx35,6,1.0,0.3770009279251098,aaronfeller_PeptideMLM_lg,kan_rerun3
kan_rerun3_fold6_idx36,6,0.0,0.0114547712728381,aaronfeller_PeptideMLM_lg,kan_rerun3
kan_rerun3_fold6_idx37,6,1.0,0.3811794221401214,aaronfeller_PeptideMLM_lg,kan_rerun3
kan_rerun3_fold6_idx38,6,0.0,0.1301052719354629,aaronfeller_PeptideMLM_lg,kan_rerun3
kan_rerun3_fold6_idx39,6,0.0,0.0672091543674469,aaronfeller_PeptideMLM_lg,kan_rerun3
kan_rerun3_fold6_idx40,6,0.0,0.0668311491608619,aaronfeller_PeptideMLM_lg,kan_rerun3
kan_rerun3_fold6_idx41,6,0.0,0.0044746035709977,aaronfeller_PeptideMLM_lg,kan_rerun3
kan_rerun3_fold6_idx42,6,0.0,0.0030682277865707,aaronfeller_PeptideMLM_lg,kan_rerun3
kan_rerun3_fold6_idx43,6,0.0,0.2245854586362838,aaronfeller_PeptideMLM_lg,kan_rerun3
kan_rerun3_fold6_idx44,6,0.0,0.0032590308692306,aaronfeller_PeptideMLM_lg,kan_rerun3
kan_rerun3_fold6_idx45,6,0.0,0.0094415768980979,aaronfeller_PeptideMLM_lg,kan_rerun3
kan_rerun3_fold6_idx46,6,0.0,0.0018674166640266,aaronfeller_PeptideMLM_lg,kan_rerun3
kan_rerun3_fold6_idx47,6,0.0,0.0016710414784029,aaronfeller_PeptideMLM_lg,kan_rerun3
kan_rerun3_fold6_idx48,6,0.0,0.0017355731688439,aaronfeller_PeptideMLM_lg,kan_rerun3
kan_rerun3_fold6_idx49,6,0.0,0.4880392551422119,aaronfeller_PeptideMLM_lg,kan_rerun3
kan_rerun3_fold6_idx50,6,1.0,0.9995600581169128,aaronfeller_PeptideMLM_lg,kan_rerun3
kan_rerun3_fold6_idx51,6,0.0,0.8565564155578613,aaronfeller_PeptideMLM_lg,kan_rerun3
kan_rerun3_fold6_idx52,6,1.0,0.966663897037506,aaronfeller_PeptideMLM_lg,kan_rerun3
kan_rerun3_fold6_idx53,6,1.0,0.8160975575447083,aaronfeller_PeptideMLM_lg,kan_rerun3
kan_rerun3_fold6_idx54,6,0.0,0.0281047746539115,aaronfeller_PeptideMLM_lg,kan_rerun3
kan_rerun3_fold6_idx55,6,0.0,0.0011147705372422,aaronfeller_PeptideMLM_lg,kan_rerun3
kan_rerun3_fold6_idx56,6,0.0,0.0563456676900386,aaronfeller_PeptideMLM_lg,kan_rerun3
kan_rerun3_fold6_idx57,6,1.0,0.988719403743744,aaronfeller_PeptideMLM_lg,kan_rerun3
kan_rerun3_fold6_idx58,6,0.0,0.3332340121269226,aaronfeller_PeptideMLM_lg,kan_rerun3
kan_rerun3_fold6_idx59,6,1.0,0.9465081095695496,aaronfeller_PeptideMLM_lg,kan_rerun3
kan_rerun3_fold6_idx60,6,0.0,0.246008887887001,aaronfeller_PeptideMLM_lg,kan_rerun3
kan_rerun3_fold6_idx61,6,1.0,0.7645523548126221,aaronfeller_PeptideMLM_lg,kan_rerun3
kan_rerun3_fold6_idx62,6,0.0,0.1657066792249679,aaronfeller_PeptideMLM_lg,kan_rerun3
kan_rerun3_fold6_idx63,6,1.0,0.9190877676010132,aaronfeller_PeptideMLM_lg,kan_rerun3
kan_rerun3_fold7_idx0,7,0.0,0.0086364336311817,aaronfeller_PeptideMLM_lg,kan_rerun3
kan_rerun3_fold7_idx1,7,0.0,0.0013905315427109,aaronfeller_PeptideMLM_lg,kan_rerun3
kan_rerun3_fold7_idx2,7,1.0,0.9991494417190552,aaronfeller_PeptideMLM_lg,kan_rerun3
kan_rerun3_fold7_idx3,7,1.0,0.9997299313545228,aaronfeller_PeptideMLM_lg,kan_rerun3
kan_rerun3_fold7_idx4,7,0.0,0.0011217731516808,aaronfeller_PeptideMLM_lg,kan_rerun3
kan_rerun3_fold7_idx5,7,1.0,0.8907271027565002,aaronfeller_PeptideMLM_lg,kan_rerun3
kan_rerun3_fold7_idx6,7,0.0,0.0003251176676712,aaronfeller_PeptideMLM_lg,kan_rerun3
kan_rerun3_fold7_idx7,7,1.0,0.5247453451156616,aaronfeller_PeptideMLM_lg,kan_rerun3
kan_rerun3_fold7_idx8,7,0.0,0.1658322662115097,aaronfeller_PeptideMLM_lg,kan_rerun3
kan_rerun3_fold7_idx9,7,0.0,0.0004896860336884,aaronfeller_PeptideMLM_lg,kan_rerun3
kan_rerun3_fold7_idx10,7,1.0,0.477353572845459,aaronfeller_PeptideMLM_lg,kan_rerun3
kan_rerun3_fold7_idx11,7,0.0,0.0004850437107961,aaronfeller_PeptideMLM_lg,kan_rerun3
kan_rerun3_fold7_idx12,7,1.0,0.9891830682754515,aaronfeller_PeptideMLM_lg,kan_rerun3
kan_rerun3_fold7_idx13,7,1.0,0.559557318687439,aaronfeller_PeptideMLM_lg,kan_rerun3
kan_rerun3_fold7_idx14,7,0.0,0.0166231151670217,aaronfeller_PeptideMLM_lg,kan_rerun3
kan_rerun3_fold7_idx15,7,1.0,0.7240191102027893,aaronfeller_PeptideMLM_lg,kan_rerun3
kan_rerun3_fold7_idx16,7,1.0,0.9846166372299194,aaronfeller_PeptideMLM_lg,kan_rerun3
kan_rerun3_fold7_idx17,7,0.0,0.0848710164427757,aaronfeller_PeptideMLM_lg,kan_rerun3
kan_rerun3_fold7_idx18,7,1.0,0.9920161962509156,aaronfeller_PeptideMLM_lg,kan_rerun3
kan_rerun3_fold7_idx19,7,0.0,0.0001972626923816,aaronfeller_PeptideMLM_lg,kan_rerun3
kan_rerun3_fold7_idx20,7,1.0,0.4940712749958038,aaronfeller_PeptideMLM_lg,kan_rerun3
kan_rerun3_fold7_idx21,7,0.0,0.0008104969747364,aaronfeller_PeptideMLM_lg,kan_rerun3
kan_rerun3_fold7_idx22,7,0.0,0.0009644415113143,aaronfeller_PeptideMLM_lg,kan_rerun3
kan_rerun3_fold7_idx23,7,0.0,0.0011094380170106,aaronfeller_PeptideMLM_lg,kan_rerun3
kan_rerun3_fold7_idx24,7,1.0,0.8969289660453796,aaronfeller_PeptideMLM_lg,kan_rerun3
kan_rerun3_fold7_idx25,7,1.0,0.4116446375846863,aaronfeller_PeptideMLM_lg,kan_rerun3
kan_rerun3_fold7_idx26,7,1.0,0.2528502643108368,aaronfeller_PeptideMLM_lg,kan_rerun3
kan_rerun3_fold7_idx27,7,1.0,0.8513585925102234,aaronfeller_PeptideMLM_lg,kan_rerun3
kan_rerun3_fold7_idx28,7,0.0,6.390654743881896e-05,aaronfeller_PeptideMLM_lg,kan_rerun3
kan_rerun3_fold7_idx29,7,1.0,0.9935938715934752,aaronfeller_PeptideMLM_lg,kan_rerun3
kan_rerun3_fold7_idx30,7,1.0,0.0041853985749185,aaronfeller_PeptideMLM_lg,kan_rerun3
kan_rerun3_fold7_idx31,7,1.0,3.519377060001716e-05,aaronfeller_PeptideMLM_lg,kan_rerun3
kan_rerun3_fold7_idx32,7,1.0,0.9138492345809937,aaronfeller_PeptideMLM_lg,kan_rerun3
kan_rerun3_fold7_idx33,7,1.0,0.9984607696533204,aaronfeller_PeptideMLM_lg,kan_rerun3
kan_rerun3_fold7_idx34,7,0.0,0.0028061473276466,aaronfeller_PeptideMLM_lg,kan_rerun3
kan_rerun3_fold7_idx35,7,1.0,0.9961318969726562,aaronfeller_PeptideMLM_lg,kan_rerun3
kan_rerun3_fold7_idx36,7,0.0,0.0004237243556417,aaronfeller_PeptideMLM_lg,kan_rerun3
kan_rerun3_fold7_idx37,7,0.0,0.0007785358466207,aaronfeller_PeptideMLM_lg,kan_rerun3
kan_rerun3_fold7_idx38,7,1.0,0.9988161325454712,aaronfeller_PeptideMLM_lg,kan_rerun3
kan_rerun3_fold7_idx39,7,0.0,0.0003608111583162,aaronfeller_PeptideMLM_lg,kan_rerun3
kan_rerun3_fold7_idx40,7,0.0,0.0115112354978919,aaronfeller_PeptideMLM_lg,kan_rerun3
kan_rerun3_fold7_idx41,7,0.0,0.040344625711441,aaronfeller_PeptideMLM_lg,kan_rerun3
kan_rerun3_fold7_idx42,7,0.0,0.0280293747782707,aaronfeller_PeptideMLM_lg,kan_rerun3
kan_rerun3_fold7_idx43,7,1.0,0.8993715047836304,aaronfeller_PeptideMLM_lg,kan_rerun3
kan_rerun3_fold7_idx44,7,1.0,0.8684540390968323,aaronfeller_PeptideMLM_lg,kan_rerun3
kan_rerun3_fold7_idx45,7,1.0,0.8026760816574097,aaronfeller_PeptideMLM_lg,kan_rerun3
kan_rerun3_fold7_idx46,7,1.0,0.8050686717033386,aaronfeller_PeptideMLM_lg,kan_rerun3
kan_rerun3_fold7_idx47,7,1.0,0.9989833235740662,aaronfeller_PeptideMLM_lg,kan_rerun3
kan_rerun3_fold7_idx48,7,0.0,0.0025155569892376,aaronfeller_PeptideMLM_lg,kan_rerun3
kan_rerun3_fold7_idx49,7,0.0,0.0001205337321152,aaronfeller_PeptideMLM_lg,kan_rerun3
kan_rerun3_fold7_idx50,7,1.0,0.9991965889930724,aaronfeller_PeptideMLM_lg,kan_rerun3
kan_rerun3_fold7_idx51,7,0.0,0.99518221616745,aaronfeller_PeptideMLM_lg,kan_rerun3
kan_rerun3_fold7_idx52,7,1.0,0.9978129863739014,aaronfeller_PeptideMLM_lg,kan_rerun3
kan_rerun3_fold7_idx53,7,1.0,0.2193451523780822,aaronfeller_PeptideMLM_lg,kan_rerun3
kan_rerun3_fold7_idx54,7,1.0,0.9999972581863404,aaronfeller_PeptideMLM_lg,kan_rerun3
kan_rerun3_fold7_idx55,7,0.0,0.0004467305843718,aaronfeller_PeptideMLM_lg,kan_rerun3
kan_rerun3_fold7_idx56,7,0.0,1.955821971932892e-05,aaronfeller_PeptideMLM_lg,kan_rerun3
kan_rerun3_fold7_idx57,7,0.0,0.0008581422152929,aaronfeller_PeptideMLM_lg,kan_rerun3
kan_rerun3_fold7_idx58,7,1.0,0.9999499320983888,aaronfeller_PeptideMLM_lg,kan_rerun3
kan_rerun3_fold7_idx59,7,1.0,0.0053742039017379,aaronfeller_PeptideMLM_lg,kan_rerun3
kan_rerun3_fold7_idx60,7,0.0,0.0064918207935988,aaronfeller_PeptideMLM_lg,kan_rerun3
kan_rerun3_fold7_idx61,7,0.0,0.0018206908134743,aaronfeller_PeptideMLM_lg,kan_rerun3
kan_rerun3_fold7_idx62,7,0.0,0.0055871587246656,aaronfeller_PeptideMLM_lg,kan_rerun3
kan_rerun3_fold7_idx63,7,0.0,0.0017737816087901,aaronfeller_PeptideMLM_lg,kan_rerun3
kan_rerun3_fold8_idx0,8,1.0,0.8780308365821838,aaronfeller_PeptideMLM_lg,kan_rerun3
kan_rerun3_fold8_idx1,8,1.0,0.6894326210021973,aaronfeller_PeptideMLM_lg,kan_rerun3
kan_rerun3_fold8_idx2,8,0.0,0.0017802234506234,aaronfeller_PeptideMLM_lg,kan_rerun3
kan_rerun3_fold8_idx3,8,0.0,0.3766626417636871,aaronfeller_PeptideMLM_lg,kan_rerun3
kan_rerun3_fold8_idx4,8,1.0,0.966131865978241,aaronfeller_PeptideMLM_lg,kan_rerun3
kan_rerun3_fold8_idx5,8,1.0,0.947540819644928,aaronfeller_PeptideMLM_lg,kan_rerun3
kan_rerun3_fold8_idx6,8,0.0,0.6536456942558289,aaronfeller_PeptideMLM_lg,kan_rerun3
kan_rerun3_fold8_idx7,8,1.0,0.673513650894165,aaronfeller_PeptideMLM_lg,kan_rerun3
kan_rerun3_fold8_idx8,8,0.0,0.0323746427893638,aaronfeller_PeptideMLM_lg,kan_rerun3
kan_rerun3_fold8_idx9,8,0.0,0.0778000429272651,aaronfeller_PeptideMLM_lg,kan_rerun3
kan_rerun3_fold8_idx10,8,1.0,0.9991638660430908,aaronfeller_PeptideMLM_lg,kan_rerun3
kan_rerun3_fold8_idx11,8,1.0,0.9386151432991028,aaronfeller_PeptideMLM_lg,kan_rerun3
kan_rerun3_fold8_idx12,8,0.0,0.7000437378883362,aaronfeller_PeptideMLM_lg,kan_rerun3
kan_rerun3_fold8_idx13,8,1.0,0.6637309789657593,aaronfeller_PeptideMLM_lg,kan_rerun3
kan_rerun3_fold8_idx14,8,0.0,0.2812929451465606,aaronfeller_PeptideMLM_lg,kan_rerun3
kan_rerun3_fold8_idx15,8,0.0,0.2927330136299133,aaronfeller_PeptideMLM_lg,kan_rerun3
kan_rerun3_fold8_idx16,8,0.0,0.7658155560493469,aaronfeller_PeptideMLM_lg,kan_rerun3
kan_rerun3_fold8_idx17,8,1.0,0.6662757396697998,aaronfeller_PeptideMLM_lg,kan_rerun3
kan_rerun3_fold8_idx18,8,1.0,0.5730369091033936,aaronfeller_PeptideMLM_lg,kan_rerun3
kan_rerun3_fold8_idx19,8,0.0,0.2289055734872818,aaronfeller_PeptideMLM_lg,kan_rerun3
kan_rerun3_fold8_idx20,8,1.0,0.1115756332874298,aaronfeller_PeptideMLM_lg,kan_rerun3
kan_rerun3_fold8_idx21,8,1.0,0.7777830362319946,aaronfeller_PeptideMLM_lg,kan_rerun3
kan_rerun3_fold8_idx22,8,0.0,0.4552671611309051,aaronfeller_PeptideMLM_lg,kan_rerun3
kan_rerun3_fold8_idx23,8,0.0,0.6233850121498108,aaronfeller_PeptideMLM_lg,kan_rerun3
kan_rerun3_fold8_idx24,8,1.0,0.9290224313735962,aaronfeller_PeptideMLM_lg,kan_rerun3
kan_rerun3_fold8_idx25,8,0.0,0.0178395379334688,aaronfeller_PeptideMLM_lg,kan_rerun3
kan_rerun3_fold8_idx26,8,0.0,0.0107081141322851,aaronfeller_PeptideMLM_lg,kan_rerun3
kan_rerun3_fold8_idx27,8,0.0,0.9547886848449708,aaronfeller_PeptideMLM_lg,kan_rerun3
kan_rerun3_fold8_idx28,8,1.0,0.9906091690063475,aaronfeller_PeptideMLM_lg,kan_rerun3
kan_rerun3_fold8_idx29,8,1.0,0.2806770801544189,aaronfeller_PeptideMLM_lg,kan_rerun3
kan_rerun3_fold8_idx30,8,0.0,0.097218781709671,aaronfeller_PeptideMLM_lg,kan_rerun3
kan_rerun3_fold8_idx31,8,0.0,0.1233621016144752,aaronfeller_PeptideMLM_lg,kan_rerun3
kan_rerun3_fold8_idx32,8,1.0,0.6936220526695251,aaronfeller_PeptideMLM_lg,kan_rerun3
kan_rerun3_fold8_idx33,8,0.0,0.1706521362066269,aaronfeller_PeptideMLM_lg,kan_rerun3
kan_rerun3_fold8_idx34,8,1.0,0.9119735360145568,aaronfeller_PeptideMLM_lg,kan_rerun3
kan_rerun3_fold8_idx35,8,0.0,0.4676756262779236,aaronfeller_PeptideMLM_lg,kan_rerun3
kan_rerun3_fold8_idx36,8,1.0,0.9625371098518372,aaronfeller_PeptideMLM_lg,kan_rerun3
kan_rerun3_fold8_idx37,8,0.0,0.0039661447517573,aaronfeller_PeptideMLM_lg,kan_rerun3
kan_rerun3_fold8_idx38,8,0.0,0.0026575473602861,aaronfeller_PeptideMLM_lg,kan_rerun3
kan_rerun3_fold8_idx39,8,0.0,0.0008748644031584,aaronfeller_PeptideMLM_lg,kan_rerun3
kan_rerun3_fold8_idx40,8,0.0,0.0024998220615088,aaronfeller_PeptideMLM_lg,kan_rerun3
kan_rerun3_fold8_idx41,8,1.0,0.0315637625753879,aaronfeller_PeptideMLM_lg,kan_rerun3
kan_rerun3_fold8_idx42,8,1.0,0.9599962830543518,aaronfeller_PeptideMLM_lg,kan_rerun3
kan_rerun3_fold8_idx43,8,0.0,0.9668228030204772,aaronfeller_PeptideMLM_lg,kan_rerun3
kan_rerun3_fold8_idx44,8,1.0,0.885184645652771,aaronfeller_PeptideMLM_lg,kan_rerun3
kan_rerun3_fold8_idx45,8,0.0,0.110363632440567,aaronfeller_PeptideMLM_lg,kan_rerun3
kan_rerun3_fold8_idx46,8,0.0,0.6521886587142944,aaronfeller_PeptideMLM_lg,kan_rerun3
kan_rerun3_fold8_idx47,8,1.0,0.1466830223798751,aaronfeller_PeptideMLM_lg,kan_rerun3
kan_rerun3_fold8_idx48,8,0.0,0.0304473917931318,aaronfeller_PeptideMLM_lg,kan_rerun3
kan_rerun3_fold8_idx49,8,0.0,0.1660869270563125,aaronfeller_PeptideMLM_lg,kan_rerun3
kan_rerun3_fold8_idx50,8,0.0,0.0022566970437765,aaronfeller_PeptideMLM_lg,kan_rerun3
kan_rerun3_fold8_idx51,8,1.0,0.8063089847564697,aaronfeller_PeptideMLM_lg,kan_rerun3
kan_rerun3_fold8_idx52,8,0.0,0.0381612330675125,aaronfeller_PeptideMLM_lg,kan_rerun3
kan_rerun3_fold8_idx53,8,0.0,0.5864281058311462,aaronfeller_PeptideMLM_lg,kan_rerun3
kan_rerun3_fold8_idx54,8,0.0,0.3268281817436218,aaronfeller_PeptideMLM_lg,kan_rerun3
kan_rerun3_fold8_idx55,8,0.0,0.021269479766488,aaronfeller_PeptideMLM_lg,kan_rerun3
kan_rerun3_fold8_idx56,8,0.0,0.0774977430701255,aaronfeller_PeptideMLM_lg,kan_rerun3
kan_rerun3_fold8_idx57,8,1.0,0.8426154851913452,aaronfeller_PeptideMLM_lg,kan_rerun3
kan_rerun3_fold8_idx58,8,1.0,0.0467013865709304,aaronfeller_PeptideMLM_lg,kan_rerun3
kan_rerun3_fold8_idx59,8,0.0,0.3824678361415863,aaronfeller_PeptideMLM_lg,kan_rerun3
kan_rerun3_fold8_idx60,8,1.0,0.7492973804473877,aaronfeller_PeptideMLM_lg,kan_rerun3
kan_rerun3_fold8_idx61,8,1.0,0.9153831601142884,aaronfeller_PeptideMLM_lg,kan_rerun3
kan_rerun3_fold8_idx62,8,0.0,0.0086263148114085,aaronfeller_PeptideMLM_lg,kan_rerun3
kan_rerun3_fold8_idx63,8,0.0,0.0198452100157737,aaronfeller_PeptideMLM_lg,kan_rerun3
kan_rerun3_fold9_idx0,9,1.0,0.9851887226104736,aaronfeller_PeptideMLM_lg,kan_rerun3
kan_rerun3_fold9_idx1,9,0.0,0.010102697648108,aaronfeller_PeptideMLM_lg,kan_rerun3
kan_rerun3_fold9_idx2,9,1.0,0.0278437100350856,aaronfeller_PeptideMLM_lg,kan_rerun3
kan_rerun3_fold9_idx3,9,1.0,0.9473085999488832,aaronfeller_PeptideMLM_lg,kan_rerun3
kan_rerun3_fold9_idx4,9,0.0,0.0014455911004915,aaronfeller_PeptideMLM_lg,kan_rerun3
kan_rerun3_fold9_idx5,9,0.0,0.234804481267929,aaronfeller_PeptideMLM_lg,kan_rerun3
kan_rerun3_fold9_idx6,9,0.0,4.4578973756870255e-05,aaronfeller_PeptideMLM_lg,kan_rerun3
kan_rerun3_fold9_idx7,9,0.0,3.515355274430476e-05,aaronfeller_PeptideMLM_lg,kan_rerun3
kan_rerun3_fold9_idx8,9,0.0,0.001618193811737,aaronfeller_PeptideMLM_lg,kan_rerun3
kan_rerun3_fold9_idx9,9,0.0,0.0385285876691341,aaronfeller_PeptideMLM_lg,kan_rerun3
kan_rerun3_fold9_idx10,9,0.0,0.992905616760254,aaronfeller_PeptideMLM_lg,kan_rerun3
kan_rerun3_fold9_idx11,9,0.0,4.8589823563816026e-05,aaronfeller_PeptideMLM_lg,kan_rerun3
kan_rerun3_fold9_idx12,9,1.0,0.977895200252533,aaronfeller_PeptideMLM_lg,kan_rerun3
kan_rerun3_fold9_idx13,9,1.0,0.0043472275137901,aaronfeller_PeptideMLM_lg,kan_rerun3
kan_rerun3_fold9_idx14,9,1.0,0.019559072330594,aaronfeller_PeptideMLM_lg,kan_rerun3
kan_rerun3_fold9_idx15,9,1.0,0.9999996423721312,aaronfeller_PeptideMLM_lg,kan_rerun3
kan_rerun3_fold9_idx16,9,1.0,0.9403598308563232,aaronfeller_PeptideMLM_lg,kan_rerun3
kan_rerun3_fold9_idx17,9,0.0,0.6182764768600464,aaronfeller_PeptideMLM_lg,kan_rerun3
kan_rerun3_fold9_idx18,9,0.0,0.1835101693868637,aaronfeller_PeptideMLM_lg,kan_rerun3
kan_rerun3_fold9_idx19,9,0.0,0.0001080748115782,aaronfeller_PeptideMLM_lg,kan_rerun3
kan_rerun3_fold9_idx20,9,1.0,0.7484153509140015,aaronfeller_PeptideMLM_lg,kan_rerun3
kan_rerun3_fold9_idx21,9,1.0,0.954209804534912,aaronfeller_PeptideMLM_lg,kan_rerun3
kan_rerun3_fold9_idx22,9,1.0,0.9999998807907104,aaronfeller_PeptideMLM_lg,kan_rerun3
kan_rerun3_fold9_idx23,9,1.0,0.914604902267456,aaronfeller_PeptideMLM_lg,kan_rerun3
kan_rerun3_fold9_idx24,9,1.0,0.3224707841873169,aaronfeller_PeptideMLM_lg,kan_rerun3
kan_rerun3_fold9_idx25,9,0.0,0.135480597615242,aaronfeller_PeptideMLM_lg,kan_rerun3
kan_rerun3_fold9_idx26,9,0.0,0.0149756027385592,aaronfeller_PeptideMLM_lg,kan_rerun3
kan_rerun3_fold9_idx27,9,0.0,0.7752842307090759,aaronfeller_PeptideMLM_lg,kan_rerun3
kan_rerun3_fold9_idx28,9,1.0,0.8562720417976379,aaronfeller_PeptideMLM_lg,kan_rerun3
kan_rerun3_fold9_idx29,9,0.0,0.0010341529268771,aaronfeller_PeptideMLM_lg,kan_rerun3
kan_rerun3_fold9_idx30,9,1.0,0.9999728202819824,aaronfeller_PeptideMLM_lg,kan_rerun3
kan_rerun3_fold9_idx31,9,0.0,0.0028505437076091,aaronfeller_PeptideMLM_lg,kan_rerun3
kan_rerun3_fold9_idx32,9,0.0,0.0004640416009351,aaronfeller_PeptideMLM_lg,kan_rerun3
kan_rerun3_fold9_idx33,9,0.0,0.0008454797789454,aaronfeller_PeptideMLM_lg,kan_rerun3
kan_rerun3_fold9_idx34,9,0.0,0.0004051203432027,aaronfeller_PeptideMLM_lg,kan_rerun3
kan_rerun3_fold9_idx35,9,0.0,2.640438651724253e-05,aaronfeller_PeptideMLM_lg,kan_rerun3
kan_rerun3_fold9_idx36,9,0.0,0.1566798835992813,aaronfeller_PeptideMLM_lg,kan_rerun3
kan_rerun3_fold9_idx37,9,1.0,0.9958256483078004,aaronfeller_PeptideMLM_lg,kan_rerun3
kan_rerun3_fold9_idx38,9,0.0,0.6649459004402161,aaronfeller_PeptideMLM_lg,kan_rerun3
kan_rerun3_fold9_idx39,9,1.0,0.928494393825531,aaronfeller_PeptideMLM_lg,kan_rerun3
kan_rerun3_fold9_idx40,9,0.0,2.573116830717481e-07,aaronfeller_PeptideMLM_lg,kan_rerun3
kan_rerun3_fold9_idx41,9,1.0,0.9999996423721312,aaronfeller_PeptideMLM_lg,kan_rerun3
kan_rerun3_fold9_idx42,9,1.0,0.9996885061264038,aaronfeller_PeptideMLM_lg,kan_rerun3
kan_rerun3_fold9_idx43,9,1.0,0.999924898147583,aaronfeller_PeptideMLM_lg,kan_rerun3
kan_rerun3_fold9_idx44,9,1.0,0.9949324727058412,aaronfeller_PeptideMLM_lg,kan_rerun3
kan_rerun3_fold9_idx45,9,0.0,0.0006093142437748,aaronfeller_PeptideMLM_lg,kan_rerun3
kan_rerun3_fold9_idx46,9,0.0,6.877765372337308e-06,aaronfeller_PeptideMLM_lg,kan_rerun3
kan_rerun3_fold9_idx47,9,1.0,0.9441338181495668,aaronfeller_PeptideMLM_lg,kan_rerun3
kan_rerun3_fold9_idx48,9,0.0,0.0015281528467312,aaronfeller_PeptideMLM_lg,kan_rerun3
kan_rerun3_fold9_idx49,9,0.0,4.457826889847638e-06,aaronfeller_PeptideMLM_lg,kan_rerun3
kan_rerun3_fold9_idx50,9,1.0,0.996344268321991,aaronfeller_PeptideMLM_lg,kan_rerun3
kan_rerun3_fold9_idx51,9,0.0,7.788439688738436e-05,aaronfeller_PeptideMLM_lg,kan_rerun3
kan_rerun3_fold9_idx52,9,0.0,1.1410063962102868e-05,aaronfeller_PeptideMLM_lg,kan_rerun3
kan_rerun3_fold9_idx53,9,1.0,0.0260868165642023,aaronfeller_PeptideMLM_lg,kan_rerun3
kan_rerun3_fold9_idx54,9,0.0,6.345098313431663e-08,aaronfeller_PeptideMLM_lg,kan_rerun3
kan_rerun3_fold9_idx55,9,0.0,0.0004756230337079,aaronfeller_PeptideMLM_lg,kan_rerun3
kan_rerun3_fold9_idx56,9,0.0,0.0056118560023605,aaronfeller_PeptideMLM_lg,kan_rerun3
kan_rerun3_fold9_idx57,9,1.0,0.9999977350234984,aaronfeller_PeptideMLM_lg,kan_rerun3
kan_rerun3_fold9_idx58,9,0.0,0.7908223271369934,aaronfeller_PeptideMLM_lg,kan_rerun3
kan_rerun3_fold9_idx59,9,1.0,0.9931723475456238,aaronfeller_PeptideMLM_lg,kan_rerun3
kan_rerun3_fold9_idx60,9,1.0,0.9999219179153442,aaronfeller_PeptideMLM_lg,kan_rerun3
kan_rerun3_fold9_idx61,9,0.0,0.4056695997714996,aaronfeller_PeptideMLM_lg,kan_rerun3
kan_rerun3_fold9_idx62,9,1.0,0.9956132173538208,aaronfeller_PeptideMLM_lg,kan_rerun3
kan_rerun3_fold9_idx63,9,0.0,0.0016630968311801,aaronfeller_PeptideMLM_lg,kan_rerun3
kan_rerun3_fold10_idx0,10,0.0,0.6699487566947937,aaronfeller_PeptideMLM_lg,kan_rerun3
kan_rerun3_fold10_idx1,10,1.0,3.4281035823369166e-06,aaronfeller_PeptideMLM_lg,kan_rerun3
kan_rerun3_fold10_idx2,10,0.0,0.102601908147335,aaronfeller_PeptideMLM_lg,kan_rerun3
kan_rerun3_fold10_idx3,10,0.0,0.063891626894474,aaronfeller_PeptideMLM_lg,kan_rerun3
kan_rerun3_fold10_idx4,10,0.0,0.0058472487144172,aaronfeller_PeptideMLM_lg,kan_rerun3
kan_rerun3_fold10_idx5,10,1.0,0.9999984502792358,aaronfeller_PeptideMLM_lg,kan_rerun3
kan_rerun3_fold10_idx6,10,0.0,0.0001974427723325,aaronfeller_PeptideMLM_lg,kan_rerun3
kan_rerun3_fold10_idx7,10,0.0,3.788405820159824e-07,aaronfeller_PeptideMLM_lg,kan_rerun3
kan_rerun3_fold10_idx8,10,0.0,0.009152490645647,aaronfeller_PeptideMLM_lg,kan_rerun3
kan_rerun3_fold10_idx9,10,1.0,0.0008312893332913,aaronfeller_PeptideMLM_lg,kan_rerun3
kan_rerun3_fold10_idx10,10,0.0,0.0073047103360295,aaronfeller_PeptideMLM_lg,kan_rerun3
kan_rerun3_fold10_idx11,10,0.0,0.1595656424760818,aaronfeller_PeptideMLM_lg,kan_rerun3
kan_rerun3_fold10_idx12,10,0.0,0.17055444419384,aaronfeller_PeptideMLM_lg,kan_rerun3
kan_rerun3_fold10_idx13,10,0.0,0.9001777768135071,aaronfeller_PeptideMLM_lg,kan_rerun3
kan_rerun3_fold10_idx14,10,1.0,0.0497115142643451,aaronfeller_PeptideMLM_lg,kan_rerun3
kan_rerun3_fold10_idx15,10,0.0,0.0049686576239764,aaronfeller_PeptideMLM_lg,kan_rerun3
kan_rerun3_fold10_idx16,10,1.0,0.9995843768119812,aaronfeller_PeptideMLM_lg,kan_rerun3
kan_rerun3_fold10_idx17,10,1.0,0.7980337738990784,aaronfeller_PeptideMLM_lg,kan_rerun3
kan_rerun3_fold10_idx18,10,1.0,0.049567237496376,aaronfeller_PeptideMLM_lg,kan_rerun3
kan_rerun3_fold10_idx19,10,0.0,0.0574094355106353,aaronfeller_PeptideMLM_lg,kan_rerun3
kan_rerun3_fold10_idx20,10,0.0,2.1664865457182714e-09,aaronfeller_PeptideMLM_lg,kan_rerun3
kan_rerun3_fold10_idx21,10,1.0,0.9789653420448304,aaronfeller_PeptideMLM_lg,kan_rerun3
kan_rerun3_fold10_idx22,10,0.0,0.0269556064158678,aaronfeller_PeptideMLM_lg,kan_rerun3
kan_rerun3_fold10_idx23,10,0.0,0.0171256605535745,aaronfeller_PeptideMLM_lg,kan_rerun3
kan_rerun3_fold10_idx24,10,1.0,0.0031337570399045,aaronfeller_PeptideMLM_lg,kan_rerun3
kan_rerun3_fold10_idx25,10,0.0,0.0012097066501155,aaronfeller_PeptideMLM_lg,kan_rerun3
kan_rerun3_fold10_idx26,10,0.0,0.0052166259847581,aaronfeller_PeptideMLM_lg,kan_rerun3
kan_rerun3_fold10_idx27,10,1.0,0.0052938638255,aaronfeller_PeptideMLM_lg,kan_rerun3
kan_rerun3_fold10_idx28,10,0.0,0.0053451163694262,aaronfeller_PeptideMLM_lg,kan_rerun3
kan_rerun3_fold10_idx29,10,0.0,9.56658914219588e-06,aaronfeller_PeptideMLM_lg,kan_rerun3
kan_rerun3_fold10_idx30,10,1.0,0.9075750112533568,aaronfeller_PeptideMLM_lg,kan_rerun3
kan_rerun3_fold10_idx31,10,0.0,0.0032840659841895,aaronfeller_PeptideMLM_lg,kan_rerun3
kan_rerun3_fold10_idx32,10,1.0,0.3104222416877746,aaronfeller_PeptideMLM_lg,kan_rerun3
kan_rerun3_fold10_idx33,10,1.0,0.9797821640968324,aaronfeller_PeptideMLM_lg,kan_rerun3
kan_rerun3_fold10_idx34,10,1.0,4.959615398547612e-05,aaronfeller_PeptideMLM_lg,kan_rerun3
kan_rerun3_fold10_idx35,10,1.0,0.9999371767044068,aaronfeller_PeptideMLM_lg,kan_rerun3
kan_rerun3_fold10_idx36,10,0.0,2.5891563382174354e-06,aaronfeller_PeptideMLM_lg,kan_rerun3
kan_rerun3_fold10_idx37,10,0.0,1.7545023638376731e-06,aaronfeller_PeptideMLM_lg,kan_rerun3
kan_rerun3_fold10_idx38,10,1.0,0.000177440495463,aaronfeller_PeptideMLM_lg,kan_rerun3
kan_rerun3_fold10_idx39,10,0.0,0.0330431386828422,aaronfeller_PeptideMLM_lg,kan_rerun3
kan_rerun3_fold10_idx40,10,0.0,0.0001089838551706,aaronfeller_PeptideMLM_lg,kan_rerun3
kan_rerun3_fold10_idx41,10,0.0,0.0014943341957405,aaronfeller_PeptideMLM_lg,kan_rerun3
kan_rerun3_fold10_idx42,10,0.0,1.61957650561817e-05,aaronfeller_PeptideMLM_lg,kan_rerun3
kan_rerun3_fold10_idx43,10,0.0,1.5858950064284727e-05,aaronfeller_PeptideMLM_lg,kan_rerun3
kan_rerun3_fold10_idx44,10,0.0,2.192739702877589e-05,aaronfeller_PeptideMLM_lg,kan_rerun3
kan_rerun3_fold10_idx45,10,0.0,0.0002975519455503,aaronfeller_PeptideMLM_lg,kan_rerun3
kan_rerun3_fold10_idx46,10,1.0,0.9837761521339417,aaronfeller_PeptideMLM_lg,kan_rerun3
kan_rerun3_fold10_idx47,10,1.0,0.9744663834571838,aaronfeller_PeptideMLM_lg,kan_rerun3
kan_rerun3_fold10_idx48,10,0.0,0.0119059868156909,aaronfeller_PeptideMLM_lg,kan_rerun3
kan_rerun3_fold10_idx49,10,1.0,0.6997078657150269,aaronfeller_PeptideMLM_lg,kan_rerun3
kan_rerun3_fold10_idx50,10,0.0,0.9744629859924316,aaronfeller_PeptideMLM_lg,kan_rerun3
kan_rerun3_fold10_idx51,10,1.0,0.999950647354126,aaronfeller_PeptideMLM_lg,kan_rerun3
kan_rerun3_fold10_idx52,10,0.0,0.0007711491780355,aaronfeller_PeptideMLM_lg,kan_rerun3
kan_rerun3_fold10_idx53,10,1.0,0.9338008761405944,aaronfeller_PeptideMLM_lg,kan_rerun3
kan_rerun3_fold10_idx54,10,0.0,1.97697681869613e-06,aaronfeller_PeptideMLM_lg,kan_rerun3
kan_rerun3_fold10_idx55,10,1.0,0.9735368490219116,aaronfeller_PeptideMLM_lg,kan_rerun3
kan_rerun3_fold10_idx56,10,0.0,5.962983414065093e-05,aaronfeller_PeptideMLM_lg,kan_rerun3
kan_rerun3_fold10_idx57,10,0.0,0.7711441516876221,aaronfeller_PeptideMLM_lg,kan_rerun3
kan_rerun3_fold10_idx58,10,0.0,3.389778157725232e-06,aaronfeller_PeptideMLM_lg,kan_rerun3
kan_rerun3_fold10_idx59,10,1.0,1.1426222954469267e-05,aaronfeller_PeptideMLM_lg,kan_rerun3
kan_rerun3_fold10_idx60,10,1.0,0.999786913394928,aaronfeller_PeptideMLM_lg,kan_rerun3
kan_rerun3_fold10_idx61,10,1.0,0.9712537527084352,aaronfeller_PeptideMLM_lg,kan_rerun3
kan_rerun3_fold10_idx62,10,1.0,0.9202581644058228,aaronfeller_PeptideMLM_lg,kan_rerun3
kan_rerun3_fold10_idx63,10,0.0,0.0002416096103843,aaronfeller_PeptideMLM_lg,kan_rerun3
kan_rerun3_fold1_idx0,1,0.0,0.9863057136535645,aaronfeller_PeptideMTR_lg,kan_rerun3
kan_rerun3_fold1_idx1,1,0.0,0.0316775999963283,aaronfeller_PeptideMTR_lg,kan_rerun3
kan_rerun3_fold1_idx2,1,1.0,0.9999871253967284,aaronfeller_PeptideMTR_lg,kan_rerun3
kan_rerun3_fold1_idx3,1,0.0,0.0120917074382305,aaronfeller_PeptideMTR_lg,kan_rerun3
kan_rerun3_fold1_idx4,1,0.0,0.0001794737036107,aaronfeller_PeptideMTR_lg,kan_rerun3
kan_rerun3_fold1_idx5,1,0.0,1.4996575373515952e-05,aaronfeller_PeptideMTR_lg,kan_rerun3
kan_rerun3_fold1_idx6,1,0.0,1.0696784556785133e-05,aaronfeller_PeptideMTR_lg,kan_rerun3
kan_rerun3_fold1_idx7,1,1.0,0.9999758005142212,aaronfeller_PeptideMTR_lg,kan_rerun3
kan_rerun3_fold1_idx8,1,0.0,0.2130402475595474,aaronfeller_PeptideMTR_lg,kan_rerun3
kan_rerun3_fold1_idx9,1,1.0,0.9549853801727296,aaronfeller_PeptideMTR_lg,kan_rerun3
kan_rerun3_fold1_idx10,1,0.0,0.0028162808157503,aaronfeller_PeptideMTR_lg,kan_rerun3
kan_rerun3_fold1_idx11,1,1.0,0.0051113353110849,aaronfeller_PeptideMTR_lg,kan_rerun3
kan_rerun3_fold1_idx12,1,1.0,0.7031053900718689,aaronfeller_PeptideMTR_lg,kan_rerun3
kan_rerun3_fold1_idx13,1,1.0,0.7765979170799255,aaronfeller_PeptideMTR_lg,kan_rerun3
kan_rerun3_fold1_idx14,1,0.0,0.0034435864072293,aaronfeller_PeptideMTR_lg,kan_rerun3
kan_rerun3_fold1_idx15,1,1.0,0.9995817542076112,aaronfeller_PeptideMTR_lg,kan_rerun3
kan_rerun3_fold1_idx16,1,0.0,1.923753006849438e-05,aaronfeller_PeptideMTR_lg,kan_rerun3
kan_rerun3_fold1_idx17,1,1.0,0.9835513234138488,aaronfeller_PeptideMTR_lg,kan_rerun3
kan_rerun3_fold1_idx18,1,0.0,0.9857864379882812,aaronfeller_PeptideMTR_lg,kan_rerun3
kan_rerun3_fold1_idx19,1,1.0,0.8867725729942322,aaronfeller_PeptideMTR_lg,kan_rerun3
kan_rerun3_fold1_idx20,1,1.0,0.9961387515068054,aaronfeller_PeptideMTR_lg,kan_rerun3
kan_rerun3_fold1_idx21,1,1.0,0.7989097237586975,aaronfeller_PeptideMTR_lg,kan_rerun3
kan_rerun3_fold1_idx22,1,1.0,0.2457338869571685,aaronfeller_PeptideMTR_lg,kan_rerun3
kan_rerun3_fold1_idx23,1,1.0,0.8969327211380005,aaronfeller_PeptideMTR_lg,kan_rerun3
kan_rerun3_fold1_idx24,1,1.0,0.917728066444397,aaronfeller_PeptideMTR_lg,kan_rerun3
kan_rerun3_fold1_idx25,1,0.0,0.0002042138512479,aaronfeller_PeptideMTR_lg,kan_rerun3
kan_rerun3_fold1_idx26,1,1.0,0.8820183873176575,aaronfeller_PeptideMTR_lg,kan_rerun3
kan_rerun3_fold1_idx27,1,1.0,0.9875170588493348,aaronfeller_PeptideMTR_lg,kan_rerun3
kan_rerun3_fold1_idx28,1,0.0,0.0005299207405187,aaronfeller_PeptideMTR_lg,kan_rerun3
kan_rerun3_fold1_idx29,1,0.0,4.511428051046096e-05,aaronfeller_PeptideMTR_lg,kan_rerun3
kan_rerun3_fold1_idx30,1,0.0,6.27310510026291e-06,aaronfeller_PeptideMTR_lg,kan_rerun3
kan_rerun3_fold1_idx31,1,0.0,0.012823024764657,aaronfeller_PeptideMTR_lg,kan_rerun3
kan_rerun3_fold1_idx32,1,1.0,0.9274739027023317,aaronfeller_PeptideMTR_lg,kan_rerun3
kan_rerun3_fold1_idx33,1,1.0,0.8445284962654114,aaronfeller_PeptideMTR_lg,kan_rerun3
kan_rerun3_fold1_idx34,1,0.0,0.4933483898639679,aaronfeller_PeptideMTR_lg,kan_rerun3
kan_rerun3_fold1_idx35,1,1.0,0.999942421913147,aaronfeller_PeptideMTR_lg,kan_rerun3
kan_rerun3_fold1_idx36,1,0.0,8.365115718333982e-06,aaronfeller_PeptideMTR_lg,kan_rerun3
kan_rerun3_fold1_idx37,1,0.0,3.8111697904241737e-06,aaronfeller_PeptideMTR_lg,kan_rerun3
kan_rerun3_fold1_idx38,1,1.0,0.998264491558075,aaronfeller_PeptideMTR_lg,kan_rerun3
kan_rerun3_fold1_idx39,1,1.0,0.0018151823896914,aaronfeller_PeptideMTR_lg,kan_rerun3
kan_rerun3_fold1_idx40,1,0.0,0.0002571444201748,aaronfeller_PeptideMTR_lg,kan_rerun3
kan_rerun3_fold1_idx41,1,0.0,0.0290984231978654,aaronfeller_PeptideMTR_lg,kan_rerun3
kan_rerun3_fold1_idx42,1,0.0,2.6614516173140142e-05,aaronfeller_PeptideMTR_lg,kan_rerun3
kan_rerun3_fold1_idx43,1,0.0,0.0002584695175755,aaronfeller_PeptideMTR_lg,kan_rerun3
kan_rerun3_fold1_idx44,1,0.0,0.0001026674071908,aaronfeller_PeptideMTR_lg,kan_rerun3
kan_rerun3_fold1_idx45,1,0.0,0.0001970169978449,aaronfeller_PeptideMTR_lg,kan_rerun3
kan_rerun3_fold1_idx46,1,0.0,0.0003555325092747,aaronfeller_PeptideMTR_lg,kan_rerun3
kan_rerun3_fold1_idx47,1,0.0,0.0001723367458907,aaronfeller_PeptideMTR_lg,kan_rerun3
kan_rerun3_fold1_idx48,1,0.0,6.87660212861374e-05,aaronfeller_PeptideMTR_lg,kan_rerun3
kan_rerun3_fold1_idx49,1,0.0,0.0002526191819924,aaronfeller_PeptideMTR_lg,kan_rerun3
kan_rerun3_fold1_idx50,1,0.0,0.0212747678160667,aaronfeller_PeptideMTR_lg,kan_rerun3
kan_rerun3_fold1_idx51,1,0.0,0.034568253904581,aaronfeller_PeptideMTR_lg,kan_rerun3
kan_rerun3_fold1_idx52,1,0.0,0.970844030380249,aaronfeller_PeptideMTR_lg,kan_rerun3
kan_rerun3_fold1_idx53,1,1.0,0.9999853372573853,aaronfeller_PeptideMTR_lg,kan_rerun3
kan_rerun3_fold1_idx54,1,0.0,0.0102380877360701,aaronfeller_PeptideMTR_lg,kan_rerun3
kan_rerun3_fold1_idx55,1,1.0,0.9111583828926086,aaronfeller_PeptideMTR_lg,kan_rerun3
kan_rerun3_fold1_idx56,1,0.0,2.935952124971664e-06,aaronfeller_PeptideMTR_lg,kan_rerun3
kan_rerun3_fold1_idx57,1,0.0,0.0016348564531654,aaronfeller_PeptideMTR_lg,kan_rerun3
kan_rerun3_fold1_idx58,1,0.0,0.0016464932123199,aaronfeller_PeptideMTR_lg,kan_rerun3
kan_rerun3_fold1_idx59,1,1.0,0.0295071098953485,aaronfeller_PeptideMTR_lg,kan_rerun3
kan_rerun3_fold1_idx60,1,1.0,0.7437185049057007,aaronfeller_PeptideMTR_lg,kan_rerun3
kan_rerun3_fold1_idx61,1,1.0,0.9998844861984252,aaronfeller_PeptideMTR_lg,kan_rerun3
kan_rerun3_fold1_idx62,1,1.0,0.9997159838676452,aaronfeller_PeptideMTR_lg,kan_rerun3
kan_rerun3_fold1_idx63,1,0.0,0.0019628065638244,aaronfeller_PeptideMTR_lg,kan_rerun3
kan_rerun3_fold2_idx0,2,0.0,0.001444952446036,aaronfeller_PeptideMTR_lg,kan_rerun3
kan_rerun3_fold2_idx1,2,0.0,6.464084890467348e-06,aaronfeller_PeptideMTR_lg,kan_rerun3
kan_rerun3_fold2_idx2,2,0.0,0.0365318804979324,aaronfeller_PeptideMTR_lg,kan_rerun3
kan_rerun3_fold2_idx3,2,1.0,0.1709579825401306,aaronfeller_PeptideMTR_lg,kan_rerun3
kan_rerun3_fold2_idx4,2,0.0,0.9134371876716614,aaronfeller_PeptideMTR_lg,kan_rerun3
kan_rerun3_fold2_idx5,2,1.0,0.0684026554226875,aaronfeller_PeptideMTR_lg,kan_rerun3
kan_rerun3_fold2_idx6,2,0.0,0.0323250107467174,aaronfeller_PeptideMTR_lg,kan_rerun3
kan_rerun3_fold2_idx7,2,1.0,0.950248122215271,aaronfeller_PeptideMTR_lg,kan_rerun3
kan_rerun3_fold2_idx8,2,1.0,0.9920084476470948,aaronfeller_PeptideMTR_lg,kan_rerun3
kan_rerun3_fold2_idx9,2,0.0,0.016899038106203,aaronfeller_PeptideMTR_lg,kan_rerun3
kan_rerun3_fold2_idx10,2,0.0,0.0005315907183103,aaronfeller_PeptideMTR_lg,kan_rerun3
kan_rerun3_fold2_idx11,2,1.0,0.8090978860855103,aaronfeller_PeptideMTR_lg,kan_rerun3
kan_rerun3_fold2_idx12,2,1.0,0.9617277979850768,aaronfeller_PeptideMTR_lg,kan_rerun3
kan_rerun3_fold2_idx13,2,0.0,0.8885045647621155,aaronfeller_PeptideMTR_lg,kan_rerun3
kan_rerun3_fold2_idx14,2,1.0,0.0991476476192474,aaronfeller_PeptideMTR_lg,kan_rerun3
kan_rerun3_fold2_idx15,2,0.0,0.4551780819892883,aaronfeller_PeptideMTR_lg,kan_rerun3
kan_rerun3_fold2_idx16,2,1.0,0.8030145764350891,aaronfeller_PeptideMTR_lg,kan_rerun3
kan_rerun3_fold2_idx17,2,0.0,0.0476039536297321,aaronfeller_PeptideMTR_lg,kan_rerun3
kan_rerun3_fold2_idx18,2,0.0,0.0024863595608621,aaronfeller_PeptideMTR_lg,kan_rerun3
kan_rerun3_fold2_idx19,2,0.0,0.0457148104906082,aaronfeller_PeptideMTR_lg,kan_rerun3
kan_rerun3_fold2_idx20,2,1.0,0.4526523649692535,aaronfeller_PeptideMTR_lg,kan_rerun3
kan_rerun3_fold2_idx21,2,1.0,0.992882490158081,aaronfeller_PeptideMTR_lg,kan_rerun3
kan_rerun3_fold2_idx22,2,1.0,0.8566131591796875,aaronfeller_PeptideMTR_lg,kan_rerun3
kan_rerun3_fold2_idx23,2,0.0,0.039509579539299,aaronfeller_PeptideMTR_lg,kan_rerun3
kan_rerun3_fold2_idx24,2,0.0,0.0024398202076554,aaronfeller_PeptideMTR_lg,kan_rerun3
kan_rerun3_fold2_idx25,2,0.0,0.0017534781945869,aaronfeller_PeptideMTR_lg,kan_rerun3
kan_rerun3_fold2_idx26,2,0.0,1.3785850114800269e-06,aaronfeller_PeptideMTR_lg,kan_rerun3
kan_rerun3_fold2_idx27,2,0.0,0.0918831080198288,aaronfeller_PeptideMTR_lg,kan_rerun3
kan_rerun3_fold2_idx28,2,0.0,0.062922902405262,aaronfeller_PeptideMTR_lg,kan_rerun3
kan_rerun3_fold2_idx29,2,1.0,0.0531027466058731,aaronfeller_PeptideMTR_lg,kan_rerun3
kan_rerun3_fold2_idx30,2,0.0,0.0024614422582089,aaronfeller_PeptideMTR_lg,kan_rerun3
kan_rerun3_fold2_idx31,2,0.0,1.8855125745176338e-05,aaronfeller_PeptideMTR_lg,kan_rerun3
kan_rerun3_fold2_idx32,2,0.0,0.0071509634144604,aaronfeller_PeptideMTR_lg,kan_rerun3
kan_rerun3_fold2_idx33,2,0.0,1.205853550345637e-06,aaronfeller_PeptideMTR_lg,kan_rerun3
kan_rerun3_fold2_idx34,2,0.0,4.335633093432989e-06,aaronfeller_PeptideMTR_lg,kan_rerun3
kan_rerun3_fold2_idx35,2,0.0,0.9708558320999146,aaronfeller_PeptideMTR_lg,kan_rerun3
kan_rerun3_fold2_idx36,2,0.0,3.219512564101024e-06,aaronfeller_PeptideMTR_lg,kan_rerun3
kan_rerun3_fold2_idx37,2,0.0,2.5893318706948776e-06,aaronfeller_PeptideMTR_lg,kan_rerun3
kan_rerun3_fold2_idx38,2,0.0,1.2776705489159212e-06,aaronfeller_PeptideMTR_lg,kan_rerun3
kan_rerun3_fold2_idx39,2,0.0,2.663829945959151e-06,aaronfeller_PeptideMTR_lg,kan_rerun3
kan_rerun3_fold2_idx40,2,0.0,3.55739916813036e-06,aaronfeller_PeptideMTR_lg,kan_rerun3
kan_rerun3_fold2_idx41,2,0.0,0.0001188927999464,aaronfeller_PeptideMTR_lg,kan_rerun3
kan_rerun3_fold2_idx42,2,0.0,0.0001093802202376,aaronfeller_PeptideMTR_lg,kan_rerun3
kan_rerun3_fold2_idx43,2,0.0,0.000177140434971,aaronfeller_PeptideMTR_lg,kan_rerun3
kan_rerun3_fold2_idx44,2,1.0,0.2134565412998199,aaronfeller_PeptideMTR_lg,kan_rerun3
kan_rerun3_fold2_idx45,2,1.0,0.7059522867202759,aaronfeller_PeptideMTR_lg,kan_rerun3
kan_rerun3_fold2_idx46,2,1.0,0.6623215079307556,aaronfeller_PeptideMTR_lg,kan_rerun3
kan_rerun3_fold2_idx47,2,0.0,0.0068056131713092,aaronfeller_PeptideMTR_lg,kan_rerun3
kan_rerun3_fold2_idx48,2,0.0,0.0003622778749559,aaronfeller_PeptideMTR_lg,kan_rerun3
kan_rerun3_fold2_idx49,2,0.0,0.0004315282276365,aaronfeller_PeptideMTR_lg,kan_rerun3
kan_rerun3_fold2_idx50,2,0.0,0.0504085645079612,aaronfeller_PeptideMTR_lg,kan_rerun3
kan_rerun3_fold2_idx51,2,0.0,0.8616814017295837,aaronfeller_PeptideMTR_lg,kan_rerun3
kan_rerun3_fold2_idx52,2,0.0,0.0001156370417447,aaronfeller_PeptideMTR_lg,kan_rerun3
kan_rerun3_fold2_idx53,2,1.0,0.9807527661323548,aaronfeller_PeptideMTR_lg,kan_rerun3
kan_rerun3_fold2_idx54,2,1.0,0.9824011921882628,aaronfeller_PeptideMTR_lg,kan_rerun3
kan_rerun3_fold2_idx55,2,1.0,0.9429592490196228,aaronfeller_PeptideMTR_lg,kan_rerun3
kan_rerun3_fold2_idx56,2,0.0,2.5198658477165736e-05,aaronfeller_PeptideMTR_lg,kan_rerun3
kan_rerun3_fold2_idx57,2,1.0,0.9851933121681212,aaronfeller_PeptideMTR_lg,kan_rerun3
kan_rerun3_fold2_idx58,2,0.0,0.0002968056651297,aaronfeller_PeptideMTR_lg,kan_rerun3
kan_rerun3_fold2_idx59,2,1.0,0.99934321641922,aaronfeller_PeptideMTR_lg,kan_rerun3
kan_rerun3_fold2_idx60,2,0.0,0.0002716923481784,aaronfeller_PeptideMTR_lg,kan_rerun3
kan_rerun3_fold2_idx61,2,0.0,1.928896563185845e-05,aaronfeller_PeptideMTR_lg,kan_rerun3
kan_rerun3_fold2_idx62,2,1.0,0.1100428029894828,aaronfeller_PeptideMTR_lg,kan_rerun3
kan_rerun3_fold2_idx63,2,0.0,0.9140350818634032,aaronfeller_PeptideMTR_lg,kan_rerun3
kan_rerun3_fold3_idx0,3,0.0,0.0070362426340579,aaronfeller_PeptideMTR_lg,kan_rerun3
kan_rerun3_fold3_idx1,3,0.0,0.1816632449626922,aaronfeller_PeptideMTR_lg,kan_rerun3
kan_rerun3_fold3_idx2,3,0.0,0.2861301600933075,aaronfeller_PeptideMTR_lg,kan_rerun3
kan_rerun3_fold3_idx3,3,0.0,0.259634256362915,aaronfeller_PeptideMTR_lg,kan_rerun3
kan_rerun3_fold3_idx4,3,0.0,0.307283878326416,aaronfeller_PeptideMTR_lg,kan_rerun3
kan_rerun3_fold3_idx5,3,0.0,0.6999161243438721,aaronfeller_PeptideMTR_lg,kan_rerun3
kan_rerun3_fold3_idx6,3,0.0,0.0648243874311447,aaronfeller_PeptideMTR_lg,kan_rerun3
kan_rerun3_fold3_idx7,3,1.0,0.8875770568847656,aaronfeller_PeptideMTR_lg,kan_rerun3
kan_rerun3_fold3_idx8,3,1.0,0.9980916380882264,aaronfeller_PeptideMTR_lg,kan_rerun3
kan_rerun3_fold3_idx9,3,1.0,0.0518318265676498,aaronfeller_PeptideMTR_lg,kan_rerun3
kan_rerun3_fold3_idx10,3,1.0,0.9987373948097228,aaronfeller_PeptideMTR_lg,kan_rerun3
kan_rerun3_fold3_idx11,3,1.0,0.9999985694885254,aaronfeller_PeptideMTR_lg,kan_rerun3
kan_rerun3_fold3_idx12,3,0.0,0.0059981010854244,aaronfeller_PeptideMTR_lg,kan_rerun3
kan_rerun3_fold3_idx13,3,1.0,0.0397015027701854,aaronfeller_PeptideMTR_lg,kan_rerun3
kan_rerun3_fold3_idx14,3,1.0,0.9965330362319946,aaronfeller_PeptideMTR_lg,kan_rerun3
kan_rerun3_fold3_idx15,3,1.0,0.2119811773300171,aaronfeller_PeptideMTR_lg,kan_rerun3
kan_rerun3_fold3_idx16,3,0.0,0.0233297161757946,aaronfeller_PeptideMTR_lg,kan_rerun3
kan_rerun3_fold3_idx17,3,1.0,0.3996501266956329,aaronfeller_PeptideMTR_lg,kan_rerun3
kan_rerun3_fold3_idx18,3,1.0,0.6675516963005066,aaronfeller_PeptideMTR_lg,kan_rerun3
kan_rerun3_fold3_idx19,3,1.0,0.9804998636245728,aaronfeller_PeptideMTR_lg,kan_rerun3
kan_rerun3_fold3_idx20,3,1.0,0.9172986149787904,aaronfeller_PeptideMTR_lg,kan_rerun3
kan_rerun3_fold3_idx21,3,0.0,0.1137095093727111,aaronfeller_PeptideMTR_lg,kan_rerun3
kan_rerun3_fold3_idx22,3,1.0,0.5930958390235901,aaronfeller_PeptideMTR_lg,kan_rerun3
kan_rerun3_fold3_idx23,3,1.0,0.8516649603843689,aaronfeller_PeptideMTR_lg,kan_rerun3
kan_rerun3_fold3_idx24,3,0.0,0.207917109131813,aaronfeller_PeptideMTR_lg,kan_rerun3
kan_rerun3_fold3_idx25,3,1.0,0.9997512698173524,aaronfeller_PeptideMTR_lg,kan_rerun3
kan_rerun3_fold3_idx26,3,1.0,0.4343585073947906,aaronfeller_PeptideMTR_lg,kan_rerun3
kan_rerun3_fold3_idx27,3,1.0,0.4278871119022369,aaronfeller_PeptideMTR_lg,kan_rerun3
kan_rerun3_fold3_idx28,3,1.0,0.3427772223949432,aaronfeller_PeptideMTR_lg,kan_rerun3
kan_rerun3_fold3_idx29,3,0.0,0.0067536518909037,aaronfeller_PeptideMTR_lg,kan_rerun3
kan_rerun3_fold3_idx30,3,0.0,0.0059391912072896,aaronfeller_PeptideMTR_lg,kan_rerun3
kan_rerun3_fold3_idx31,3,0.0,0.1255502849817276,aaronfeller_PeptideMTR_lg,kan_rerun3
kan_rerun3_fold3_idx32,3,0.0,0.0035251064691692,aaronfeller_PeptideMTR_lg,kan_rerun3
kan_rerun3_fold3_idx33,3,0.0,0.1547897756099701,aaronfeller_PeptideMTR_lg,kan_rerun3
kan_rerun3_fold3_idx34,3,0.0,0.5005072355270386,aaronfeller_PeptideMTR_lg,kan_rerun3
kan_rerun3_fold3_idx35,3,0.0,0.0880772620439529,aaronfeller_PeptideMTR_lg,kan_rerun3
kan_rerun3_fold3_idx36,3,0.0,0.0149934729561209,aaronfeller_PeptideMTR_lg,kan_rerun3
kan_rerun3_fold3_idx37,3,0.0,0.0359289199113845,aaronfeller_PeptideMTR_lg,kan_rerun3
kan_rerun3_fold3_idx38,3,1.0,0.686399519443512,aaronfeller_PeptideMTR_lg,kan_rerun3
kan_rerun3_fold3_idx39,3,1.0,0.8550676703453064,aaronfeller_PeptideMTR_lg,kan_rerun3
kan_rerun3_fold3_idx40,3,1.0,0.8455633521080017,aaronfeller_PeptideMTR_lg,kan_rerun3
kan_rerun3_fold3_idx41,3,1.0,0.999049723148346,aaronfeller_PeptideMTR_lg,kan_rerun3
kan_rerun3_fold3_idx42,3,0.0,0.0405185408890247,aaronfeller_PeptideMTR_lg,kan_rerun3
kan_rerun3_fold3_idx43,3,1.0,0.5817744135856628,aaronfeller_PeptideMTR_lg,kan_rerun3
kan_rerun3_fold3_idx44,3,1.0,0.8596150875091553,aaronfeller_PeptideMTR_lg,kan_rerun3
kan_rerun3_fold3_idx45,3,1.0,0.8868204951286316,aaronfeller_PeptideMTR_lg,kan_rerun3
kan_rerun3_fold3_idx46,3,0.0,0.2414826303720474,aaronfeller_PeptideMTR_lg,kan_rerun3
kan_rerun3_fold3_idx47,3,1.0,0.6362351775169373,aaronfeller_PeptideMTR_lg,kan_rerun3
kan_rerun3_fold3_idx48,3,0.0,0.1651966273784637,aaronfeller_PeptideMTR_lg,kan_rerun3
kan_rerun3_fold3_idx49,3,1.0,0.1735554337501526,aaronfeller_PeptideMTR_lg,kan_rerun3
kan_rerun3_fold3_idx50,3,0.0,0.0045789359137415,aaronfeller_PeptideMTR_lg,kan_rerun3
kan_rerun3_fold3_idx51,3,0.0,0.0019833520054817,aaronfeller_PeptideMTR_lg,kan_rerun3
kan_rerun3_fold3_idx52,3,0.0,0.2899416983127594,aaronfeller_PeptideMTR_lg,kan_rerun3
kan_rerun3_fold3_idx53,3,0.0,0.059274174273014,aaronfeller_PeptideMTR_lg,kan_rerun3
kan_rerun3_fold3_idx54,3,1.0,0.9331279993057252,aaronfeller_PeptideMTR_lg,kan_rerun3
kan_rerun3_fold3_idx55,3,0.0,0.0015602962812408,aaronfeller_PeptideMTR_lg,kan_rerun3
kan_rerun3_fold3_idx56,3,1.0,0.9992772936820984,aaronfeller_PeptideMTR_lg,kan_rerun3
kan_rerun3_fold3_idx57,3,1.0,0.9997264742851256,aaronfeller_PeptideMTR_lg,kan_rerun3
kan_rerun3_fold3_idx58,3,1.0,0.8950666189193726,aaronfeller_PeptideMTR_lg,kan_rerun3
kan_rerun3_fold3_idx59,3,0.0,0.8960242867469788,aaronfeller_PeptideMTR_lg,kan_rerun3
kan_rerun3_fold3_idx60,3,0.0,0.6077555418014526,aaronfeller_PeptideMTR_lg,kan_rerun3
kan_rerun3_fold3_idx61,3,0.0,0.0872073918581008,aaronfeller_PeptideMTR_lg,kan_rerun3
kan_rerun3_fold3_idx62,3,1.0,0.6803798079490662,aaronfeller_PeptideMTR_lg,kan_rerun3
kan_rerun3_fold3_idx63,3,0.0,0.0074969981797039,aaronfeller_PeptideMTR_lg,kan_rerun3
kan_rerun3_fold4_idx0,4,0.0,4.1908100683940575e-05,aaronfeller_PeptideMTR_lg,kan_rerun3
kan_rerun3_fold4_idx1,4,1.0,0.9136520624160768,aaronfeller_PeptideMTR_lg,kan_rerun3
kan_rerun3_fold4_idx2,4,0.0,0.0023630922660231,aaronfeller_PeptideMTR_lg,kan_rerun3
kan_rerun3_fold4_idx3,4,0.0,0.1061343625187873,aaronfeller_PeptideMTR_lg,kan_rerun3
kan_rerun3_fold4_idx4,4,0.0,0.8240171074867249,aaronfeller_PeptideMTR_lg,kan_rerun3
kan_rerun3_fold4_idx5,4,1.0,0.976954698562622,aaronfeller_PeptideMTR_lg,kan_rerun3
kan_rerun3_fold4_idx6,4,1.0,0.9709029197692872,aaronfeller_PeptideMTR_lg,kan_rerun3
kan_rerun3_fold4_idx7,4,1.0,0.2879394292831421,aaronfeller_PeptideMTR_lg,kan_rerun3
kan_rerun3_fold4_idx8,4,0.0,0.0033928388729691,aaronfeller_PeptideMTR_lg,kan_rerun3
kan_rerun3_fold4_idx9,4,0.0,0.0084934867918491,aaronfeller_PeptideMTR_lg,kan_rerun3
kan_rerun3_fold4_idx10,4,0.0,0.001970685319975,aaronfeller_PeptideMTR_lg,kan_rerun3
kan_rerun3_fold4_idx11,4,1.0,0.5120904445648193,aaronfeller_PeptideMTR_lg,kan_rerun3
kan_rerun3_fold4_idx12,4,0.0,0.9865856170654296,aaronfeller_PeptideMTR_lg,kan_rerun3
kan_rerun3_fold4_idx13,4,1.0,0.0177571028470993,aaronfeller_PeptideMTR_lg,kan_rerun3
kan_rerun3_fold4_idx14,4,0.0,0.0188397523015737,aaronfeller_PeptideMTR_lg,kan_rerun3
kan_rerun3_fold4_idx15,4,1.0,0.0016136458143591,aaronfeller_PeptideMTR_lg,kan_rerun3
kan_rerun3_fold4_idx16,4,1.0,0.7614404559135437,aaronfeller_PeptideMTR_lg,kan_rerun3
kan_rerun3_fold4_idx17,4,1.0,0.9999850988388062,aaronfeller_PeptideMTR_lg,kan_rerun3
kan_rerun3_fold4_idx18,4,1.0,0.9989355206489564,aaronfeller_PeptideMTR_lg,kan_rerun3
kan_rerun3_fold4_idx19,4,0.0,0.4505026936531067,aaronfeller_PeptideMTR_lg,kan_rerun3
kan_rerun3_fold4_idx20,4,1.0,0.7792366743087769,aaronfeller_PeptideMTR_lg,kan_rerun3
kan_rerun3_fold4_idx21,4,0.0,0.000793166225776,aaronfeller_PeptideMTR_lg,kan_rerun3
kan_rerun3_fold4_idx22,4,0.0,0.01902468316257,aaronfeller_PeptideMTR_lg,kan_rerun3
kan_rerun3_fold4_idx23,4,0.0,0.0636386796832084,aaronfeller_PeptideMTR_lg,kan_rerun3
kan_rerun3_fold4_idx24,4,1.0,0.99122154712677,aaronfeller_PeptideMTR_lg,kan_rerun3
kan_rerun3_fold4_idx25,4,1.0,0.9250290989875792,aaronfeller_PeptideMTR_lg,kan_rerun3
kan_rerun3_fold4_idx26,4,1.0,0.9995383024215698,aaronfeller_PeptideMTR_lg,kan_rerun3
kan_rerun3_fold4_idx27,4,1.0,0.0009857452241703,aaronfeller_PeptideMTR_lg,kan_rerun3
kan_rerun3_fold4_idx28,4,0.0,0.0571607984602451,aaronfeller_PeptideMTR_lg,kan_rerun3
kan_rerun3_fold4_idx29,4,0.0,0.0411073043942451,aaronfeller_PeptideMTR_lg,kan_rerun3
kan_rerun3_fold4_idx30,4,0.0,0.969154953956604,aaronfeller_PeptideMTR_lg,kan_rerun3
kan_rerun3_fold4_idx31,4,0.0,0.9898882508277892,aaronfeller_PeptideMTR_lg,kan_rerun3
kan_rerun3_fold4_idx32,4,0.0,3.158743493258953e-05,aaronfeller_PeptideMTR_lg,kan_rerun3
kan_rerun3_fold4_idx33,4,0.0,0.9909636974334716,aaronfeller_PeptideMTR_lg,kan_rerun3
kan_rerun3_fold4_idx34,4,1.0,0.4599860906600952,aaronfeller_PeptideMTR_lg,kan_rerun3
kan_rerun3_fold4_idx35,4,1.0,0.9885913729667664,aaronfeller_PeptideMTR_lg,kan_rerun3
kan_rerun3_fold4_idx36,4,0.0,0.0003403631271794,aaronfeller_PeptideMTR_lg,kan_rerun3
kan_rerun3_fold4_idx37,4,0.0,0.4254473447799682,aaronfeller_PeptideMTR_lg,kan_rerun3
kan_rerun3_fold4_idx38,4,1.0,0.6328418254852295,aaronfeller_PeptideMTR_lg,kan_rerun3
kan_rerun3_fold4_idx39,4,0.0,0.0003573312133084,aaronfeller_PeptideMTR_lg,kan_rerun3
kan_rerun3_fold4_idx40,4,0.0,0.1187226474285125,aaronfeller_PeptideMTR_lg,kan_rerun3
kan_rerun3_fold4_idx41,4,0.0,0.0221231281757354,aaronfeller_PeptideMTR_lg,kan_rerun3
kan_rerun3_fold4_idx42,4,1.0,0.2231746912002563,aaronfeller_PeptideMTR_lg,kan_rerun3
kan_rerun3_fold4_idx43,4,1.0,0.7879438400268555,aaronfeller_PeptideMTR_lg,kan_rerun3
kan_rerun3_fold4_idx44,4,0.0,8.691049151821062e-05,aaronfeller_PeptideMTR_lg,kan_rerun3
kan_rerun3_fold4_idx45,4,0.0,0.0014713921118527,aaronfeller_PeptideMTR_lg,kan_rerun3
kan_rerun3_fold4_idx46,4,1.0,0.0112371621653437,aaronfeller_PeptideMTR_lg,kan_rerun3
kan_rerun3_fold4_idx47,4,0.0,0.9881798028945924,aaronfeller_PeptideMTR_lg,kan_rerun3
kan_rerun3_fold4_idx48,4,1.0,0.5256027579307556,aaronfeller_PeptideMTR_lg,kan_rerun3
kan_rerun3_fold4_idx49,4,1.0,0.9513812065124512,aaronfeller_PeptideMTR_lg,kan_rerun3
kan_rerun3_fold4_idx50,4,1.0,0.99982750415802,aaronfeller_PeptideMTR_lg,kan_rerun3
kan_rerun3_fold4_idx51,4,0.0,0.0031758148688822,aaronfeller_PeptideMTR_lg,kan_rerun3
kan_rerun3_fold4_idx52,4,0.0,0.9286267757415771,aaronfeller_PeptideMTR_lg,kan_rerun3
kan_rerun3_fold4_idx53,4,0.0,0.975028932094574,aaronfeller_PeptideMTR_lg,kan_rerun3
kan_rerun3_fold4_idx54,4,1.0,0.9999898672103882,aaronfeller_PeptideMTR_lg,kan_rerun3
kan_rerun3_fold4_idx55,4,0.0,0.0005809704307466,aaronfeller_PeptideMTR_lg,kan_rerun3
kan_rerun3_fold4_idx56,4,1.0,0.3230307698249817,aaronfeller_PeptideMTR_lg,kan_rerun3
kan_rerun3_fold4_idx57,4,0.0,0.0201323423534631,aaronfeller_PeptideMTR_lg,kan_rerun3
kan_rerun3_fold4_idx58,4,1.0,0.1284797042608261,aaronfeller_PeptideMTR_lg,kan_rerun3
kan_rerun3_fold4_idx59,4,0.0,0.9150086641311646,aaronfeller_PeptideMTR_lg,kan_rerun3
kan_rerun3_fold4_idx60,4,1.0,0.9784907698631288,aaronfeller_PeptideMTR_lg,kan_rerun3
kan_rerun3_fold4_idx61,4,1.0,0.9941920638084412,aaronfeller_PeptideMTR_lg,kan_rerun3
kan_rerun3_fold4_idx62,4,1.0,0.1298641711473465,aaronfeller_PeptideMTR_lg,kan_rerun3
kan_rerun3_fold4_idx63,4,1.0,0.9428726434707642,aaronfeller_PeptideMTR_lg,kan_rerun3
kan_rerun3_fold5_idx0,5,1.0,0.9521294236183168,aaronfeller_PeptideMTR_lg,kan_rerun3
kan_rerun3_fold5_idx1,5,1.0,0.8164119124412537,aaronfeller_PeptideMTR_lg,kan_rerun3
kan_rerun3_fold5_idx2,5,0.0,0.0006129140383563,aaronfeller_PeptideMTR_lg,kan_rerun3
kan_rerun3_fold5_idx3,5,0.0,0.0004838954191654,aaronfeller_PeptideMTR_lg,kan_rerun3
kan_rerun3_fold5_idx4,5,0.0,1.9706611055880785e-05,aaronfeller_PeptideMTR_lg,kan_rerun3
kan_rerun3_fold5_idx5,5,0.0,0.4571790397167206,aaronfeller_PeptideMTR_lg,kan_rerun3
kan_rerun3_fold5_idx6,5,1.0,0.973841667175293,aaronfeller_PeptideMTR_lg,kan_rerun3
kan_rerun3_fold5_idx7,5,0.0,0.0026158527471125,aaronfeller_PeptideMTR_lg,kan_rerun3
kan_rerun3_fold5_idx8,5,1.0,0.9999996423721312,aaronfeller_PeptideMTR_lg,kan_rerun3
kan_rerun3_fold5_idx9,5,0.0,0.014752103947103,aaronfeller_PeptideMTR_lg,kan_rerun3
kan_rerun3_fold5_idx10,5,0.0,0.9881796836853028,aaronfeller_PeptideMTR_lg,kan_rerun3
kan_rerun3_fold5_idx11,5,1.0,0.0001658387773204,aaronfeller_PeptideMTR_lg,kan_rerun3
kan_rerun3_fold5_idx12,5,0.0,0.0265768878161907,aaronfeller_PeptideMTR_lg,kan_rerun3
kan_rerun3_fold5_idx13,5,1.0,0.9999301433563232,aaronfeller_PeptideMTR_lg,kan_rerun3
kan_rerun3_fold5_idx14,5,0.0,0.0232402645051479,aaronfeller_PeptideMTR_lg,kan_rerun3
kan_rerun3_fold5_idx15,5,1.0,0.9815666675567628,aaronfeller_PeptideMTR_lg,kan_rerun3
kan_rerun3_fold5_idx16,5,1.0,0.9467609524726868,aaronfeller_PeptideMTR_lg,kan_rerun3
kan_rerun3_fold5_idx17,5,0.0,0.1587697118520736,aaronfeller_PeptideMTR_lg,kan_rerun3
kan_rerun3_fold5_idx18,5,1.0,0.9934992790222168,aaronfeller_PeptideMTR_lg,kan_rerun3
kan_rerun3_fold5_idx19,5,1.0,0.9764843583106996,aaronfeller_PeptideMTR_lg,kan_rerun3
kan_rerun3_fold5_idx20,5,0.0,0.0082011828199028,aaronfeller_PeptideMTR_lg,kan_rerun3
kan_rerun3_fold5_idx21,5,0.0,0.0842234566807746,aaronfeller_PeptideMTR_lg,kan_rerun3
kan_rerun3_fold5_idx22,5,0.0,0.4309433102607727,aaronfeller_PeptideMTR_lg,kan_rerun3
kan_rerun3_fold5_idx23,5,0.0,0.4338623881340027,aaronfeller_PeptideMTR_lg,kan_rerun3
kan_rerun3_fold5_idx24,5,1.0,0.4306710064411163,aaronfeller_PeptideMTR_lg,kan_rerun3
kan_rerun3_fold5_idx25,5,0.0,0.0048088831827044,aaronfeller_PeptideMTR_lg,kan_rerun3
kan_rerun3_fold5_idx26,5,1.0,0.963328182697296,aaronfeller_PeptideMTR_lg,kan_rerun3
kan_rerun3_fold5_idx27,5,0.0,0.1118386313319206,aaronfeller_PeptideMTR_lg,kan_rerun3
kan_rerun3_fold5_idx28,5,0.0,8.078046812443063e-05,aaronfeller_PeptideMTR_lg,kan_rerun3
kan_rerun3_fold5_idx29,5,0.0,0.0042501469142735,aaronfeller_PeptideMTR_lg,kan_rerun3
kan_rerun3_fold5_idx30,5,1.0,0.0711805745959281,aaronfeller_PeptideMTR_lg,kan_rerun3
kan_rerun3_fold5_idx31,5,0.0,0.1240810826420784,aaronfeller_PeptideMTR_lg,kan_rerun3
kan_rerun3_fold5_idx32,5,1.0,7.52322084736079e-05,aaronfeller_PeptideMTR_lg,kan_rerun3
kan_rerun3_fold5_idx33,5,0.0,0.0015261867083609,aaronfeller_PeptideMTR_lg,kan_rerun3
kan_rerun3_fold5_idx34,5,1.0,0.9892996549606324,aaronfeller_PeptideMTR_lg,kan_rerun3
kan_rerun3_fold5_idx35,5,0.0,0.000753617438022,aaronfeller_PeptideMTR_lg,kan_rerun3
kan_rerun3_fold5_idx36,5,0.0,0.0001743399043334,aaronfeller_PeptideMTR_lg,kan_rerun3
kan_rerun3_fold5_idx37,5,0.0,9.65087820077315e-05,aaronfeller_PeptideMTR_lg,kan_rerun3
kan_rerun3_fold5_idx38,5,0.0,0.0001242774887941,aaronfeller_PeptideMTR_lg,kan_rerun3
kan_rerun3_fold5_idx39,5,0.0,6.327612209133804e-05,aaronfeller_PeptideMTR_lg,kan_rerun3
kan_rerun3_fold5_idx40,5,0.0,0.0007479670457541,aaronfeller_PeptideMTR_lg,kan_rerun3
kan_rerun3_fold5_idx41,5,0.0,0.35823455452919,aaronfeller_PeptideMTR_lg,kan_rerun3
kan_rerun3_fold5_idx42,5,0.0,0.0008385972469113,aaronfeller_PeptideMTR_lg,kan_rerun3
kan_rerun3_fold5_idx43,5,1.0,0.9986948370933532,aaronfeller_PeptideMTR_lg,kan_rerun3
kan_rerun3_fold5_idx44,5,1.0,0.9746710658073424,aaronfeller_PeptideMTR_lg,kan_rerun3
kan_rerun3_fold5_idx45,5,0.0,0.0785325914621353,aaronfeller_PeptideMTR_lg,kan_rerun3
kan_rerun3_fold5_idx46,5,1.0,0.9897639751434326,aaronfeller_PeptideMTR_lg,kan_rerun3
kan_rerun3_fold5_idx47,5,1.0,0.9990575909614564,aaronfeller_PeptideMTR_lg,kan_rerun3
kan_rerun3_fold5_idx48,5,1.0,0.9798776507377625,aaronfeller_PeptideMTR_lg,kan_rerun3
kan_rerun3_fold5_idx49,5,1.0,0.9997172951698304,aaronfeller_PeptideMTR_lg,kan_rerun3
kan_rerun3_fold5_idx50,5,0.0,0.9937626719474792,aaronfeller_PeptideMTR_lg,kan_rerun3
kan_rerun3_fold5_idx51,5,0.0,0.6530815362930298,aaronfeller_PeptideMTR_lg,kan_rerun3
kan_rerun3_fold5_idx52,5,1.0,0.944172978401184,aaronfeller_PeptideMTR_lg,kan_rerun3
kan_rerun3_fold5_idx53,5,0.0,3.415549826968345e-06,aaronfeller_PeptideMTR_lg,kan_rerun3
kan_rerun3_fold5_idx54,5,0.0,1.0140382073586808e-05,aaronfeller_PeptideMTR_lg,kan_rerun3
kan_rerun3_fold5_idx55,5,0.0,0.0092938989400863,aaronfeller_PeptideMTR_lg,kan_rerun3
kan_rerun3_fold5_idx56,5,1.0,0.9950703382492064,aaronfeller_PeptideMTR_lg,kan_rerun3
kan_rerun3_fold5_idx57,5,0.0,0.050351545214653,aaronfeller_PeptideMTR_lg,kan_rerun3
kan_rerun3_fold5_idx58,5,1.0,0.9992159605026244,aaronfeller_PeptideMTR_lg,kan_rerun3
kan_rerun3_fold5_idx59,5,0.0,0.0895368233323097,aaronfeller_PeptideMTR_lg,kan_rerun3
kan_rerun3_fold5_idx60,5,0.0,0.0002732257707975,aaronfeller_PeptideMTR_lg,kan_rerun3
kan_rerun3_fold5_idx61,5,0.0,0.0030311243608593,aaronfeller_PeptideMTR_lg,kan_rerun3
kan_rerun3_fold5_idx62,5,0.0,0.9968284964561462,aaronfeller_PeptideMTR_lg,kan_rerun3
kan_rerun3_fold5_idx63,5,0.0,0.0029753774870187,aaronfeller_PeptideMTR_lg,kan_rerun3
kan_rerun3_fold6_idx0,6,0.0,0.2361281663179397,aaronfeller_PeptideMTR_lg,kan_rerun3
kan_rerun3_fold6_idx1,6,0.0,0.0744271203875541,aaronfeller_PeptideMTR_lg,kan_rerun3
kan_rerun3_fold6_idx2,6,0.0,0.9686478972434998,aaronfeller_PeptideMTR_lg,kan_rerun3
kan_rerun3_fold6_idx3,6,0.0,0.0005037455121055,aaronfeller_PeptideMTR_lg,kan_rerun3
kan_rerun3_fold6_idx4,6,0.0,0.0005216318531893,aaronfeller_PeptideMTR_lg,kan_rerun3
kan_rerun3_fold6_idx5,6,0.0,9.23930128919892e-05,aaronfeller_PeptideMTR_lg,kan_rerun3
kan_rerun3_fold6_idx6,6,1.0,1.0,aaronfeller_PeptideMTR_lg,kan_rerun3
kan_rerun3_fold6_idx7,6,0.0,0.9245455265045166,aaronfeller_PeptideMTR_lg,kan_rerun3
kan_rerun3_fold6_idx8,6,1.0,0.999903440475464,aaronfeller_PeptideMTR_lg,kan_rerun3
kan_rerun3_fold6_idx9,6,0.0,7.254674301293562e-07,aaronfeller_PeptideMTR_lg,kan_rerun3
kan_rerun3_fold6_idx10,6,1.0,0.9927708506584167,aaronfeller_PeptideMTR_lg,kan_rerun3
kan_rerun3_fold6_idx11,6,0.0,0.0052687507122755,aaronfeller_PeptideMTR_lg,kan_rerun3
kan_rerun3_fold6_idx12,6,0.0,0.0002575406688265,aaronfeller_PeptideMTR_lg,kan_rerun3
kan_rerun3_fold6_idx13,6,1.0,0.9998879432678224,aaronfeller_PeptideMTR_lg,kan_rerun3
kan_rerun3_fold6_idx14,6,0.0,6.185613301568083e-07,aaronfeller_PeptideMTR_lg,kan_rerun3
kan_rerun3_fold6_idx15,6,0.0,0.00045979389688,aaronfeller_PeptideMTR_lg,kan_rerun3
kan_rerun3_fold6_idx16,6,0.0,0.2855954170227051,aaronfeller_PeptideMTR_lg,kan_rerun3
kan_rerun3_fold6_idx17,6,1.0,0.999948024749756,aaronfeller_PeptideMTR_lg,kan_rerun3
kan_rerun3_fold6_idx18,6,1.0,0.685472309589386,aaronfeller_PeptideMTR_lg,kan_rerun3
kan_rerun3_fold6_idx19,6,0.0,0.2220679819583892,aaronfeller_PeptideMTR_lg,kan_rerun3
kan_rerun3_fold6_idx20,6,0.0,0.6179054379463196,aaronfeller_PeptideMTR_lg,kan_rerun3
kan_rerun3_fold6_idx21,6,1.0,0.9999229907989502,aaronfeller_PeptideMTR_lg,kan_rerun3
kan_rerun3_fold6_idx22,6,1.0,0.8740770816802979,aaronfeller_PeptideMTR_lg,kan_rerun3
kan_rerun3_fold6_idx23,6,0.0,0.001859477139078,aaronfeller_PeptideMTR_lg,kan_rerun3
kan_rerun3_fold6_idx24,6,1.0,0.9831193089485168,aaronfeller_PeptideMTR_lg,kan_rerun3
kan_rerun3_fold6_idx25,6,1.0,0.943558394908905,aaronfeller_PeptideMTR_lg,kan_rerun3
kan_rerun3_fold6_idx26,6,1.0,7.193904457380995e-05,aaronfeller_PeptideMTR_lg,kan_rerun3
kan_rerun3_fold6_idx27,6,0.0,0.0015248371055349,aaronfeller_PeptideMTR_lg,kan_rerun3
kan_rerun3_fold6_idx28,6,1.0,0.9928780198097228,aaronfeller_PeptideMTR_lg,kan_rerun3
kan_rerun3_fold6_idx29,6,1.0,0.7339980602264404,aaronfeller_PeptideMTR_lg,kan_rerun3
kan_rerun3_fold6_idx30,6,0.0,0.0074149300344288,aaronfeller_PeptideMTR_lg,kan_rerun3
kan_rerun3_fold6_idx31,6,1.0,0.9915772676467896,aaronfeller_PeptideMTR_lg,kan_rerun3
kan_rerun3_fold6_idx32,6,0.0,0.3954122066497803,aaronfeller_PeptideMTR_lg,kan_rerun3
kan_rerun3_fold6_idx33,6,1.0,0.4359192252159118,aaronfeller_PeptideMTR_lg,kan_rerun3
kan_rerun3_fold6_idx34,6,0.0,0.0182049460709095,aaronfeller_PeptideMTR_lg,kan_rerun3
kan_rerun3_fold6_idx35,6,1.0,0.0077995136380195,aaronfeller_PeptideMTR_lg,kan_rerun3
kan_rerun3_fold6_idx36,6,0.0,0.0004213482898194,aaronfeller_PeptideMTR_lg,kan_rerun3
kan_rerun3_fold6_idx37,6,1.0,0.0036682523787021,aaronfeller_PeptideMTR_lg,kan_rerun3
kan_rerun3_fold6_idx38,6,0.0,0.0005195576231926,aaronfeller_PeptideMTR_lg,kan_rerun3
kan_rerun3_fold6_idx39,6,0.0,1.2994010830880144e-05,aaronfeller_PeptideMTR_lg,kan_rerun3
kan_rerun3_fold6_idx40,6,0.0,0.0009098818409256,aaronfeller_PeptideMTR_lg,kan_rerun3
kan_rerun3_fold6_idx41,6,0.0,7.912235014373437e-05,aaronfeller_PeptideMTR_lg,kan_rerun3
kan_rerun3_fold6_idx42,6,0.0,2.680683610378765e-05,aaronfeller_PeptideMTR_lg,kan_rerun3
kan_rerun3_fold6_idx43,6,0.0,0.0001768312649801,aaronfeller_PeptideMTR_lg,kan_rerun3
kan_rerun3_fold6_idx44,6,0.0,3.711305544129573e-05,aaronfeller_PeptideMTR_lg,kan_rerun3
kan_rerun3_fold6_idx45,6,0.0,3.52899260178674e-05,aaronfeller_PeptideMTR_lg,kan_rerun3
kan_rerun3_fold6_idx46,6,0.0,2.047905763902236e-05,aaronfeller_PeptideMTR_lg,kan_rerun3
kan_rerun3_fold6_idx47,6,0.0,3.047687641810625e-05,aaronfeller_PeptideMTR_lg,kan_rerun3
kan_rerun3_fold6_idx48,6,0.0,1.2774103197443765e-05,aaronfeller_PeptideMTR_lg,kan_rerun3
kan_rerun3_fold6_idx49,6,0.0,0.1767376363277435,aaronfeller_PeptideMTR_lg,kan_rerun3
kan_rerun3_fold6_idx50,6,1.0,0.9999208450317384,aaronfeller_PeptideMTR_lg,kan_rerun3
kan_rerun3_fold6_idx51,6,0.0,0.9901844263076782,aaronfeller_PeptideMTR_lg,kan_rerun3
kan_rerun3_fold6_idx52,6,1.0,0.999060332775116,aaronfeller_PeptideMTR_lg,kan_rerun3
kan_rerun3_fold6_idx53,6,1.0,0.7844067811965942,aaronfeller_PeptideMTR_lg,kan_rerun3
kan_rerun3_fold6_idx54,6,0.0,0.0001662935537751,aaronfeller_PeptideMTR_lg,kan_rerun3
kan_rerun3_fold6_idx55,6,0.0,7.420562178594992e-05,aaronfeller_PeptideMTR_lg,kan_rerun3
kan_rerun3_fold6_idx56,6,0.0,8.50341166369617e-06,aaronfeller_PeptideMTR_lg,kan_rerun3
kan_rerun3_fold6_idx57,6,1.0,0.9964357614517212,aaronfeller_PeptideMTR_lg,kan_rerun3
kan_rerun3_fold6_idx58,6,0.0,0.0224565509706735,aaronfeller_PeptideMTR_lg,kan_rerun3
kan_rerun3_fold6_idx59,6,1.0,0.9991169571876526,aaronfeller_PeptideMTR_lg,kan_rerun3
kan_rerun3_fold6_idx60,6,0.0,0.0196245051920413,aaronfeller_PeptideMTR_lg,kan_rerun3
kan_rerun3_fold6_idx61,6,1.0,0.8287001252174377,aaronfeller_PeptideMTR_lg,kan_rerun3
kan_rerun3_fold6_idx62,6,0.0,0.0044653159566223,aaronfeller_PeptideMTR_lg,kan_rerun3
kan_rerun3_fold6_idx63,6,1.0,0.966956615447998,aaronfeller_PeptideMTR_lg,kan_rerun3
kan_rerun3_fold7_idx0,7,0.0,0.0003016565169673,aaronfeller_PeptideMTR_lg,kan_rerun3
kan_rerun3_fold7_idx1,7,0.0,5.072581916465424e-05,aaronfeller_PeptideMTR_lg,kan_rerun3
kan_rerun3_fold7_idx2,7,1.0,0.9848061203956604,aaronfeller_PeptideMTR_lg,kan_rerun3
kan_rerun3_fold7_idx3,7,1.0,0.9930942058563232,aaronfeller_PeptideMTR_lg,kan_rerun3
kan_rerun3_fold7_idx4,7,0.0,1.251436333404854e-05,aaronfeller_PeptideMTR_lg,kan_rerun3
kan_rerun3_fold7_idx5,7,1.0,0.8210956454277039,aaronfeller_PeptideMTR_lg,kan_rerun3
kan_rerun3_fold7_idx6,7,0.0,0.0011916199000552,aaronfeller_PeptideMTR_lg,kan_rerun3
kan_rerun3_fold7_idx7,7,1.0,0.0826470628380775,aaronfeller_PeptideMTR_lg,kan_rerun3
kan_rerun3_fold7_idx8,7,0.0,0.2539168298244476,aaronfeller_PeptideMTR_lg,kan_rerun3
kan_rerun3_fold7_idx9,7,0.0,2.1562844267464243e-05,aaronfeller_PeptideMTR_lg,kan_rerun3
kan_rerun3_fold7_idx10,7,1.0,0.894400954246521,aaronfeller_PeptideMTR_lg,kan_rerun3
kan_rerun3_fold7_idx11,7,0.0,0.0016455820295959,aaronfeller_PeptideMTR_lg,kan_rerun3
kan_rerun3_fold7_idx12,7,1.0,0.997520387172699,aaronfeller_PeptideMTR_lg,kan_rerun3
kan_rerun3_fold7_idx13,7,1.0,0.0667694807052612,aaronfeller_PeptideMTR_lg,kan_rerun3
kan_rerun3_fold7_idx14,7,0.0,0.0024783068802207,aaronfeller_PeptideMTR_lg,kan_rerun3
kan_rerun3_fold7_idx15,7,1.0,0.7245930433273315,aaronfeller_PeptideMTR_lg,kan_rerun3
kan_rerun3_fold7_idx16,7,1.0,0.9984923601150512,aaronfeller_PeptideMTR_lg,kan_rerun3
kan_rerun3_fold7_idx17,7,0.0,0.0090272333472967,aaronfeller_PeptideMTR_lg,kan_rerun3
kan_rerun3_fold7_idx18,7,1.0,0.9974326491355896,aaronfeller_PeptideMTR_lg,kan_rerun3
kan_rerun3_fold7_idx19,7,0.0,0.004269802942872,aaronfeller_PeptideMTR_lg,kan_rerun3
kan_rerun3_fold7_idx20,7,1.0,0.6925898790359497,aaronfeller_PeptideMTR_lg,kan_rerun3
kan_rerun3_fold7_idx21,7,0.0,0.0037599657662212,aaronfeller_PeptideMTR_lg,kan_rerun3
kan_rerun3_fold7_idx22,7,0.0,0.0049708508886396,aaronfeller_PeptideMTR_lg,kan_rerun3
kan_rerun3_fold7_idx23,7,0.0,0.0001389679382555,aaronfeller_PeptideMTR_lg,kan_rerun3
kan_rerun3_fold7_idx24,7,1.0,0.935401737689972,aaronfeller_PeptideMTR_lg,kan_rerun3
kan_rerun3_fold7_idx25,7,1.0,0.8351992964744568,aaronfeller_PeptideMTR_lg,kan_rerun3
kan_rerun3_fold7_idx26,7,1.0,0.1691539883613586,aaronfeller_PeptideMTR_lg,kan_rerun3
kan_rerun3_fold7_idx27,7,1.0,0.8809364438056946,aaronfeller_PeptideMTR_lg,kan_rerun3
kan_rerun3_fold7_idx28,7,0.0,0.0016816636780276,aaronfeller_PeptideMTR_lg,kan_rerun3
kan_rerun3_fold7_idx29,7,1.0,0.9729886651039124,aaronfeller_PeptideMTR_lg,kan_rerun3
kan_rerun3_fold7_idx30,7,1.0,0.129125490784645,aaronfeller_PeptideMTR_lg,kan_rerun3
kan_rerun3_fold7_idx31,7,1.0,0.0001108893411583,aaronfeller_PeptideMTR_lg,kan_rerun3
kan_rerun3_fold7_idx32,7,1.0,0.6280925273895264,aaronfeller_PeptideMTR_lg,kan_rerun3
kan_rerun3_fold7_idx33,7,1.0,0.9931322932243348,aaronfeller_PeptideMTR_lg,kan_rerun3
kan_rerun3_fold7_idx34,7,0.0,0.0509568639099597,aaronfeller_PeptideMTR_lg,kan_rerun3
kan_rerun3_fold7_idx35,7,1.0,0.9947710633277892,aaronfeller_PeptideMTR_lg,kan_rerun3
kan_rerun3_fold7_idx36,7,0.0,2.7544017939362675e-05,aaronfeller_PeptideMTR_lg,kan_rerun3
kan_rerun3_fold7_idx37,7,0.0,0.000252772384556,aaronfeller_PeptideMTR_lg,kan_rerun3
kan_rerun3_fold7_idx38,7,1.0,0.9950823783874512,aaronfeller_PeptideMTR_lg,kan_rerun3
kan_rerun3_fold7_idx39,7,0.0,9.030845831148326e-05,aaronfeller_PeptideMTR_lg,kan_rerun3
kan_rerun3_fold7_idx40,7,0.0,0.0001461446372559,aaronfeller_PeptideMTR_lg,kan_rerun3
kan_rerun3_fold7_idx41,7,0.0,0.0033944579772651,aaronfeller_PeptideMTR_lg,kan_rerun3
kan_rerun3_fold7_idx42,7,0.0,0.0841900184750557,aaronfeller_PeptideMTR_lg,kan_rerun3
kan_rerun3_fold7_idx43,7,1.0,0.9979296922683716,aaronfeller_PeptideMTR_lg,kan_rerun3
kan_rerun3_fold7_idx44,7,1.0,0.898095965385437,aaronfeller_PeptideMTR_lg,kan_rerun3
kan_rerun3_fold7_idx45,7,1.0,0.994238257408142,aaronfeller_PeptideMTR_lg,kan_rerun3
kan_rerun3_fold7_idx46,7,1.0,0.9690320491790771,aaronfeller_PeptideMTR_lg,kan_rerun3
kan_rerun3_fold7_idx47,7,1.0,0.8966394662857056,aaronfeller_PeptideMTR_lg,kan_rerun3
kan_rerun3_fold7_idx48,7,0.0,8.75772184372181e-06,aaronfeller_PeptideMTR_lg,kan_rerun3
kan_rerun3_fold7_idx49,7,0.0,0.0016078853514045,aaronfeller_PeptideMTR_lg,kan_rerun3
kan_rerun3_fold7_idx50,7,1.0,0.9999992847442628,aaronfeller_PeptideMTR_lg,kan_rerun3
kan_rerun3_fold7_idx51,7,0.0,0.9916022419929504,aaronfeller_PeptideMTR_lg,kan_rerun3
kan_rerun3_fold7_idx52,7,1.0,0.9591732621192932,aaronfeller_PeptideMTR_lg,kan_rerun3
kan_rerun3_fold7_idx53,7,1.0,0.4871395826339721,aaronfeller_PeptideMTR_lg,kan_rerun3
kan_rerun3_fold7_idx54,7,1.0,0.9992328882217408,aaronfeller_PeptideMTR_lg,kan_rerun3
kan_rerun3_fold7_idx55,7,0.0,1.2555738067021592e-05,aaronfeller_PeptideMTR_lg,kan_rerun3
kan_rerun3_fold7_idx56,7,0.0,3.100445837844745e-07,aaronfeller_PeptideMTR_lg,kan_rerun3
kan_rerun3_fold7_idx57,7,0.0,0.0036211947444826,aaronfeller_PeptideMTR_lg,kan_rerun3
kan_rerun3_fold7_idx58,7,1.0,0.9988133907318116,aaronfeller_PeptideMTR_lg,kan_rerun3
kan_rerun3_fold7_idx59,7,1.0,0.0628546774387359,aaronfeller_PeptideMTR_lg,kan_rerun3
kan_rerun3_fold7_idx60,7,0.0,2.556396793806925e-06,aaronfeller_PeptideMTR_lg,kan_rerun3
kan_rerun3_fold7_idx61,7,0.0,0.0044194650836288,aaronfeller_PeptideMTR_lg,kan_rerun3
kan_rerun3_fold7_idx62,7,0.0,2.80034128081752e-05,aaronfeller_PeptideMTR_lg,kan_rerun3
kan_rerun3_fold7_idx63,7,0.0,2.678661985555664e-05,aaronfeller_PeptideMTR_lg,kan_rerun3
kan_rerun3_fold8_idx0,8,1.0,0.9627468585968018,aaronfeller_PeptideMTR_lg,kan_rerun3
kan_rerun3_fold8_idx1,8,1.0,0.5591089725494385,aaronfeller_PeptideMTR_lg,kan_rerun3
kan_rerun3_fold8_idx2,8,0.0,0.0002600539883133,aaronfeller_PeptideMTR_lg,kan_rerun3
kan_rerun3_fold8_idx3,8,0.0,0.0246889516711235,aaronfeller_PeptideMTR_lg,kan_rerun3
kan_rerun3_fold8_idx4,8,1.0,0.9634750485420228,aaronfeller_PeptideMTR_lg,kan_rerun3
kan_rerun3_fold8_idx5,8,1.0,0.9630402326583862,aaronfeller_PeptideMTR_lg,kan_rerun3
kan_rerun3_fold8_idx6,8,0.0,0.3762632310390472,aaronfeller_PeptideMTR_lg,kan_rerun3
kan_rerun3_fold8_idx7,8,1.0,0.9563090205192566,aaronfeller_PeptideMTR_lg,kan_rerun3
kan_rerun3_fold8_idx8,8,0.0,0.0519556105136871,aaronfeller_PeptideMTR_lg,kan_rerun3
kan_rerun3_fold8_idx9,8,0.0,0.0404027216136455,aaronfeller_PeptideMTR_lg,kan_rerun3
kan_rerun3_fold8_idx10,8,1.0,0.9998867511749268,aaronfeller_PeptideMTR_lg,kan_rerun3
kan_rerun3_fold8_idx11,8,1.0,0.983876407146454,aaronfeller_PeptideMTR_lg,kan_rerun3
kan_rerun3_fold8_idx12,8,0.0,0.584321141242981,aaronfeller_PeptideMTR_lg,kan_rerun3
kan_rerun3_fold8_idx13,8,1.0,0.6686567664146423,aaronfeller_PeptideMTR_lg,kan_rerun3
kan_rerun3_fold8_idx14,8,0.0,0.2265257239341735,aaronfeller_PeptideMTR_lg,kan_rerun3
kan_rerun3_fold8_idx15,8,0.0,0.0442063324153423,aaronfeller_PeptideMTR_lg,kan_rerun3
kan_rerun3_fold8_idx16,8,0.0,0.6963754296302795,aaronfeller_PeptideMTR_lg,kan_rerun3
kan_rerun3_fold8_idx17,8,1.0,0.7666588425636292,aaronfeller_PeptideMTR_lg,kan_rerun3
kan_rerun3_fold8_idx18,8,1.0,0.7428181171417236,aaronfeller_PeptideMTR_lg,kan_rerun3
kan_rerun3_fold8_idx19,8,0.0,0.0385231338441371,aaronfeller_PeptideMTR_lg,kan_rerun3
kan_rerun3_fold8_idx20,8,1.0,0.9915103912353516,aaronfeller_PeptideMTR_lg,kan_rerun3
kan_rerun3_fold8_idx21,8,1.0,0.9209821224212646,aaronfeller_PeptideMTR_lg,kan_rerun3
kan_rerun3_fold8_idx22,8,0.0,0.300661563873291,aaronfeller_PeptideMTR_lg,kan_rerun3
kan_rerun3_fold8_idx23,8,0.0,0.8169351816177368,aaronfeller_PeptideMTR_lg,kan_rerun3
kan_rerun3_fold8_idx24,8,1.0,0.9615104794502258,aaronfeller_PeptideMTR_lg,kan_rerun3
kan_rerun3_fold8_idx25,8,0.0,0.0091458121314644,aaronfeller_PeptideMTR_lg,kan_rerun3
kan_rerun3_fold8_idx26,8,0.0,0.0090535441413521,aaronfeller_PeptideMTR_lg,kan_rerun3
kan_rerun3_fold8_idx27,8,0.0,0.8180046081542969,aaronfeller_PeptideMTR_lg,kan_rerun3
kan_rerun3_fold8_idx28,8,1.0,0.9934425354003906,aaronfeller_PeptideMTR_lg,kan_rerun3
kan_rerun3_fold8_idx29,8,1.0,0.0359858684241771,aaronfeller_PeptideMTR_lg,kan_rerun3
kan_rerun3_fold8_idx30,8,0.0,0.0960431471467018,aaronfeller_PeptideMTR_lg,kan_rerun3
kan_rerun3_fold8_idx31,8,0.0,0.5820192694664001,aaronfeller_PeptideMTR_lg,kan_rerun3
kan_rerun3_fold8_idx32,8,1.0,0.9512351751327516,aaronfeller_PeptideMTR_lg,kan_rerun3
kan_rerun3_fold8_idx33,8,0.0,0.0768992602825164,aaronfeller_PeptideMTR_lg,kan_rerun3
kan_rerun3_fold8_idx34,8,1.0,0.9963700771331788,aaronfeller_PeptideMTR_lg,kan_rerun3
kan_rerun3_fold8_idx35,8,0.0,0.8545908331871033,aaronfeller_PeptideMTR_lg,kan_rerun3
kan_rerun3_fold8_idx36,8,1.0,0.9619730710983276,aaronfeller_PeptideMTR_lg,kan_rerun3
kan_rerun3_fold8_idx37,8,0.0,0.0046671666204929,aaronfeller_PeptideMTR_lg,kan_rerun3
kan_rerun3_fold8_idx38,8,0.0,0.0015174327418208,aaronfeller_PeptideMTR_lg,kan_rerun3
kan_rerun3_fold8_idx39,8,0.0,0.0005262473132461,aaronfeller_PeptideMTR_lg,kan_rerun3
kan_rerun3_fold8_idx40,8,0.0,0.0006668830756098,aaronfeller_PeptideMTR_lg,kan_rerun3
kan_rerun3_fold8_idx41,8,1.0,0.0103751858696341,aaronfeller_PeptideMTR_lg,kan_rerun3
kan_rerun3_fold8_idx42,8,1.0,0.9184244871139526,aaronfeller_PeptideMTR_lg,kan_rerun3
kan_rerun3_fold8_idx43,8,0.0,0.8946830034255981,aaronfeller_PeptideMTR_lg,kan_rerun3
kan_rerun3_fold8_idx44,8,1.0,0.9211329817771912,aaronfeller_PeptideMTR_lg,kan_rerun3
kan_rerun3_fold8_idx45,8,0.0,0.1188547164201736,aaronfeller_PeptideMTR_lg,kan_rerun3
kan_rerun3_fold8_idx46,8,0.0,0.9345015287399292,aaronfeller_PeptideMTR_lg,kan_rerun3
kan_rerun3_fold8_idx47,8,1.0,0.0578200779855251,aaronfeller_PeptideMTR_lg,kan_rerun3
kan_rerun3_fold8_idx48,8,0.0,0.4049623906612396,aaronfeller_PeptideMTR_lg,kan_rerun3
kan_rerun3_fold8_idx49,8,0.0,0.0188488475978374,aaronfeller_PeptideMTR_lg,kan_rerun3
kan_rerun3_fold8_idx50,8,0.0,0.0116909593343734,aaronfeller_PeptideMTR_lg,kan_rerun3
kan_rerun3_fold8_idx51,8,1.0,0.8336450457572937,aaronfeller_PeptideMTR_lg,kan_rerun3
kan_rerun3_fold8_idx52,8,0.0,0.2464728504419326,aaronfeller_PeptideMTR_lg,kan_rerun3
kan_rerun3_fold8_idx53,8,0.0,0.6017315983772278,aaronfeller_PeptideMTR_lg,kan_rerun3
kan_rerun3_fold8_idx54,8,0.0,0.569709300994873,aaronfeller_PeptideMTR_lg,kan_rerun3
kan_rerun3_fold8_idx55,8,0.0,0.0107355266809463,aaronfeller_PeptideMTR_lg,kan_rerun3
kan_rerun3_fold8_idx56,8,0.0,0.2579887807369232,aaronfeller_PeptideMTR_lg,kan_rerun3
kan_rerun3_fold8_idx57,8,1.0,0.9637902975082396,aaronfeller_PeptideMTR_lg,kan_rerun3
kan_rerun3_fold8_idx58,8,1.0,0.0158485509455204,aaronfeller_PeptideMTR_lg,kan_rerun3
kan_rerun3_fold8_idx59,8,0.0,0.6709763407707214,aaronfeller_PeptideMTR_lg,kan_rerun3
kan_rerun3_fold8_idx60,8,1.0,0.9367287158966064,aaronfeller_PeptideMTR_lg,kan_rerun3
kan_rerun3_fold8_idx61,8,1.0,0.997664213180542,aaronfeller_PeptideMTR_lg,kan_rerun3
kan_rerun3_fold8_idx62,8,0.0,0.0137870041653513,aaronfeller_PeptideMTR_lg,kan_rerun3
kan_rerun3_fold8_idx63,8,0.0,0.0560713149607181,aaronfeller_PeptideMTR_lg,kan_rerun3
kan_rerun3_fold9_idx0,9,1.0,0.9681861996650696,aaronfeller_PeptideMTR_lg,kan_rerun3
kan_rerun3_fold9_idx1,9,0.0,0.0944284498691558,aaronfeller_PeptideMTR_lg,kan_rerun3
kan_rerun3_fold9_idx2,9,1.0,0.0065981461666524,aaronfeller_PeptideMTR_lg,kan_rerun3
kan_rerun3_fold9_idx3,9,1.0,0.8504014015197754,aaronfeller_PeptideMTR_lg,kan_rerun3
kan_rerun3_fold9_idx4,9,0.0,0.0012286724522709,aaronfeller_PeptideMTR_lg,kan_rerun3
kan_rerun3_fold9_idx5,9,0.0,0.3982648551464081,aaronfeller_PeptideMTR_lg,kan_rerun3
kan_rerun3_fold9_idx6,9,0.0,0.0008051316835917,aaronfeller_PeptideMTR_lg,kan_rerun3
kan_rerun3_fold9_idx7,9,0.0,0.0030386799480766,aaronfeller_PeptideMTR_lg,kan_rerun3
kan_rerun3_fold9_idx8,9,0.0,0.0005392883904278,aaronfeller_PeptideMTR_lg,kan_rerun3
kan_rerun3_fold9_idx9,9,0.0,0.0020045300479978,aaronfeller_PeptideMTR_lg,kan_rerun3
kan_rerun3_fold9_idx10,9,0.0,0.3709418773651123,aaronfeller_PeptideMTR_lg,kan_rerun3
kan_rerun3_fold9_idx11,9,0.0,0.0146462824195623,aaronfeller_PeptideMTR_lg,kan_rerun3
kan_rerun3_fold9_idx12,9,1.0,0.8701416850090027,aaronfeller_PeptideMTR_lg,kan_rerun3
kan_rerun3_fold9_idx13,9,1.0,0.0066733681596815,aaronfeller_PeptideMTR_lg,kan_rerun3
kan_rerun3_fold9_idx14,9,1.0,0.1746566891670227,aaronfeller_PeptideMTR_lg,kan_rerun3
kan_rerun3_fold9_idx15,9,1.0,0.9999935626983644,aaronfeller_PeptideMTR_lg,kan_rerun3
kan_rerun3_fold9_idx16,9,1.0,0.8086630702018738,aaronfeller_PeptideMTR_lg,kan_rerun3
kan_rerun3_fold9_idx17,9,0.0,0.097292922437191,aaronfeller_PeptideMTR_lg,kan_rerun3
kan_rerun3_fold9_idx18,9,0.0,0.0707844421267509,aaronfeller_PeptideMTR_lg,kan_rerun3
kan_rerun3_fold9_idx19,9,0.0,0.0009753087069839,aaronfeller_PeptideMTR_lg,kan_rerun3
kan_rerun3_fold9_idx20,9,1.0,0.5558358430862427,aaronfeller_PeptideMTR_lg,kan_rerun3
kan_rerun3_fold9_idx21,9,1.0,0.9286078810691832,aaronfeller_PeptideMTR_lg,kan_rerun3
kan_rerun3_fold9_idx22,9,1.0,0.8993065357208252,aaronfeller_PeptideMTR_lg,kan_rerun3
kan_rerun3_fold9_idx23,9,1.0,0.972412645816803,aaronfeller_PeptideMTR_lg,kan_rerun3
kan_rerun3_fold9_idx24,9,1.0,0.506170392036438,aaronfeller_PeptideMTR_lg,kan_rerun3
kan_rerun3_fold9_idx25,9,0.0,0.0928659960627555,aaronfeller_PeptideMTR_lg,kan_rerun3
kan_rerun3_fold9_idx26,9,0.0,0.6867887377738953,aaronfeller_PeptideMTR_lg,kan_rerun3
kan_rerun3_fold9_idx27,9,0.0,0.5208544731140137,aaronfeller_PeptideMTR_lg,kan_rerun3
kan_rerun3_fold9_idx28,9,1.0,0.9144731760025024,aaronfeller_PeptideMTR_lg,kan_rerun3
kan_rerun3_fold9_idx29,9,0.0,0.0005437914514914,aaronfeller_PeptideMTR_lg,kan_rerun3
kan_rerun3_fold9_idx30,9,1.0,0.9159271717071532,aaronfeller_PeptideMTR_lg,kan_rerun3
kan_rerun3_fold9_idx31,9,0.0,0.0006377215613611,aaronfeller_PeptideMTR_lg,kan_rerun3
kan_rerun3_fold9_idx32,9,0.0,6.10429560765624e-05,aaronfeller_PeptideMTR_lg,kan_rerun3
kan_rerun3_fold9_idx33,9,0.0,8.604872709838673e-05,aaronfeller_PeptideMTR_lg,kan_rerun3
kan_rerun3_fold9_idx34,9,0.0,0.0001719874126138,aaronfeller_PeptideMTR_lg,kan_rerun3
kan_rerun3_fold9_idx35,9,0.0,0.0318335704505443,aaronfeller_PeptideMTR_lg,kan_rerun3
kan_rerun3_fold9_idx36,9,0.0,0.091232992708683,aaronfeller_PeptideMTR_lg,kan_rerun3
kan_rerun3_fold9_idx37,9,1.0,0.9299553036689758,aaronfeller_PeptideMTR_lg,kan_rerun3
kan_rerun3_fold9_idx38,9,0.0,0.2986637353897095,aaronfeller_PeptideMTR_lg,kan_rerun3
kan_rerun3_fold9_idx39,9,1.0,0.8923900127410889,aaronfeller_PeptideMTR_lg,kan_rerun3
kan_rerun3_fold9_idx40,9,0.0,0.0027795238420367,aaronfeller_PeptideMTR_lg,kan_rerun3
kan_rerun3_fold9_idx41,9,1.0,0.9980794191360474,aaronfeller_PeptideMTR_lg,kan_rerun3
kan_rerun3_fold9_idx42,9,1.0,0.9955750703811646,aaronfeller_PeptideMTR_lg,kan_rerun3
kan_rerun3_fold9_idx43,9,1.0,0.9905070066452026,aaronfeller_PeptideMTR_lg,kan_rerun3
kan_rerun3_fold9_idx44,9,1.0,0.9302539825439452,aaronfeller_PeptideMTR_lg,kan_rerun3
kan_rerun3_fold9_idx45,9,0.0,0.000130020911456,aaronfeller_PeptideMTR_lg,kan_rerun3
kan_rerun3_fold9_idx46,9,0.0,0.0006801714771427,aaronfeller_PeptideMTR_lg,kan_rerun3
kan_rerun3_fold9_idx47,9,1.0,0.9695891737937928,aaronfeller_PeptideMTR_lg,kan_rerun3
kan_rerun3_fold9_idx48,9,0.0,0.0023164791055023,aaronfeller_PeptideMTR_lg,kan_rerun3
kan_rerun3_fold9_idx49,9,0.0,0.004032720811665,aaronfeller_PeptideMTR_lg,kan_rerun3
kan_rerun3_fold9_idx50,9,1.0,0.8787095546722412,aaronfeller_PeptideMTR_lg,kan_rerun3
kan_rerun3_fold9_idx51,9,0.0,0.0171319376677274,aaronfeller_PeptideMTR_lg,kan_rerun3
kan_rerun3_fold9_idx52,9,0.0,0.072675921022892,aaronfeller_PeptideMTR_lg,kan_rerun3
kan_rerun3_fold9_idx53,9,1.0,0.0034514826256781,aaronfeller_PeptideMTR_lg,kan_rerun3
kan_rerun3_fold9_idx54,9,0.0,0.0336750224232673,aaronfeller_PeptideMTR_lg,kan_rerun3
kan_rerun3_fold9_idx55,9,0.0,0.0491305217146873,aaronfeller_PeptideMTR_lg,kan_rerun3
kan_rerun3_fold9_idx56,9,0.0,0.0747014433145523,aaronfeller_PeptideMTR_lg,kan_rerun3
kan_rerun3_fold9_idx57,9,1.0,0.7989630103111267,aaronfeller_PeptideMTR_lg,kan_rerun3
kan_rerun3_fold9_idx58,9,0.0,0.10909004509449,aaronfeller_PeptideMTR_lg,kan_rerun3
kan_rerun3_fold9_idx59,9,1.0,0.7772075533866882,aaronfeller_PeptideMTR_lg,kan_rerun3
kan_rerun3_fold9_idx60,9,1.0,0.9947921633720398,aaronfeller_PeptideMTR_lg,kan_rerun3
kan_rerun3_fold9_idx61,9,0.0,0.587224006652832,aaronfeller_PeptideMTR_lg,kan_rerun3
kan_rerun3_fold9_idx62,9,1.0,0.8521333932876587,aaronfeller_PeptideMTR_lg,kan_rerun3
kan_rerun3_fold9_idx63,9,0.0,0.0730891451239585,aaronfeller_PeptideMTR_lg,kan_rerun3
kan_rerun3_fold10_idx0,10,0.0,0.0925186574459075,aaronfeller_PeptideMTR_lg,kan_rerun3
kan_rerun3_fold10_idx1,10,1.0,1.5454215684940212e-08,aaronfeller_PeptideMTR_lg,kan_rerun3
kan_rerun3_fold10_idx2,10,0.0,0.0034451971296221,aaronfeller_PeptideMTR_lg,kan_rerun3
kan_rerun3_fold10_idx3,10,0.0,0.0023145712912082,aaronfeller_PeptideMTR_lg,kan_rerun3
kan_rerun3_fold10_idx4,10,0.0,0.0087576992809772,aaronfeller_PeptideMTR_lg,kan_rerun3
kan_rerun3_fold10_idx5,10,1.0,0.9995803236961364,aaronfeller_PeptideMTR_lg,kan_rerun3
kan_rerun3_fold10_idx6,10,0.0,0.0156270340085029,aaronfeller_PeptideMTR_lg,kan_rerun3
kan_rerun3_fold10_idx7,10,0.0,0.0014903800329193,aaronfeller_PeptideMTR_lg,kan_rerun3
kan_rerun3_fold10_idx8,10,0.0,0.0231827311217784,aaronfeller_PeptideMTR_lg,kan_rerun3
kan_rerun3_fold10_idx9,10,1.0,0.4594015479087829,aaronfeller_PeptideMTR_lg,kan_rerun3
kan_rerun3_fold10_idx10,10,0.0,0.0002608844370115,aaronfeller_PeptideMTR_lg,kan_rerun3
kan_rerun3_fold10_idx11,10,0.0,0.0064953952096402,aaronfeller_PeptideMTR_lg,kan_rerun3
kan_rerun3_fold10_idx12,10,0.0,0.7788798809051514,aaronfeller_PeptideMTR_lg,kan_rerun3
kan_rerun3_fold10_idx13,10,0.0,0.9165935516357422,aaronfeller_PeptideMTR_lg,kan_rerun3
kan_rerun3_fold10_idx14,10,1.0,0.338906317949295,aaronfeller_PeptideMTR_lg,kan_rerun3
kan_rerun3_fold10_idx15,10,0.0,0.0019522634102031,aaronfeller_PeptideMTR_lg,kan_rerun3
kan_rerun3_fold10_idx16,10,1.0,0.6505553722381592,aaronfeller_PeptideMTR_lg,kan_rerun3
kan_rerun3_fold10_idx17,10,1.0,0.5564808249473572,aaronfeller_PeptideMTR_lg,kan_rerun3
kan_rerun3_fold10_idx18,10,1.0,0.0417724177241325,aaronfeller_PeptideMTR_lg,kan_rerun3
kan_rerun3_fold10_idx19,10,0.0,0.0320995151996612,aaronfeller_PeptideMTR_lg,kan_rerun3
kan_rerun3_fold10_idx20,10,0.0,2.418068349718805e-11,aaronfeller_PeptideMTR_lg,kan_rerun3
kan_rerun3_fold10_idx21,10,1.0,0.9919490814208984,aaronfeller_PeptideMTR_lg,kan_rerun3
kan_rerun3_fold10_idx22,10,0.0,0.0058406447060406,aaronfeller_PeptideMTR_lg,kan_rerun3
kan_rerun3_fold10_idx23,10,0.0,0.537145733833313,aaronfeller_PeptideMTR_lg,kan_rerun3
kan_rerun3_fold10_idx24,10,1.0,0.0118941394612193,aaronfeller_PeptideMTR_lg,kan_rerun3
kan_rerun3_fold10_idx25,10,0.0,0.2058992683887481,aaronfeller_PeptideMTR_lg,kan_rerun3
kan_rerun3_fold10_idx26,10,0.0,0.6689732074737549,aaronfeller_PeptideMTR_lg,kan_rerun3
kan_rerun3_fold10_idx27,10,1.0,0.6507443785667419,aaronfeller_PeptideMTR_lg,kan_rerun3
kan_rerun3_fold10_idx28,10,0.0,0.6482402086257935,aaronfeller_PeptideMTR_lg,kan_rerun3
kan_rerun3_fold10_idx29,10,0.0,6.747478892066283e-06,aaronfeller_PeptideMTR_lg,kan_rerun3
kan_rerun3_fold10_idx30,10,1.0,0.9977368116378784,aaronfeller_PeptideMTR_lg,kan_rerun3
kan_rerun3_fold10_idx31,10,0.0,3.52878741978202e-05,aaronfeller_PeptideMTR_lg,kan_rerun3
kan_rerun3_fold10_idx32,10,1.0,0.7659851312637329,aaronfeller_PeptideMTR_lg,kan_rerun3
kan_rerun3_fold10_idx33,10,1.0,0.9995966553688048,aaronfeller_PeptideMTR_lg,kan_rerun3
kan_rerun3_fold10_idx34,10,1.0,9.279795631300658e-05,aaronfeller_PeptideMTR_lg,kan_rerun3
kan_rerun3_fold10_idx35,10,1.0,0.9999483823776244,aaronfeller_PeptideMTR_lg,kan_rerun3
kan_rerun3_fold10_idx36,10,0.0,5.3463434596778825e-05,aaronfeller_PeptideMTR_lg,kan_rerun3
kan_rerun3_fold10_idx37,10,0.0,5.264981155050919e-05,aaronfeller_PeptideMTR_lg,kan_rerun3
kan_rerun3_fold10_idx38,10,1.0,0.3980284929275512,aaronfeller_PeptideMTR_lg,kan_rerun3
kan_rerun3_fold10_idx39,10,0.0,0.0001523167011328,aaronfeller_PeptideMTR_lg,kan_rerun3
kan_rerun3_fold10_idx40,10,0.0,0.0011208795476704,aaronfeller_PeptideMTR_lg,kan_rerun3
kan_rerun3_fold10_idx41,10,0.0,0.0006385101005434,aaronfeller_PeptideMTR_lg,kan_rerun3
kan_rerun3_fold10_idx42,10,0.0,0.0010854101274162,aaronfeller_PeptideMTR_lg,kan_rerun3
kan_rerun3_fold10_idx43,10,0.0,0.01789834164083,aaronfeller_PeptideMTR_lg,kan_rerun3
kan_rerun3_fold10_idx44,10,0.0,0.0200590379536151,aaronfeller_PeptideMTR_lg,kan_rerun3
kan_rerun3_fold10_idx45,10,0.0,4.860423723584972e-05,aaronfeller_PeptideMTR_lg,kan_rerun3
kan_rerun3_fold10_idx46,10,1.0,0.981490969657898,aaronfeller_PeptideMTR_lg,kan_rerun3
kan_rerun3_fold10_idx47,10,1.0,0.8369253873825073,aaronfeller_PeptideMTR_lg,kan_rerun3
kan_rerun3_fold10_idx48,10,0.0,0.0650479346513748,aaronfeller_PeptideMTR_lg,kan_rerun3
kan_rerun3_fold10_idx49,10,1.0,0.6944612860679626,aaronfeller_PeptideMTR_lg,kan_rerun3
kan_rerun3_fold10_idx50,10,0.0,0.9697716236114502,aaronfeller_PeptideMTR_lg,kan_rerun3
kan_rerun3_fold10_idx51,10,1.0,0.9999077320098876,aaronfeller_PeptideMTR_lg,kan_rerun3
kan_rerun3_fold10_idx52,10,0.0,0.0237869136035442,aaronfeller_PeptideMTR_lg,kan_rerun3
kan_rerun3_fold10_idx53,10,1.0,0.3329534828662872,aaronfeller_PeptideMTR_lg,kan_rerun3
kan_rerun3_fold10_idx54,10,0.0,0.0047508757561445,aaronfeller_PeptideMTR_lg,kan_rerun3
kan_rerun3_fold10_idx55,10,1.0,0.9991629123687744,aaronfeller_PeptideMTR_lg,kan_rerun3
kan_rerun3_fold10_idx56,10,0.0,9.39907204156043e-06,aaronfeller_PeptideMTR_lg,kan_rerun3
kan_rerun3_fold10_idx57,10,0.0,0.016867047175765,aaronfeller_PeptideMTR_lg,kan_rerun3
kan_rerun3_fold10_idx58,10,0.0,1.6946190228850355e-08,aaronfeller_PeptideMTR_lg,kan_rerun3
kan_rerun3_fold10_idx59,10,1.0,4.531123340711929e-05,aaronfeller_PeptideMTR_lg,kan_rerun3
kan_rerun3_fold10_idx60,10,1.0,0.9797102212905884,aaronfeller_PeptideMTR_lg,kan_rerun3
kan_rerun3_fold10_idx61,10,1.0,0.9994992017745972,aaronfeller_PeptideMTR_lg,kan_rerun3
kan_rerun3_fold10_idx62,10,1.0,0.7087726593017578,aaronfeller_PeptideMTR_lg,kan_rerun3
kan_rerun3_fold10_idx63,10,0.0,0.0393581129610538,aaronfeller_PeptideMTR_lg,kan_rerun3
