molecule,fold,true,predicted,model,run
fold1_idx0,1,0.0,0.5434253811836243,aaronfeller_PeptideMLM-MTR_lg,kan_base
fold1_idx1,1,0.0,0.0173237901180982,aaronfeller_PeptideMLM-MTR_lg,kan_base
fold1_idx2,1,1.0,0.9875542521476746,aaronfeller_PeptideMLM-MTR_lg,kan_base
fold1_idx3,1,0.0,0.0026837778277695,aaronfeller_PeptideMLM-MTR_lg,kan_base
fold1_idx4,1,0.0,0.0021164796780794,aaronfeller_PeptideMLM-MTR_lg,kan_base
fold1_idx5,1,0.0,0.0192472580820322,aaronfeller_PeptideMLM-MTR_lg,kan_base
fold1_idx6,1,0.0,0.0145961390808224,aaronfeller_PeptideMLM-MTR_lg,kan_base
fold1_idx7,1,1.0,0.9993866682052612,aaronfeller_PeptideMLM-MTR_lg,kan_base
fold1_idx8,1,0.0,0.0237009935081005,aaronfeller_PeptideMLM-MTR_lg,kan_base
fold1_idx9,1,1.0,0.2539269626140594,aaronfeller_PeptideMLM-MTR_lg,kan_base
fold1_idx10,1,0.0,0.0888373851776123,aaronfeller_PeptideMLM-MTR_lg,kan_base
fold1_idx11,1,1.0,0.0603562407195568,aaronfeller_PeptideMLM-MTR_lg,kan_base
fold1_idx12,1,1.0,0.8527542352676392,aaronfeller_PeptideMLM-MTR_lg,kan_base
fold1_idx13,1,1.0,0.7470213174819946,aaronfeller_PeptideMLM-MTR_lg,kan_base
fold1_idx14,1,0.0,0.0003124471695628,aaronfeller_PeptideMLM-MTR_lg,kan_base
fold1_idx15,1,1.0,0.949600636959076,aaronfeller_PeptideMLM-MTR_lg,kan_base
fold1_idx16,1,0.0,0.0635368451476097,aaronfeller_PeptideMLM-MTR_lg,kan_base
fold1_idx17,1,1.0,0.867378830909729,aaronfeller_PeptideMLM-MTR_lg,kan_base
fold1_idx18,1,0.0,0.8334976434707642,aaronfeller_PeptideMLM-MTR_lg,kan_base
fold1_idx19,1,1.0,0.5733682513237,aaronfeller_PeptideMLM-MTR_lg,kan_base
fold1_idx20,1,1.0,0.999112904071808,aaronfeller_PeptideMLM-MTR_lg,kan_base
fold1_idx21,1,1.0,0.9345057010650636,aaronfeller_PeptideMLM-MTR_lg,kan_base
fold1_idx22,1,1.0,0.1245155707001686,aaronfeller_PeptideMLM-MTR_lg,kan_base
fold1_idx23,1,1.0,0.791773796081543,aaronfeller_PeptideMLM-MTR_lg,kan_base
fold1_idx24,1,1.0,0.7735276222229004,aaronfeller_PeptideMLM-MTR_lg,kan_base
fold1_idx25,1,0.0,0.0072831762954592,aaronfeller_PeptideMLM-MTR_lg,kan_base
fold1_idx26,1,1.0,0.271413505077362,aaronfeller_PeptideMLM-MTR_lg,kan_base
fold1_idx27,1,1.0,0.6677430868148804,aaronfeller_PeptideMLM-MTR_lg,kan_base
fold1_idx28,1,0.0,1.6081298781500664e-06,aaronfeller_PeptideMLM-MTR_lg,kan_base
fold1_idx29,1,0.0,0.0002127588813891,aaronfeller_PeptideMLM-MTR_lg,kan_base
fold1_idx30,1,0.0,0.0015286460984498,aaronfeller_PeptideMLM-MTR_lg,kan_base
fold1_idx31,1,0.0,0.0728041306138038,aaronfeller_PeptideMLM-MTR_lg,kan_base
fold1_idx32,1,1.0,0.9562575817108154,aaronfeller_PeptideMLM-MTR_lg,kan_base
fold1_idx33,1,1.0,0.7275707721710205,aaronfeller_PeptideMLM-MTR_lg,kan_base
fold1_idx34,1,0.0,0.4886203110218048,aaronfeller_PeptideMLM-MTR_lg,kan_base
fold1_idx35,1,1.0,0.9951727986335754,aaronfeller_PeptideMLM-MTR_lg,kan_base
fold1_idx36,1,0.0,0.0013181882677599,aaronfeller_PeptideMLM-MTR_lg,kan_base
fold1_idx37,1,0.0,3.1017971195979044e-05,aaronfeller_PeptideMLM-MTR_lg,kan_base
fold1_idx38,1,1.0,0.9560756683349608,aaronfeller_PeptideMLM-MTR_lg,kan_base
fold1_idx39,1,1.0,0.378966748714447,aaronfeller_PeptideMLM-MTR_lg,kan_base
fold1_idx40,1,0.0,0.0005545422900468,aaronfeller_PeptideMLM-MTR_lg,kan_base
fold1_idx41,1,0.0,0.0658788457512855,aaronfeller_PeptideMLM-MTR_lg,kan_base
fold1_idx42,1,0.0,0.0001343044568784,aaronfeller_PeptideMLM-MTR_lg,kan_base
fold1_idx43,1,0.0,0.0090858228504657,aaronfeller_PeptideMLM-MTR_lg,kan_base
fold1_idx44,1,0.0,0.0065197590738534,aaronfeller_PeptideMLM-MTR_lg,kan_base
fold1_idx45,1,0.0,0.0016341466689482,aaronfeller_PeptideMLM-MTR_lg,kan_base
fold1_idx46,1,0.0,0.0129202539101243,aaronfeller_PeptideMLM-MTR_lg,kan_base
fold1_idx47,1,0.0,0.0013784182956442,aaronfeller_PeptideMLM-MTR_lg,kan_base
fold1_idx48,1,0.0,0.0041468027047812,aaronfeller_PeptideMLM-MTR_lg,kan_base
fold1_idx49,1,0.0,0.0127201993018388,aaronfeller_PeptideMLM-MTR_lg,kan_base
fold1_idx50,1,0.0,0.0396892428398132,aaronfeller_PeptideMLM-MTR_lg,kan_base
fold1_idx51,1,0.0,0.077161468565464,aaronfeller_PeptideMLM-MTR_lg,kan_base
fold1_idx52,1,0.0,0.985071301460266,aaronfeller_PeptideMLM-MTR_lg,kan_base
fold1_idx53,1,1.0,0.9994760155677797,aaronfeller_PeptideMLM-MTR_lg,kan_base
fold1_idx54,1,0.0,0.2147656232118606,aaronfeller_PeptideMLM-MTR_lg,kan_base
fold1_idx55,1,1.0,0.7804932594299316,aaronfeller_PeptideMLM-MTR_lg,kan_base
fold1_idx56,1,0.0,0.085571639239788,aaronfeller_PeptideMLM-MTR_lg,kan_base
fold1_idx57,1,0.0,0.0304114799946546,aaronfeller_PeptideMLM-MTR_lg,kan_base
fold1_idx58,1,0.0,0.0881114453077316,aaronfeller_PeptideMLM-MTR_lg,kan_base
fold1_idx59,1,1.0,0.708580493927002,aaronfeller_PeptideMLM-MTR_lg,kan_base
fold1_idx60,1,1.0,0.8012268543243408,aaronfeller_PeptideMLM-MTR_lg,kan_base
fold1_idx61,1,1.0,0.9899660348892212,aaronfeller_PeptideMLM-MTR_lg,kan_base
fold1_idx62,1,1.0,0.9887787699699402,aaronfeller_PeptideMLM-MTR_lg,kan_base
fold1_idx63,1,0.0,0.0065589188598096,aaronfeller_PeptideMLM-MTR_lg,kan_base
fold2_idx0,2,0.0,0.0313272103667259,aaronfeller_PeptideMLM-MTR_lg,kan_base
fold2_idx1,2,0.0,0.0001248620246769,aaronfeller_PeptideMLM-MTR_lg,kan_base
fold2_idx2,2,0.0,0.0902345180511474,aaronfeller_PeptideMLM-MTR_lg,kan_base
fold2_idx3,2,1.0,0.7538140416145325,aaronfeller_PeptideMLM-MTR_lg,kan_base
fold2_idx4,2,0.0,0.4373627007007599,aaronfeller_PeptideMLM-MTR_lg,kan_base
fold2_idx5,2,1.0,0.1103681921958923,aaronfeller_PeptideMLM-MTR_lg,kan_base
fold2_idx6,2,0.0,0.4386993050575256,aaronfeller_PeptideMLM-MTR_lg,kan_base
fold2_idx7,2,1.0,0.6757504940032959,aaronfeller_PeptideMLM-MTR_lg,kan_base
fold2_idx8,2,1.0,0.9054813385009766,aaronfeller_PeptideMLM-MTR_lg,kan_base
fold2_idx9,2,0.0,0.0586214996874332,aaronfeller_PeptideMLM-MTR_lg,kan_base
fold2_idx10,2,0.0,0.072977639734745,aaronfeller_PeptideMLM-MTR_lg,kan_base
fold2_idx11,2,1.0,0.4472094476222992,aaronfeller_PeptideMLM-MTR_lg,kan_base
fold2_idx12,2,1.0,0.8769363164901733,aaronfeller_PeptideMLM-MTR_lg,kan_base
fold2_idx13,2,0.0,0.1489978581666946,aaronfeller_PeptideMLM-MTR_lg,kan_base
fold2_idx14,2,1.0,0.8202804923057556,aaronfeller_PeptideMLM-MTR_lg,kan_base
fold2_idx15,2,0.0,0.1771163195371627,aaronfeller_PeptideMLM-MTR_lg,kan_base
fold2_idx16,2,1.0,0.8036777377128601,aaronfeller_PeptideMLM-MTR_lg,kan_base
fold2_idx17,2,0.0,0.224949449300766,aaronfeller_PeptideMLM-MTR_lg,kan_base
fold2_idx18,2,0.0,0.0404850132763385,aaronfeller_PeptideMLM-MTR_lg,kan_base
fold2_idx19,2,0.0,0.1480500847101211,aaronfeller_PeptideMLM-MTR_lg,kan_base
fold2_idx20,2,1.0,0.2231597304344177,aaronfeller_PeptideMLM-MTR_lg,kan_base
fold2_idx21,2,1.0,0.9814395308494568,aaronfeller_PeptideMLM-MTR_lg,kan_base
fold2_idx22,2,1.0,0.3817261755466461,aaronfeller_PeptideMLM-MTR_lg,kan_base
fold2_idx23,2,0.0,0.2152973860502243,aaronfeller_PeptideMLM-MTR_lg,kan_base
fold2_idx24,2,0.0,0.105461873114109,aaronfeller_PeptideMLM-MTR_lg,kan_base
fold2_idx25,2,0.0,0.0245213098824024,aaronfeller_PeptideMLM-MTR_lg,kan_base
fold2_idx26,2,0.0,0.0139946807175874,aaronfeller_PeptideMLM-MTR_lg,kan_base
fold2_idx27,2,0.0,0.0870021656155586,aaronfeller_PeptideMLM-MTR_lg,kan_base
fold2_idx28,2,0.0,0.0918772891163826,aaronfeller_PeptideMLM-MTR_lg,kan_base
fold2_idx29,2,1.0,0.2004570066928863,aaronfeller_PeptideMLM-MTR_lg,kan_base
fold2_idx30,2,0.0,0.0685721263289451,aaronfeller_PeptideMLM-MTR_lg,kan_base
fold2_idx31,2,0.0,0.0149633465334773,aaronfeller_PeptideMLM-MTR_lg,kan_base
fold2_idx32,2,0.0,0.0018241110956296,aaronfeller_PeptideMLM-MTR_lg,kan_base
fold2_idx33,2,0.0,0.0002069510228466,aaronfeller_PeptideMLM-MTR_lg,kan_base
fold2_idx34,2,0.0,0.0004947746638208,aaronfeller_PeptideMLM-MTR_lg,kan_base
fold2_idx35,2,0.0,0.9540303945541382,aaronfeller_PeptideMLM-MTR_lg,kan_base
fold2_idx36,2,0.0,0.0001696475665085,aaronfeller_PeptideMLM-MTR_lg,kan_base
fold2_idx37,2,0.0,0.0001485173706896,aaronfeller_PeptideMLM-MTR_lg,kan_base
fold2_idx38,2,0.0,0.0001384915813105,aaronfeller_PeptideMLM-MTR_lg,kan_base
fold2_idx39,2,0.0,0.0002944673760794,aaronfeller_PeptideMLM-MTR_lg,kan_base
fold2_idx40,2,0.0,0.000327789253788,aaronfeller_PeptideMLM-MTR_lg,kan_base
fold2_idx41,2,0.0,0.0072644003666937,aaronfeller_PeptideMLM-MTR_lg,kan_base
fold2_idx42,2,0.0,3.449475843808614e-05,aaronfeller_PeptideMLM-MTR_lg,kan_base
fold2_idx43,2,0.0,0.0219789836555719,aaronfeller_PeptideMLM-MTR_lg,kan_base
fold2_idx44,2,1.0,0.6779121160507202,aaronfeller_PeptideMLM-MTR_lg,kan_base
fold2_idx45,2,1.0,0.7491973042488098,aaronfeller_PeptideMLM-MTR_lg,kan_base
fold2_idx46,2,1.0,0.7348213195800781,aaronfeller_PeptideMLM-MTR_lg,kan_base
fold2_idx47,2,0.0,0.1351384371519088,aaronfeller_PeptideMLM-MTR_lg,kan_base
fold2_idx48,2,0.0,7.571824244223535e-05,aaronfeller_PeptideMLM-MTR_lg,kan_base
fold2_idx49,2,0.0,0.0093543389812111,aaronfeller_PeptideMLM-MTR_lg,kan_base
fold2_idx50,2,0.0,0.0005239122547209,aaronfeller_PeptideMLM-MTR_lg,kan_base
fold2_idx51,2,0.0,0.1262407898902893,aaronfeller_PeptideMLM-MTR_lg,kan_base
fold2_idx52,2,0.0,0.0112993838265538,aaronfeller_PeptideMLM-MTR_lg,kan_base
fold2_idx53,2,1.0,0.9888724684715272,aaronfeller_PeptideMLM-MTR_lg,kan_base
fold2_idx54,2,1.0,0.990237295627594,aaronfeller_PeptideMLM-MTR_lg,kan_base
fold2_idx55,2,1.0,0.7537664771080017,aaronfeller_PeptideMLM-MTR_lg,kan_base
fold2_idx56,2,0.0,0.0018124862108379,aaronfeller_PeptideMLM-MTR_lg,kan_base
fold2_idx57,2,1.0,0.940775454044342,aaronfeller_PeptideMLM-MTR_lg,kan_base
fold2_idx58,2,0.0,0.0072661684826016,aaronfeller_PeptideMLM-MTR_lg,kan_base
fold2_idx59,2,1.0,0.995575785636902,aaronfeller_PeptideMLM-MTR_lg,kan_base
fold2_idx60,2,0.0,0.091847226023674,aaronfeller_PeptideMLM-MTR_lg,kan_base
fold2_idx61,2,0.0,0.0038709370419383,aaronfeller_PeptideMLM-MTR_lg,kan_base
fold2_idx62,2,1.0,0.2849253416061401,aaronfeller_PeptideMLM-MTR_lg,kan_base
fold2_idx63,2,0.0,0.5289199948310852,aaronfeller_PeptideMLM-MTR_lg,kan_base
fold3_idx0,3,0.0,0.0002431737084407,aaronfeller_PeptideMLM-MTR_lg,kan_base
fold3_idx1,3,0.0,0.6567761898040771,aaronfeller_PeptideMLM-MTR_lg,kan_base
fold3_idx2,3,0.0,0.0204643439501523,aaronfeller_PeptideMLM-MTR_lg,kan_base
fold3_idx3,3,0.0,0.0157258789986372,aaronfeller_PeptideMLM-MTR_lg,kan_base
fold3_idx4,3,0.0,0.4495705068111419,aaronfeller_PeptideMLM-MTR_lg,kan_base
fold3_idx5,3,0.0,0.9281438589096068,aaronfeller_PeptideMLM-MTR_lg,kan_base
fold3_idx6,3,0.0,0.012163951061666,aaronfeller_PeptideMLM-MTR_lg,kan_base
fold3_idx7,3,1.0,0.9848549962043762,aaronfeller_PeptideMLM-MTR_lg,kan_base
fold3_idx8,3,1.0,0.998309850692749,aaronfeller_PeptideMLM-MTR_lg,kan_base
fold3_idx9,3,1.0,0.8028041124343872,aaronfeller_PeptideMLM-MTR_lg,kan_base
fold3_idx10,3,1.0,0.9998985528945924,aaronfeller_PeptideMLM-MTR_lg,kan_base
fold3_idx11,3,1.0,0.9999971389770508,aaronfeller_PeptideMLM-MTR_lg,kan_base
fold3_idx12,3,0.0,1.34946676553227e-05,aaronfeller_PeptideMLM-MTR_lg,kan_base
fold3_idx13,3,1.0,0.0626978203654289,aaronfeller_PeptideMLM-MTR_lg,kan_base
fold3_idx14,3,1.0,0.986255407333374,aaronfeller_PeptideMLM-MTR_lg,kan_base
fold3_idx15,3,1.0,0.2191227078437805,aaronfeller_PeptideMLM-MTR_lg,kan_base
fold3_idx16,3,0.0,5.986422911519185e-05,aaronfeller_PeptideMLM-MTR_lg,kan_base
fold3_idx17,3,1.0,0.6802569627761841,aaronfeller_PeptideMLM-MTR_lg,kan_base
fold3_idx18,3,1.0,0.924095094203949,aaronfeller_PeptideMLM-MTR_lg,kan_base
fold3_idx19,3,1.0,0.9830612540245056,aaronfeller_PeptideMLM-MTR_lg,kan_base
fold3_idx20,3,1.0,0.8829215168952942,aaronfeller_PeptideMLM-MTR_lg,kan_base
fold3_idx21,3,0.0,0.0020866065751761,aaronfeller_PeptideMLM-MTR_lg,kan_base
fold3_idx22,3,1.0,0.0832625851035118,aaronfeller_PeptideMLM-MTR_lg,kan_base
fold3_idx23,3,1.0,0.6709251403808594,aaronfeller_PeptideMLM-MTR_lg,kan_base
fold3_idx24,3,0.0,0.4184650778770447,aaronfeller_PeptideMLM-MTR_lg,kan_base
fold3_idx25,3,1.0,0.9999990463256836,aaronfeller_PeptideMLM-MTR_lg,kan_base
fold3_idx26,3,1.0,0.9625574350357056,aaronfeller_PeptideMLM-MTR_lg,kan_base
fold3_idx27,3,1.0,0.8404550552368164,aaronfeller_PeptideMLM-MTR_lg,kan_base
fold3_idx28,3,1.0,0.9968706965446472,aaronfeller_PeptideMLM-MTR_lg,kan_base
fold3_idx29,3,0.0,0.0032405697274953,aaronfeller_PeptideMLM-MTR_lg,kan_base
fold3_idx30,3,0.0,0.0017921688267961,aaronfeller_PeptideMLM-MTR_lg,kan_base
fold3_idx31,3,0.0,0.1458111405372619,aaronfeller_PeptideMLM-MTR_lg,kan_base
fold3_idx32,3,0.0,0.000719409843441,aaronfeller_PeptideMLM-MTR_lg,kan_base
fold3_idx33,3,0.0,0.0147368973121047,aaronfeller_PeptideMLM-MTR_lg,kan_base
fold3_idx34,3,0.0,0.1080537661910057,aaronfeller_PeptideMLM-MTR_lg,kan_base
fold3_idx35,3,0.0,0.0150605421513319,aaronfeller_PeptideMLM-MTR_lg,kan_base
fold3_idx36,3,0.0,0.0009113051346503,aaronfeller_PeptideMLM-MTR_lg,kan_base
fold3_idx37,3,0.0,0.0142476642504334,aaronfeller_PeptideMLM-MTR_lg,kan_base
fold3_idx38,3,1.0,0.7232398986816406,aaronfeller_PeptideMLM-MTR_lg,kan_base
fold3_idx39,3,1.0,0.969283640384674,aaronfeller_PeptideMLM-MTR_lg,kan_base
fold3_idx40,3,1.0,0.976703643798828,aaronfeller_PeptideMLM-MTR_lg,kan_base
fold3_idx41,3,1.0,0.9904083013534546,aaronfeller_PeptideMLM-MTR_lg,kan_base
fold3_idx42,3,0.0,0.0101549131795763,aaronfeller_PeptideMLM-MTR_lg,kan_base
fold3_idx43,3,1.0,0.5423156023025513,aaronfeller_PeptideMLM-MTR_lg,kan_base
fold3_idx44,3,1.0,0.9299434423446656,aaronfeller_PeptideMLM-MTR_lg,kan_base
fold3_idx45,3,1.0,0.9420865178108216,aaronfeller_PeptideMLM-MTR_lg,kan_base
fold3_idx46,3,0.0,0.00063372583827,aaronfeller_PeptideMLM-MTR_lg,kan_base
fold3_idx47,3,1.0,0.9892177581787108,aaronfeller_PeptideMLM-MTR_lg,kan_base
fold3_idx48,3,0.0,0.6237918734550476,aaronfeller_PeptideMLM-MTR_lg,kan_base
fold3_idx49,3,1.0,0.2703037559986114,aaronfeller_PeptideMLM-MTR_lg,kan_base
fold3_idx50,3,0.0,0.000286732945824,aaronfeller_PeptideMLM-MTR_lg,kan_base
fold3_idx51,3,0.0,7.847895903978497e-05,aaronfeller_PeptideMLM-MTR_lg,kan_base
fold3_idx52,3,0.0,0.1899840533733368,aaronfeller_PeptideMLM-MTR_lg,kan_base
fold3_idx53,3,0.0,0.007395239546895,aaronfeller_PeptideMLM-MTR_lg,kan_base
fold3_idx54,3,1.0,0.9865801930427552,aaronfeller_PeptideMLM-MTR_lg,kan_base
fold3_idx55,3,0.0,0.0002831103338394,aaronfeller_PeptideMLM-MTR_lg,kan_base
fold3_idx56,3,1.0,0.999365508556366,aaronfeller_PeptideMLM-MTR_lg,kan_base
fold3_idx57,3,1.0,0.9980756044387816,aaronfeller_PeptideMLM-MTR_lg,kan_base
fold3_idx58,3,1.0,0.9560474753379822,aaronfeller_PeptideMLM-MTR_lg,kan_base
fold3_idx59,3,0.0,0.3962755501270294,aaronfeller_PeptideMLM-MTR_lg,kan_base
fold3_idx60,3,0.0,0.9065083265304564,aaronfeller_PeptideMLM-MTR_lg,kan_base
fold3_idx61,3,0.0,0.0244977790862321,aaronfeller_PeptideMLM-MTR_lg,kan_base
fold3_idx62,3,1.0,0.8608048558235168,aaronfeller_PeptideMLM-MTR_lg,kan_base
fold3_idx63,3,0.0,0.0100643290206789,aaronfeller_PeptideMLM-MTR_lg,kan_base
fold4_idx0,4,0.0,1.2820806916113978e-10,aaronfeller_PeptideMLM-MTR_lg,kan_base
fold4_idx1,4,1.0,0.9081324934959412,aaronfeller_PeptideMLM-MTR_lg,kan_base
fold4_idx2,4,0.0,2.65967696577718e-06,aaronfeller_PeptideMLM-MTR_lg,kan_base
fold4_idx3,4,0.0,0.048219796270132,aaronfeller_PeptideMLM-MTR_lg,kan_base
fold4_idx4,4,0.0,0.0130281699821352,aaronfeller_PeptideMLM-MTR_lg,kan_base
fold4_idx5,4,1.0,0.991449773311615,aaronfeller_PeptideMLM-MTR_lg,kan_base
fold4_idx6,4,1.0,0.9948506951332092,aaronfeller_PeptideMLM-MTR_lg,kan_base
fold4_idx7,4,1.0,0.9553890228271484,aaronfeller_PeptideMLM-MTR_lg,kan_base
fold4_idx8,4,0.0,3.319883035146632e-06,aaronfeller_PeptideMLM-MTR_lg,kan_base
fold4_idx9,4,0.0,2.396235004198388e-06,aaronfeller_PeptideMLM-MTR_lg,kan_base
fold4_idx10,4,0.0,1.9161809632350923e-06,aaronfeller_PeptideMLM-MTR_lg,kan_base
fold4_idx11,4,1.0,0.0642673075199127,aaronfeller_PeptideMLM-MTR_lg,kan_base
fold4_idx12,4,0.0,0.9996066689491272,aaronfeller_PeptideMLM-MTR_lg,kan_base
fold4_idx13,4,1.0,0.0001566262071719,aaronfeller_PeptideMLM-MTR_lg,kan_base
fold4_idx14,4,0.0,0.9661859273910522,aaronfeller_PeptideMLM-MTR_lg,kan_base
fold4_idx15,4,1.0,1.5252196305937105e-07,aaronfeller_PeptideMLM-MTR_lg,kan_base
fold4_idx16,4,1.0,0.9956473708152772,aaronfeller_PeptideMLM-MTR_lg,kan_base
fold4_idx17,4,1.0,0.9999326467514038,aaronfeller_PeptideMLM-MTR_lg,kan_base
fold4_idx18,4,1.0,0.997349977493286,aaronfeller_PeptideMLM-MTR_lg,kan_base
fold4_idx19,4,0.0,0.0451125390827655,aaronfeller_PeptideMLM-MTR_lg,kan_base
fold4_idx20,4,1.0,0.5800186395645142,aaronfeller_PeptideMLM-MTR_lg,kan_base
fold4_idx21,4,0.0,3.570133912944584e-06,aaronfeller_PeptideMLM-MTR_lg,kan_base
fold4_idx22,4,0.0,0.0871278494596481,aaronfeller_PeptideMLM-MTR_lg,kan_base
fold4_idx23,4,0.0,0.0161135978996753,aaronfeller_PeptideMLM-MTR_lg,kan_base
fold4_idx24,4,1.0,0.9994077682495116,aaronfeller_PeptideMLM-MTR_lg,kan_base
fold4_idx25,4,1.0,0.9979070425033568,aaronfeller_PeptideMLM-MTR_lg,kan_base
fold4_idx26,4,1.0,0.0585285276174545,aaronfeller_PeptideMLM-MTR_lg,kan_base
fold4_idx27,4,1.0,5.947734825895168e-05,aaronfeller_PeptideMLM-MTR_lg,kan_base
fold4_idx28,4,0.0,3.688487777253613e-05,aaronfeller_PeptideMLM-MTR_lg,kan_base
fold4_idx29,4,0.0,5.0202455526005e-09,aaronfeller_PeptideMLM-MTR_lg,kan_base
fold4_idx30,4,0.0,0.72333824634552,aaronfeller_PeptideMLM-MTR_lg,kan_base
fold4_idx31,4,0.0,0.8760883212089539,aaronfeller_PeptideMLM-MTR_lg,kan_base
fold4_idx32,4,0.0,1.1435792401925937e-07,aaronfeller_PeptideMLM-MTR_lg,kan_base
fold4_idx33,4,0.0,0.9999254941940308,aaronfeller_PeptideMLM-MTR_lg,kan_base
fold4_idx34,4,1.0,0.9999237060546876,aaronfeller_PeptideMLM-MTR_lg,kan_base
fold4_idx35,4,1.0,0.9998051524162292,aaronfeller_PeptideMLM-MTR_lg,kan_base
fold4_idx36,4,0.0,0.002534864237532,aaronfeller_PeptideMLM-MTR_lg,kan_base
fold4_idx37,4,0.0,0.0225718729197978,aaronfeller_PeptideMLM-MTR_lg,kan_base
fold4_idx38,4,1.0,0.0724678412079811,aaronfeller_PeptideMLM-MTR_lg,kan_base
fold4_idx39,4,0.0,2.4046662474574987e-06,aaronfeller_PeptideMLM-MTR_lg,kan_base
fold4_idx40,4,0.0,0.0091279996559023,aaronfeller_PeptideMLM-MTR_lg,kan_base
fold4_idx41,4,0.0,1.961165435204748e-05,aaronfeller_PeptideMLM-MTR_lg,kan_base
fold4_idx42,4,1.0,0.0261236857622861,aaronfeller_PeptideMLM-MTR_lg,kan_base
fold4_idx43,4,1.0,0.4995904862880707,aaronfeller_PeptideMLM-MTR_lg,kan_base
fold4_idx44,4,0.0,2.176877842430258e-06,aaronfeller_PeptideMLM-MTR_lg,kan_base
fold4_idx45,4,0.0,6.954139826120809e-05,aaronfeller_PeptideMLM-MTR_lg,kan_base
fold4_idx46,4,1.0,0.0303492899984121,aaronfeller_PeptideMLM-MTR_lg,kan_base
fold4_idx47,4,0.0,0.0171791315078735,aaronfeller_PeptideMLM-MTR_lg,kan_base
fold4_idx48,4,1.0,0.90255206823349,aaronfeller_PeptideMLM-MTR_lg,kan_base
fold4_idx49,4,1.0,0.915106475353241,aaronfeller_PeptideMLM-MTR_lg,kan_base
fold4_idx50,4,1.0,0.9999994039535522,aaronfeller_PeptideMLM-MTR_lg,kan_base
fold4_idx51,4,0.0,3.313933120807633e-06,aaronfeller_PeptideMLM-MTR_lg,kan_base
fold4_idx52,4,0.0,0.999359667301178,aaronfeller_PeptideMLM-MTR_lg,kan_base
fold4_idx53,4,0.0,0.9998723268508912,aaronfeller_PeptideMLM-MTR_lg,kan_base
fold4_idx54,4,1.0,0.9993816614151,aaronfeller_PeptideMLM-MTR_lg,kan_base
fold4_idx55,4,0.0,0.0006954511627554,aaronfeller_PeptideMLM-MTR_lg,kan_base
fold4_idx56,4,1.0,1.0,aaronfeller_PeptideMLM-MTR_lg,kan_base
fold4_idx57,4,0.0,0.0025159183423966,aaronfeller_PeptideMLM-MTR_lg,kan_base
fold4_idx58,4,1.0,0.8793356418609619,aaronfeller_PeptideMLM-MTR_lg,kan_base
fold4_idx59,4,0.0,0.9983501434326172,aaronfeller_PeptideMLM-MTR_lg,kan_base
fold4_idx60,4,1.0,0.9975906610488892,aaronfeller_PeptideMLM-MTR_lg,kan_base
fold4_idx61,4,1.0,0.999987006187439,aaronfeller_PeptideMLM-MTR_lg,kan_base
fold4_idx62,4,1.0,0.0992498472332954,aaronfeller_PeptideMLM-MTR_lg,kan_base
fold4_idx63,4,1.0,0.6043379306793213,aaronfeller_PeptideMLM-MTR_lg,kan_base
fold5_idx0,5,1.0,0.5300888419151306,aaronfeller_PeptideMLM-MTR_lg,kan_base
fold5_idx1,5,1.0,0.5346095561981201,aaronfeller_PeptideMLM-MTR_lg,kan_base
fold5_idx2,5,0.0,0.2857649624347687,aaronfeller_PeptideMLM-MTR_lg,kan_base
fold5_idx3,5,0.0,0.4014498293399811,aaronfeller_PeptideMLM-MTR_lg,kan_base
fold5_idx4,5,0.0,0.3869402706623077,aaronfeller_PeptideMLM-MTR_lg,kan_base
fold5_idx5,5,0.0,0.4086285531520843,aaronfeller_PeptideMLM-MTR_lg,kan_base
fold5_idx6,5,1.0,0.5982062816619873,aaronfeller_PeptideMLM-MTR_lg,kan_base
fold5_idx7,5,0.0,0.382017582654953,aaronfeller_PeptideMLM-MTR_lg,kan_base
fold5_idx8,5,1.0,0.5429880023002625,aaronfeller_PeptideMLM-MTR_lg,kan_base
fold5_idx9,5,0.0,0.3432362079620361,aaronfeller_PeptideMLM-MTR_lg,kan_base
fold5_idx10,5,0.0,0.454062283039093,aaronfeller_PeptideMLM-MTR_lg,kan_base
fold5_idx11,5,1.0,0.4235405325889587,aaronfeller_PeptideMLM-MTR_lg,kan_base
fold5_idx12,5,0.0,0.3944411277770996,aaronfeller_PeptideMLM-MTR_lg,kan_base
fold5_idx13,5,1.0,0.6517145037651062,aaronfeller_PeptideMLM-MTR_lg,kan_base
fold5_idx14,5,0.0,0.8451215624809265,aaronfeller_PeptideMLM-MTR_lg,kan_base
fold5_idx15,5,1.0,0.8716302514076233,aaronfeller_PeptideMLM-MTR_lg,kan_base
fold5_idx16,5,1.0,0.4497495591640472,aaronfeller_PeptideMLM-MTR_lg,kan_base
fold5_idx17,5,0.0,0.4436478018760681,aaronfeller_PeptideMLM-MTR_lg,kan_base
fold5_idx18,5,1.0,0.4680542051792145,aaronfeller_PeptideMLM-MTR_lg,kan_base
fold5_idx19,5,1.0,0.47078937292099,aaronfeller_PeptideMLM-MTR_lg,kan_base
fold5_idx20,5,0.0,0.4299982488155365,aaronfeller_PeptideMLM-MTR_lg,kan_base
fold5_idx21,5,0.0,0.3446437418460846,aaronfeller_PeptideMLM-MTR_lg,kan_base
fold5_idx22,5,0.0,0.4178847968578338,aaronfeller_PeptideMLM-MTR_lg,kan_base
fold5_idx23,5,0.0,0.4107797741889953,aaronfeller_PeptideMLM-MTR_lg,kan_base
fold5_idx24,5,1.0,0.4095903933048248,aaronfeller_PeptideMLM-MTR_lg,kan_base
fold5_idx25,5,0.0,0.4112173616886139,aaronfeller_PeptideMLM-MTR_lg,kan_base
fold5_idx26,5,1.0,0.5550522804260254,aaronfeller_PeptideMLM-MTR_lg,kan_base
fold5_idx27,5,0.0,0.431783378124237,aaronfeller_PeptideMLM-MTR_lg,kan_base
fold5_idx28,5,0.0,0.3698451817035675,aaronfeller_PeptideMLM-MTR_lg,kan_base
fold5_idx29,5,0.0,0.4249543845653534,aaronfeller_PeptideMLM-MTR_lg,kan_base
fold5_idx30,5,1.0,0.412509024143219,aaronfeller_PeptideMLM-MTR_lg,kan_base
fold5_idx31,5,0.0,0.5308893918991089,aaronfeller_PeptideMLM-MTR_lg,kan_base
fold5_idx32,5,1.0,0.4565354585647583,aaronfeller_PeptideMLM-MTR_lg,kan_base
fold5_idx33,5,0.0,0.2792912721633911,aaronfeller_PeptideMLM-MTR_lg,kan_base
fold5_idx34,5,1.0,0.5036176443099976,aaronfeller_PeptideMLM-MTR_lg,kan_base
fold5_idx35,5,0.0,0.3455466032028198,aaronfeller_PeptideMLM-MTR_lg,kan_base
fold5_idx36,5,0.0,0.2682071924209595,aaronfeller_PeptideMLM-MTR_lg,kan_base
fold5_idx37,5,0.0,0.3147651255130768,aaronfeller_PeptideMLM-MTR_lg,kan_base
fold5_idx38,5,0.0,0.3294686377048492,aaronfeller_PeptideMLM-MTR_lg,kan_base
fold5_idx39,5,0.0,0.3370095193386078,aaronfeller_PeptideMLM-MTR_lg,kan_base
fold5_idx40,5,0.0,0.4114134311676025,aaronfeller_PeptideMLM-MTR_lg,kan_base
fold5_idx41,5,0.0,0.4473045468330383,aaronfeller_PeptideMLM-MTR_lg,kan_base
fold5_idx42,5,0.0,0.2868252396583557,aaronfeller_PeptideMLM-MTR_lg,kan_base
fold5_idx43,5,1.0,0.5337501764297485,aaronfeller_PeptideMLM-MTR_lg,kan_base
fold5_idx44,5,1.0,0.5354883670806885,aaronfeller_PeptideMLM-MTR_lg,kan_base
fold5_idx45,5,0.0,0.4103359580039978,aaronfeller_PeptideMLM-MTR_lg,kan_base
fold5_idx46,5,1.0,0.4816197454929352,aaronfeller_PeptideMLM-MTR_lg,kan_base
fold5_idx47,5,1.0,0.5085865259170532,aaronfeller_PeptideMLM-MTR_lg,kan_base
fold5_idx48,5,1.0,0.4784440994262695,aaronfeller_PeptideMLM-MTR_lg,kan_base
fold5_idx49,5,1.0,0.7565426230430603,aaronfeller_PeptideMLM-MTR_lg,kan_base
fold5_idx50,5,0.0,0.4475931525230407,aaronfeller_PeptideMLM-MTR_lg,kan_base
fold5_idx51,5,0.0,0.3966365754604339,aaronfeller_PeptideMLM-MTR_lg,kan_base
fold5_idx52,5,1.0,0.4816446304321289,aaronfeller_PeptideMLM-MTR_lg,kan_base
fold5_idx53,5,0.0,0.404279351234436,aaronfeller_PeptideMLM-MTR_lg,kan_base
fold5_idx54,5,0.0,0.3170088231563568,aaronfeller_PeptideMLM-MTR_lg,kan_base
fold5_idx55,5,0.0,0.4171430468559265,aaronfeller_PeptideMLM-MTR_lg,kan_base
fold5_idx56,5,1.0,0.5275811553001404,aaronfeller_PeptideMLM-MTR_lg,kan_base
fold5_idx57,5,0.0,0.4120968878269195,aaronfeller_PeptideMLM-MTR_lg,kan_base
fold5_idx58,5,1.0,0.6213392615318298,aaronfeller_PeptideMLM-MTR_lg,kan_base
fold5_idx59,5,0.0,0.4366374015808105,aaronfeller_PeptideMLM-MTR_lg,kan_base
fold5_idx60,5,0.0,0.4949742555618286,aaronfeller_PeptideMLM-MTR_lg,kan_base
fold5_idx61,5,0.0,0.3830485939979553,aaronfeller_PeptideMLM-MTR_lg,kan_base
fold5_idx62,5,0.0,0.4322236180305481,aaronfeller_PeptideMLM-MTR_lg,kan_base
fold5_idx63,5,0.0,0.434488832950592,aaronfeller_PeptideMLM-MTR_lg,kan_base
fold6_idx0,6,0.0,0.1514041870832443,aaronfeller_PeptideMLM-MTR_lg,kan_base
fold6_idx1,6,0.0,0.0791602358222007,aaronfeller_PeptideMLM-MTR_lg,kan_base
fold6_idx2,6,0.0,0.5564576387405396,aaronfeller_PeptideMLM-MTR_lg,kan_base
fold6_idx3,6,0.0,8.203682568819204e-07,aaronfeller_PeptideMLM-MTR_lg,kan_base
fold6_idx4,6,0.0,0.0097011076286435,aaronfeller_PeptideMLM-MTR_lg,kan_base
fold6_idx5,6,0.0,0.0005645657074637,aaronfeller_PeptideMLM-MTR_lg,kan_base
fold6_idx6,6,1.0,0.999998927116394,aaronfeller_PeptideMLM-MTR_lg,kan_base
fold6_idx7,6,0.0,0.00471384357661,aaronfeller_PeptideMLM-MTR_lg,kan_base
fold6_idx8,6,1.0,0.9971810579299928,aaronfeller_PeptideMLM-MTR_lg,kan_base
fold6_idx9,6,0.0,0.0001648623729124,aaronfeller_PeptideMLM-MTR_lg,kan_base
fold6_idx10,6,1.0,0.8773132562637329,aaronfeller_PeptideMLM-MTR_lg,kan_base
fold6_idx11,6,0.0,0.0277228970080614,aaronfeller_PeptideMLM-MTR_lg,kan_base
fold6_idx12,6,0.0,0.0013026276137679,aaronfeller_PeptideMLM-MTR_lg,kan_base
fold6_idx13,6,1.0,0.8815721869468689,aaronfeller_PeptideMLM-MTR_lg,kan_base
fold6_idx14,6,0.0,0.0003678159846458,aaronfeller_PeptideMLM-MTR_lg,kan_base
fold6_idx15,6,0.0,0.2433974146842956,aaronfeller_PeptideMLM-MTR_lg,kan_base
fold6_idx16,6,0.0,0.0595350861549377,aaronfeller_PeptideMLM-MTR_lg,kan_base
fold6_idx17,6,1.0,0.9990598559379578,aaronfeller_PeptideMLM-MTR_lg,kan_base
fold6_idx18,6,1.0,0.4330428540706634,aaronfeller_PeptideMLM-MTR_lg,kan_base
fold6_idx19,6,0.0,0.0614321194589138,aaronfeller_PeptideMLM-MTR_lg,kan_base
fold6_idx20,6,0.0,0.8247979283332825,aaronfeller_PeptideMLM-MTR_lg,kan_base
fold6_idx21,6,1.0,0.9996957778930664,aaronfeller_PeptideMLM-MTR_lg,kan_base
fold6_idx22,6,1.0,0.4062171280384063,aaronfeller_PeptideMLM-MTR_lg,kan_base
fold6_idx23,6,0.0,0.1136528551578521,aaronfeller_PeptideMLM-MTR_lg,kan_base
fold6_idx24,6,1.0,0.7297269701957703,aaronfeller_PeptideMLM-MTR_lg,kan_base
fold6_idx25,6,1.0,0.7878358364105225,aaronfeller_PeptideMLM-MTR_lg,kan_base
fold6_idx26,6,1.0,0.0059705809690058,aaronfeller_PeptideMLM-MTR_lg,kan_base
fold6_idx27,6,0.0,0.0004606826987583,aaronfeller_PeptideMLM-MTR_lg,kan_base
fold6_idx28,6,1.0,0.9886711835861206,aaronfeller_PeptideMLM-MTR_lg,kan_base
fold6_idx29,6,1.0,0.9209842085838318,aaronfeller_PeptideMLM-MTR_lg,kan_base
fold6_idx30,6,0.0,0.0811210572719574,aaronfeller_PeptideMLM-MTR_lg,kan_base
fold6_idx31,6,1.0,0.7416519522666931,aaronfeller_PeptideMLM-MTR_lg,kan_base
fold6_idx32,6,0.0,0.3327809572219848,aaronfeller_PeptideMLM-MTR_lg,kan_base
fold6_idx33,6,1.0,0.4795560836791992,aaronfeller_PeptideMLM-MTR_lg,kan_base
fold6_idx34,6,0.0,0.0059590404853224,aaronfeller_PeptideMLM-MTR_lg,kan_base
fold6_idx35,6,1.0,0.0007006553350947,aaronfeller_PeptideMLM-MTR_lg,kan_base
fold6_idx36,6,0.0,5.966247772448696e-05,aaronfeller_PeptideMLM-MTR_lg,kan_base
fold6_idx37,6,1.0,0.3683965802192688,aaronfeller_PeptideMLM-MTR_lg,kan_base
fold6_idx38,6,0.0,0.0009526745416224,aaronfeller_PeptideMLM-MTR_lg,kan_base
fold6_idx39,6,0.0,1.191505270980997e-05,aaronfeller_PeptideMLM-MTR_lg,kan_base
fold6_idx40,6,0.0,0.0082994634285569,aaronfeller_PeptideMLM-MTR_lg,kan_base
fold6_idx41,6,0.0,0.0022533913142979,aaronfeller_PeptideMLM-MTR_lg,kan_base
fold6_idx42,6,0.0,0.0012441232101991,aaronfeller_PeptideMLM-MTR_lg,kan_base
fold6_idx43,6,0.0,0.0099137444049119,aaronfeller_PeptideMLM-MTR_lg,kan_base
fold6_idx44,6,0.0,0.0058810017071664,aaronfeller_PeptideMLM-MTR_lg,kan_base
fold6_idx45,6,0.0,0.0015861403662711,aaronfeller_PeptideMLM-MTR_lg,kan_base
fold6_idx46,6,0.0,0.0028264930006116,aaronfeller_PeptideMLM-MTR_lg,kan_base
fold6_idx47,6,0.0,0.0028641379904001,aaronfeller_PeptideMLM-MTR_lg,kan_base
fold6_idx48,6,0.0,0.0017869939329102,aaronfeller_PeptideMLM-MTR_lg,kan_base
fold6_idx49,6,0.0,0.322944700717926,aaronfeller_PeptideMLM-MTR_lg,kan_base
fold6_idx50,6,1.0,0.9986905455589294,aaronfeller_PeptideMLM-MTR_lg,kan_base
fold6_idx51,6,0.0,0.9892237186431884,aaronfeller_PeptideMLM-MTR_lg,kan_base
fold6_idx52,6,1.0,0.9996610879898072,aaronfeller_PeptideMLM-MTR_lg,kan_base
fold6_idx53,6,1.0,0.6021298170089722,aaronfeller_PeptideMLM-MTR_lg,kan_base
fold6_idx54,6,0.0,0.0010091786971315,aaronfeller_PeptideMLM-MTR_lg,kan_base
fold6_idx55,6,0.0,0.0002175543631892,aaronfeller_PeptideMLM-MTR_lg,kan_base
fold6_idx56,6,0.0,0.0006960279424674,aaronfeller_PeptideMLM-MTR_lg,kan_base
fold6_idx57,6,1.0,0.9851934313774108,aaronfeller_PeptideMLM-MTR_lg,kan_base
fold6_idx58,6,0.0,0.0132242394611239,aaronfeller_PeptideMLM-MTR_lg,kan_base
fold6_idx59,6,1.0,0.9921018481254578,aaronfeller_PeptideMLM-MTR_lg,kan_base
fold6_idx60,6,0.0,0.0581621378660202,aaronfeller_PeptideMLM-MTR_lg,kan_base
fold6_idx61,6,1.0,0.8582692742347717,aaronfeller_PeptideMLM-MTR_lg,kan_base
fold6_idx62,6,0.0,0.0142721822485327,aaronfeller_PeptideMLM-MTR_lg,kan_base
fold6_idx63,6,1.0,0.943674623966217,aaronfeller_PeptideMLM-MTR_lg,kan_base
fold7_idx0,7,0.0,0.1627248972654342,aaronfeller_PeptideMLM-MTR_lg,kan_base
fold7_idx1,7,0.0,0.0893603861331939,aaronfeller_PeptideMLM-MTR_lg,kan_base
fold7_idx2,7,1.0,0.9990010857582092,aaronfeller_PeptideMLM-MTR_lg,kan_base
fold7_idx3,7,1.0,0.9995755553245544,aaronfeller_PeptideMLM-MTR_lg,kan_base
fold7_idx4,7,0.0,0.0180877726525068,aaronfeller_PeptideMLM-MTR_lg,kan_base
fold7_idx5,7,1.0,0.590677797794342,aaronfeller_PeptideMLM-MTR_lg,kan_base
fold7_idx6,7,0.0,0.0164605155587196,aaronfeller_PeptideMLM-MTR_lg,kan_base
fold7_idx7,7,1.0,0.2650691568851471,aaronfeller_PeptideMLM-MTR_lg,kan_base
fold7_idx8,7,0.0,0.4257732331752777,aaronfeller_PeptideMLM-MTR_lg,kan_base
fold7_idx9,7,0.0,0.0001516771153546,aaronfeller_PeptideMLM-MTR_lg,kan_base
fold7_idx10,7,1.0,0.9919399619102478,aaronfeller_PeptideMLM-MTR_lg,kan_base
fold7_idx11,7,0.0,0.008435932919383,aaronfeller_PeptideMLM-MTR_lg,kan_base
fold7_idx12,7,1.0,0.9882653951644896,aaronfeller_PeptideMLM-MTR_lg,kan_base
fold7_idx13,7,1.0,0.6030257344245911,aaronfeller_PeptideMLM-MTR_lg,kan_base
fold7_idx14,7,0.0,0.023172928020358,aaronfeller_PeptideMLM-MTR_lg,kan_base
fold7_idx15,7,1.0,0.6371772885322571,aaronfeller_PeptideMLM-MTR_lg,kan_base
fold7_idx16,7,1.0,0.9569101333618164,aaronfeller_PeptideMLM-MTR_lg,kan_base
fold7_idx17,7,0.0,0.1257385462522506,aaronfeller_PeptideMLM-MTR_lg,kan_base
fold7_idx18,7,1.0,0.9873932600021362,aaronfeller_PeptideMLM-MTR_lg,kan_base
fold7_idx19,7,0.0,0.0682006850838661,aaronfeller_PeptideMLM-MTR_lg,kan_base
fold7_idx20,7,1.0,0.3525783121585846,aaronfeller_PeptideMLM-MTR_lg,kan_base
fold7_idx21,7,0.0,0.0160095747560262,aaronfeller_PeptideMLM-MTR_lg,kan_base
fold7_idx22,7,0.0,0.0152385076507925,aaronfeller_PeptideMLM-MTR_lg,kan_base
fold7_idx23,7,0.0,0.0003234491159673,aaronfeller_PeptideMLM-MTR_lg,kan_base
fold7_idx24,7,1.0,0.7492865920066833,aaronfeller_PeptideMLM-MTR_lg,kan_base
fold7_idx25,7,1.0,0.968980073928833,aaronfeller_PeptideMLM-MTR_lg,kan_base
fold7_idx26,7,1.0,0.272561252117157,aaronfeller_PeptideMLM-MTR_lg,kan_base
fold7_idx27,7,1.0,0.8723200559616089,aaronfeller_PeptideMLM-MTR_lg,kan_base
fold7_idx28,7,0.0,0.010727765969932,aaronfeller_PeptideMLM-MTR_lg,kan_base
fold7_idx29,7,1.0,0.9975565671920776,aaronfeller_PeptideMLM-MTR_lg,kan_base
fold7_idx30,7,1.0,0.2677418291568756,aaronfeller_PeptideMLM-MTR_lg,kan_base
fold7_idx31,7,1.0,0.0060461894609034,aaronfeller_PeptideMLM-MTR_lg,kan_base
fold7_idx32,7,1.0,0.8955245614051819,aaronfeller_PeptideMLM-MTR_lg,kan_base
fold7_idx33,7,1.0,0.9992462396621704,aaronfeller_PeptideMLM-MTR_lg,kan_base
fold7_idx34,7,0.0,0.1235191747546196,aaronfeller_PeptideMLM-MTR_lg,kan_base
fold7_idx35,7,1.0,0.927597999572754,aaronfeller_PeptideMLM-MTR_lg,kan_base
fold7_idx36,7,0.0,0.0169366225600242,aaronfeller_PeptideMLM-MTR_lg,kan_base
fold7_idx37,7,0.0,0.0008819069480523,aaronfeller_PeptideMLM-MTR_lg,kan_base
fold7_idx38,7,1.0,0.9955150485038756,aaronfeller_PeptideMLM-MTR_lg,kan_base
fold7_idx39,7,0.0,0.0027793450281023,aaronfeller_PeptideMLM-MTR_lg,kan_base
fold7_idx40,7,0.0,6.722192483721301e-05,aaronfeller_PeptideMLM-MTR_lg,kan_base
fold7_idx41,7,0.0,0.0603577978909015,aaronfeller_PeptideMLM-MTR_lg,kan_base
fold7_idx42,7,0.0,0.157239481806755,aaronfeller_PeptideMLM-MTR_lg,kan_base
fold7_idx43,7,1.0,0.9109857082366944,aaronfeller_PeptideMLM-MTR_lg,kan_base
fold7_idx44,7,1.0,0.592902421951294,aaronfeller_PeptideMLM-MTR_lg,kan_base
fold7_idx45,7,1.0,0.8858194947242737,aaronfeller_PeptideMLM-MTR_lg,kan_base
fold7_idx46,7,1.0,0.7639504075050354,aaronfeller_PeptideMLM-MTR_lg,kan_base
fold7_idx47,7,1.0,0.9991567134857178,aaronfeller_PeptideMLM-MTR_lg,kan_base
fold7_idx48,7,0.0,0.0274240523576736,aaronfeller_PeptideMLM-MTR_lg,kan_base
fold7_idx49,7,0.0,0.0515746064484119,aaronfeller_PeptideMLM-MTR_lg,kan_base
fold7_idx50,7,1.0,0.9992721676826476,aaronfeller_PeptideMLM-MTR_lg,kan_base
fold7_idx51,7,0.0,0.3174086511135101,aaronfeller_PeptideMLM-MTR_lg,kan_base
fold7_idx52,7,1.0,0.8573529720306396,aaronfeller_PeptideMLM-MTR_lg,kan_base
fold7_idx53,7,1.0,0.9938008189201356,aaronfeller_PeptideMLM-MTR_lg,kan_base
fold7_idx54,7,1.0,0.9990190267562866,aaronfeller_PeptideMLM-MTR_lg,kan_base
fold7_idx55,7,0.0,0.0018110056407749,aaronfeller_PeptideMLM-MTR_lg,kan_base
fold7_idx56,7,0.0,0.0008647952927276,aaronfeller_PeptideMLM-MTR_lg,kan_base
fold7_idx57,7,0.0,0.0199918448925018,aaronfeller_PeptideMLM-MTR_lg,kan_base
fold7_idx58,7,1.0,0.9994031190872192,aaronfeller_PeptideMLM-MTR_lg,kan_base
fold7_idx59,7,1.0,0.3937130272388458,aaronfeller_PeptideMLM-MTR_lg,kan_base
fold7_idx60,7,0.0,0.0668795108795166,aaronfeller_PeptideMLM-MTR_lg,kan_base
fold7_idx61,7,0.0,0.0687756314873695,aaronfeller_PeptideMLM-MTR_lg,kan_base
fold7_idx62,7,0.0,0.0402658320963382,aaronfeller_PeptideMLM-MTR_lg,kan_base
fold7_idx63,7,0.0,0.0243689883500337,aaronfeller_PeptideMLM-MTR_lg,kan_base
fold8_idx0,8,1.0,0.9937963485717772,aaronfeller_PeptideMLM-MTR_lg,kan_base
fold8_idx1,8,1.0,0.6511827111244202,aaronfeller_PeptideMLM-MTR_lg,kan_base
fold8_idx2,8,0.0,0.0004727309569716,aaronfeller_PeptideMLM-MTR_lg,kan_base
fold8_idx3,8,0.0,0.6900262832641602,aaronfeller_PeptideMLM-MTR_lg,kan_base
fold8_idx4,8,1.0,0.9908074736595154,aaronfeller_PeptideMLM-MTR_lg,kan_base
fold8_idx5,8,1.0,0.9844271540641784,aaronfeller_PeptideMLM-MTR_lg,kan_base
fold8_idx6,8,0.0,0.1691715717315673,aaronfeller_PeptideMLM-MTR_lg,kan_base
fold8_idx7,8,1.0,0.8712002635002136,aaronfeller_PeptideMLM-MTR_lg,kan_base
fold8_idx8,8,0.0,0.4875086545944214,aaronfeller_PeptideMLM-MTR_lg,kan_base
fold8_idx9,8,0.0,0.0007523939711973,aaronfeller_PeptideMLM-MTR_lg,kan_base
fold8_idx10,8,1.0,0.9998124241828918,aaronfeller_PeptideMLM-MTR_lg,kan_base
fold8_idx11,8,1.0,0.9999985694885254,aaronfeller_PeptideMLM-MTR_lg,kan_base
fold8_idx12,8,0.0,0.9908197522163392,aaronfeller_PeptideMLM-MTR_lg,kan_base
fold8_idx13,8,1.0,0.6946853995323181,aaronfeller_PeptideMLM-MTR_lg,kan_base
fold8_idx14,8,0.0,0.1415506154298782,aaronfeller_PeptideMLM-MTR_lg,kan_base
fold8_idx15,8,0.0,0.0854161828756332,aaronfeller_PeptideMLM-MTR_lg,kan_base
fold8_idx16,8,0.0,0.996678113937378,aaronfeller_PeptideMLM-MTR_lg,kan_base
fold8_idx17,8,1.0,0.6162025332450867,aaronfeller_PeptideMLM-MTR_lg,kan_base
fold8_idx18,8,1.0,0.9851387143135072,aaronfeller_PeptideMLM-MTR_lg,kan_base
fold8_idx19,8,0.0,0.0063838553614914,aaronfeller_PeptideMLM-MTR_lg,kan_base
fold8_idx20,8,1.0,0.9320180416107178,aaronfeller_PeptideMLM-MTR_lg,kan_base
fold8_idx21,8,1.0,0.9524770379066468,aaronfeller_PeptideMLM-MTR_lg,kan_base
fold8_idx22,8,0.0,0.0855759009718895,aaronfeller_PeptideMLM-MTR_lg,kan_base
fold8_idx23,8,0.0,0.8941154479980469,aaronfeller_PeptideMLM-MTR_lg,kan_base
fold8_idx24,8,1.0,0.9946596026420592,aaronfeller_PeptideMLM-MTR_lg,kan_base
fold8_idx25,8,0.0,0.0001778529695002,aaronfeller_PeptideMLM-MTR_lg,kan_base
fold8_idx26,8,0.0,8.953382348408923e-05,aaronfeller_PeptideMLM-MTR_lg,kan_base
fold8_idx27,8,0.0,0.4759702384471893,aaronfeller_PeptideMLM-MTR_lg,kan_base
fold8_idx28,8,1.0,0.9997362494468688,aaronfeller_PeptideMLM-MTR_lg,kan_base
fold8_idx29,8,1.0,0.1329441517591476,aaronfeller_PeptideMLM-MTR_lg,kan_base
fold8_idx30,8,0.0,0.0969617292284965,aaronfeller_PeptideMLM-MTR_lg,kan_base
fold8_idx31,8,0.0,0.8235179781913757,aaronfeller_PeptideMLM-MTR_lg,kan_base
fold8_idx32,8,1.0,0.8962301015853882,aaronfeller_PeptideMLM-MTR_lg,kan_base
fold8_idx33,8,0.0,0.1978241801261901,aaronfeller_PeptideMLM-MTR_lg,kan_base
fold8_idx34,8,1.0,0.9998594522476196,aaronfeller_PeptideMLM-MTR_lg,kan_base
fold8_idx35,8,0.0,0.4121768176555633,aaronfeller_PeptideMLM-MTR_lg,kan_base
fold8_idx36,8,1.0,0.9130712151527404,aaronfeller_PeptideMLM-MTR_lg,kan_base
fold8_idx37,8,0.0,0.0066882646642625,aaronfeller_PeptideMLM-MTR_lg,kan_base
fold8_idx38,8,0.0,0.0032206927426159,aaronfeller_PeptideMLM-MTR_lg,kan_base
fold8_idx39,8,0.0,0.0006605390226468,aaronfeller_PeptideMLM-MTR_lg,kan_base
fold8_idx40,8,0.0,0.0005458720261231,aaronfeller_PeptideMLM-MTR_lg,kan_base
fold8_idx41,8,1.0,0.0514660701155662,aaronfeller_PeptideMLM-MTR_lg,kan_base
fold8_idx42,8,1.0,0.9283621311187744,aaronfeller_PeptideMLM-MTR_lg,kan_base
fold8_idx43,8,0.0,0.8856021761894226,aaronfeller_PeptideMLM-MTR_lg,kan_base
fold8_idx44,8,1.0,0.9871618151664734,aaronfeller_PeptideMLM-MTR_lg,kan_base
fold8_idx45,8,0.0,0.0992646366357803,aaronfeller_PeptideMLM-MTR_lg,kan_base
fold8_idx46,8,0.0,0.9059692025184632,aaronfeller_PeptideMLM-MTR_lg,kan_base
fold8_idx47,8,1.0,0.6021920442581177,aaronfeller_PeptideMLM-MTR_lg,kan_base
fold8_idx48,8,0.0,0.0743475705385208,aaronfeller_PeptideMLM-MTR_lg,kan_base
fold8_idx49,8,0.0,0.0045831180177628,aaronfeller_PeptideMLM-MTR_lg,kan_base
fold8_idx50,8,0.0,0.0008977664983831,aaronfeller_PeptideMLM-MTR_lg,kan_base
fold8_idx51,8,1.0,0.9286799430847168,aaronfeller_PeptideMLM-MTR_lg,kan_base
fold8_idx52,8,0.0,0.0102989636361598,aaronfeller_PeptideMLM-MTR_lg,kan_base
fold8_idx53,8,0.0,0.9156880378723145,aaronfeller_PeptideMLM-MTR_lg,kan_base
fold8_idx54,8,0.0,2.857710023818072e-05,aaronfeller_PeptideMLM-MTR_lg,kan_base
fold8_idx55,8,0.0,0.0448556058108806,aaronfeller_PeptideMLM-MTR_lg,kan_base
fold8_idx56,8,0.0,0.0013936603209003,aaronfeller_PeptideMLM-MTR_lg,kan_base
fold8_idx57,8,1.0,0.9548863768577576,aaronfeller_PeptideMLM-MTR_lg,kan_base
fold8_idx58,8,1.0,0.024403316900134,aaronfeller_PeptideMLM-MTR_lg,kan_base
fold8_idx59,8,0.0,0.9602640271186828,aaronfeller_PeptideMLM-MTR_lg,kan_base
fold8_idx60,8,1.0,0.6134249567985535,aaronfeller_PeptideMLM-MTR_lg,kan_base
fold8_idx61,8,1.0,0.9936861395835876,aaronfeller_PeptideMLM-MTR_lg,kan_base
fold8_idx62,8,0.0,0.0320209488272666,aaronfeller_PeptideMLM-MTR_lg,kan_base
fold8_idx63,8,0.0,0.0289923381060361,aaronfeller_PeptideMLM-MTR_lg,kan_base
fold9_idx0,9,1.0,0.887135922908783,aaronfeller_PeptideMLM-MTR_lg,kan_base
fold9_idx1,9,0.0,0.1310193240642547,aaronfeller_PeptideMLM-MTR_lg,kan_base
fold9_idx2,9,1.0,0.0095200752839446,aaronfeller_PeptideMLM-MTR_lg,kan_base
fold9_idx3,9,1.0,0.9917129278182985,aaronfeller_PeptideMLM-MTR_lg,kan_base
fold9_idx4,9,0.0,0.0019930312409996,aaronfeller_PeptideMLM-MTR_lg,kan_base
fold9_idx5,9,0.0,0.185335487127304,aaronfeller_PeptideMLM-MTR_lg,kan_base
fold9_idx6,9,0.0,0.0001409696124028,aaronfeller_PeptideMLM-MTR_lg,kan_base
fold9_idx7,9,0.0,0.000351732247509,aaronfeller_PeptideMLM-MTR_lg,kan_base
fold9_idx8,9,0.0,0.0013544267276301,aaronfeller_PeptideMLM-MTR_lg,kan_base
fold9_idx9,9,0.0,0.0008227386861108,aaronfeller_PeptideMLM-MTR_lg,kan_base
fold9_idx10,9,0.0,0.82990562915802,aaronfeller_PeptideMLM-MTR_lg,kan_base
fold9_idx11,9,0.0,2.5010222088894807e-05,aaronfeller_PeptideMLM-MTR_lg,kan_base
fold9_idx12,9,1.0,0.8981491327285767,aaronfeller_PeptideMLM-MTR_lg,kan_base
fold9_idx13,9,1.0,0.0043835621327161,aaronfeller_PeptideMLM-MTR_lg,kan_base
fold9_idx14,9,1.0,0.5230786800384521,aaronfeller_PeptideMLM-MTR_lg,kan_base
fold9_idx15,9,1.0,0.999987244606018,aaronfeller_PeptideMLM-MTR_lg,kan_base
fold9_idx16,9,1.0,0.9626887440681458,aaronfeller_PeptideMLM-MTR_lg,kan_base
fold9_idx17,9,0.0,0.0541803538799285,aaronfeller_PeptideMLM-MTR_lg,kan_base
fold9_idx18,9,0.0,0.0006360299303196,aaronfeller_PeptideMLM-MTR_lg,kan_base
fold9_idx19,9,0.0,0.0004958331701345,aaronfeller_PeptideMLM-MTR_lg,kan_base
fold9_idx20,9,1.0,0.7074889540672302,aaronfeller_PeptideMLM-MTR_lg,kan_base
fold9_idx21,9,1.0,0.9857876300811768,aaronfeller_PeptideMLM-MTR_lg,kan_base
fold9_idx22,9,1.0,0.9997541308403016,aaronfeller_PeptideMLM-MTR_lg,kan_base
fold9_idx23,9,1.0,0.8643991351127625,aaronfeller_PeptideMLM-MTR_lg,kan_base
fold9_idx24,9,1.0,0.3840838670730591,aaronfeller_PeptideMLM-MTR_lg,kan_base
fold9_idx25,9,0.0,0.0062745213508605,aaronfeller_PeptideMLM-MTR_lg,kan_base
fold9_idx26,9,0.0,0.3553835451602936,aaronfeller_PeptideMLM-MTR_lg,kan_base
fold9_idx27,9,0.0,0.9935874938964844,aaronfeller_PeptideMLM-MTR_lg,kan_base
fold9_idx28,9,1.0,0.9777538776397704,aaronfeller_PeptideMLM-MTR_lg,kan_base
fold9_idx29,9,0.0,0.0008060375112108,aaronfeller_PeptideMLM-MTR_lg,kan_base
fold9_idx30,9,1.0,0.9624834060668944,aaronfeller_PeptideMLM-MTR_lg,kan_base
fold9_idx31,9,0.0,0.2005075365304947,aaronfeller_PeptideMLM-MTR_lg,kan_base
fold9_idx32,9,0.0,0.000305745692458,aaronfeller_PeptideMLM-MTR_lg,kan_base
fold9_idx33,9,0.0,0.0003018386196345,aaronfeller_PeptideMLM-MTR_lg,kan_base
fold9_idx34,9,0.0,0.0025485947262495,aaronfeller_PeptideMLM-MTR_lg,kan_base
fold9_idx35,9,0.0,0.0008154810057021,aaronfeller_PeptideMLM-MTR_lg,kan_base
fold9_idx36,9,0.0,0.3835570514202118,aaronfeller_PeptideMLM-MTR_lg,kan_base
fold9_idx37,9,1.0,0.7048185467720032,aaronfeller_PeptideMLM-MTR_lg,kan_base
fold9_idx38,9,0.0,0.3035589754581451,aaronfeller_PeptideMLM-MTR_lg,kan_base
fold9_idx39,9,1.0,0.981642246246338,aaronfeller_PeptideMLM-MTR_lg,kan_base
fold9_idx40,9,0.0,2.543653863540385e-06,aaronfeller_PeptideMLM-MTR_lg,kan_base
fold9_idx41,9,1.0,0.999829649925232,aaronfeller_PeptideMLM-MTR_lg,kan_base
fold9_idx42,9,1.0,0.9989816546440125,aaronfeller_PeptideMLM-MTR_lg,kan_base
fold9_idx43,9,1.0,0.9954741597175598,aaronfeller_PeptideMLM-MTR_lg,kan_base
fold9_idx44,9,1.0,0.981315553188324,aaronfeller_PeptideMLM-MTR_lg,kan_base
fold9_idx45,9,0.0,0.000225810217671,aaronfeller_PeptideMLM-MTR_lg,kan_base
fold9_idx46,9,0.0,2.7630308977677487e-05,aaronfeller_PeptideMLM-MTR_lg,kan_base
fold9_idx47,9,1.0,0.94343900680542,aaronfeller_PeptideMLM-MTR_lg,kan_base
fold9_idx48,9,0.0,0.007464284542948,aaronfeller_PeptideMLM-MTR_lg,kan_base
fold9_idx49,9,0.0,0.0022419823799282,aaronfeller_PeptideMLM-MTR_lg,kan_base
fold9_idx50,9,1.0,0.9883120656013488,aaronfeller_PeptideMLM-MTR_lg,kan_base
fold9_idx51,9,0.0,0.0172635968774557,aaronfeller_PeptideMLM-MTR_lg,kan_base
fold9_idx52,9,0.0,0.0049233981408178,aaronfeller_PeptideMLM-MTR_lg,kan_base
fold9_idx53,9,1.0,0.5574393272399902,aaronfeller_PeptideMLM-MTR_lg,kan_base
fold9_idx54,9,0.0,0.0012093828991055,aaronfeller_PeptideMLM-MTR_lg,kan_base
fold9_idx55,9,0.0,0.9965053796768188,aaronfeller_PeptideMLM-MTR_lg,kan_base
fold9_idx56,9,0.0,0.0507115200161933,aaronfeller_PeptideMLM-MTR_lg,kan_base
fold9_idx57,9,1.0,0.9834632277488708,aaronfeller_PeptideMLM-MTR_lg,kan_base
fold9_idx58,9,0.0,0.7611101269721985,aaronfeller_PeptideMLM-MTR_lg,kan_base
fold9_idx59,9,1.0,0.8258872032165527,aaronfeller_PeptideMLM-MTR_lg,kan_base
fold9_idx60,9,1.0,0.9956613183021544,aaronfeller_PeptideMLM-MTR_lg,kan_base
fold9_idx61,9,0.0,0.2098343074321746,aaronfeller_PeptideMLM-MTR_lg,kan_base
fold9_idx62,9,1.0,0.0861582905054092,aaronfeller_PeptideMLM-MTR_lg,kan_base
fold9_idx63,9,0.0,0.0002922862477134,aaronfeller_PeptideMLM-MTR_lg,kan_base
fold10_idx0,10,0.0,0.3639799356460571,aaronfeller_PeptideMLM-MTR_lg,kan_base
fold10_idx1,10,1.0,0.0004296945699024,aaronfeller_PeptideMLM-MTR_lg,kan_base
fold10_idx2,10,0.0,0.266012042760849,aaronfeller_PeptideMLM-MTR_lg,kan_base
fold10_idx3,10,0.0,0.1948041021823883,aaronfeller_PeptideMLM-MTR_lg,kan_base
fold10_idx4,10,0.0,0.3298701345920563,aaronfeller_PeptideMLM-MTR_lg,kan_base
fold10_idx5,10,1.0,0.9999986886978148,aaronfeller_PeptideMLM-MTR_lg,kan_base
fold10_idx6,10,0.0,0.1278055906295776,aaronfeller_PeptideMLM-MTR_lg,kan_base
fold10_idx7,10,0.0,0.0520346015691757,aaronfeller_PeptideMLM-MTR_lg,kan_base
fold10_idx8,10,0.0,0.0325048901140689,aaronfeller_PeptideMLM-MTR_lg,kan_base
fold10_idx9,10,1.0,0.1103066951036453,aaronfeller_PeptideMLM-MTR_lg,kan_base
fold10_idx10,10,0.0,0.0052588512189686,aaronfeller_PeptideMLM-MTR_lg,kan_base
fold10_idx11,10,0.0,0.0169319380074739,aaronfeller_PeptideMLM-MTR_lg,kan_base
fold10_idx12,10,0.0,0.1597463339567184,aaronfeller_PeptideMLM-MTR_lg,kan_base
fold10_idx13,10,0.0,0.9203176498413086,aaronfeller_PeptideMLM-MTR_lg,kan_base
fold10_idx14,10,1.0,0.0130098992958664,aaronfeller_PeptideMLM-MTR_lg,kan_base
fold10_idx15,10,0.0,0.1345746964216232,aaronfeller_PeptideMLM-MTR_lg,kan_base
fold10_idx16,10,1.0,0.6141215562820435,aaronfeller_PeptideMLM-MTR_lg,kan_base
fold10_idx17,10,1.0,0.4874897599220276,aaronfeller_PeptideMLM-MTR_lg,kan_base
fold10_idx18,10,1.0,0.4321891963481903,aaronfeller_PeptideMLM-MTR_lg,kan_base
fold10_idx19,10,0.0,0.2077996134757995,aaronfeller_PeptideMLM-MTR_lg,kan_base
fold10_idx20,10,0.0,3.355363332957495e-06,aaronfeller_PeptideMLM-MTR_lg,kan_base
fold10_idx21,10,1.0,0.9324859380722046,aaronfeller_PeptideMLM-MTR_lg,kan_base
fold10_idx22,10,0.0,0.03735938295722,aaronfeller_PeptideMLM-MTR_lg,kan_base
fold10_idx23,10,0.0,0.2626940906047821,aaronfeller_PeptideMLM-MTR_lg,kan_base
fold10_idx24,10,1.0,0.2390506118535995,aaronfeller_PeptideMLM-MTR_lg,kan_base
fold10_idx25,10,0.0,0.132316380739212,aaronfeller_PeptideMLM-MTR_lg,kan_base
fold10_idx26,10,0.0,0.2539136409759521,aaronfeller_PeptideMLM-MTR_lg,kan_base
fold10_idx27,10,1.0,0.2550990581512451,aaronfeller_PeptideMLM-MTR_lg,kan_base
fold10_idx28,10,0.0,0.2564045786857605,aaronfeller_PeptideMLM-MTR_lg,kan_base
fold10_idx29,10,0.0,0.000393879978219,aaronfeller_PeptideMLM-MTR_lg,kan_base
fold10_idx30,10,1.0,0.9490646719932556,aaronfeller_PeptideMLM-MTR_lg,kan_base
fold10_idx31,10,0.0,0.0083024157211184,aaronfeller_PeptideMLM-MTR_lg,kan_base
fold10_idx32,10,1.0,0.4078708589076996,aaronfeller_PeptideMLM-MTR_lg,kan_base
fold10_idx33,10,1.0,0.9305339455604552,aaronfeller_PeptideMLM-MTR_lg,kan_base
fold10_idx34,10,1.0,0.0047188685275614,aaronfeller_PeptideMLM-MTR_lg,kan_base
fold10_idx35,10,1.0,0.9991328120231628,aaronfeller_PeptideMLM-MTR_lg,kan_base
fold10_idx36,10,0.0,0.0019564377143979,aaronfeller_PeptideMLM-MTR_lg,kan_base
fold10_idx37,10,0.0,0.0017329198308289,aaronfeller_PeptideMLM-MTR_lg,kan_base
fold10_idx38,10,1.0,0.0050471541471779,aaronfeller_PeptideMLM-MTR_lg,kan_base
fold10_idx39,10,0.0,0.0949973687529563,aaronfeller_PeptideMLM-MTR_lg,kan_base
fold10_idx40,10,0.0,0.0013834611745551,aaronfeller_PeptideMLM-MTR_lg,kan_base
fold10_idx41,10,0.0,0.0029083814006298,aaronfeller_PeptideMLM-MTR_lg,kan_base
fold10_idx42,10,0.0,0.0091253649443387,aaronfeller_PeptideMLM-MTR_lg,kan_base
fold10_idx43,10,0.0,0.0067553319968283,aaronfeller_PeptideMLM-MTR_lg,kan_base
fold10_idx44,10,0.0,0.0095600765198469,aaronfeller_PeptideMLM-MTR_lg,kan_base
fold10_idx45,10,0.0,0.0002003646804951,aaronfeller_PeptideMLM-MTR_lg,kan_base
fold10_idx46,10,1.0,0.9782906770706176,aaronfeller_PeptideMLM-MTR_lg,kan_base
fold10_idx47,10,1.0,0.9847396612167358,aaronfeller_PeptideMLM-MTR_lg,kan_base
fold10_idx48,10,0.0,0.000569348107092,aaronfeller_PeptideMLM-MTR_lg,kan_base
fold10_idx49,10,1.0,0.7041081786155701,aaronfeller_PeptideMLM-MTR_lg,kan_base
fold10_idx50,10,0.0,0.9052533507347108,aaronfeller_PeptideMLM-MTR_lg,kan_base
fold10_idx51,10,1.0,0.9981006979942322,aaronfeller_PeptideMLM-MTR_lg,kan_base
fold10_idx52,10,0.0,0.2790600657463074,aaronfeller_PeptideMLM-MTR_lg,kan_base
fold10_idx53,10,1.0,0.6736749410629272,aaronfeller_PeptideMLM-MTR_lg,kan_base
fold10_idx54,10,0.0,0.0036692810244858,aaronfeller_PeptideMLM-MTR_lg,kan_base
fold10_idx55,10,1.0,0.8551769852638245,aaronfeller_PeptideMLM-MTR_lg,kan_base
fold10_idx56,10,0.0,0.0051611433736979,aaronfeller_PeptideMLM-MTR_lg,kan_base
fold10_idx57,10,0.0,0.3222379982471466,aaronfeller_PeptideMLM-MTR_lg,kan_base
fold10_idx58,10,0.0,0.0004785832134075,aaronfeller_PeptideMLM-MTR_lg,kan_base
fold10_idx59,10,1.0,0.0271418076008558,aaronfeller_PeptideMLM-MTR_lg,kan_base
fold10_idx60,10,1.0,0.9914358258247375,aaronfeller_PeptideMLM-MTR_lg,kan_base
fold10_idx61,10,1.0,0.9936107993125916,aaronfeller_PeptideMLM-MTR_lg,kan_base
fold10_idx62,10,1.0,0.540061891078949,aaronfeller_PeptideMLM-MTR_lg,kan_base
fold10_idx63,10,0.0,0.0113574350252747,aaronfeller_PeptideMLM-MTR_lg,kan_base
fold1_idx0,1,0.0,0.4912202656269073,aaronfeller_PeptideMLM_lg,kan_base
fold1_idx1,1,0.0,6.35445467196405e-05,aaronfeller_PeptideMLM_lg,kan_base
fold1_idx2,1,1.0,0.9989166259765624,aaronfeller_PeptideMLM_lg,kan_base
fold1_idx3,1,0.0,0.0859865769743919,aaronfeller_PeptideMLM_lg,kan_base
fold1_idx4,1,0.0,2.938085890491493e-05,aaronfeller_PeptideMLM_lg,kan_base
fold1_idx5,1,0.0,1.0790468962795783e-08,aaronfeller_PeptideMLM_lg,kan_base
fold1_idx6,1,0.0,0.0012967964867129,aaronfeller_PeptideMLM_lg,kan_base
fold1_idx7,1,1.0,0.999832034111023,aaronfeller_PeptideMLM_lg,kan_base
fold1_idx8,1,0.0,0.0233600847423076,aaronfeller_PeptideMLM_lg,kan_base
fold1_idx9,1,1.0,0.9845890402793884,aaronfeller_PeptideMLM_lg,kan_base
fold1_idx10,1,0.0,1.119835451390827e-05,aaronfeller_PeptideMLM_lg,kan_base
fold1_idx11,1,1.0,0.1255141198635101,aaronfeller_PeptideMLM_lg,kan_base
fold1_idx12,1,1.0,0.1893468350172042,aaronfeller_PeptideMLM_lg,kan_base
fold1_idx13,1,1.0,0.969795823097229,aaronfeller_PeptideMLM_lg,kan_base
fold1_idx14,1,0.0,0.0187123175710439,aaronfeller_PeptideMLM_lg,kan_base
fold1_idx15,1,1.0,0.9768494963645936,aaronfeller_PeptideMLM_lg,kan_base
fold1_idx16,1,0.0,0.0008473973139189,aaronfeller_PeptideMLM_lg,kan_base
fold1_idx17,1,1.0,0.9652253985404968,aaronfeller_PeptideMLM_lg,kan_base
fold1_idx18,1,0.0,0.9993841648101808,aaronfeller_PeptideMLM_lg,kan_base
fold1_idx19,1,1.0,0.9897571802139282,aaronfeller_PeptideMLM_lg,kan_base
fold1_idx20,1,1.0,0.9958141446113586,aaronfeller_PeptideMLM_lg,kan_base
fold1_idx21,1,1.0,0.9958354234695436,aaronfeller_PeptideMLM_lg,kan_base
fold1_idx22,1,1.0,0.5933130979537964,aaronfeller_PeptideMLM_lg,kan_base
fold1_idx23,1,1.0,0.896655261516571,aaronfeller_PeptideMLM_lg,kan_base
fold1_idx24,1,1.0,0.8521338105201721,aaronfeller_PeptideMLM_lg,kan_base
fold1_idx25,1,0.0,0.0038193732034415,aaronfeller_PeptideMLM_lg,kan_base
fold1_idx26,1,1.0,0.2315292805433273,aaronfeller_PeptideMLM_lg,kan_base
fold1_idx27,1,1.0,0.4510396122932434,aaronfeller_PeptideMLM_lg,kan_base
fold1_idx28,1,0.0,2.2501668084373705e-08,aaronfeller_PeptideMLM_lg,kan_base
fold1_idx29,1,0.0,3.8057965866755694e-05,aaronfeller_PeptideMLM_lg,kan_base
fold1_idx30,1,0.0,0.0008364022942259,aaronfeller_PeptideMLM_lg,kan_base
fold1_idx31,1,0.0,0.6371134519577026,aaronfeller_PeptideMLM_lg,kan_base
fold1_idx32,1,1.0,0.9042475819587708,aaronfeller_PeptideMLM_lg,kan_base
fold1_idx33,1,1.0,0.7597683072090149,aaronfeller_PeptideMLM_lg,kan_base
fold1_idx34,1,0.0,0.5206535458564758,aaronfeller_PeptideMLM_lg,kan_base
fold1_idx35,1,1.0,0.9989014863967896,aaronfeller_PeptideMLM_lg,kan_base
fold1_idx36,1,0.0,0.0003734705969691,aaronfeller_PeptideMLM_lg,kan_base
fold1_idx37,1,0.0,2.8919482701894594e-06,aaronfeller_PeptideMLM_lg,kan_base
fold1_idx38,1,1.0,0.9433776140213012,aaronfeller_PeptideMLM_lg,kan_base
fold1_idx39,1,1.0,0.3213318884372711,aaronfeller_PeptideMLM_lg,kan_base
fold1_idx40,1,0.0,1.8125973610949584e-06,aaronfeller_PeptideMLM_lg,kan_base
fold1_idx41,1,0.0,0.0290960911661386,aaronfeller_PeptideMLM_lg,kan_base
fold1_idx42,1,0.0,9.295038580603432e-06,aaronfeller_PeptideMLM_lg,kan_base
fold1_idx43,1,0.0,0.0010540159419178,aaronfeller_PeptideMLM_lg,kan_base
fold1_idx44,1,0.0,0.0003283359401393,aaronfeller_PeptideMLM_lg,kan_base
fold1_idx45,1,0.0,4.502509909798391e-05,aaronfeller_PeptideMLM_lg,kan_base
fold1_idx46,1,0.0,6.616284372285008e-05,aaronfeller_PeptideMLM_lg,kan_base
fold1_idx47,1,0.0,1.72135387401795e-05,aaronfeller_PeptideMLM_lg,kan_base
fold1_idx48,1,0.0,0.0005151478690095,aaronfeller_PeptideMLM_lg,kan_base
fold1_idx49,1,0.0,0.0001460560306441,aaronfeller_PeptideMLM_lg,kan_base
fold1_idx50,1,0.0,0.001401831395924,aaronfeller_PeptideMLM_lg,kan_base
fold1_idx51,1,0.0,0.0312394089996814,aaronfeller_PeptideMLM_lg,kan_base
fold1_idx52,1,0.0,0.9999445676803588,aaronfeller_PeptideMLM_lg,kan_base
fold1_idx53,1,1.0,0.9999988079071044,aaronfeller_PeptideMLM_lg,kan_base
fold1_idx54,1,0.0,0.0236324276775121,aaronfeller_PeptideMLM_lg,kan_base
fold1_idx55,1,1.0,0.8529363870620728,aaronfeller_PeptideMLM_lg,kan_base
fold1_idx56,1,0.0,0.0004173364723101,aaronfeller_PeptideMLM_lg,kan_base
fold1_idx57,1,0.0,0.0108313458040356,aaronfeller_PeptideMLM_lg,kan_base
fold1_idx58,1,0.0,0.0053452858701348,aaronfeller_PeptideMLM_lg,kan_base
fold1_idx59,1,1.0,0.9224209785461426,aaronfeller_PeptideMLM_lg,kan_base
fold1_idx60,1,1.0,0.5528541207313538,aaronfeller_PeptideMLM_lg,kan_base
fold1_idx61,1,1.0,0.9998384714126588,aaronfeller_PeptideMLM_lg,kan_base
fold1_idx62,1,1.0,0.9997652173042296,aaronfeller_PeptideMLM_lg,kan_base
fold1_idx63,1,0.0,0.0012878292473033,aaronfeller_PeptideMLM_lg,kan_base
fold2_idx0,2,0.0,0.0172625202685594,aaronfeller_PeptideMLM_lg,kan_base
fold2_idx1,2,0.0,1.358267036266625e-05,aaronfeller_PeptideMLM_lg,kan_base
fold2_idx2,2,0.0,0.0863258093595504,aaronfeller_PeptideMLM_lg,kan_base
fold2_idx3,2,1.0,0.7796963453292847,aaronfeller_PeptideMLM_lg,kan_base
fold2_idx4,2,0.0,0.6010799407958984,aaronfeller_PeptideMLM_lg,kan_base
fold2_idx5,2,1.0,0.1717943996191024,aaronfeller_PeptideMLM_lg,kan_base
fold2_idx6,2,0.0,0.8114243745803833,aaronfeller_PeptideMLM_lg,kan_base
fold2_idx7,2,1.0,0.42071333527565,aaronfeller_PeptideMLM_lg,kan_base
fold2_idx8,2,1.0,0.8741958737373352,aaronfeller_PeptideMLM_lg,kan_base
fold2_idx9,2,0.0,0.0390527099370956,aaronfeller_PeptideMLM_lg,kan_base
fold2_idx10,2,0.0,0.0390341393649578,aaronfeller_PeptideMLM_lg,kan_base
fold2_idx11,2,1.0,0.2709906697273254,aaronfeller_PeptideMLM_lg,kan_base
fold2_idx12,2,1.0,0.8569356203079224,aaronfeller_PeptideMLM_lg,kan_base
fold2_idx13,2,0.0,0.2471510171890258,aaronfeller_PeptideMLM_lg,kan_base
fold2_idx14,2,1.0,0.230264812707901,aaronfeller_PeptideMLM_lg,kan_base
fold2_idx15,2,0.0,0.1990910619497299,aaronfeller_PeptideMLM_lg,kan_base
fold2_idx16,2,1.0,0.755117654800415,aaronfeller_PeptideMLM_lg,kan_base
fold2_idx17,2,0.0,0.5446114540100098,aaronfeller_PeptideMLM_lg,kan_base
fold2_idx18,2,0.0,0.0701402276754379,aaronfeller_PeptideMLM_lg,kan_base
fold2_idx19,2,0.0,0.0583333671092987,aaronfeller_PeptideMLM_lg,kan_base
fold2_idx20,2,1.0,0.3177056312561035,aaronfeller_PeptideMLM_lg,kan_base
fold2_idx21,2,1.0,0.9999992847442628,aaronfeller_PeptideMLM_lg,kan_base
fold2_idx22,2,1.0,0.3366017341613769,aaronfeller_PeptideMLM_lg,kan_base
fold2_idx23,2,0.0,0.0213740188628435,aaronfeller_PeptideMLM_lg,kan_base
fold2_idx24,2,0.0,0.0269248578697443,aaronfeller_PeptideMLM_lg,kan_base
fold2_idx25,2,0.0,0.0378222949802875,aaronfeller_PeptideMLM_lg,kan_base
fold2_idx26,2,0.0,0.005540280137211,aaronfeller_PeptideMLM_lg,kan_base
fold2_idx27,2,0.0,0.0552733950316906,aaronfeller_PeptideMLM_lg,kan_base
fold2_idx28,2,0.0,0.1058237999677658,aaronfeller_PeptideMLM_lg,kan_base
fold2_idx29,2,1.0,0.2303235828876495,aaronfeller_PeptideMLM_lg,kan_base
fold2_idx30,2,0.0,0.0374299176037311,aaronfeller_PeptideMLM_lg,kan_base
fold2_idx31,2,0.0,0.0231327731162309,aaronfeller_PeptideMLM_lg,kan_base
fold2_idx32,2,0.0,0.0020490179304033,aaronfeller_PeptideMLM_lg,kan_base
fold2_idx33,2,0.0,0.000408647902077,aaronfeller_PeptideMLM_lg,kan_base
fold2_idx34,2,0.0,0.000699741533026,aaronfeller_PeptideMLM_lg,kan_base
fold2_idx35,2,0.0,0.9898216724395752,aaronfeller_PeptideMLM_lg,kan_base
fold2_idx36,2,0.0,0.0009416065877303,aaronfeller_PeptideMLM_lg,kan_base
fold2_idx37,2,0.0,0.0016148877330124,aaronfeller_PeptideMLM_lg,kan_base
fold2_idx38,2,0.0,0.0004629940085578,aaronfeller_PeptideMLM_lg,kan_base
fold2_idx39,2,0.0,0.0005659582093358,aaronfeller_PeptideMLM_lg,kan_base
fold2_idx40,2,0.0,0.001583955832757,aaronfeller_PeptideMLM_lg,kan_base
fold2_idx41,2,0.0,0.0092651415616273,aaronfeller_PeptideMLM_lg,kan_base
fold2_idx42,2,0.0,0.0001935476466314,aaronfeller_PeptideMLM_lg,kan_base
fold2_idx43,2,0.0,0.0059919035993516,aaronfeller_PeptideMLM_lg,kan_base
fold2_idx44,2,1.0,0.7397039532661438,aaronfeller_PeptideMLM_lg,kan_base
fold2_idx45,2,1.0,0.6750434637069702,aaronfeller_PeptideMLM_lg,kan_base
fold2_idx46,2,1.0,0.6450625061988831,aaronfeller_PeptideMLM_lg,kan_base
fold2_idx47,2,0.0,0.4193086624145508,aaronfeller_PeptideMLM_lg,kan_base
fold2_idx48,2,0.0,0.0009757984662428,aaronfeller_PeptideMLM_lg,kan_base
fold2_idx49,2,0.0,0.0014297440648078,aaronfeller_PeptideMLM_lg,kan_base
fold2_idx50,2,0.0,0.0009337820811197,aaronfeller_PeptideMLM_lg,kan_base
fold2_idx51,2,0.0,0.0048670335672795,aaronfeller_PeptideMLM_lg,kan_base
fold2_idx52,2,0.0,0.0036239249166101,aaronfeller_PeptideMLM_lg,kan_base
fold2_idx53,2,1.0,0.9853787422180176,aaronfeller_PeptideMLM_lg,kan_base
fold2_idx54,2,1.0,0.9865802526474,aaronfeller_PeptideMLM_lg,kan_base
fold2_idx55,2,1.0,0.9700700640678406,aaronfeller_PeptideMLM_lg,kan_base
fold2_idx56,2,0.0,0.0007737830164842,aaronfeller_PeptideMLM_lg,kan_base
fold2_idx57,2,1.0,0.9803889393806458,aaronfeller_PeptideMLM_lg,kan_base
fold2_idx58,2,0.0,0.0443706028163433,aaronfeller_PeptideMLM_lg,kan_base
fold2_idx59,2,1.0,0.998645007610321,aaronfeller_PeptideMLM_lg,kan_base
fold2_idx60,2,0.0,0.0030298924539238,aaronfeller_PeptideMLM_lg,kan_base
fold2_idx61,2,0.0,0.0063119302503764,aaronfeller_PeptideMLM_lg,kan_base
fold2_idx62,2,1.0,0.3159182071685791,aaronfeller_PeptideMLM_lg,kan_base
fold2_idx63,2,0.0,0.6852709054946899,aaronfeller_PeptideMLM_lg,kan_base
fold3_idx0,3,0.0,7.85744414315559e-05,aaronfeller_PeptideMLM_lg,kan_base
fold3_idx1,3,0.0,0.221826434135437,aaronfeller_PeptideMLM_lg,kan_base
fold3_idx2,3,0.0,0.0002048380847554,aaronfeller_PeptideMLM_lg,kan_base
fold3_idx3,3,0.0,7.096226909197867e-05,aaronfeller_PeptideMLM_lg,kan_base
fold3_idx4,3,0.0,0.9985014200210572,aaronfeller_PeptideMLM_lg,kan_base
fold3_idx5,3,0.0,0.6895257234573364,aaronfeller_PeptideMLM_lg,kan_base
fold3_idx6,3,0.0,0.012917042709887,aaronfeller_PeptideMLM_lg,kan_base
fold3_idx7,3,1.0,0.9989338517189026,aaronfeller_PeptideMLM_lg,kan_base
fold3_idx8,3,1.0,0.9999982118606568,aaronfeller_PeptideMLM_lg,kan_base
fold3_idx9,3,1.0,0.9566962122917176,aaronfeller_PeptideMLM_lg,kan_base
fold3_idx10,3,1.0,0.9999903440475464,aaronfeller_PeptideMLM_lg,kan_base
fold3_idx11,3,1.0,1.0,aaronfeller_PeptideMLM_lg,kan_base
fold3_idx12,3,0.0,4.1091174352914095e-05,aaronfeller_PeptideMLM_lg,kan_base
fold3_idx13,3,1.0,0.010539086535573,aaronfeller_PeptideMLM_lg,kan_base
fold3_idx14,3,1.0,0.9999619722366332,aaronfeller_PeptideMLM_lg,kan_base
fold3_idx15,3,1.0,0.0465603023767471,aaronfeller_PeptideMLM_lg,kan_base
fold3_idx16,3,0.0,2.2352428175054229e-07,aaronfeller_PeptideMLM_lg,kan_base
fold3_idx17,3,1.0,0.0035296564456075,aaronfeller_PeptideMLM_lg,kan_base
fold3_idx18,3,1.0,0.979502022266388,aaronfeller_PeptideMLM_lg,kan_base
fold3_idx19,3,1.0,0.9992080330848694,aaronfeller_PeptideMLM_lg,kan_base
fold3_idx20,3,1.0,0.9280157089233398,aaronfeller_PeptideMLM_lg,kan_base
fold3_idx21,3,0.0,0.000979894422926,aaronfeller_PeptideMLM_lg,kan_base
fold3_idx22,3,1.0,0.0046339873224496,aaronfeller_PeptideMLM_lg,kan_base
fold3_idx23,3,1.0,0.9678292870521544,aaronfeller_PeptideMLM_lg,kan_base
fold3_idx24,3,0.0,0.4190373420715332,aaronfeller_PeptideMLM_lg,kan_base
fold3_idx25,3,1.0,0.9991304278373718,aaronfeller_PeptideMLM_lg,kan_base
fold3_idx26,3,1.0,0.9936478734016418,aaronfeller_PeptideMLM_lg,kan_base
fold3_idx27,3,1.0,0.5608401894569397,aaronfeller_PeptideMLM_lg,kan_base
fold3_idx28,3,1.0,0.9779215455055236,aaronfeller_PeptideMLM_lg,kan_base
fold3_idx29,3,0.0,0.0611294545233249,aaronfeller_PeptideMLM_lg,kan_base
fold3_idx30,3,0.0,0.0004671790229622,aaronfeller_PeptideMLM_lg,kan_base
fold3_idx31,3,0.0,0.0838410407304763,aaronfeller_PeptideMLM_lg,kan_base
fold3_idx32,3,0.0,0.0008245201897807,aaronfeller_PeptideMLM_lg,kan_base
fold3_idx33,3,0.0,0.0005486583104357,aaronfeller_PeptideMLM_lg,kan_base
fold3_idx34,3,0.0,0.1445301473140716,aaronfeller_PeptideMLM_lg,kan_base
fold3_idx35,3,0.0,0.001595311332494,aaronfeller_PeptideMLM_lg,kan_base
fold3_idx36,3,0.0,0.0001939451904036,aaronfeller_PeptideMLM_lg,kan_base
fold3_idx37,3,0.0,0.0657976418733596,aaronfeller_PeptideMLM_lg,kan_base
fold3_idx38,3,1.0,0.9060066938400269,aaronfeller_PeptideMLM_lg,kan_base
fold3_idx39,3,1.0,0.9717186689376832,aaronfeller_PeptideMLM_lg,kan_base
fold3_idx40,3,1.0,0.9339614510536194,aaronfeller_PeptideMLM_lg,kan_base
fold3_idx41,3,1.0,0.9992619156837464,aaronfeller_PeptideMLM_lg,kan_base
fold3_idx42,3,0.0,0.0048915385268628,aaronfeller_PeptideMLM_lg,kan_base
fold3_idx43,3,1.0,0.0860234349966049,aaronfeller_PeptideMLM_lg,kan_base
fold3_idx44,3,1.0,0.9987229704856871,aaronfeller_PeptideMLM_lg,kan_base
fold3_idx45,3,1.0,0.9896016716957092,aaronfeller_PeptideMLM_lg,kan_base
fold3_idx46,3,0.0,0.0001068751298589,aaronfeller_PeptideMLM_lg,kan_base
fold3_idx47,3,1.0,0.8985282182693481,aaronfeller_PeptideMLM_lg,kan_base
fold3_idx48,3,0.0,0.7949016094207764,aaronfeller_PeptideMLM_lg,kan_base
fold3_idx49,3,1.0,0.9139193296432496,aaronfeller_PeptideMLM_lg,kan_base
fold3_idx50,3,0.0,0.0019664582796394,aaronfeller_PeptideMLM_lg,kan_base
fold3_idx51,3,0.0,0.0004118826182093,aaronfeller_PeptideMLM_lg,kan_base
fold3_idx52,3,0.0,0.7277922630310059,aaronfeller_PeptideMLM_lg,kan_base
fold3_idx53,3,0.0,0.0101591171696782,aaronfeller_PeptideMLM_lg,kan_base
fold3_idx54,3,1.0,0.9973493814468384,aaronfeller_PeptideMLM_lg,kan_base
fold3_idx55,3,0.0,1.5155068467720412e-05,aaronfeller_PeptideMLM_lg,kan_base
fold3_idx56,3,1.0,0.982846975326538,aaronfeller_PeptideMLM_lg,kan_base
fold3_idx57,3,1.0,0.9999984502792358,aaronfeller_PeptideMLM_lg,kan_base
fold3_idx58,3,1.0,0.9490352272987366,aaronfeller_PeptideMLM_lg,kan_base
fold3_idx59,3,0.0,0.0436677150428295,aaronfeller_PeptideMLM_lg,kan_base
fold3_idx60,3,0.0,0.0151835642755031,aaronfeller_PeptideMLM_lg,kan_base
fold3_idx61,3,0.0,8.673024422023445e-05,aaronfeller_PeptideMLM_lg,kan_base
fold3_idx62,3,1.0,0.9684593677520752,aaronfeller_PeptideMLM_lg,kan_base
fold3_idx63,3,0.0,0.0004667973262257,aaronfeller_PeptideMLM_lg,kan_base
fold4_idx0,4,0.0,0.0006875857361592,aaronfeller_PeptideMLM_lg,kan_base
fold4_idx1,4,1.0,0.8516896963119507,aaronfeller_PeptideMLM_lg,kan_base
fold4_idx2,4,0.0,0.0013041506754234,aaronfeller_PeptideMLM_lg,kan_base
fold4_idx3,4,0.0,0.0013123919488862,aaronfeller_PeptideMLM_lg,kan_base
fold4_idx4,4,0.0,0.0643645524978637,aaronfeller_PeptideMLM_lg,kan_base
fold4_idx5,4,1.0,0.9927489161491394,aaronfeller_PeptideMLM_lg,kan_base
fold4_idx6,4,1.0,0.9951158761978148,aaronfeller_PeptideMLM_lg,kan_base
fold4_idx7,4,1.0,0.7174707651138306,aaronfeller_PeptideMLM_lg,kan_base
fold4_idx8,4,0.0,0.0037341653369367,aaronfeller_PeptideMLM_lg,kan_base
fold4_idx9,4,0.0,0.0021186501253396,aaronfeller_PeptideMLM_lg,kan_base
fold4_idx10,4,0.0,0.0015523243928328,aaronfeller_PeptideMLM_lg,kan_base
fold4_idx11,4,1.0,0.2212679535150528,aaronfeller_PeptideMLM_lg,kan_base
fold4_idx12,4,0.0,0.4301047325134277,aaronfeller_PeptideMLM_lg,kan_base
fold4_idx13,4,1.0,0.0411715097725391,aaronfeller_PeptideMLM_lg,kan_base
fold4_idx14,4,0.0,0.4576016068458557,aaronfeller_PeptideMLM_lg,kan_base
fold4_idx15,4,1.0,1.3786501767754087e-05,aaronfeller_PeptideMLM_lg,kan_base
fold4_idx16,4,1.0,0.3470534384250641,aaronfeller_PeptideMLM_lg,kan_base
fold4_idx17,4,1.0,0.9994727969169616,aaronfeller_PeptideMLM_lg,kan_base
fold4_idx18,4,1.0,0.9967799782752992,aaronfeller_PeptideMLM_lg,kan_base
fold4_idx19,4,0.0,0.188610553741455,aaronfeller_PeptideMLM_lg,kan_base
fold4_idx20,4,1.0,0.8863601088523865,aaronfeller_PeptideMLM_lg,kan_base
fold4_idx21,4,0.0,0.0015312654431909,aaronfeller_PeptideMLM_lg,kan_base
fold4_idx22,4,0.0,0.0200223736464977,aaronfeller_PeptideMLM_lg,kan_base
fold4_idx23,4,0.0,0.0016759055433794,aaronfeller_PeptideMLM_lg,kan_base
fold4_idx24,4,1.0,0.998793125152588,aaronfeller_PeptideMLM_lg,kan_base
fold4_idx25,4,1.0,0.0229153577238321,aaronfeller_PeptideMLM_lg,kan_base
fold4_idx26,4,1.0,0.9995556473731996,aaronfeller_PeptideMLM_lg,kan_base
fold4_idx27,4,1.0,0.0008423220133408,aaronfeller_PeptideMLM_lg,kan_base
fold4_idx28,4,0.0,0.0036574841942638,aaronfeller_PeptideMLM_lg,kan_base
fold4_idx29,4,0.0,7.477838516933843e-05,aaronfeller_PeptideMLM_lg,kan_base
fold4_idx30,4,0.0,0.4876466691493988,aaronfeller_PeptideMLM_lg,kan_base
fold4_idx31,4,0.0,0.9902294278144836,aaronfeller_PeptideMLM_lg,kan_base
fold4_idx32,4,0.0,0.0001469862472731,aaronfeller_PeptideMLM_lg,kan_base
fold4_idx33,4,0.0,0.9923710823059082,aaronfeller_PeptideMLM_lg,kan_base
fold4_idx34,4,1.0,0.7750620245933533,aaronfeller_PeptideMLM_lg,kan_base
fold4_idx35,4,1.0,0.9991579055786132,aaronfeller_PeptideMLM_lg,kan_base
fold4_idx36,4,0.0,0.0035372169222682,aaronfeller_PeptideMLM_lg,kan_base
fold4_idx37,4,0.0,0.0173237100243568,aaronfeller_PeptideMLM_lg,kan_base
fold4_idx38,4,1.0,0.2756503224372864,aaronfeller_PeptideMLM_lg,kan_base
fold4_idx39,4,0.0,0.0004809423116967,aaronfeller_PeptideMLM_lg,kan_base
fold4_idx40,4,0.0,0.1274142265319824,aaronfeller_PeptideMLM_lg,kan_base
fold4_idx41,4,0.0,0.0125171123072505,aaronfeller_PeptideMLM_lg,kan_base
fold4_idx42,4,1.0,0.0743689835071563,aaronfeller_PeptideMLM_lg,kan_base
fold4_idx43,4,1.0,0.6418774724006653,aaronfeller_PeptideMLM_lg,kan_base
fold4_idx44,4,0.0,0.0001985708076972,aaronfeller_PeptideMLM_lg,kan_base
fold4_idx45,4,0.0,0.002092228969559,aaronfeller_PeptideMLM_lg,kan_base
fold4_idx46,4,1.0,0.00921215955168,aaronfeller_PeptideMLM_lg,kan_base
fold4_idx47,4,0.0,0.8281707167625427,aaronfeller_PeptideMLM_lg,kan_base
fold4_idx48,4,1.0,0.1827971339225769,aaronfeller_PeptideMLM_lg,kan_base
fold4_idx49,4,1.0,0.8240485191345215,aaronfeller_PeptideMLM_lg,kan_base
fold4_idx50,4,1.0,0.998695194721222,aaronfeller_PeptideMLM_lg,kan_base
fold4_idx51,4,0.0,0.0038505247794091,aaronfeller_PeptideMLM_lg,kan_base
fold4_idx52,4,0.0,0.616012454032898,aaronfeller_PeptideMLM_lg,kan_base
fold4_idx53,4,0.0,0.8692104816436768,aaronfeller_PeptideMLM_lg,kan_base
fold4_idx54,4,1.0,0.9999977350234984,aaronfeller_PeptideMLM_lg,kan_base
fold4_idx55,4,0.0,0.0057434132322669,aaronfeller_PeptideMLM_lg,kan_base
fold4_idx56,4,1.0,0.9662805199623108,aaronfeller_PeptideMLM_lg,kan_base
fold4_idx57,4,0.0,0.0059638693928718,aaronfeller_PeptideMLM_lg,kan_base
fold4_idx58,4,1.0,0.385937362909317,aaronfeller_PeptideMLM_lg,kan_base
fold4_idx59,4,0.0,0.1199294030666351,aaronfeller_PeptideMLM_lg,kan_base
fold4_idx60,4,1.0,0.8661347031593323,aaronfeller_PeptideMLM_lg,kan_base
fold4_idx61,4,1.0,0.99612694978714,aaronfeller_PeptideMLM_lg,kan_base
fold4_idx62,4,1.0,0.0580975525081157,aaronfeller_PeptideMLM_lg,kan_base
fold4_idx63,4,1.0,0.0521566942334175,aaronfeller_PeptideMLM_lg,kan_base
fold5_idx0,5,1.0,0.5082688927650452,aaronfeller_PeptideMLM_lg,kan_base
fold5_idx1,5,1.0,0.5064858794212341,aaronfeller_PeptideMLM_lg,kan_base
fold5_idx2,5,0.0,0.3433470726013183,aaronfeller_PeptideMLM_lg,kan_base
fold5_idx3,5,0.0,0.4014765620231628,aaronfeller_PeptideMLM_lg,kan_base
fold5_idx4,5,0.0,0.4059965312480926,aaronfeller_PeptideMLM_lg,kan_base
fold5_idx5,5,0.0,0.4106364250183105,aaronfeller_PeptideMLM_lg,kan_base
fold5_idx6,5,1.0,0.5954395532608032,aaronfeller_PeptideMLM_lg,kan_base
fold5_idx7,5,0.0,0.3864682912826538,aaronfeller_PeptideMLM_lg,kan_base
fold5_idx8,5,1.0,0.5677087903022766,aaronfeller_PeptideMLM_lg,kan_base
fold5_idx9,5,0.0,0.3393482267856598,aaronfeller_PeptideMLM_lg,kan_base
fold5_idx10,5,0.0,0.4366834461688995,aaronfeller_PeptideMLM_lg,kan_base
fold5_idx11,5,1.0,0.4417729675769806,aaronfeller_PeptideMLM_lg,kan_base
fold5_idx12,5,0.0,0.3971506953239441,aaronfeller_PeptideMLM_lg,kan_base
fold5_idx13,5,1.0,0.615463376045227,aaronfeller_PeptideMLM_lg,kan_base
fold5_idx14,5,0.0,0.856342077255249,aaronfeller_PeptideMLM_lg,kan_base
fold5_idx15,5,1.0,0.9091973900794984,aaronfeller_PeptideMLM_lg,kan_base
fold5_idx16,5,1.0,0.4483887851238251,aaronfeller_PeptideMLM_lg,kan_base
fold5_idx17,5,0.0,0.4297580122947693,aaronfeller_PeptideMLM_lg,kan_base
fold5_idx18,5,1.0,0.4495580792427063,aaronfeller_PeptideMLM_lg,kan_base
fold5_idx19,5,1.0,0.4381118416786194,aaronfeller_PeptideMLM_lg,kan_base
fold5_idx20,5,0.0,0.4327260851860046,aaronfeller_PeptideMLM_lg,kan_base
fold5_idx21,5,0.0,0.3596677482128143,aaronfeller_PeptideMLM_lg,kan_base
fold5_idx22,5,0.0,0.443199872970581,aaronfeller_PeptideMLM_lg,kan_base
fold5_idx23,5,0.0,0.4392740726470947,aaronfeller_PeptideMLM_lg,kan_base
fold5_idx24,5,1.0,0.4406082332134247,aaronfeller_PeptideMLM_lg,kan_base
fold5_idx25,5,0.0,0.4394175708293915,aaronfeller_PeptideMLM_lg,kan_base
fold5_idx26,5,1.0,0.5176781415939331,aaronfeller_PeptideMLM_lg,kan_base
fold5_idx27,5,0.0,0.4216960072517395,aaronfeller_PeptideMLM_lg,kan_base
fold5_idx28,5,0.0,0.34150430560112,aaronfeller_PeptideMLM_lg,kan_base
fold5_idx29,5,0.0,0.4468859136104584,aaronfeller_PeptideMLM_lg,kan_base
fold5_idx30,5,1.0,0.4569243192672729,aaronfeller_PeptideMLM_lg,kan_base
fold5_idx31,5,0.0,0.501456081867218,aaronfeller_PeptideMLM_lg,kan_base
fold5_idx32,5,1.0,0.4767950475215912,aaronfeller_PeptideMLM_lg,kan_base
fold5_idx33,5,0.0,0.3433457314968109,aaronfeller_PeptideMLM_lg,kan_base
fold5_idx34,5,1.0,0.507922351360321,aaronfeller_PeptideMLM_lg,kan_base
fold5_idx35,5,0.0,0.3082538247108459,aaronfeller_PeptideMLM_lg,kan_base
fold5_idx36,5,0.0,0.3320651352405548,aaronfeller_PeptideMLM_lg,kan_base
fold5_idx37,5,0.0,0.3624065816402435,aaronfeller_PeptideMLM_lg,kan_base
fold5_idx38,5,0.0,0.3376885950565338,aaronfeller_PeptideMLM_lg,kan_base
fold5_idx39,5,0.0,0.3973571062088012,aaronfeller_PeptideMLM_lg,kan_base
fold5_idx40,5,0.0,0.397964209318161,aaronfeller_PeptideMLM_lg,kan_base
fold5_idx41,5,0.0,0.418298065662384,aaronfeller_PeptideMLM_lg,kan_base
fold5_idx42,5,0.0,0.3296767473220825,aaronfeller_PeptideMLM_lg,kan_base
fold5_idx43,5,1.0,0.5257099866867065,aaronfeller_PeptideMLM_lg,kan_base
fold5_idx44,5,1.0,0.5272496342658997,aaronfeller_PeptideMLM_lg,kan_base
fold5_idx45,5,0.0,0.4251138269901275,aaronfeller_PeptideMLM_lg,kan_base
fold5_idx46,5,1.0,0.4603599309921264,aaronfeller_PeptideMLM_lg,kan_base
fold5_idx47,5,1.0,0.4723356366157532,aaronfeller_PeptideMLM_lg,kan_base
fold5_idx48,5,1.0,0.4704391360282898,aaronfeller_PeptideMLM_lg,kan_base
fold5_idx49,5,1.0,0.7462347149848938,aaronfeller_PeptideMLM_lg,kan_base
fold5_idx50,5,0.0,0.4633530676364898,aaronfeller_PeptideMLM_lg,kan_base
fold5_idx51,5,0.0,0.4140740633010864,aaronfeller_PeptideMLM_lg,kan_base
fold5_idx52,5,1.0,0.5028151273727417,aaronfeller_PeptideMLM_lg,kan_base
fold5_idx53,5,0.0,0.3744778633117676,aaronfeller_PeptideMLM_lg,kan_base
fold5_idx54,5,0.0,0.2878840565681457,aaronfeller_PeptideMLM_lg,kan_base
fold5_idx55,5,0.0,0.4515503644943237,aaronfeller_PeptideMLM_lg,kan_base
fold5_idx56,5,1.0,0.5294765830039978,aaronfeller_PeptideMLM_lg,kan_base
fold5_idx57,5,0.0,0.405247300863266,aaronfeller_PeptideMLM_lg,kan_base
fold5_idx58,5,1.0,0.5795953273773193,aaronfeller_PeptideMLM_lg,kan_base
fold5_idx59,5,0.0,0.4232894480228424,aaronfeller_PeptideMLM_lg,kan_base
fold5_idx60,5,0.0,0.4900927543640136,aaronfeller_PeptideMLM_lg,kan_base
fold5_idx61,5,0.0,0.4077518880367279,aaronfeller_PeptideMLM_lg,kan_base
fold5_idx62,5,0.0,0.4272039830684662,aaronfeller_PeptideMLM_lg,kan_base
fold5_idx63,5,0.0,0.4452896118164062,aaronfeller_PeptideMLM_lg,kan_base
fold6_idx0,6,0.0,0.2857911884784698,aaronfeller_PeptideMLM_lg,kan_base
fold6_idx1,6,0.0,0.0027861255221068,aaronfeller_PeptideMLM_lg,kan_base
fold6_idx2,6,0.0,0.8305522203445435,aaronfeller_PeptideMLM_lg,kan_base
fold6_idx3,6,0.0,0.0001375399588141,aaronfeller_PeptideMLM_lg,kan_base
fold6_idx4,6,0.0,0.0245860312134027,aaronfeller_PeptideMLM_lg,kan_base
fold6_idx5,6,0.0,7.311226363526657e-05,aaronfeller_PeptideMLM_lg,kan_base
fold6_idx6,6,1.0,0.9999306201934814,aaronfeller_PeptideMLM_lg,kan_base
fold6_idx7,6,0.0,0.4996076226234436,aaronfeller_PeptideMLM_lg,kan_base
fold6_idx8,6,1.0,0.9961321353912354,aaronfeller_PeptideMLM_lg,kan_base
fold6_idx9,6,0.0,0.0003425350005272,aaronfeller_PeptideMLM_lg,kan_base
fold6_idx10,6,1.0,0.9905455112457277,aaronfeller_PeptideMLM_lg,kan_base
fold6_idx11,6,0.0,2.0714447600767016e-05,aaronfeller_PeptideMLM_lg,kan_base
fold6_idx12,6,0.0,7.062688382575288e-06,aaronfeller_PeptideMLM_lg,kan_base
fold6_idx13,6,1.0,0.9997798800468444,aaronfeller_PeptideMLM_lg,kan_base
fold6_idx14,6,0.0,2.923032260682134e-09,aaronfeller_PeptideMLM_lg,kan_base
fold6_idx15,6,0.0,0.0015265536494553,aaronfeller_PeptideMLM_lg,kan_base
fold6_idx16,6,0.0,0.0305880717933177,aaronfeller_PeptideMLM_lg,kan_base
fold6_idx17,6,1.0,0.9999986886978148,aaronfeller_PeptideMLM_lg,kan_base
fold6_idx18,6,1.0,0.9425371289253236,aaronfeller_PeptideMLM_lg,kan_base
fold6_idx19,6,0.0,0.0484608113765716,aaronfeller_PeptideMLM_lg,kan_base
fold6_idx20,6,0.0,0.7655921578407288,aaronfeller_PeptideMLM_lg,kan_base
fold6_idx21,6,1.0,0.999950647354126,aaronfeller_PeptideMLM_lg,kan_base
fold6_idx22,6,1.0,0.9956727027893066,aaronfeller_PeptideMLM_lg,kan_base
fold6_idx23,6,0.0,0.0166591964662075,aaronfeller_PeptideMLM_lg,kan_base
fold6_idx24,6,1.0,0.9862746596336364,aaronfeller_PeptideMLM_lg,kan_base
fold6_idx25,6,1.0,0.913339912891388,aaronfeller_PeptideMLM_lg,kan_base
fold6_idx26,6,1.0,4.476994945434853e-06,aaronfeller_PeptideMLM_lg,kan_base
fold6_idx27,6,0.0,0.0001646917517064,aaronfeller_PeptideMLM_lg,kan_base
fold6_idx28,6,1.0,0.837209165096283,aaronfeller_PeptideMLM_lg,kan_base
fold6_idx29,6,1.0,0.0131691424176096,aaronfeller_PeptideMLM_lg,kan_base
fold6_idx30,6,0.0,0.1090441867709159,aaronfeller_PeptideMLM_lg,kan_base
fold6_idx31,6,1.0,0.9423639178276062,aaronfeller_PeptideMLM_lg,kan_base
fold6_idx32,6,0.0,0.2517035603523254,aaronfeller_PeptideMLM_lg,kan_base
fold6_idx33,6,1.0,0.395296961069107,aaronfeller_PeptideMLM_lg,kan_base
fold6_idx34,6,0.0,2.5795495730562834e-06,aaronfeller_PeptideMLM_lg,kan_base
fold6_idx35,6,1.0,0.0005296102608554,aaronfeller_PeptideMLM_lg,kan_base
fold6_idx36,6,0.0,7.094068132573739e-05,aaronfeller_PeptideMLM_lg,kan_base
fold6_idx37,6,1.0,0.0183407254517078,aaronfeller_PeptideMLM_lg,kan_base
fold6_idx38,6,0.0,0.0018382540438324,aaronfeller_PeptideMLM_lg,kan_base
fold6_idx39,6,0.0,0.0004822234914172,aaronfeller_PeptideMLM_lg,kan_base
fold6_idx40,6,0.0,3.710577630045009e-06,aaronfeller_PeptideMLM_lg,kan_base
fold6_idx41,6,0.0,8.744936349103227e-05,aaronfeller_PeptideMLM_lg,kan_base
fold6_idx42,6,0.0,1.2483646969485562e-05,aaronfeller_PeptideMLM_lg,kan_base
fold6_idx43,6,0.0,0.0017174312379211,aaronfeller_PeptideMLM_lg,kan_base
fold6_idx44,6,0.0,2.438173942209687e-05,aaronfeller_PeptideMLM_lg,kan_base
fold6_idx45,6,0.0,6.690938607789576e-05,aaronfeller_PeptideMLM_lg,kan_base
fold6_idx46,6,0.0,1.036503272189293e-05,aaronfeller_PeptideMLM_lg,kan_base
fold6_idx47,6,0.0,9.516958925814832e-06,aaronfeller_PeptideMLM_lg,kan_base
fold6_idx48,6,0.0,4.362825166026596e-06,aaronfeller_PeptideMLM_lg,kan_base
fold6_idx49,6,0.0,0.6144548058509827,aaronfeller_PeptideMLM_lg,kan_base
fold6_idx50,6,1.0,0.9979516863822936,aaronfeller_PeptideMLM_lg,kan_base
fold6_idx51,6,0.0,0.9849926233291626,aaronfeller_PeptideMLM_lg,kan_base
fold6_idx52,6,1.0,0.9993085861206056,aaronfeller_PeptideMLM_lg,kan_base
fold6_idx53,6,1.0,0.9409499168395996,aaronfeller_PeptideMLM_lg,kan_base
fold6_idx54,6,0.0,0.0002553146332502,aaronfeller_PeptideMLM_lg,kan_base
fold6_idx55,6,0.0,0.0038956773933023,aaronfeller_PeptideMLM_lg,kan_base
fold6_idx56,6,0.0,0.0005583444726653,aaronfeller_PeptideMLM_lg,kan_base
fold6_idx57,6,1.0,0.9145797491073608,aaronfeller_PeptideMLM_lg,kan_base
fold6_idx58,6,0.0,0.0013813244877383,aaronfeller_PeptideMLM_lg,kan_base
fold6_idx59,6,1.0,0.9998526573181152,aaronfeller_PeptideMLM_lg,kan_base
fold6_idx60,6,0.0,0.0236408784985542,aaronfeller_PeptideMLM_lg,kan_base
fold6_idx61,6,1.0,0.9702447652816772,aaronfeller_PeptideMLM_lg,kan_base
fold6_idx62,6,0.0,0.0001590503088664,aaronfeller_PeptideMLM_lg,kan_base
fold6_idx63,6,1.0,0.8743270039558411,aaronfeller_PeptideMLM_lg,kan_base
fold7_idx0,7,0.0,0.0163143873214721,aaronfeller_PeptideMLM_lg,kan_base
fold7_idx1,7,0.0,0.0024830384645611,aaronfeller_PeptideMLM_lg,kan_base
fold7_idx2,7,1.0,0.9997004270553588,aaronfeller_PeptideMLM_lg,kan_base
fold7_idx3,7,1.0,0.9998828172683716,aaronfeller_PeptideMLM_lg,kan_base
fold7_idx4,7,0.0,3.900599404005334e-05,aaronfeller_PeptideMLM_lg,kan_base
fold7_idx5,7,1.0,0.2400378882884979,aaronfeller_PeptideMLM_lg,kan_base
fold7_idx6,7,0.0,0.001498169847764,aaronfeller_PeptideMLM_lg,kan_base
fold7_idx7,7,1.0,0.0013310904614627,aaronfeller_PeptideMLM_lg,kan_base
fold7_idx8,7,0.0,0.1915619969367981,aaronfeller_PeptideMLM_lg,kan_base
fold7_idx9,7,0.0,5.408927609096281e-05,aaronfeller_PeptideMLM_lg,kan_base
fold7_idx10,7,1.0,0.978296399116516,aaronfeller_PeptideMLM_lg,kan_base
fold7_idx11,7,0.0,0.0002058834797935,aaronfeller_PeptideMLM_lg,kan_base
fold7_idx12,7,1.0,0.9852457642555236,aaronfeller_PeptideMLM_lg,kan_base
fold7_idx13,7,1.0,0.953295886516571,aaronfeller_PeptideMLM_lg,kan_base
fold7_idx14,7,0.0,0.0151086449623107,aaronfeller_PeptideMLM_lg,kan_base
fold7_idx15,7,1.0,0.3556663393974304,aaronfeller_PeptideMLM_lg,kan_base
fold7_idx16,7,1.0,0.9716269969940186,aaronfeller_PeptideMLM_lg,kan_base
fold7_idx17,7,0.0,0.0734492912888526,aaronfeller_PeptideMLM_lg,kan_base
fold7_idx18,7,1.0,0.9927916526794434,aaronfeller_PeptideMLM_lg,kan_base
fold7_idx19,7,0.0,0.0170210637152194,aaronfeller_PeptideMLM_lg,kan_base
fold7_idx20,7,1.0,0.6404582262039185,aaronfeller_PeptideMLM_lg,kan_base
fold7_idx21,7,0.0,0.0031120022758841,aaronfeller_PeptideMLM_lg,kan_base
fold7_idx22,7,0.0,0.0035052068997174,aaronfeller_PeptideMLM_lg,kan_base
fold7_idx23,7,0.0,5.102979048388079e-05,aaronfeller_PeptideMLM_lg,kan_base
fold7_idx24,7,1.0,0.0174561776220798,aaronfeller_PeptideMLM_lg,kan_base
fold7_idx25,7,1.0,0.9565467834472656,aaronfeller_PeptideMLM_lg,kan_base
fold7_idx26,7,1.0,0.1032726019620895,aaronfeller_PeptideMLM_lg,kan_base
fold7_idx27,7,1.0,0.8011252880096436,aaronfeller_PeptideMLM_lg,kan_base
fold7_idx28,7,0.0,5.5734359193593264e-05,aaronfeller_PeptideMLM_lg,kan_base
fold7_idx29,7,1.0,0.9989004135131836,aaronfeller_PeptideMLM_lg,kan_base
fold7_idx30,7,1.0,0.0138678150251507,aaronfeller_PeptideMLM_lg,kan_base
fold7_idx31,7,1.0,0.0004712734371423,aaronfeller_PeptideMLM_lg,kan_base
fold7_idx32,7,1.0,0.8991727232933044,aaronfeller_PeptideMLM_lg,kan_base
fold7_idx33,7,1.0,0.9995071887969972,aaronfeller_PeptideMLM_lg,kan_base
fold7_idx34,7,0.0,0.0217199958860874,aaronfeller_PeptideMLM_lg,kan_base
fold7_idx35,7,1.0,0.9833616614341736,aaronfeller_PeptideMLM_lg,kan_base
fold7_idx36,7,0.0,0.0009242991800419,aaronfeller_PeptideMLM_lg,kan_base
fold7_idx37,7,0.0,0.0001707716146484,aaronfeller_PeptideMLM_lg,kan_base
fold7_idx38,7,1.0,0.7670985460281372,aaronfeller_PeptideMLM_lg,kan_base
fold7_idx39,7,0.0,0.0001018988332361,aaronfeller_PeptideMLM_lg,kan_base
fold7_idx40,7,0.0,0.1729886978864669,aaronfeller_PeptideMLM_lg,kan_base
fold7_idx41,7,0.0,0.0679802149534225,aaronfeller_PeptideMLM_lg,kan_base
fold7_idx42,7,0.0,0.1691615581512451,aaronfeller_PeptideMLM_lg,kan_base
fold7_idx43,7,1.0,0.9930525422096252,aaronfeller_PeptideMLM_lg,kan_base
fold7_idx44,7,1.0,0.967846930027008,aaronfeller_PeptideMLM_lg,kan_base
fold7_idx45,7,1.0,0.9361489415168762,aaronfeller_PeptideMLM_lg,kan_base
fold7_idx46,7,1.0,0.9877952337265016,aaronfeller_PeptideMLM_lg,kan_base
fold7_idx47,7,1.0,0.9997419714927672,aaronfeller_PeptideMLM_lg,kan_base
fold7_idx48,7,0.0,0.0005672822007909,aaronfeller_PeptideMLM_lg,kan_base
fold7_idx49,7,0.0,3.191237556166016e-05,aaronfeller_PeptideMLM_lg,kan_base
fold7_idx50,7,1.0,0.9999395608901978,aaronfeller_PeptideMLM_lg,kan_base
fold7_idx51,7,0.0,0.7804237604141235,aaronfeller_PeptideMLM_lg,kan_base
fold7_idx52,7,1.0,0.9824895858764648,aaronfeller_PeptideMLM_lg,kan_base
fold7_idx53,7,1.0,0.9862802028656006,aaronfeller_PeptideMLM_lg,kan_base
fold7_idx54,7,1.0,0.9806075096130372,aaronfeller_PeptideMLM_lg,kan_base
fold7_idx55,7,0.0,0.0001503431703895,aaronfeller_PeptideMLM_lg,kan_base
fold7_idx56,7,0.0,4.154621819907334e-06,aaronfeller_PeptideMLM_lg,kan_base
fold7_idx57,7,0.0,0.000423443125328,aaronfeller_PeptideMLM_lg,kan_base
fold7_idx58,7,1.0,0.999303102493286,aaronfeller_PeptideMLM_lg,kan_base
fold7_idx59,7,1.0,0.0297713372856378,aaronfeller_PeptideMLM_lg,kan_base
fold7_idx60,7,0.0,0.0023847974371165,aaronfeller_PeptideMLM_lg,kan_base
fold7_idx61,7,0.0,0.0034836626145988,aaronfeller_PeptideMLM_lg,kan_base
fold7_idx62,7,0.0,0.0001294208486797,aaronfeller_PeptideMLM_lg,kan_base
fold7_idx63,7,0.0,0.0001312262320425,aaronfeller_PeptideMLM_lg,kan_base
fold8_idx0,8,1.0,0.9986230134963988,aaronfeller_PeptideMLM_lg,kan_base
fold8_idx1,8,1.0,0.3471565544605255,aaronfeller_PeptideMLM_lg,kan_base
fold8_idx2,8,0.0,7.772730896249413e-06,aaronfeller_PeptideMLM_lg,kan_base
fold8_idx3,8,0.0,0.0001261730649275,aaronfeller_PeptideMLM_lg,kan_base
fold8_idx4,8,1.0,0.994049906730652,aaronfeller_PeptideMLM_lg,kan_base
fold8_idx5,8,1.0,0.9954727292060852,aaronfeller_PeptideMLM_lg,kan_base
fold8_idx6,8,0.0,0.0708107575774192,aaronfeller_PeptideMLM_lg,kan_base
fold8_idx7,8,1.0,0.1905509233474731,aaronfeller_PeptideMLM_lg,kan_base
fold8_idx8,8,0.0,0.0012275547487661,aaronfeller_PeptideMLM_lg,kan_base
fold8_idx9,8,0.0,3.696725059398888e-07,aaronfeller_PeptideMLM_lg,kan_base
fold8_idx10,8,1.0,0.9998608827590942,aaronfeller_PeptideMLM_lg,kan_base
fold8_idx11,8,1.0,0.9996867179870604,aaronfeller_PeptideMLM_lg,kan_base
fold8_idx12,8,0.0,0.1339777410030365,aaronfeller_PeptideMLM_lg,kan_base
fold8_idx13,8,1.0,0.0810446739196777,aaronfeller_PeptideMLM_lg,kan_base
fold8_idx14,8,0.0,0.0238897241652011,aaronfeller_PeptideMLM_lg,kan_base
fold8_idx15,8,0.0,0.0521857179701328,aaronfeller_PeptideMLM_lg,kan_base
fold8_idx16,8,0.0,0.9635425209999084,aaronfeller_PeptideMLM_lg,kan_base
fold8_idx17,8,1.0,0.6700731515884399,aaronfeller_PeptideMLM_lg,kan_base
fold8_idx18,8,1.0,0.9997144341468812,aaronfeller_PeptideMLM_lg,kan_base
fold8_idx19,8,0.0,0.0001865808735601,aaronfeller_PeptideMLM_lg,kan_base
fold8_idx20,8,1.0,0.0881701409816742,aaronfeller_PeptideMLM_lg,kan_base
fold8_idx21,8,1.0,0.7355077266693115,aaronfeller_PeptideMLM_lg,kan_base
fold8_idx22,8,0.0,0.0001418758329236,aaronfeller_PeptideMLM_lg,kan_base
fold8_idx23,8,0.0,0.9002196788787842,aaronfeller_PeptideMLM_lg,kan_base
fold8_idx24,8,1.0,0.9745989441871644,aaronfeller_PeptideMLM_lg,kan_base
fold8_idx25,8,0.0,0.0023058634251356,aaronfeller_PeptideMLM_lg,kan_base
fold8_idx26,8,0.0,0.0016462486237287,aaronfeller_PeptideMLM_lg,kan_base
fold8_idx27,8,0.0,0.3950063586235046,aaronfeller_PeptideMLM_lg,kan_base
fold8_idx28,8,1.0,0.9973087310791016,aaronfeller_PeptideMLM_lg,kan_base
fold8_idx29,8,1.0,2.8262846171855927e-05,aaronfeller_PeptideMLM_lg,kan_base
fold8_idx30,8,0.0,0.0016618779627606,aaronfeller_PeptideMLM_lg,kan_base
fold8_idx31,8,0.0,0.0624860860407352,aaronfeller_PeptideMLM_lg,kan_base
fold8_idx32,8,1.0,0.9265084266662598,aaronfeller_PeptideMLM_lg,kan_base
fold8_idx33,8,0.0,1.5354018614743836e-05,aaronfeller_PeptideMLM_lg,kan_base
fold8_idx34,8,1.0,0.9518636465072632,aaronfeller_PeptideMLM_lg,kan_base
fold8_idx35,8,0.0,0.0393682979047298,aaronfeller_PeptideMLM_lg,kan_base
fold8_idx36,8,1.0,0.882987916469574,aaronfeller_PeptideMLM_lg,kan_base
fold8_idx37,8,0.0,0.006948054768145,aaronfeller_PeptideMLM_lg,kan_base
fold8_idx38,8,0.0,0.0005651884130202,aaronfeller_PeptideMLM_lg,kan_base
fold8_idx39,8,0.0,9.260356455342844e-05,aaronfeller_PeptideMLM_lg,kan_base
fold8_idx40,8,0.0,0.0003434551763348,aaronfeller_PeptideMLM_lg,kan_base
fold8_idx41,8,1.0,2.573495657998137e-05,aaronfeller_PeptideMLM_lg,kan_base
fold8_idx42,8,1.0,0.9264633059501648,aaronfeller_PeptideMLM_lg,kan_base
fold8_idx43,8,0.0,0.5596178770065308,aaronfeller_PeptideMLM_lg,kan_base
fold8_idx44,8,1.0,0.9352338314056396,aaronfeller_PeptideMLM_lg,kan_base
fold8_idx45,8,0.0,0.0011312998831272,aaronfeller_PeptideMLM_lg,kan_base
fold8_idx46,8,0.0,0.9522470235824584,aaronfeller_PeptideMLM_lg,kan_base
fold8_idx47,8,1.0,0.1328012347221374,aaronfeller_PeptideMLM_lg,kan_base
fold8_idx48,8,0.0,0.0002057592646451,aaronfeller_PeptideMLM_lg,kan_base
fold8_idx49,8,0.0,0.0003273489128332,aaronfeller_PeptideMLM_lg,kan_base
fold8_idx50,8,0.0,4.091580194653943e-06,aaronfeller_PeptideMLM_lg,kan_base
fold8_idx51,8,1.0,0.6772269010543823,aaronfeller_PeptideMLM_lg,kan_base
fold8_idx52,8,0.0,3.55065094481688e-05,aaronfeller_PeptideMLM_lg,kan_base
fold8_idx53,8,0.0,0.4687061905860901,aaronfeller_PeptideMLM_lg,kan_base
fold8_idx54,8,0.0,0.0152331916615366,aaronfeller_PeptideMLM_lg,kan_base
fold8_idx55,8,0.0,4.7325038110557216e-08,aaronfeller_PeptideMLM_lg,kan_base
fold8_idx56,8,0.0,0.0043208892457187,aaronfeller_PeptideMLM_lg,kan_base
fold8_idx57,8,1.0,0.9969935417175292,aaronfeller_PeptideMLM_lg,kan_base
fold8_idx58,8,1.0,3.270819433964789e-05,aaronfeller_PeptideMLM_lg,kan_base
fold8_idx59,8,0.0,0.8967831134796143,aaronfeller_PeptideMLM_lg,kan_base
fold8_idx60,8,1.0,0.0002441422257106,aaronfeller_PeptideMLM_lg,kan_base
fold8_idx61,8,1.0,0.8098215460777283,aaronfeller_PeptideMLM_lg,kan_base
fold8_idx62,8,0.0,1.3595632708529592e-06,aaronfeller_PeptideMLM_lg,kan_base
fold8_idx63,8,0.0,1.8018462242253008e-06,aaronfeller_PeptideMLM_lg,kan_base
fold9_idx0,9,1.0,0.9846738576889038,aaronfeller_PeptideMLM_lg,kan_base
fold9_idx1,9,0.0,0.2526949644088745,aaronfeller_PeptideMLM_lg,kan_base
fold9_idx2,9,1.0,0.0027805203571915,aaronfeller_PeptideMLM_lg,kan_base
fold9_idx3,9,1.0,0.9903154969215392,aaronfeller_PeptideMLM_lg,kan_base
fold9_idx4,9,0.0,0.0001262407022295,aaronfeller_PeptideMLM_lg,kan_base
fold9_idx5,9,0.0,0.7065641283988953,aaronfeller_PeptideMLM_lg,kan_base
fold9_idx6,9,0.0,0.0105023980140686,aaronfeller_PeptideMLM_lg,kan_base
fold9_idx7,9,0.0,0.0187167841941118,aaronfeller_PeptideMLM_lg,kan_base
fold9_idx8,9,0.0,0.0003698433865793,aaronfeller_PeptideMLM_lg,kan_base
fold9_idx9,9,0.0,0.1714106053113937,aaronfeller_PeptideMLM_lg,kan_base
fold9_idx10,9,0.0,0.9800435304641724,aaronfeller_PeptideMLM_lg,kan_base
fold9_idx11,9,0.0,0.0001104229595512,aaronfeller_PeptideMLM_lg,kan_base
fold9_idx12,9,1.0,0.96696799993515,aaronfeller_PeptideMLM_lg,kan_base
fold9_idx13,9,1.0,0.0041180914267897,aaronfeller_PeptideMLM_lg,kan_base
fold9_idx14,9,1.0,0.1912012696266174,aaronfeller_PeptideMLM_lg,kan_base
fold9_idx15,9,1.0,0.999991774559021,aaronfeller_PeptideMLM_lg,kan_base
fold9_idx16,9,1.0,0.99348783493042,aaronfeller_PeptideMLM_lg,kan_base
fold9_idx17,9,0.0,0.2651164531707763,aaronfeller_PeptideMLM_lg,kan_base
fold9_idx18,9,0.0,0.089019276201725,aaronfeller_PeptideMLM_lg,kan_base
fold9_idx19,9,0.0,6.115289579611272e-05,aaronfeller_PeptideMLM_lg,kan_base
fold9_idx20,9,1.0,0.9806437492370604,aaronfeller_PeptideMLM_lg,kan_base
fold9_idx21,9,1.0,0.9711073637008668,aaronfeller_PeptideMLM_lg,kan_base
fold9_idx22,9,1.0,1.0,aaronfeller_PeptideMLM_lg,kan_base
fold9_idx23,9,1.0,0.7884065508842468,aaronfeller_PeptideMLM_lg,kan_base
fold9_idx24,9,1.0,0.2968296706676483,aaronfeller_PeptideMLM_lg,kan_base
fold9_idx25,9,0.0,9.843571024248376e-05,aaronfeller_PeptideMLM_lg,kan_base
fold9_idx26,9,0.0,0.8043321371078491,aaronfeller_PeptideMLM_lg,kan_base
fold9_idx27,9,0.0,0.9998142123222352,aaronfeller_PeptideMLM_lg,kan_base
fold9_idx28,9,1.0,0.9918636083602904,aaronfeller_PeptideMLM_lg,kan_base
fold9_idx29,9,0.0,0.0033167200163006,aaronfeller_PeptideMLM_lg,kan_base
fold9_idx30,9,1.0,0.9974271655082704,aaronfeller_PeptideMLM_lg,kan_base
fold9_idx31,9,0.0,0.0164379812777042,aaronfeller_PeptideMLM_lg,kan_base
fold9_idx32,9,0.0,0.0008494806825183,aaronfeller_PeptideMLM_lg,kan_base
fold9_idx33,9,0.0,0.000931653776206,aaronfeller_PeptideMLM_lg,kan_base
fold9_idx34,9,0.0,0.0066920458339154,aaronfeller_PeptideMLM_lg,kan_base
fold9_idx35,9,0.0,0.0001251848734682,aaronfeller_PeptideMLM_lg,kan_base
fold9_idx36,9,0.0,0.3550749123096466,aaronfeller_PeptideMLM_lg,kan_base
fold9_idx37,9,1.0,0.7878220677375793,aaronfeller_PeptideMLM_lg,kan_base
fold9_idx38,9,0.0,0.4771038591861725,aaronfeller_PeptideMLM_lg,kan_base
fold9_idx39,9,1.0,0.9914616346359252,aaronfeller_PeptideMLM_lg,kan_base
fold9_idx40,9,0.0,3.6286877730162814e-05,aaronfeller_PeptideMLM_lg,kan_base
fold9_idx41,9,1.0,0.9999994039535522,aaronfeller_PeptideMLM_lg,kan_base
fold9_idx42,9,1.0,0.9999123811721802,aaronfeller_PeptideMLM_lg,kan_base
fold9_idx43,9,1.0,0.9999185800552368,aaronfeller_PeptideMLM_lg,kan_base
fold9_idx44,9,1.0,0.9974693059921264,aaronfeller_PeptideMLM_lg,kan_base
fold9_idx45,9,0.0,4.28152343374677e-05,aaronfeller_PeptideMLM_lg,kan_base
fold9_idx46,9,0.0,0.0001200250699184,aaronfeller_PeptideMLM_lg,kan_base
fold9_idx47,9,1.0,0.9862853288650512,aaronfeller_PeptideMLM_lg,kan_base
fold9_idx48,9,0.0,0.0048682950437068,aaronfeller_PeptideMLM_lg,kan_base
fold9_idx49,9,0.0,0.0005349207203835,aaronfeller_PeptideMLM_lg,kan_base
fold9_idx50,9,1.0,0.9898143410682678,aaronfeller_PeptideMLM_lg,kan_base
fold9_idx51,9,0.0,0.04257058724761,aaronfeller_PeptideMLM_lg,kan_base
fold9_idx52,9,0.0,0.0005405762931331,aaronfeller_PeptideMLM_lg,kan_base
fold9_idx53,9,1.0,0.6274617910385132,aaronfeller_PeptideMLM_lg,kan_base
fold9_idx54,9,0.0,7.600136768814991e-07,aaronfeller_PeptideMLM_lg,kan_base
fold9_idx55,9,0.0,0.2355689108371734,aaronfeller_PeptideMLM_lg,kan_base
fold9_idx56,9,0.0,0.0125892926007509,aaronfeller_PeptideMLM_lg,kan_base
fold9_idx57,9,1.0,0.9999995231628418,aaronfeller_PeptideMLM_lg,kan_base
fold9_idx58,9,0.0,0.493361622095108,aaronfeller_PeptideMLM_lg,kan_base
fold9_idx59,9,1.0,0.9430788159370422,aaronfeller_PeptideMLM_lg,kan_base
fold9_idx60,9,1.0,0.999985694885254,aaronfeller_PeptideMLM_lg,kan_base
fold9_idx61,9,0.0,0.7522183656692505,aaronfeller_PeptideMLM_lg,kan_base
fold9_idx62,9,1.0,0.8595064878463745,aaronfeller_PeptideMLM_lg,kan_base
fold9_idx63,9,0.0,0.0002110576460836,aaronfeller_PeptideMLM_lg,kan_base
fold10_idx0,10,0.0,0.3691080808639526,aaronfeller_PeptideMLM_lg,kan_base
fold10_idx1,10,1.0,3.6372721297084354e-06,aaronfeller_PeptideMLM_lg,kan_base
fold10_idx2,10,0.0,0.2967402637004852,aaronfeller_PeptideMLM_lg,kan_base
fold10_idx3,10,0.0,0.2832931876182556,aaronfeller_PeptideMLM_lg,kan_base
fold10_idx4,10,0.0,0.0241029728204011,aaronfeller_PeptideMLM_lg,kan_base
fold10_idx5,10,1.0,1.0,aaronfeller_PeptideMLM_lg,kan_base
fold10_idx6,10,0.0,7.613731577293947e-05,aaronfeller_PeptideMLM_lg,kan_base
fold10_idx7,10,0.0,4.9048797023942825e-08,aaronfeller_PeptideMLM_lg,kan_base
fold10_idx8,10,0.0,0.2555859982967376,aaronfeller_PeptideMLM_lg,kan_base
fold10_idx9,10,1.0,0.0015989611856639,aaronfeller_PeptideMLM_lg,kan_base
fold10_idx10,10,0.0,0.0013204851420596,aaronfeller_PeptideMLM_lg,kan_base
fold10_idx11,10,0.0,0.7110260725021362,aaronfeller_PeptideMLM_lg,kan_base
fold10_idx12,10,0.0,0.7252432703971863,aaronfeller_PeptideMLM_lg,kan_base
fold10_idx13,10,0.0,0.999934196472168,aaronfeller_PeptideMLM_lg,kan_base
fold10_idx14,10,1.0,0.0338733978569507,aaronfeller_PeptideMLM_lg,kan_base
fold10_idx15,10,0.0,0.0858627036213874,aaronfeller_PeptideMLM_lg,kan_base
fold10_idx16,10,1.0,0.9999314546585084,aaronfeller_PeptideMLM_lg,kan_base
fold10_idx17,10,1.0,0.9410999417304992,aaronfeller_PeptideMLM_lg,kan_base
fold10_idx18,10,1.0,0.8309829235076904,aaronfeller_PeptideMLM_lg,kan_base
fold10_idx19,10,0.0,0.002920908620581,aaronfeller_PeptideMLM_lg,kan_base
fold10_idx20,10,0.0,9.307129289481963e-09,aaronfeller_PeptideMLM_lg,kan_base
fold10_idx21,10,1.0,0.9835294485092164,aaronfeller_PeptideMLM_lg,kan_base
fold10_idx22,10,0.0,0.6108971834182739,aaronfeller_PeptideMLM_lg,kan_base
fold10_idx23,10,0.0,0.1480255424976349,aaronfeller_PeptideMLM_lg,kan_base
fold10_idx24,10,1.0,0.0368241257965564,aaronfeller_PeptideMLM_lg,kan_base
fold10_idx25,10,0.0,0.0720050260424614,aaronfeller_PeptideMLM_lg,kan_base
fold10_idx26,10,0.0,0.3615517318248749,aaronfeller_PeptideMLM_lg,kan_base
fold10_idx27,10,1.0,0.3659375607967376,aaronfeller_PeptideMLM_lg,kan_base
fold10_idx28,10,0.0,0.3611272573471069,aaronfeller_PeptideMLM_lg,kan_base
fold10_idx29,10,0.0,1.7686188584775664e-06,aaronfeller_PeptideMLM_lg,kan_base
fold10_idx30,10,1.0,0.9999603033065796,aaronfeller_PeptideMLM_lg,kan_base
fold10_idx31,10,0.0,0.1015161648392677,aaronfeller_PeptideMLM_lg,kan_base
fold10_idx32,10,1.0,0.2384496182203292,aaronfeller_PeptideMLM_lg,kan_base
fold10_idx33,10,1.0,0.9999849796295166,aaronfeller_PeptideMLM_lg,kan_base
fold10_idx34,10,1.0,0.000120286407764,aaronfeller_PeptideMLM_lg,kan_base
fold10_idx35,10,1.0,0.9999953508377076,aaronfeller_PeptideMLM_lg,kan_base
fold10_idx36,10,0.0,5.4610361985396594e-05,aaronfeller_PeptideMLM_lg,kan_base
fold10_idx37,10,0.0,5.513336873264052e-05,aaronfeller_PeptideMLM_lg,kan_base
fold10_idx38,10,1.0,0.0003850291250273,aaronfeller_PeptideMLM_lg,kan_base
fold10_idx39,10,0.0,0.0110246650874614,aaronfeller_PeptideMLM_lg,kan_base
fold10_idx40,10,0.0,2.317540565854869e-05,aaronfeller_PeptideMLM_lg,kan_base
fold10_idx41,10,0.0,7.46114892535843e-05,aaronfeller_PeptideMLM_lg,kan_base
fold10_idx42,10,0.0,0.0001205452281283,aaronfeller_PeptideMLM_lg,kan_base
fold10_idx43,10,0.0,0.0010530303698033,aaronfeller_PeptideMLM_lg,kan_base
fold10_idx44,10,0.0,0.0014780288329347,aaronfeller_PeptideMLM_lg,kan_base
fold10_idx45,10,0.0,2.23937900045712e-06,aaronfeller_PeptideMLM_lg,kan_base
fold10_idx46,10,1.0,0.995314598083496,aaronfeller_PeptideMLM_lg,kan_base
fold10_idx47,10,1.0,0.9425528049468994,aaronfeller_PeptideMLM_lg,kan_base
fold10_idx48,10,0.0,0.0191785637289285,aaronfeller_PeptideMLM_lg,kan_base
fold10_idx49,10,1.0,0.9996128678321838,aaronfeller_PeptideMLM_lg,kan_base
fold10_idx50,10,0.0,0.9999903440475464,aaronfeller_PeptideMLM_lg,kan_base
fold10_idx51,10,1.0,0.999961256980896,aaronfeller_PeptideMLM_lg,kan_base
fold10_idx52,10,0.0,0.0011592044029384,aaronfeller_PeptideMLM_lg,kan_base
fold10_idx53,10,1.0,0.0709443539381027,aaronfeller_PeptideMLM_lg,kan_base
fold10_idx54,10,0.0,6.57107520964928e-05,aaronfeller_PeptideMLM_lg,kan_base
fold10_idx55,10,1.0,0.99977844953537,aaronfeller_PeptideMLM_lg,kan_base
fold10_idx56,10,0.0,1.3414485692919698e-05,aaronfeller_PeptideMLM_lg,kan_base
fold10_idx57,10,0.0,0.9604892730712892,aaronfeller_PeptideMLM_lg,kan_base
fold10_idx58,10,0.0,4.167149199929554e-06,aaronfeller_PeptideMLM_lg,kan_base
fold10_idx59,10,1.0,2.8538163405755768e-06,aaronfeller_PeptideMLM_lg,kan_base
fold10_idx60,10,1.0,0.99999737739563,aaronfeller_PeptideMLM_lg,kan_base
fold10_idx61,10,1.0,0.9998700618743896,aaronfeller_PeptideMLM_lg,kan_base
fold10_idx62,10,1.0,0.7703461647033691,aaronfeller_PeptideMLM_lg,kan_base
fold10_idx63,10,0.0,0.0002219788730144,aaronfeller_PeptideMLM_lg,kan_base
fold1_idx0,1,0.0,0.2712820768356323,aaronfeller_PeptideMTR_lg,kan_base
fold1_idx1,1,0.0,0.0069858105853199,aaronfeller_PeptideMTR_lg,kan_base
fold1_idx2,1,1.0,0.9979808926582336,aaronfeller_PeptideMTR_lg,kan_base
fold1_idx3,1,0.0,0.0927099138498306,aaronfeller_PeptideMTR_lg,kan_base
fold1_idx4,1,0.0,0.0010689853224903,aaronfeller_PeptideMTR_lg,kan_base
fold1_idx5,1,0.0,0.0032161786220967,aaronfeller_PeptideMTR_lg,kan_base
fold1_idx6,1,0.0,0.0002209090453106,aaronfeller_PeptideMTR_lg,kan_base
fold1_idx7,1,1.0,0.997618854045868,aaronfeller_PeptideMTR_lg,kan_base
fold1_idx8,1,0.0,0.5398727059364319,aaronfeller_PeptideMTR_lg,kan_base
fold1_idx9,1,1.0,0.9669294357299804,aaronfeller_PeptideMTR_lg,kan_base
fold1_idx10,1,0.0,0.0102042471989989,aaronfeller_PeptideMTR_lg,kan_base
fold1_idx11,1,1.0,0.0037861731834709,aaronfeller_PeptideMTR_lg,kan_base
fold1_idx12,1,1.0,0.5194914937019348,aaronfeller_PeptideMTR_lg,kan_base
fold1_idx13,1,1.0,0.7774237990379333,aaronfeller_PeptideMTR_lg,kan_base
fold1_idx14,1,0.0,0.0266218967735767,aaronfeller_PeptideMTR_lg,kan_base
fold1_idx15,1,1.0,0.9887278079986572,aaronfeller_PeptideMTR_lg,kan_base
fold1_idx16,1,0.0,0.1077392473816871,aaronfeller_PeptideMTR_lg,kan_base
fold1_idx17,1,1.0,0.7842193245887756,aaronfeller_PeptideMTR_lg,kan_base
fold1_idx18,1,0.0,0.9959881901741028,aaronfeller_PeptideMTR_lg,kan_base
fold1_idx19,1,1.0,0.9882277846336364,aaronfeller_PeptideMTR_lg,kan_base
fold1_idx20,1,1.0,0.9918010830879213,aaronfeller_PeptideMTR_lg,kan_base
fold1_idx21,1,1.0,0.5614498257637024,aaronfeller_PeptideMTR_lg,kan_base
fold1_idx22,1,1.0,0.2904433012008667,aaronfeller_PeptideMTR_lg,kan_base
fold1_idx23,1,1.0,0.8976491689682007,aaronfeller_PeptideMTR_lg,kan_base
fold1_idx24,1,1.0,0.8522019982337952,aaronfeller_PeptideMTR_lg,kan_base
fold1_idx25,1,0.0,0.0030348284635692,aaronfeller_PeptideMTR_lg,kan_base
fold1_idx26,1,1.0,0.3740443885326385,aaronfeller_PeptideMTR_lg,kan_base
fold1_idx27,1,1.0,0.2197984606027603,aaronfeller_PeptideMTR_lg,kan_base
fold1_idx28,1,0.0,9.241038060281426e-05,aaronfeller_PeptideMTR_lg,kan_base
fold1_idx29,1,0.0,0.0066471933387219,aaronfeller_PeptideMTR_lg,kan_base
fold1_idx30,1,0.0,0.0033707267139106,aaronfeller_PeptideMTR_lg,kan_base
fold1_idx31,1,0.0,0.0124611081555485,aaronfeller_PeptideMTR_lg,kan_base
fold1_idx32,1,1.0,0.7521225810050964,aaronfeller_PeptideMTR_lg,kan_base
fold1_idx33,1,1.0,0.4444679915904999,aaronfeller_PeptideMTR_lg,kan_base
fold1_idx34,1,0.0,0.6563724279403687,aaronfeller_PeptideMTR_lg,kan_base
fold1_idx35,1,1.0,0.983038067817688,aaronfeller_PeptideMTR_lg,kan_base
fold1_idx36,1,0.0,0.005379376001656,aaronfeller_PeptideMTR_lg,kan_base
fold1_idx37,1,0.0,5.961810074950336e-06,aaronfeller_PeptideMTR_lg,kan_base
fold1_idx38,1,1.0,0.9901318550109864,aaronfeller_PeptideMTR_lg,kan_base
fold1_idx39,1,1.0,0.860813319683075,aaronfeller_PeptideMTR_lg,kan_base
fold1_idx40,1,0.0,0.0022870860993862,aaronfeller_PeptideMTR_lg,kan_base
fold1_idx41,1,0.0,0.019935393705964,aaronfeller_PeptideMTR_lg,kan_base
fold1_idx42,1,0.0,0.0010004094801843,aaronfeller_PeptideMTR_lg,kan_base
fold1_idx43,1,0.0,0.0012130765244364,aaronfeller_PeptideMTR_lg,kan_base
fold1_idx44,1,0.0,0.0004879382322542,aaronfeller_PeptideMTR_lg,kan_base
fold1_idx45,1,0.0,0.0006040063453838,aaronfeller_PeptideMTR_lg,kan_base
fold1_idx46,1,0.0,0.0002475154178682,aaronfeller_PeptideMTR_lg,kan_base
fold1_idx47,1,0.0,0.0002500579576008,aaronfeller_PeptideMTR_lg,kan_base
fold1_idx48,1,0.0,7.499461207771674e-05,aaronfeller_PeptideMTR_lg,kan_base
fold1_idx49,1,0.0,0.000120189077279,aaronfeller_PeptideMTR_lg,kan_base
fold1_idx50,1,0.0,0.0021974379196763,aaronfeller_PeptideMTR_lg,kan_base
fold1_idx51,1,0.0,0.0053691519424319,aaronfeller_PeptideMTR_lg,kan_base
fold1_idx52,1,0.0,0.99202698469162,aaronfeller_PeptideMTR_lg,kan_base
fold1_idx53,1,1.0,0.9996373653411864,aaronfeller_PeptideMTR_lg,kan_base
fold1_idx54,1,0.0,0.0040567796677351,aaronfeller_PeptideMTR_lg,kan_base
fold1_idx55,1,1.0,0.855445146560669,aaronfeller_PeptideMTR_lg,kan_base
fold1_idx56,1,0.0,0.0056817005388438,aaronfeller_PeptideMTR_lg,kan_base
fold1_idx57,1,0.0,0.0131141291931271,aaronfeller_PeptideMTR_lg,kan_base
fold1_idx58,1,0.0,0.22417713701725,aaronfeller_PeptideMTR_lg,kan_base
fold1_idx59,1,1.0,0.9173625111579896,aaronfeller_PeptideMTR_lg,kan_base
fold1_idx60,1,1.0,0.5885850191116333,aaronfeller_PeptideMTR_lg,kan_base
fold1_idx61,1,1.0,0.9994741082191468,aaronfeller_PeptideMTR_lg,kan_base
fold1_idx62,1,1.0,0.99946528673172,aaronfeller_PeptideMTR_lg,kan_base
fold1_idx63,1,0.0,0.0037648219149559,aaronfeller_PeptideMTR_lg,kan_base
fold2_idx0,2,0.0,0.1502196937799453,aaronfeller_PeptideMTR_lg,kan_base
fold2_idx1,2,0.0,2.9808961699018255e-07,aaronfeller_PeptideMTR_lg,kan_base
fold2_idx2,2,0.0,0.1711969375610351,aaronfeller_PeptideMTR_lg,kan_base
fold2_idx3,2,1.0,0.9711313247680664,aaronfeller_PeptideMTR_lg,kan_base
fold2_idx4,2,0.0,0.6292452216148376,aaronfeller_PeptideMTR_lg,kan_base
fold2_idx5,2,1.0,0.7355888485908508,aaronfeller_PeptideMTR_lg,kan_base
fold2_idx6,2,0.0,0.7586990594863892,aaronfeller_PeptideMTR_lg,kan_base
fold2_idx7,2,1.0,0.971589982509613,aaronfeller_PeptideMTR_lg,kan_base
fold2_idx8,2,1.0,0.9777577519416808,aaronfeller_PeptideMTR_lg,kan_base
fold2_idx9,2,0.0,0.0581709407269954,aaronfeller_PeptideMTR_lg,kan_base
fold2_idx10,2,0.0,0.0207182541489601,aaronfeller_PeptideMTR_lg,kan_base
fold2_idx11,2,1.0,0.8532968163490295,aaronfeller_PeptideMTR_lg,kan_base
fold2_idx12,2,1.0,0.9893832802772522,aaronfeller_PeptideMTR_lg,kan_base
fold2_idx13,2,0.0,0.7092365026473999,aaronfeller_PeptideMTR_lg,kan_base
fold2_idx14,2,1.0,0.7177884578704834,aaronfeller_PeptideMTR_lg,kan_base
fold2_idx15,2,0.0,0.4228055775165558,aaronfeller_PeptideMTR_lg,kan_base
fold2_idx16,2,1.0,0.9898927807807922,aaronfeller_PeptideMTR_lg,kan_base
fold2_idx17,2,0.0,0.2595689296722412,aaronfeller_PeptideMTR_lg,kan_base
fold2_idx18,2,0.0,0.0942237377166748,aaronfeller_PeptideMTR_lg,kan_base
fold2_idx19,2,0.0,0.7784548997879028,aaronfeller_PeptideMTR_lg,kan_base
fold2_idx20,2,1.0,0.6071262955665588,aaronfeller_PeptideMTR_lg,kan_base
fold2_idx21,2,1.0,0.9998546838760376,aaronfeller_PeptideMTR_lg,kan_base
fold2_idx22,2,1.0,0.9909217953681946,aaronfeller_PeptideMTR_lg,kan_base
fold2_idx23,2,0.0,0.1874490976333618,aaronfeller_PeptideMTR_lg,kan_base
fold2_idx24,2,0.0,0.0199626106768846,aaronfeller_PeptideMTR_lg,kan_base
fold2_idx25,2,0.0,0.0177946034818887,aaronfeller_PeptideMTR_lg,kan_base
fold2_idx26,2,0.0,0.0122070917859673,aaronfeller_PeptideMTR_lg,kan_base
fold2_idx27,2,0.0,0.0708888545632362,aaronfeller_PeptideMTR_lg,kan_base
fold2_idx28,2,0.0,0.0005687857046723,aaronfeller_PeptideMTR_lg,kan_base
fold2_idx29,2,1.0,0.1388307958841323,aaronfeller_PeptideMTR_lg,kan_base
fold2_idx30,2,0.0,0.0619342438876628,aaronfeller_PeptideMTR_lg,kan_base
fold2_idx31,2,0.0,0.0028151508886367,aaronfeller_PeptideMTR_lg,kan_base
fold2_idx32,2,0.0,1.44575756166887e-06,aaronfeller_PeptideMTR_lg,kan_base
fold2_idx33,2,0.0,1.095612060453277e-05,aaronfeller_PeptideMTR_lg,kan_base
fold2_idx34,2,0.0,1.0529221071919892e-05,aaronfeller_PeptideMTR_lg,kan_base
fold2_idx35,2,0.0,0.9778832197189332,aaronfeller_PeptideMTR_lg,kan_base
fold2_idx36,2,0.0,0.0002181548916269,aaronfeller_PeptideMTR_lg,kan_base
fold2_idx37,2,0.0,0.0003140374028589,aaronfeller_PeptideMTR_lg,kan_base
fold2_idx38,2,0.0,3.3158874430228025e-05,aaronfeller_PeptideMTR_lg,kan_base
fold2_idx39,2,0.0,7.669382466701791e-05,aaronfeller_PeptideMTR_lg,kan_base
fold2_idx40,2,0.0,0.0001041265131789,aaronfeller_PeptideMTR_lg,kan_base
fold2_idx41,2,0.0,0.0002899017708841,aaronfeller_PeptideMTR_lg,kan_base
fold2_idx42,2,0.0,8.271449041785672e-05,aaronfeller_PeptideMTR_lg,kan_base
fold2_idx43,2,0.0,8.77185448189266e-05,aaronfeller_PeptideMTR_lg,kan_base
fold2_idx44,2,1.0,0.9638432264328004,aaronfeller_PeptideMTR_lg,kan_base
fold2_idx45,2,1.0,0.9183608889579772,aaronfeller_PeptideMTR_lg,kan_base
fold2_idx46,2,1.0,0.8768747448921204,aaronfeller_PeptideMTR_lg,kan_base
fold2_idx47,2,0.0,0.0401426330208778,aaronfeller_PeptideMTR_lg,kan_base
fold2_idx48,2,0.0,0.0004074678290635,aaronfeller_PeptideMTR_lg,kan_base
fold2_idx49,2,0.0,0.0010951572330668,aaronfeller_PeptideMTR_lg,kan_base
fold2_idx50,2,0.0,0.0322492867708206,aaronfeller_PeptideMTR_lg,kan_base
fold2_idx51,2,0.0,0.5195451974868774,aaronfeller_PeptideMTR_lg,kan_base
fold2_idx52,2,0.0,0.0050229271873831,aaronfeller_PeptideMTR_lg,kan_base
fold2_idx53,2,1.0,0.9708135724067688,aaronfeller_PeptideMTR_lg,kan_base
fold2_idx54,2,1.0,0.9714055061340332,aaronfeller_PeptideMTR_lg,kan_base
fold2_idx55,2,1.0,0.9704298377037048,aaronfeller_PeptideMTR_lg,kan_base
fold2_idx56,2,0.0,0.0008709651301614,aaronfeller_PeptideMTR_lg,kan_base
fold2_idx57,2,1.0,0.9183583855628968,aaronfeller_PeptideMTR_lg,kan_base
fold2_idx58,2,0.0,0.0034935176372528,aaronfeller_PeptideMTR_lg,kan_base
fold2_idx59,2,1.0,0.9994045495986938,aaronfeller_PeptideMTR_lg,kan_base
fold2_idx60,2,0.0,0.0006472012028098,aaronfeller_PeptideMTR_lg,kan_base
fold2_idx61,2,0.0,0.0033545864280313,aaronfeller_PeptideMTR_lg,kan_base
fold2_idx62,2,1.0,0.2135864049196243,aaronfeller_PeptideMTR_lg,kan_base
fold2_idx63,2,0.0,0.9721439480781556,aaronfeller_PeptideMTR_lg,kan_base
fold3_idx0,3,0.0,1.3210609722591473e-05,aaronfeller_PeptideMTR_lg,kan_base
fold3_idx1,3,0.0,0.0193662010133266,aaronfeller_PeptideMTR_lg,kan_base
fold3_idx2,3,0.0,0.000165845893207,aaronfeller_PeptideMTR_lg,kan_base
fold3_idx3,3,0.0,6.834226951468736e-05,aaronfeller_PeptideMTR_lg,kan_base
fold3_idx4,3,0.0,0.4811453819274902,aaronfeller_PeptideMTR_lg,kan_base
fold3_idx5,3,0.0,0.054027322679758,aaronfeller_PeptideMTR_lg,kan_base
fold3_idx6,3,0.0,0.000518215005286,aaronfeller_PeptideMTR_lg,kan_base
fold3_idx7,3,1.0,0.951658308506012,aaronfeller_PeptideMTR_lg,kan_base
fold3_idx8,3,1.0,0.9994211196899414,aaronfeller_PeptideMTR_lg,kan_base
fold3_idx9,3,1.0,0.0797364637255668,aaronfeller_PeptideMTR_lg,kan_base
fold3_idx10,3,1.0,0.9997759461402892,aaronfeller_PeptideMTR_lg,kan_base
fold3_idx11,3,1.0,1.0,aaronfeller_PeptideMTR_lg,kan_base
fold3_idx12,3,0.0,2.692199450393673e-05,aaronfeller_PeptideMTR_lg,kan_base
fold3_idx13,3,1.0,0.0020384551025927,aaronfeller_PeptideMTR_lg,kan_base
fold3_idx14,3,1.0,0.9954915642738342,aaronfeller_PeptideMTR_lg,kan_base
fold3_idx15,3,1.0,0.8538429141044617,aaronfeller_PeptideMTR_lg,kan_base
fold3_idx16,3,0.0,0.0003754183708224,aaronfeller_PeptideMTR_lg,kan_base
fold3_idx17,3,1.0,0.9631850719451904,aaronfeller_PeptideMTR_lg,kan_base
fold3_idx18,3,1.0,0.9941784143447876,aaronfeller_PeptideMTR_lg,kan_base
fold3_idx19,3,1.0,0.9996774196624756,aaronfeller_PeptideMTR_lg,kan_base
fold3_idx20,3,1.0,0.997189462184906,aaronfeller_PeptideMTR_lg,kan_base
fold3_idx21,3,0.0,4.112902018960085e-08,aaronfeller_PeptideMTR_lg,kan_base
fold3_idx22,3,1.0,0.0037887603975832,aaronfeller_PeptideMTR_lg,kan_base
fold3_idx23,3,1.0,0.968435287475586,aaronfeller_PeptideMTR_lg,kan_base
fold3_idx24,3,0.0,0.4127147197723388,aaronfeller_PeptideMTR_lg,kan_base
fold3_idx25,3,1.0,0.9999881982803344,aaronfeller_PeptideMTR_lg,kan_base
fold3_idx26,3,1.0,0.938427984714508,aaronfeller_PeptideMTR_lg,kan_base
fold3_idx27,3,1.0,0.3340129852294922,aaronfeller_PeptideMTR_lg,kan_base
fold3_idx28,3,1.0,0.9942108392715454,aaronfeller_PeptideMTR_lg,kan_base
fold3_idx29,3,0.0,0.0012164284707978,aaronfeller_PeptideMTR_lg,kan_base
fold3_idx30,3,0.0,1.089554189093178e-05,aaronfeller_PeptideMTR_lg,kan_base
fold3_idx31,3,0.0,0.0076854499056935,aaronfeller_PeptideMTR_lg,kan_base
fold3_idx32,3,0.0,0.0004223504220135,aaronfeller_PeptideMTR_lg,kan_base
fold3_idx33,3,0.0,0.0046497751027345,aaronfeller_PeptideMTR_lg,kan_base
fold3_idx34,3,0.0,0.1524464040994644,aaronfeller_PeptideMTR_lg,kan_base
fold3_idx35,3,0.0,0.0219853110611438,aaronfeller_PeptideMTR_lg,kan_base
fold3_idx36,3,0.0,0.0002184775221394,aaronfeller_PeptideMTR_lg,kan_base
fold3_idx37,3,0.0,1.1921190889552236e-05,aaronfeller_PeptideMTR_lg,kan_base
fold3_idx38,3,1.0,0.9359169006347656,aaronfeller_PeptideMTR_lg,kan_base
fold3_idx39,3,1.0,0.9654874801635742,aaronfeller_PeptideMTR_lg,kan_base
fold3_idx40,3,1.0,0.97562575340271,aaronfeller_PeptideMTR_lg,kan_base
fold3_idx41,3,1.0,0.9999964237213136,aaronfeller_PeptideMTR_lg,kan_base
fold3_idx42,3,0.0,0.0927161201834678,aaronfeller_PeptideMTR_lg,kan_base
fold3_idx43,3,1.0,0.2478769719600677,aaronfeller_PeptideMTR_lg,kan_base
fold3_idx44,3,1.0,0.9829602241516112,aaronfeller_PeptideMTR_lg,kan_base
fold3_idx45,3,1.0,0.9756717085838318,aaronfeller_PeptideMTR_lg,kan_base
fold3_idx46,3,0.0,0.0001658555411268,aaronfeller_PeptideMTR_lg,kan_base
fold3_idx47,3,1.0,0.9375846982002258,aaronfeller_PeptideMTR_lg,kan_base
fold3_idx48,3,0.0,0.5774309039115906,aaronfeller_PeptideMTR_lg,kan_base
fold3_idx49,3,1.0,0.4333001971244812,aaronfeller_PeptideMTR_lg,kan_base
fold3_idx50,3,0.0,0.0575092360377311,aaronfeller_PeptideMTR_lg,kan_base
fold3_idx51,3,0.0,0.0453479960560798,aaronfeller_PeptideMTR_lg,kan_base
fold3_idx52,3,0.0,0.0003499762096907,aaronfeller_PeptideMTR_lg,kan_base
fold3_idx53,3,0.0,0.0003976999723818,aaronfeller_PeptideMTR_lg,kan_base
fold3_idx54,3,1.0,0.9926263689994812,aaronfeller_PeptideMTR_lg,kan_base
fold3_idx55,3,0.0,0.0003163331421092,aaronfeller_PeptideMTR_lg,kan_base
fold3_idx56,3,1.0,0.9999958276748656,aaronfeller_PeptideMTR_lg,kan_base
fold3_idx57,3,1.0,0.9999971389770508,aaronfeller_PeptideMTR_lg,kan_base
fold3_idx58,3,1.0,0.9961883425712584,aaronfeller_PeptideMTR_lg,kan_base
fold3_idx59,3,0.0,0.1103970482945442,aaronfeller_PeptideMTR_lg,kan_base
fold3_idx60,3,0.0,0.2625961601734161,aaronfeller_PeptideMTR_lg,kan_base
fold3_idx61,3,0.0,0.0590577684342861,aaronfeller_PeptideMTR_lg,kan_base
fold3_idx62,3,1.0,0.95604145526886,aaronfeller_PeptideMTR_lg,kan_base
fold3_idx63,3,0.0,0.1484389305114746,aaronfeller_PeptideMTR_lg,kan_base
fold4_idx0,4,0.0,0.0041683041490614,aaronfeller_PeptideMTR_lg,kan_base
fold4_idx1,4,1.0,0.9961073994636536,aaronfeller_PeptideMTR_lg,kan_base
fold4_idx2,4,0.0,5.924797369516455e-05,aaronfeller_PeptideMTR_lg,kan_base
fold4_idx3,4,0.0,0.0035299200098961,aaronfeller_PeptideMTR_lg,kan_base
fold4_idx4,4,0.0,0.4306900203227997,aaronfeller_PeptideMTR_lg,kan_base
fold4_idx5,4,1.0,0.9998842477798462,aaronfeller_PeptideMTR_lg,kan_base
fold4_idx6,4,1.0,0.9999648332595824,aaronfeller_PeptideMTR_lg,kan_base
fold4_idx7,4,1.0,0.7135708332061768,aaronfeller_PeptideMTR_lg,kan_base
fold4_idx8,4,0.0,0.0003973515704274,aaronfeller_PeptideMTR_lg,kan_base
fold4_idx9,4,0.0,1.9125249309581704e-05,aaronfeller_PeptideMTR_lg,kan_base
fold4_idx10,4,0.0,7.688318873988464e-05,aaronfeller_PeptideMTR_lg,kan_base
fold4_idx11,4,1.0,0.9831790924072266,aaronfeller_PeptideMTR_lg,kan_base
fold4_idx12,4,0.0,0.9995160102844238,aaronfeller_PeptideMTR_lg,kan_base
fold4_idx13,4,1.0,0.0051400423981249,aaronfeller_PeptideMTR_lg,kan_base
fold4_idx14,4,0.0,0.1414827704429626,aaronfeller_PeptideMTR_lg,kan_base
fold4_idx15,4,1.0,0.0001405942894052,aaronfeller_PeptideMTR_lg,kan_base
fold4_idx16,4,1.0,0.9989758729934692,aaronfeller_PeptideMTR_lg,kan_base
fold4_idx17,4,1.0,0.9999659061431884,aaronfeller_PeptideMTR_lg,kan_base
fold4_idx18,4,1.0,0.999980092048645,aaronfeller_PeptideMTR_lg,kan_base
fold4_idx19,4,0.0,0.7842913269996643,aaronfeller_PeptideMTR_lg,kan_base
fold4_idx20,4,1.0,0.8522704839706421,aaronfeller_PeptideMTR_lg,kan_base
fold4_idx21,4,0.0,3.5743719308811706e-06,aaronfeller_PeptideMTR_lg,kan_base
fold4_idx22,4,0.0,0.0114957001060247,aaronfeller_PeptideMTR_lg,kan_base
fold4_idx23,4,0.0,0.0064591979607939,aaronfeller_PeptideMTR_lg,kan_base
fold4_idx24,4,1.0,0.9998446702957152,aaronfeller_PeptideMTR_lg,kan_base
fold4_idx25,4,1.0,0.8421893119812012,aaronfeller_PeptideMTR_lg,kan_base
fold4_idx26,4,1.0,1.0,aaronfeller_PeptideMTR_lg,kan_base
fold4_idx27,4,1.0,0.0215396992862224,aaronfeller_PeptideMTR_lg,kan_base
fold4_idx28,4,0.0,0.0004378545854706,aaronfeller_PeptideMTR_lg,kan_base
fold4_idx29,4,0.0,0.0628158301115036,aaronfeller_PeptideMTR_lg,kan_base
fold4_idx30,4,0.0,0.3537724912166595,aaronfeller_PeptideMTR_lg,kan_base
fold4_idx31,4,0.0,0.9987088441848756,aaronfeller_PeptideMTR_lg,kan_base
fold4_idx32,4,0.0,1.2171949492767451e-05,aaronfeller_PeptideMTR_lg,kan_base
fold4_idx33,4,0.0,1.0,aaronfeller_PeptideMTR_lg,kan_base
fold4_idx34,4,1.0,0.5848743915557861,aaronfeller_PeptideMTR_lg,kan_base
fold4_idx35,4,1.0,0.9998639822006226,aaronfeller_PeptideMTR_lg,kan_base
fold4_idx36,4,0.0,2.899210812756792e-06,aaronfeller_PeptideMTR_lg,kan_base
fold4_idx37,4,0.0,0.0482162833213806,aaronfeller_PeptideMTR_lg,kan_base
fold4_idx38,4,1.0,0.5159584879875183,aaronfeller_PeptideMTR_lg,kan_base
fold4_idx39,4,0.0,8.80949855286417e-08,aaronfeller_PeptideMTR_lg,kan_base
fold4_idx40,4,0.0,0.7030611634254456,aaronfeller_PeptideMTR_lg,kan_base
fold4_idx41,4,0.0,0.5313072204589844,aaronfeller_PeptideMTR_lg,kan_base
fold4_idx42,4,1.0,0.4951076507568359,aaronfeller_PeptideMTR_lg,kan_base
fold4_idx43,4,1.0,0.7777008414268494,aaronfeller_PeptideMTR_lg,kan_base
fold4_idx44,4,0.0,0.0001639434485696,aaronfeller_PeptideMTR_lg,kan_base
fold4_idx45,4,0.0,3.615572131820954e-05,aaronfeller_PeptideMTR_lg,kan_base
fold4_idx46,4,1.0,5.84903136768844e-06,aaronfeller_PeptideMTR_lg,kan_base
fold4_idx47,4,0.0,0.3281995356082916,aaronfeller_PeptideMTR_lg,kan_base
fold4_idx48,4,1.0,0.9997017979621888,aaronfeller_PeptideMTR_lg,kan_base
fold4_idx49,4,1.0,0.9270232319831848,aaronfeller_PeptideMTR_lg,kan_base
fold4_idx50,4,1.0,0.9999949932098388,aaronfeller_PeptideMTR_lg,kan_base
fold4_idx51,4,0.0,0.0003851796500384,aaronfeller_PeptideMTR_lg,kan_base
fold4_idx52,4,0.0,0.9851183891296388,aaronfeller_PeptideMTR_lg,kan_base
fold4_idx53,4,0.0,0.9904465675354004,aaronfeller_PeptideMTR_lg,kan_base
fold4_idx54,4,1.0,0.9999914169311525,aaronfeller_PeptideMTR_lg,kan_base
fold4_idx55,4,0.0,7.914846719359048e-06,aaronfeller_PeptideMTR_lg,kan_base
fold4_idx56,4,1.0,0.9999998807907104,aaronfeller_PeptideMTR_lg,kan_base
fold4_idx57,4,0.0,0.0099850930273532,aaronfeller_PeptideMTR_lg,kan_base
fold4_idx58,4,1.0,0.0135221388190984,aaronfeller_PeptideMTR_lg,kan_base
fold4_idx59,4,0.0,0.999312162399292,aaronfeller_PeptideMTR_lg,kan_base
fold4_idx60,4,1.0,0.9866853952407836,aaronfeller_PeptideMTR_lg,kan_base
fold4_idx61,4,1.0,0.9999945163726808,aaronfeller_PeptideMTR_lg,kan_base
fold4_idx62,4,1.0,0.9695084691047668,aaronfeller_PeptideMTR_lg,kan_base
fold4_idx63,4,1.0,0.9972986578941344,aaronfeller_PeptideMTR_lg,kan_base
fold5_idx0,5,1.0,0.9913206696510316,aaronfeller_PeptideMTR_lg,kan_base
fold5_idx1,5,1.0,0.9552862048149108,aaronfeller_PeptideMTR_lg,kan_base
fold5_idx2,5,0.0,0.0032583910506218,aaronfeller_PeptideMTR_lg,kan_base
fold5_idx3,5,0.0,0.0355983115732669,aaronfeller_PeptideMTR_lg,kan_base
fold5_idx4,5,0.0,0.0197126939892768,aaronfeller_PeptideMTR_lg,kan_base
fold5_idx5,5,0.0,0.3611978590488434,aaronfeller_PeptideMTR_lg,kan_base
fold5_idx6,5,1.0,0.9766154289245604,aaronfeller_PeptideMTR_lg,kan_base
fold5_idx7,5,0.0,0.0095743956044316,aaronfeller_PeptideMTR_lg,kan_base
fold5_idx8,5,1.0,0.9993792772293092,aaronfeller_PeptideMTR_lg,kan_base
fold5_idx9,5,0.0,0.0170753113925457,aaronfeller_PeptideMTR_lg,kan_base
fold5_idx10,5,0.0,0.9718109369277954,aaronfeller_PeptideMTR_lg,kan_base
fold5_idx11,5,1.0,8.57666673255153e-05,aaronfeller_PeptideMTR_lg,kan_base
fold5_idx12,5,0.0,0.4498313665390014,aaronfeller_PeptideMTR_lg,kan_base
fold5_idx13,5,1.0,0.999721348285675,aaronfeller_PeptideMTR_lg,kan_base
fold5_idx14,5,0.0,0.6383055448532104,aaronfeller_PeptideMTR_lg,kan_base
fold5_idx15,5,1.0,0.8417549133300781,aaronfeller_PeptideMTR_lg,kan_base
fold5_idx16,5,1.0,0.8626193404197693,aaronfeller_PeptideMTR_lg,kan_base
fold5_idx17,5,0.0,0.3179631233215332,aaronfeller_PeptideMTR_lg,kan_base
fold5_idx18,5,1.0,0.9815674424171448,aaronfeller_PeptideMTR_lg,kan_base
fold5_idx19,5,1.0,0.7113236784934998,aaronfeller_PeptideMTR_lg,kan_base
fold5_idx20,5,0.0,0.0068791727535426,aaronfeller_PeptideMTR_lg,kan_base
fold5_idx21,5,0.0,0.0200603250414133,aaronfeller_PeptideMTR_lg,kan_base
fold5_idx22,5,0.0,0.4859555661678314,aaronfeller_PeptideMTR_lg,kan_base
fold5_idx23,5,0.0,0.2332337498664856,aaronfeller_PeptideMTR_lg,kan_base
fold5_idx24,5,1.0,0.41590017080307,aaronfeller_PeptideMTR_lg,kan_base
fold5_idx25,5,0.0,0.0049962452612817,aaronfeller_PeptideMTR_lg,kan_base
fold5_idx26,5,1.0,0.981980323791504,aaronfeller_PeptideMTR_lg,kan_base
fold5_idx27,5,0.0,0.0925000980496406,aaronfeller_PeptideMTR_lg,kan_base
fold5_idx28,5,0.0,0.0088884644210338,aaronfeller_PeptideMTR_lg,kan_base
fold5_idx29,5,0.0,0.0056381355971097,aaronfeller_PeptideMTR_lg,kan_base
fold5_idx30,5,1.0,0.3844878375530243,aaronfeller_PeptideMTR_lg,kan_base
fold5_idx31,5,0.0,0.3664629459381103,aaronfeller_PeptideMTR_lg,kan_base
fold5_idx32,5,1.0,0.0017979694530367,aaronfeller_PeptideMTR_lg,kan_base
fold5_idx33,5,0.0,0.0220701154321432,aaronfeller_PeptideMTR_lg,kan_base
fold5_idx34,5,1.0,0.9167113304138184,aaronfeller_PeptideMTR_lg,kan_base
fold5_idx35,5,0.0,0.0002514290099497,aaronfeller_PeptideMTR_lg,kan_base
fold5_idx36,5,0.0,0.0032819486223161,aaronfeller_PeptideMTR_lg,kan_base
fold5_idx37,5,0.0,0.000563446781598,aaronfeller_PeptideMTR_lg,kan_base
fold5_idx38,5,0.0,0.0015392525820061,aaronfeller_PeptideMTR_lg,kan_base
fold5_idx39,5,0.0,0.0009997788583859,aaronfeller_PeptideMTR_lg,kan_base
fold5_idx40,5,0.0,0.0031162155792117,aaronfeller_PeptideMTR_lg,kan_base
fold5_idx41,5,0.0,0.0956279933452606,aaronfeller_PeptideMTR_lg,kan_base
fold5_idx42,5,0.0,0.0151420319452881,aaronfeller_PeptideMTR_lg,kan_base
fold5_idx43,5,1.0,0.9270392060279846,aaronfeller_PeptideMTR_lg,kan_base
fold5_idx44,5,1.0,0.8407889008522034,aaronfeller_PeptideMTR_lg,kan_base
fold5_idx45,5,0.0,0.1644247621297836,aaronfeller_PeptideMTR_lg,kan_base
fold5_idx46,5,1.0,0.9281716346740724,aaronfeller_PeptideMTR_lg,kan_base
fold5_idx47,5,1.0,0.9592206478118896,aaronfeller_PeptideMTR_lg,kan_base
fold5_idx48,5,1.0,0.9264627695083618,aaronfeller_PeptideMTR_lg,kan_base
fold5_idx49,5,1.0,0.9998502731323242,aaronfeller_PeptideMTR_lg,kan_base
fold5_idx50,5,0.0,0.8876022100448608,aaronfeller_PeptideMTR_lg,kan_base
fold5_idx51,5,0.0,0.0566663816571235,aaronfeller_PeptideMTR_lg,kan_base
fold5_idx52,5,1.0,0.3916177153587341,aaronfeller_PeptideMTR_lg,kan_base
fold5_idx53,5,0.0,0.0001590860920259,aaronfeller_PeptideMTR_lg,kan_base
fold5_idx54,5,0.0,0.0003575290029402,aaronfeller_PeptideMTR_lg,kan_base
fold5_idx55,5,0.0,0.0057967002503573,aaronfeller_PeptideMTR_lg,kan_base
fold5_idx56,5,1.0,0.9915215969085692,aaronfeller_PeptideMTR_lg,kan_base
fold5_idx57,5,0.0,0.0155486399307847,aaronfeller_PeptideMTR_lg,kan_base
fold5_idx58,5,1.0,0.9963079690933228,aaronfeller_PeptideMTR_lg,kan_base
fold5_idx59,5,0.0,0.00999800208956,aaronfeller_PeptideMTR_lg,kan_base
fold5_idx60,5,0.0,0.0980670899152755,aaronfeller_PeptideMTR_lg,kan_base
fold5_idx61,5,0.0,0.0056539704091846,aaronfeller_PeptideMTR_lg,kan_base
fold5_idx62,5,0.0,0.8312788605690002,aaronfeller_PeptideMTR_lg,kan_base
fold5_idx63,5,0.0,0.0098367091268301,aaronfeller_PeptideMTR_lg,kan_base
fold6_idx0,6,0.0,0.0006984323845244,aaronfeller_PeptideMTR_lg,kan_base
fold6_idx1,6,0.0,0.000107201442006,aaronfeller_PeptideMTR_lg,kan_base
fold6_idx2,6,0.0,0.9440935254096984,aaronfeller_PeptideMTR_lg,kan_base
fold6_idx3,6,0.0,8.301873322125175e-07,aaronfeller_PeptideMTR_lg,kan_base
fold6_idx4,6,0.0,1.207065270136809e-05,aaronfeller_PeptideMTR_lg,kan_base
fold6_idx5,6,0.0,0.0484021790325641,aaronfeller_PeptideMTR_lg,kan_base
fold6_idx6,6,1.0,1.0,aaronfeller_PeptideMTR_lg,kan_base
fold6_idx7,6,0.0,0.5148120522499084,aaronfeller_PeptideMTR_lg,kan_base
fold6_idx8,6,1.0,0.9980948567390442,aaronfeller_PeptideMTR_lg,kan_base
fold6_idx9,6,0.0,2.1292955807439284e-06,aaronfeller_PeptideMTR_lg,kan_base
fold6_idx10,6,1.0,0.9800326228141784,aaronfeller_PeptideMTR_lg,kan_base
fold6_idx11,6,0.0,0.1486806720495224,aaronfeller_PeptideMTR_lg,kan_base
fold6_idx12,6,0.0,1.1200053222637507e-06,aaronfeller_PeptideMTR_lg,kan_base
fold6_idx13,6,1.0,0.9994227886199952,aaronfeller_PeptideMTR_lg,kan_base
fold6_idx14,6,0.0,0.0004971073358319,aaronfeller_PeptideMTR_lg,kan_base
fold6_idx15,6,0.0,0.0179702565073966,aaronfeller_PeptideMTR_lg,kan_base
fold6_idx16,6,0.0,0.1422188431024551,aaronfeller_PeptideMTR_lg,kan_base
fold6_idx17,6,1.0,0.9999804496765136,aaronfeller_PeptideMTR_lg,kan_base
fold6_idx18,6,1.0,0.9651022553443908,aaronfeller_PeptideMTR_lg,kan_base
fold6_idx19,6,0.0,0.1386493742465973,aaronfeller_PeptideMTR_lg,kan_base
fold6_idx20,6,0.0,0.989014446735382,aaronfeller_PeptideMTR_lg,kan_base
fold6_idx21,6,1.0,0.9902458190917968,aaronfeller_PeptideMTR_lg,kan_base
fold6_idx22,6,1.0,0.9982962012290956,aaronfeller_PeptideMTR_lg,kan_base
fold6_idx23,6,0.0,0.2375641614198684,aaronfeller_PeptideMTR_lg,kan_base
fold6_idx24,6,1.0,0.6287644505500793,aaronfeller_PeptideMTR_lg,kan_base
fold6_idx25,6,1.0,0.5330275893211365,aaronfeller_PeptideMTR_lg,kan_base
fold6_idx26,6,1.0,0.0001404998038196,aaronfeller_PeptideMTR_lg,kan_base
fold6_idx27,6,0.0,1.9702874851645905e-05,aaronfeller_PeptideMTR_lg,kan_base
fold6_idx28,6,1.0,0.9987177848815918,aaronfeller_PeptideMTR_lg,kan_base
fold6_idx29,6,1.0,0.8637179136276245,aaronfeller_PeptideMTR_lg,kan_base
fold6_idx30,6,0.0,0.3471561074256897,aaronfeller_PeptideMTR_lg,kan_base
fold6_idx31,6,1.0,0.9975456595420836,aaronfeller_PeptideMTR_lg,kan_base
fold6_idx32,6,0.0,0.5210609436035156,aaronfeller_PeptideMTR_lg,kan_base
fold6_idx33,6,1.0,0.595032274723053,aaronfeller_PeptideMTR_lg,kan_base
fold6_idx34,6,0.0,2.104874056385597e-06,aaronfeller_PeptideMTR_lg,kan_base
fold6_idx35,6,1.0,0.0071201440878212,aaronfeller_PeptideMTR_lg,kan_base
fold6_idx36,6,0.0,0.0014191908994689,aaronfeller_PeptideMTR_lg,kan_base
fold6_idx37,6,1.0,0.7561719417572021,aaronfeller_PeptideMTR_lg,kan_base
fold6_idx38,6,0.0,5.177757338969968e-05,aaronfeller_PeptideMTR_lg,kan_base
fold6_idx39,6,0.0,0.0001095901679946,aaronfeller_PeptideMTR_lg,kan_base
fold6_idx40,6,0.0,0.097128689289093,aaronfeller_PeptideMTR_lg,kan_base
fold6_idx41,6,0.0,1.2485766092140692e-05,aaronfeller_PeptideMTR_lg,kan_base
fold6_idx42,6,0.0,2.21073901229829e-06,aaronfeller_PeptideMTR_lg,kan_base
fold6_idx43,6,0.0,0.0129593722522258,aaronfeller_PeptideMTR_lg,kan_base
fold6_idx44,6,0.0,2.914121523645008e-06,aaronfeller_PeptideMTR_lg,kan_base
fold6_idx45,6,0.0,9.024687642522622e-06,aaronfeller_PeptideMTR_lg,kan_base
fold6_idx46,6,0.0,2.8047347768733744e-06,aaronfeller_PeptideMTR_lg,kan_base
fold6_idx47,6,0.0,4.86068938698736e-06,aaronfeller_PeptideMTR_lg,kan_base
fold6_idx48,6,0.0,2.3265520212589763e-06,aaronfeller_PeptideMTR_lg,kan_base
fold6_idx49,6,0.0,0.8386173248291016,aaronfeller_PeptideMTR_lg,kan_base
fold6_idx50,6,1.0,0.9981237053871156,aaronfeller_PeptideMTR_lg,kan_base
fold6_idx51,6,0.0,0.9740368723869324,aaronfeller_PeptideMTR_lg,kan_base
fold6_idx52,6,1.0,0.9990710020065308,aaronfeller_PeptideMTR_lg,kan_base
fold6_idx53,6,1.0,0.9747121930122375,aaronfeller_PeptideMTR_lg,kan_base
fold6_idx54,6,0.0,1.2492411769926548e-05,aaronfeller_PeptideMTR_lg,kan_base
fold6_idx55,6,0.0,1.40540823849733e-05,aaronfeller_PeptideMTR_lg,kan_base
fold6_idx56,6,0.0,0.0054390039294958,aaronfeller_PeptideMTR_lg,kan_base
fold6_idx57,6,1.0,0.9920246601104736,aaronfeller_PeptideMTR_lg,kan_base
fold6_idx58,6,0.0,0.0086949411779642,aaronfeller_PeptideMTR_lg,kan_base
fold6_idx59,6,1.0,0.9998455047607422,aaronfeller_PeptideMTR_lg,kan_base
fold6_idx60,6,0.0,0.1038779914379119,aaronfeller_PeptideMTR_lg,kan_base
fold6_idx61,6,1.0,0.987277090549469,aaronfeller_PeptideMTR_lg,kan_base
fold6_idx62,6,0.0,0.0060451347380876,aaronfeller_PeptideMTR_lg,kan_base
fold6_idx63,6,1.0,0.999924898147583,aaronfeller_PeptideMTR_lg,kan_base
fold7_idx0,7,0.0,0.0692845806479454,aaronfeller_PeptideMTR_lg,kan_base
fold7_idx1,7,0.0,0.0016845255158841,aaronfeller_PeptideMTR_lg,kan_base
fold7_idx2,7,1.0,0.9986767172813416,aaronfeller_PeptideMTR_lg,kan_base
fold7_idx3,7,1.0,0.99953293800354,aaronfeller_PeptideMTR_lg,kan_base
fold7_idx4,7,0.0,0.0012388621689751,aaronfeller_PeptideMTR_lg,kan_base
fold7_idx5,7,1.0,0.9986568689346312,aaronfeller_PeptideMTR_lg,kan_base
fold7_idx6,7,0.0,0.0248254854232072,aaronfeller_PeptideMTR_lg,kan_base
fold7_idx7,7,1.0,0.000295600388199,aaronfeller_PeptideMTR_lg,kan_base
fold7_idx8,7,0.0,0.0571655817329883,aaronfeller_PeptideMTR_lg,kan_base
fold7_idx9,7,0.0,5.043789860792458e-05,aaronfeller_PeptideMTR_lg,kan_base
fold7_idx10,7,1.0,0.9959681034088136,aaronfeller_PeptideMTR_lg,kan_base
fold7_idx11,7,0.0,0.0011878913501277,aaronfeller_PeptideMTR_lg,kan_base
fold7_idx12,7,1.0,0.9999979734420776,aaronfeller_PeptideMTR_lg,kan_base
fold7_idx13,7,1.0,0.9447386860847472,aaronfeller_PeptideMTR_lg,kan_base
fold7_idx14,7,0.0,7.896766874182504e-06,aaronfeller_PeptideMTR_lg,kan_base
fold7_idx15,7,1.0,0.9455863833427428,aaronfeller_PeptideMTR_lg,kan_base
fold7_idx16,7,1.0,0.995661437511444,aaronfeller_PeptideMTR_lg,kan_base
fold7_idx17,7,0.0,0.0005652624531649,aaronfeller_PeptideMTR_lg,kan_base
fold7_idx18,7,1.0,0.9979729056358336,aaronfeller_PeptideMTR_lg,kan_base
fold7_idx19,7,0.0,2.812516664008058e-09,aaronfeller_PeptideMTR_lg,kan_base
fold7_idx20,7,1.0,0.9274490475654602,aaronfeller_PeptideMTR_lg,kan_base
fold7_idx21,7,0.0,0.0055831940844655,aaronfeller_PeptideMTR_lg,kan_base
fold7_idx22,7,0.0,0.0068701351992785,aaronfeller_PeptideMTR_lg,kan_base
fold7_idx23,7,0.0,6.705443956889212e-05,aaronfeller_PeptideMTR_lg,kan_base
fold7_idx24,7,1.0,0.3590583205223083,aaronfeller_PeptideMTR_lg,kan_base
fold7_idx25,7,1.0,0.7583077549934387,aaronfeller_PeptideMTR_lg,kan_base
fold7_idx26,7,1.0,0.3742106258869171,aaronfeller_PeptideMTR_lg,kan_base
fold7_idx27,7,1.0,0.994192898273468,aaronfeller_PeptideMTR_lg,kan_base
fold7_idx28,7,0.0,0.0077129513956606,aaronfeller_PeptideMTR_lg,kan_base
fold7_idx29,7,1.0,0.9954506754875184,aaronfeller_PeptideMTR_lg,kan_base
fold7_idx30,7,1.0,0.5353901982307434,aaronfeller_PeptideMTR_lg,kan_base
fold7_idx31,7,1.0,4.676029129768722e-05,aaronfeller_PeptideMTR_lg,kan_base
fold7_idx32,7,1.0,0.9393704533576964,aaronfeller_PeptideMTR_lg,kan_base
fold7_idx33,7,1.0,0.9945664405822754,aaronfeller_PeptideMTR_lg,kan_base
fold7_idx34,7,0.0,0.0513646118342876,aaronfeller_PeptideMTR_lg,kan_base
fold7_idx35,7,1.0,0.9992823004722596,aaronfeller_PeptideMTR_lg,kan_base
fold7_idx36,7,0.0,8.935027295819965e-08,aaronfeller_PeptideMTR_lg,kan_base
fold7_idx37,7,0.0,9.652139124227688e-05,aaronfeller_PeptideMTR_lg,kan_base
fold7_idx38,7,1.0,0.993882417678833,aaronfeller_PeptideMTR_lg,kan_base
fold7_idx39,7,0.0,2.727210994635243e-05,aaronfeller_PeptideMTR_lg,kan_base
fold7_idx40,7,0.0,0.0002138596028089,aaronfeller_PeptideMTR_lg,kan_base
fold7_idx41,7,0.0,0.3320872187614441,aaronfeller_PeptideMTR_lg,kan_base
fold7_idx42,7,0.0,0.7283025979995728,aaronfeller_PeptideMTR_lg,kan_base
fold7_idx43,7,1.0,0.9978013634681702,aaronfeller_PeptideMTR_lg,kan_base
fold7_idx44,7,1.0,0.910512387752533,aaronfeller_PeptideMTR_lg,kan_base
fold7_idx45,7,1.0,0.9871668219566344,aaronfeller_PeptideMTR_lg,kan_base
fold7_idx46,7,1.0,0.948172688484192,aaronfeller_PeptideMTR_lg,kan_base
fold7_idx47,7,1.0,0.9936198592185974,aaronfeller_PeptideMTR_lg,kan_base
fold7_idx48,7,0.0,5.9799986047437415e-05,aaronfeller_PeptideMTR_lg,kan_base
fold7_idx49,7,0.0,0.0014525197912007,aaronfeller_PeptideMTR_lg,kan_base
fold7_idx50,7,1.0,0.9999986886978148,aaronfeller_PeptideMTR_lg,kan_base
fold7_idx51,7,0.0,0.9924742579460144,aaronfeller_PeptideMTR_lg,kan_base
fold7_idx52,7,1.0,0.8357924222946167,aaronfeller_PeptideMTR_lg,kan_base
fold7_idx53,7,1.0,0.9531547427177428,aaronfeller_PeptideMTR_lg,kan_base
fold7_idx54,7,1.0,0.9970805048942566,aaronfeller_PeptideMTR_lg,kan_base
fold7_idx55,7,0.0,7.309508418984478e-06,aaronfeller_PeptideMTR_lg,kan_base
fold7_idx56,7,0.0,2.0147957911831327e-05,aaronfeller_PeptideMTR_lg,kan_base
fold7_idx57,7,0.0,0.0019734390079975,aaronfeller_PeptideMTR_lg,kan_base
fold7_idx58,7,1.0,0.9997331500053406,aaronfeller_PeptideMTR_lg,kan_base
fold7_idx59,7,1.0,0.6661887168884277,aaronfeller_PeptideMTR_lg,kan_base
fold7_idx60,7,0.0,0.0002298750478075,aaronfeller_PeptideMTR_lg,kan_base
fold7_idx61,7,0.0,0.0037533484864979,aaronfeller_PeptideMTR_lg,kan_base
fold7_idx62,7,0.0,0.0008938833489082,aaronfeller_PeptideMTR_lg,kan_base
fold7_idx63,7,0.0,0.0003555282601155,aaronfeller_PeptideMTR_lg,kan_base
fold8_idx0,8,1.0,0.9894912242889404,aaronfeller_PeptideMTR_lg,kan_base
fold8_idx1,8,1.0,0.6080062985420227,aaronfeller_PeptideMTR_lg,kan_base
fold8_idx2,8,0.0,0.0023193890228867,aaronfeller_PeptideMTR_lg,kan_base
fold8_idx3,8,0.0,0.3944709599018097,aaronfeller_PeptideMTR_lg,kan_base
fold8_idx4,8,1.0,0.9931272268295288,aaronfeller_PeptideMTR_lg,kan_base
fold8_idx5,8,1.0,0.9828184247016908,aaronfeller_PeptideMTR_lg,kan_base
fold8_idx6,8,0.0,0.2367538660764694,aaronfeller_PeptideMTR_lg,kan_base
fold8_idx7,8,1.0,0.8278502225875854,aaronfeller_PeptideMTR_lg,kan_base
fold8_idx8,8,0.0,0.4935408234596252,aaronfeller_PeptideMTR_lg,kan_base
fold8_idx9,8,0.0,0.1046785861253738,aaronfeller_PeptideMTR_lg,kan_base
fold8_idx10,8,1.0,0.9998148083686828,aaronfeller_PeptideMTR_lg,kan_base
fold8_idx11,8,1.0,0.8925561904907227,aaronfeller_PeptideMTR_lg,kan_base
fold8_idx12,8,0.0,0.077287845313549,aaronfeller_PeptideMTR_lg,kan_base
fold8_idx13,8,1.0,0.123899720609188,aaronfeller_PeptideMTR_lg,kan_base
fold8_idx14,8,0.0,0.2032130658626556,aaronfeller_PeptideMTR_lg,kan_base
fold8_idx15,8,0.0,0.1437216699123382,aaronfeller_PeptideMTR_lg,kan_base
fold8_idx16,8,0.0,0.2255179584026336,aaronfeller_PeptideMTR_lg,kan_base
fold8_idx17,8,1.0,0.550809383392334,aaronfeller_PeptideMTR_lg,kan_base
fold8_idx18,8,1.0,0.9316644668579102,aaronfeller_PeptideMTR_lg,kan_base
fold8_idx19,8,0.0,0.1351233124732971,aaronfeller_PeptideMTR_lg,kan_base
fold8_idx20,8,1.0,0.7453250288963318,aaronfeller_PeptideMTR_lg,kan_base
fold8_idx21,8,1.0,0.6937060356140137,aaronfeller_PeptideMTR_lg,kan_base
fold8_idx22,8,0.0,0.7991944551467896,aaronfeller_PeptideMTR_lg,kan_base
fold8_idx23,8,0.0,0.4764083623886108,aaronfeller_PeptideMTR_lg,kan_base
fold8_idx24,8,1.0,0.9390143752098083,aaronfeller_PeptideMTR_lg,kan_base
fold8_idx25,8,0.0,0.0331506580114364,aaronfeller_PeptideMTR_lg,kan_base
fold8_idx26,8,0.0,0.023680655285716,aaronfeller_PeptideMTR_lg,kan_base
fold8_idx27,8,0.0,0.3536275625228882,aaronfeller_PeptideMTR_lg,kan_base
fold8_idx28,8,1.0,0.9942430853843688,aaronfeller_PeptideMTR_lg,kan_base
fold8_idx29,8,1.0,0.0912823602557182,aaronfeller_PeptideMTR_lg,kan_base
fold8_idx30,8,0.0,0.0542237423360347,aaronfeller_PeptideMTR_lg,kan_base
fold8_idx31,8,0.0,0.0100495032966136,aaronfeller_PeptideMTR_lg,kan_base
fold8_idx32,8,1.0,0.572317361831665,aaronfeller_PeptideMTR_lg,kan_base
fold8_idx33,8,0.0,0.0812676548957824,aaronfeller_PeptideMTR_lg,kan_base
fold8_idx34,8,1.0,0.875413179397583,aaronfeller_PeptideMTR_lg,kan_base
fold8_idx35,8,0.0,0.3576758205890655,aaronfeller_PeptideMTR_lg,kan_base
fold8_idx36,8,1.0,0.7388871312141418,aaronfeller_PeptideMTR_lg,kan_base
fold8_idx37,8,0.0,0.003356949891895,aaronfeller_PeptideMTR_lg,kan_base
fold8_idx38,8,0.0,0.0017615795368328,aaronfeller_PeptideMTR_lg,kan_base
fold8_idx39,8,0.0,0.0005973498919047,aaronfeller_PeptideMTR_lg,kan_base
fold8_idx40,8,0.0,0.0006255565094761,aaronfeller_PeptideMTR_lg,kan_base
fold8_idx41,8,1.0,0.0279462095350027,aaronfeller_PeptideMTR_lg,kan_base
fold8_idx42,8,1.0,0.7963548302650452,aaronfeller_PeptideMTR_lg,kan_base
fold8_idx43,8,0.0,0.6838696002960205,aaronfeller_PeptideMTR_lg,kan_base
fold8_idx44,8,1.0,0.690166175365448,aaronfeller_PeptideMTR_lg,kan_base
fold8_idx45,8,0.0,0.0342488437891006,aaronfeller_PeptideMTR_lg,kan_base
fold8_idx46,8,0.0,0.6496657729148865,aaronfeller_PeptideMTR_lg,kan_base
fold8_idx47,8,1.0,0.2536030411720276,aaronfeller_PeptideMTR_lg,kan_base
fold8_idx48,8,0.0,0.0119707826524972,aaronfeller_PeptideMTR_lg,kan_base
fold8_idx49,8,0.0,0.014583415351808,aaronfeller_PeptideMTR_lg,kan_base
fold8_idx50,8,0.0,0.0070995506830513,aaronfeller_PeptideMTR_lg,kan_base
fold8_idx51,8,1.0,0.7487812042236328,aaronfeller_PeptideMTR_lg,kan_base
fold8_idx52,8,0.0,0.0239205546677112,aaronfeller_PeptideMTR_lg,kan_base
fold8_idx53,8,0.0,0.4391203224658966,aaronfeller_PeptideMTR_lg,kan_base
fold8_idx54,8,0.0,0.2471010982990265,aaronfeller_PeptideMTR_lg,kan_base
fold8_idx55,8,0.0,0.0406879261136055,aaronfeller_PeptideMTR_lg,kan_base
fold8_idx56,8,0.0,0.1729034781455993,aaronfeller_PeptideMTR_lg,kan_base
fold8_idx57,8,1.0,0.7093749046325684,aaronfeller_PeptideMTR_lg,kan_base
fold8_idx58,8,1.0,0.1435261219739914,aaronfeller_PeptideMTR_lg,kan_base
fold8_idx59,8,0.0,0.3783934116363525,aaronfeller_PeptideMTR_lg,kan_base
fold8_idx60,8,1.0,0.7802717089653015,aaronfeller_PeptideMTR_lg,kan_base
fold8_idx61,8,1.0,0.9266400933265686,aaronfeller_PeptideMTR_lg,kan_base
fold8_idx62,8,0.0,0.0513402819633483,aaronfeller_PeptideMTR_lg,kan_base
fold8_idx63,8,0.0,0.0547267533838748,aaronfeller_PeptideMTR_lg,kan_base
fold9_idx0,9,1.0,0.8981456160545349,aaronfeller_PeptideMTR_lg,kan_base
fold9_idx1,9,0.0,0.0225474964827299,aaronfeller_PeptideMTR_lg,kan_base
fold9_idx2,9,1.0,0.0533962436020374,aaronfeller_PeptideMTR_lg,kan_base
fold9_idx3,9,1.0,0.9911717772483826,aaronfeller_PeptideMTR_lg,kan_base
fold9_idx4,9,0.0,0.1110821440815925,aaronfeller_PeptideMTR_lg,kan_base
fold9_idx5,9,0.0,0.069713719189167,aaronfeller_PeptideMTR_lg,kan_base
fold9_idx6,9,0.0,0.0046644825488328,aaronfeller_PeptideMTR_lg,kan_base
fold9_idx7,9,0.0,0.0068044047802686,aaronfeller_PeptideMTR_lg,kan_base
fold9_idx8,9,0.0,0.0144974598661065,aaronfeller_PeptideMTR_lg,kan_base
fold9_idx9,9,0.0,0.0009141776827163,aaronfeller_PeptideMTR_lg,kan_base
fold9_idx10,9,0.0,0.0668266415596008,aaronfeller_PeptideMTR_lg,kan_base
fold9_idx11,9,0.0,0.0003405154857318,aaronfeller_PeptideMTR_lg,kan_base
fold9_idx12,9,1.0,0.9524875283241272,aaronfeller_PeptideMTR_lg,kan_base
fold9_idx13,9,1.0,0.0233144015073776,aaronfeller_PeptideMTR_lg,kan_base
fold9_idx14,9,1.0,0.1325217336416244,aaronfeller_PeptideMTR_lg,kan_base
fold9_idx15,9,1.0,0.9992861151695251,aaronfeller_PeptideMTR_lg,kan_base
fold9_idx16,9,1.0,0.9464387893676758,aaronfeller_PeptideMTR_lg,kan_base
fold9_idx17,9,0.0,0.0071572191081941,aaronfeller_PeptideMTR_lg,kan_base
fold9_idx18,9,0.0,0.0016891482518985,aaronfeller_PeptideMTR_lg,kan_base
fold9_idx19,9,0.0,0.001956976018846,aaronfeller_PeptideMTR_lg,kan_base
fold9_idx20,9,1.0,0.0408020503818988,aaronfeller_PeptideMTR_lg,kan_base
fold9_idx21,9,1.0,0.8600097894668579,aaronfeller_PeptideMTR_lg,kan_base
fold9_idx22,9,1.0,0.8324208855628967,aaronfeller_PeptideMTR_lg,kan_base
fold9_idx23,9,1.0,0.2990018129348755,aaronfeller_PeptideMTR_lg,kan_base
fold9_idx24,9,1.0,0.4157545864582062,aaronfeller_PeptideMTR_lg,kan_base
fold9_idx25,9,0.0,0.0629342570900917,aaronfeller_PeptideMTR_lg,kan_base
fold9_idx26,9,0.0,0.0879997611045837,aaronfeller_PeptideMTR_lg,kan_base
fold9_idx27,9,0.0,0.9574024677276612,aaronfeller_PeptideMTR_lg,kan_base
fold9_idx28,9,1.0,0.3067285418510437,aaronfeller_PeptideMTR_lg,kan_base
fold9_idx29,9,0.0,0.0279383230954408,aaronfeller_PeptideMTR_lg,kan_base
fold9_idx30,9,1.0,0.9843926429748536,aaronfeller_PeptideMTR_lg,kan_base
fold9_idx31,9,0.0,0.0006931468378752,aaronfeller_PeptideMTR_lg,kan_base
fold9_idx32,9,0.0,0.0009897697018459,aaronfeller_PeptideMTR_lg,kan_base
fold9_idx33,9,0.0,0.0017121547134593,aaronfeller_PeptideMTR_lg,kan_base
fold9_idx34,9,0.0,0.0090080071240663,aaronfeller_PeptideMTR_lg,kan_base
fold9_idx35,9,0.0,0.0040581310167908,aaronfeller_PeptideMTR_lg,kan_base
fold9_idx36,9,0.0,0.2616508901119232,aaronfeller_PeptideMTR_lg,kan_base
fold9_idx37,9,1.0,0.7408091425895691,aaronfeller_PeptideMTR_lg,kan_base
fold9_idx38,9,0.0,0.1653687953948974,aaronfeller_PeptideMTR_lg,kan_base
fold9_idx39,9,1.0,0.986145794391632,aaronfeller_PeptideMTR_lg,kan_base
fold9_idx40,9,0.0,0.0001079665526049,aaronfeller_PeptideMTR_lg,kan_base
fold9_idx41,9,1.0,0.996641993522644,aaronfeller_PeptideMTR_lg,kan_base
fold9_idx42,9,1.0,0.9953355193138124,aaronfeller_PeptideMTR_lg,kan_base
fold9_idx43,9,1.0,0.9855220317840576,aaronfeller_PeptideMTR_lg,kan_base
fold9_idx44,9,1.0,0.3487401008605957,aaronfeller_PeptideMTR_lg,kan_base
fold9_idx45,9,0.0,0.0007738091517239,aaronfeller_PeptideMTR_lg,kan_base
fold9_idx46,9,0.0,0.0027388078160583,aaronfeller_PeptideMTR_lg,kan_base
fold9_idx47,9,1.0,0.6031306982040405,aaronfeller_PeptideMTR_lg,kan_base
fold9_idx48,9,0.0,2.898965249187313e-05,aaronfeller_PeptideMTR_lg,kan_base
fold9_idx49,9,0.0,0.0001152967088273,aaronfeller_PeptideMTR_lg,kan_base
fold9_idx50,9,1.0,0.9128756523132324,aaronfeller_PeptideMTR_lg,kan_base
fold9_idx51,9,0.0,0.0064055840484797,aaronfeller_PeptideMTR_lg,kan_base
fold9_idx52,9,0.0,0.0050399568863213,aaronfeller_PeptideMTR_lg,kan_base
fold9_idx53,9,1.0,0.0005476471269503,aaronfeller_PeptideMTR_lg,kan_base
fold9_idx54,9,0.0,8.2679238403216e-05,aaronfeller_PeptideMTR_lg,kan_base
fold9_idx55,9,0.0,0.0001865227095549,aaronfeller_PeptideMTR_lg,kan_base
fold9_idx56,9,0.0,0.0002160655712941,aaronfeller_PeptideMTR_lg,kan_base
fold9_idx57,9,1.0,0.8420045375823975,aaronfeller_PeptideMTR_lg,kan_base
fold9_idx58,9,0.0,0.0001352140970993,aaronfeller_PeptideMTR_lg,kan_base
fold9_idx59,9,1.0,0.5940607190132141,aaronfeller_PeptideMTR_lg,kan_base
fold9_idx60,9,1.0,0.8994867205619812,aaronfeller_PeptideMTR_lg,kan_base
fold9_idx61,9,0.0,0.037479467689991,aaronfeller_PeptideMTR_lg,kan_base
fold9_idx62,9,1.0,0.0101083349436521,aaronfeller_PeptideMTR_lg,kan_base
fold9_idx63,9,0.0,0.0024532054085284,aaronfeller_PeptideMTR_lg,kan_base
fold10_idx0,10,0.0,0.0020262887701392,aaronfeller_PeptideMTR_lg,kan_base
fold10_idx1,10,1.0,2.807327837217599e-05,aaronfeller_PeptideMTR_lg,kan_base
fold10_idx2,10,0.0,0.0008421334205195,aaronfeller_PeptideMTR_lg,kan_base
fold10_idx3,10,0.0,0.000396886258386,aaronfeller_PeptideMTR_lg,kan_base
fold10_idx4,10,0.0,0.5191004276275635,aaronfeller_PeptideMTR_lg,kan_base
fold10_idx5,10,1.0,0.99998140335083,aaronfeller_PeptideMTR_lg,kan_base
fold10_idx6,10,0.0,0.0168352890759706,aaronfeller_PeptideMTR_lg,kan_base
fold10_idx7,10,0.0,0.0004947520210407,aaronfeller_PeptideMTR_lg,kan_base
fold10_idx8,10,0.0,0.0125183025375008,aaronfeller_PeptideMTR_lg,kan_base
fold10_idx9,10,1.0,7.845756044844165e-05,aaronfeller_PeptideMTR_lg,kan_base
fold10_idx10,10,0.0,0.0001495138567406,aaronfeller_PeptideMTR_lg,kan_base
fold10_idx11,10,0.0,0.1891587227582931,aaronfeller_PeptideMTR_lg,kan_base
fold10_idx12,10,0.0,0.6967923045158386,aaronfeller_PeptideMTR_lg,kan_base
fold10_idx13,10,0.0,0.6309943795204163,aaronfeller_PeptideMTR_lg,kan_base
fold10_idx14,10,1.0,0.0706722885370254,aaronfeller_PeptideMTR_lg,kan_base
fold10_idx15,10,0.0,0.000575553975068,aaronfeller_PeptideMTR_lg,kan_base
fold10_idx16,10,1.0,0.7348785400390625,aaronfeller_PeptideMTR_lg,kan_base
fold10_idx17,10,1.0,0.0515242107212543,aaronfeller_PeptideMTR_lg,kan_base
fold10_idx18,10,1.0,0.4150426387786865,aaronfeller_PeptideMTR_lg,kan_base
fold10_idx19,10,0.0,0.0123610375449061,aaronfeller_PeptideMTR_lg,kan_base
fold10_idx20,10,0.0,2.5156490224276243e-08,aaronfeller_PeptideMTR_lg,kan_base
fold10_idx21,10,1.0,0.999765694141388,aaronfeller_PeptideMTR_lg,kan_base
fold10_idx22,10,0.0,0.0120505038648843,aaronfeller_PeptideMTR_lg,kan_base
fold10_idx23,10,0.0,0.4494062066078186,aaronfeller_PeptideMTR_lg,kan_base
fold10_idx24,10,1.0,0.4080379009246826,aaronfeller_PeptideMTR_lg,kan_base
fold10_idx25,10,0.0,0.202603667974472,aaronfeller_PeptideMTR_lg,kan_base
fold10_idx26,10,0.0,0.7001693844795227,aaronfeller_PeptideMTR_lg,kan_base
fold10_idx27,10,1.0,0.697475790977478,aaronfeller_PeptideMTR_lg,kan_base
fold10_idx28,10,0.0,0.6990752220153809,aaronfeller_PeptideMTR_lg,kan_base
fold10_idx29,10,0.0,4.8469132707396057e-08,aaronfeller_PeptideMTR_lg,kan_base
fold10_idx30,10,1.0,0.9998993873596193,aaronfeller_PeptideMTR_lg,kan_base
fold10_idx31,10,0.0,2.038214006461203e-06,aaronfeller_PeptideMTR_lg,kan_base
fold10_idx32,10,1.0,0.0010791250970214,aaronfeller_PeptideMTR_lg,kan_base
fold10_idx33,10,1.0,0.9997630715370178,aaronfeller_PeptideMTR_lg,kan_base
fold10_idx34,10,1.0,5.215966893956647e-07,aaronfeller_PeptideMTR_lg,kan_base
fold10_idx35,10,1.0,0.9999412298202516,aaronfeller_PeptideMTR_lg,kan_base
fold10_idx36,10,0.0,1.0441366612212732e-05,aaronfeller_PeptideMTR_lg,kan_base
fold10_idx37,10,0.0,1.5316112694563344e-05,aaronfeller_PeptideMTR_lg,kan_base
fold10_idx38,10,1.0,0.0842376947402954,aaronfeller_PeptideMTR_lg,kan_base
fold10_idx39,10,0.0,0.0001757499412633,aaronfeller_PeptideMTR_lg,kan_base
fold10_idx40,10,0.0,4.486458419705741e-05,aaronfeller_PeptideMTR_lg,kan_base
fold10_idx41,10,0.0,2.8819433737226063e-06,aaronfeller_PeptideMTR_lg,kan_base
fold10_idx42,10,0.0,4.02473087888211e-05,aaronfeller_PeptideMTR_lg,kan_base
fold10_idx43,10,0.0,0.0004295285325497,aaronfeller_PeptideMTR_lg,kan_base
fold10_idx44,10,0.0,0.0013340171426534,aaronfeller_PeptideMTR_lg,kan_base
fold10_idx45,10,0.0,5.178995365895389e-07,aaronfeller_PeptideMTR_lg,kan_base
fold10_idx46,10,1.0,0.9929537177085876,aaronfeller_PeptideMTR_lg,kan_base
fold10_idx47,10,1.0,0.7425705194473267,aaronfeller_PeptideMTR_lg,kan_base
fold10_idx48,10,0.0,0.0011718532769009,aaronfeller_PeptideMTR_lg,kan_base
fold10_idx49,10,1.0,0.9666892290115356,aaronfeller_PeptideMTR_lg,kan_base
fold10_idx50,10,0.0,0.9633590579032898,aaronfeller_PeptideMTR_lg,kan_base
fold10_idx51,10,1.0,0.9965590834617616,aaronfeller_PeptideMTR_lg,kan_base
fold10_idx52,10,0.0,0.3225478231906891,aaronfeller_PeptideMTR_lg,kan_base
fold10_idx53,10,1.0,0.9675476551055908,aaronfeller_PeptideMTR_lg,kan_base
fold10_idx54,10,0.0,2.3129879991756752e-05,aaronfeller_PeptideMTR_lg,kan_base
fold10_idx55,10,1.0,0.9765863418579102,aaronfeller_PeptideMTR_lg,kan_base
fold10_idx56,10,0.0,1.7354614101350307e-06,aaronfeller_PeptideMTR_lg,kan_base
fold10_idx57,10,0.0,0.6004770994186401,aaronfeller_PeptideMTR_lg,kan_base
fold10_idx58,10,0.0,3.4564498491818085e-05,aaronfeller_PeptideMTR_lg,kan_base
fold10_idx59,10,1.0,1.697739890005323e-06,aaronfeller_PeptideMTR_lg,kan_base
fold10_idx60,10,1.0,0.9996324777603148,aaronfeller_PeptideMTR_lg,kan_base
fold10_idx61,10,1.0,0.9980940222740172,aaronfeller_PeptideMTR_lg,kan_base
fold10_idx62,10,1.0,0.977349817752838,aaronfeller_PeptideMTR_lg,kan_base
fold10_idx63,10,0.0,0.0002714204892981,aaronfeller_PeptideMTR_lg,kan_base
